/* data/item_icons.h - Item icon bitmaps (100 items x 676 pixels) */
#pragma once
#include "types.h"

static const color_t itemIcons[itemAmount][676] = {
    {//missing texture
    	0x0000,0x0000,0x0000,0x0000,0x0000,0x0000,0x0000,0x0000,0x0000,0x0000,0x0000,0x0000,0x0001,0x0001,0x0000,0x0000,0x0000,0x0000,0x0000,0x0000,0x0000,0x0000,0x0000,0x0000,0x0000,0x0000,
    	0x0000,0x0000,0x0000,0x0000,0x0000,0x0000,0x0000,0x0000,0x0000,0x0000,0x0001,0x0001,0x0001,0x0001,0x0001,0x0001,0x0000,0x0000,0x0000,0x0000,0x0000,0x0000,0x0000,0x0000,0x0000,0x0000,
    	0x0000,0x0000,0x0000,0x0000,0x0000,0x0000,0x0000,0x0000,0x0001,0x0001,0x0001,0x0001,0x0001,0x0001,0x0001,0x0001,0x0001,0x0001,0x0000,0x0000,0x0000,0x0000,0x0000,0x0000,0x0000,0x0000,
    	0x0000,0x0000,0x0000,0x0000,0x0000,0x0000,0xf81f,0xf81f,0x0001,0x0001,0x0001,0x0001,0x0001,0x0001,0x0001,0x0001,0x0001,0x0001,0xf81f,0xf81f,0x0000,0x0000,0x0000,0x0000,0x0000,0x0000,
    	0x0000,0x0000,0x0000,0x0000,0xf81f,0xf81f,0xf81f,0xf81f,0xf81f,0xf81f,0x0001,0x0001,0x0001,0x0001,0x0001,0x0001,0xf81f,0xf81f,0xf81f,0xf81f,0xf81f,0xf81f,0x0000,0x0000,0x0000,0x0000,
    	0x0000,0x0000,0xf81f,0xf81f,0xf81f,0xf81f,0xf81f,0xf81f,0xf81f,0xf81f,0xf81f,0xf81f,0x0001,0x0001,0xf81f,0xf81f,0xf81f,0xf81f,0xf81f,0xf81f,0xf81f,0xf81f,0xf81f,0xf81f,0x0000,0x0000,
    	0x0000,0x0001,0x0001,0xf81f,0xf81f,0xf81f,0xf81f,0xf81f,0xf81f,0xf81f,0xf81f,0xf81f,0x0001,0x0001,0xf81f,0xf81f,0xf81f,0xf81f,0xf81f,0xf81f,0xf81f,0xf81f,0xf81f,0x9813,0x9813,0x0000,
    	0x0000,0x0001,0x0001,0x0001,0x0001,0xf81f,0xf81f,0xf81f,0xf81f,0xf81f,0x0001,0x0001,0x0001,0x0001,0x0001,0x0001,0xf81f,0xf81f,0xf81f,0xf81f,0xf81f,0x9813,0x9813,0x9813,0x9813,0x0000,
    	0x0000,0x0001,0x0001,0x0001,0x0001,0x0001,0x0001,0xf81f,0x0001,0x0001,0x0001,0x0001,0x0001,0x0001,0x0001,0x0001,0x0001,0x0001,0xf81f,0x9813,0x9813,0x9813,0x9813,0x9813,0x9813,0x0000,
    	0x0000,0x0001,0x0001,0x0001,0x0001,0x0001,0x0001,0xd01a,0xd01a,0x0001,0x0001,0x0001,0x0001,0x0001,0x0001,0x0001,0x0001,0x0001,0x0001,0x9813,0x9813,0x9813,0x9813,0x9813,0x9813,0x0000,
    	0x0000,0x0001,0x0001,0x0001,0x0001,0x0001,0x0001,0xd01a,0xd01a,0xd01a,0xd01a,0x0001,0x0001,0x0001,0x0001,0x0001,0x0001,0x0001,0x0001,0x9813,0x9813,0x9813,0x9813,0x9813,0x9813,0x0000,
    	0x0000,0x0001,0x0001,0x0001,0x0001,0x0001,0x0001,0xd01a,0xd01a,0xd01a,0xd01a,0xd01a,0xd01a,0x0001,0x0001,0x0001,0x0001,0x0001,0x0001,0x9813,0x9813,0x9813,0x9813,0x9813,0x9813,0x0000,
    	0x0000,0x0001,0x0001,0x0001,0x0001,0x0001,0x0001,0xd01a,0xd01a,0xd01a,0xd01a,0xd01a,0xd01a,0x0001,0x0001,0x0001,0x0001,0x0001,0x0001,0x9813,0x9813,0x9813,0x9813,0x9813,0x9813,0x0000,
    	0x0000,0xd01a,0x0001,0x0001,0x0001,0x0001,0x0001,0xd01a,0xd01a,0xd01a,0xd01a,0xd01a,0xd01a,0x0001,0x0001,0x0001,0x0001,0x0001,0x0001,0x9813,0x9813,0x9813,0x9813,0x9813,0x0001,0x0000,
    	0x0000,0xd01a,0xd01a,0xd01a,0x0001,0x0001,0x0001,0xd01a,0xd01a,0xd01a,0xd01a,0xd01a,0xd01a,0x0001,0x0001,0x0001,0x0001,0x0001,0x0001,0x9813,0x9813,0x9813,0x0001,0x0001,0x0001,0x0000,
    	0x0000,0xd01a,0xd01a,0xd01a,0xd01a,0xd01a,0x0001,0xd01a,0xd01a,0xd01a,0xd01a,0xd01a,0xd01a,0x0001,0x0001,0x0001,0x0001,0x0001,0x0001,0x9813,0x0001,0x0001,0x0001,0x0001,0x0001,0x0000,
    	0x0000,0xd01a,0xd01a,0xd01a,0xd01a,0xd01a,0xd01a,0x0001,0xd01a,0xd01a,0xd01a,0xd01a,0xd01a,0x0001,0x0001,0x0001,0x0001,0x0001,0x9813,0x0001,0x0001,0x0001,0x0001,0x0001,0x0001,0x0000,
    	0x0000,0xd01a,0xd01a,0xd01a,0xd01a,0xd01a,0xd01a,0x0001,0x0001,0x0001,0xd01a,0xd01a,0xd01a,0x0001,0x0001,0x0001,0x9813,0x9813,0x9813,0x0001,0x0001,0x0001,0x0001,0x0001,0x0001,0x0000,
    	0x0000,0xd01a,0xd01a,0xd01a,0xd01a,0xd01a,0xd01a,0x0001,0x0001,0x0001,0x0001,0x0001,0xd01a,0x0001,0x9813,0x9813,0x9813,0x9813,0x9813,0x0001,0x0001,0x0001,0x0001,0x0001,0x0001,0x0000,
    	0x0000,0xd01a,0xd01a,0xd01a,0xd01a,0xd01a,0xd01a,0x0001,0x0001,0x0001,0x0001,0x0001,0x0001,0x9813,0x9813,0x9813,0x9813,0x9813,0x9813,0x0001,0x0001,0x0001,0x0001,0x0001,0x0001,0x0000,
    	0x0000,0x0000,0xd01a,0xd01a,0xd01a,0xd01a,0xd01a,0x0001,0x0001,0x0001,0x0001,0x0001,0x0001,0x9813,0x9813,0x9813,0x9813,0x9813,0x9813,0x0001,0x0001,0x0001,0x0001,0x0001,0x0000,0x0000,
    	0x0000,0x0000,0x0000,0x0000,0xd01a,0xd01a,0xd01a,0x0001,0x0001,0x0001,0x0001,0x0001,0x0001,0x9813,0x9813,0x9813,0x9813,0x9813,0x9813,0x0001,0x0001,0x0001,0x0000,0x0000,0x0000,0x0000,
    	0x0000,0x0000,0x0000,0x0000,0x0000,0x0000,0xd01a,0x0001,0x0001,0x0001,0x0001,0x0001,0x0001,0x9813,0x9813,0x9813,0x9813,0x9813,0x9813,0x0001,0x0000,0x0000,0x0000,0x0000,0x0000,0x0000,
    	0x0000,0x0000,0x0000,0x0000,0x0000,0x0000,0x0000,0x0000,0x0001,0x0001,0x0001,0x0001,0x0001,0x9813,0x9813,0x9813,0x9813,0x9813,0x0000,0x0000,0x0000,0x0000,0x0000,0x0000,0x0000,0x0000,
    	0x0000,0x0000,0x0000,0x0000,0x0000,0x0000,0x0000,0x0000,0x0000,0x0000,0x0001,0x0001,0x0001,0x9813,0x9813,0x9813,0x0000,0x0000,0x0000,0x0000,0x0000,0x0000,0x0000,0x0000,0x0000,0x0000,
    	0x0000,0x0000,0x0000,0x0000,0x0000,0x0000,0x0000,0x0000,0x0000,0x0000,0x0000,0x0000,0x0001,0x9813,0x0000,0x0000,0x0000,0x0000,0x0000,0x0000,0x0000,0x0000,0x0000,0x0000,0x0000,0x0000
    },
    {//grass_block
    	0x0000,0x0000,0x0000,0x0000,0x0000,0x0000,0x0000,0x0000,0x0000,0x0000,0x0000,0x0000,0x7589,0x7589,0x0000,0x0000,0x0000,0x0000,0x0000,0x0000,0x0000,0x0000,0x0000,0x0000,0x0000,0x0000,
    	0x0000,0x0000,0x0000,0x0000,0x0000,0x0000,0x0000,0x0000,0x0000,0x0000,0x54a5,0x54a5,0xa66e,0x8dab,0x6527,0x6527,0x0000,0x0000,0x0000,0x0000,0x0000,0x0000,0x0000,0x0000,0x0000,0x0000,
    	0x0000,0x0000,0x0000,0x0000,0x0000,0x0000,0x0000,0x0000,0x5ce6,0x75a9,0x75a9,0x960c,0x6d48,0x6507,0x6d27,0x5ce6,0x6d68,0x5ce6,0x0000,0x0000,0x0000,0x0000,0x0000,0x0000,0x0000,0x0000,
    	0x0000,0x0000,0x0000,0x0000,0x0000,0x0000,0x75a9,0x64e6,0x6527,0x858a,0x6d68,0x8deb,0x64e6,0x962c,0x75a9,0x5cc6,0x6d68,0x6507,0x7dca,0x7589,0x0000,0x0000,0x0000,0x0000,0x0000,0x0000,
    	0x0000,0x0000,0x0000,0x0000,0x6507,0x6507,0x85aa,0x9e6e,0x9e6e,0x960c,0x6d68,0x5cc6,0x6507,0x7589,0x858a,0x960c,0x5ce6,0x7dea,0x7dea,0x8deb,0x6527,0x6527,0x0000,0x0000,0x0000,0x0000,
    	0x0000,0x0000,0x8dcb,0x8dcb,0x95ec,0x64e6,0x8dcb,0x8dcb,0x6507,0x856a,0x856a,0x960c,0x6507,0x6507,0x6507,0x7589,0x7589,0x5ce6,0x75a9,0x960c,0x6527,0x6d48,0x4c64,0x4c64,0x0000,0x0000,
    	0x0000,0x5c87,0x64a7,0x6527,0x5cc6,0x5cc6,0x5cc6,0x6d68,0x6507,0x7568,0x7d49,0x5ce6,0x6527,0x960c,0x960c,0x6527,0x960c,0x6507,0x54a5,0x5ce6,0x6d68,0x6d68,0x9e6d,0x32c2,0x4345,0x0000,
    	0x0000,0x64a7,0x5c66,0x5c87,0x5446,0x75a9,0x960c,0x7589,0xaecf,0x5cc6,0x75a9,0x7568,0x5ca5,0x7568,0x862b,0x7568,0x6d68,0x8dab,0x75a9,0x6d68,0x7589,0x3b24,0x3b04,0x3b24,0x4345,0x0000,
    	0x0000,0x74c9,0x4984,0x74a9,0x6c88,0x5c67,0x5c66,0xa66e,0x5ce6,0x7589,0xaeef,0x6d48,0x5cc6,0x5cc6,0x6d68,0x9e4d,0x6d68,0x5ce6,0x95ec,0x4b65,0x4345,0x4365,0x4345,0x3b04,0x3123,0x0000,
    	0x0000,0x4984,0x5acb,0x7d2b,0x5446,0x4984,0x5425,0x64c8,0x64a7,0x5cc6,0x6527,0x6527,0x7dea,0x8dcb,0x5cc6,0x5cc6,0x6d68,0x3b04,0x4345,0x5ba7,0x5ba7,0x5bc8,0x32e3,0x3123,0x49a4,0x0000,
    	0x0000,0x6226,0x6226,0x7ac7,0x5c87,0x4984,0x4984,0x4c05,0x7cea,0x5446,0x5446,0x6d68,0x6d48,0x6d48,0x962c,0x3b24,0x3b24,0x4324,0x3b04,0x4ba6,0x5ba7,0x3123,0x5a05,0x3123,0x7287,0x0000,
    	0x0000,0x9369,0x4984,0x7ac7,0x4984,0x4984,0x4984,0x5c87,0x6ce8,0x5c87,0x4c25,0x4c25,0x5c66,0x4365,0x4365,0x4b46,0x5366,0x4345,0x3123,0x3123,0x4345,0x4208,0x49a4,0x49a4,0x5a05,0x0000,
    	0x0000,0x9369,0x4984,0x6226,0x6226,0x7ac7,0x6226,0x4984,0x4984,0x7d0a,0x4984,0x5c66,0x5466,0x4365,0x5387,0x3b24,0x4324,0x3123,0x49a4,0x3123,0x49a4,0x3123,0x5a05,0x49a4,0x5a05,0x0000,
    	0x0000,0x7ac7,0x6226,0x9369,0x6b6d,0x6226,0x4984,0x4984,0x4984,0x4984,0x6226,0x43c4,0x4984,0x5387,0x5be8,0x3123,0x4365,0x49a4,0x3123,0x49a4,0x7287,0x7287,0x49a4,0x5a05,0x49a4,0x0000,
    	0x0000,0x7ac7,0x7ac7,0x6226,0x7ac7,0x7ac7,0x9369,0x9369,0x6226,0x4984,0x6226,0x7ac7,0x6226,0x3123,0x5a05,0x7287,0x49a4,0x3123,0x7287,0x49a4,0x5a05,0x5a05,0x49a4,0x49a4,0x5a05,0x0000,
    	0x0000,0x7ac7,0x7ac7,0x4984,0x6226,0x7ac7,0x6226,0x7ac7,0x6226,0x9369,0x6226,0x6226,0x6226,0x5a05,0x5a05,0x5a05,0x528a,0x49a4,0x49a4,0x3123,0x5a05,0x49a4,0x7287,0x528a,0x49a4,0x0000,
    	0x0000,0x7ac7,0x6226,0x6226,0x9369,0x4984,0x6226,0x6226,0x4984,0x7ac7,0x6226,0x7ac7,0x9369,0x49a4,0x49a4,0x49a4,0x5a05,0x49a4,0x3123,0x49a4,0x49a4,0x49a4,0x5a05,0x49a4,0x3123,0x0000,
    	0x0000,0x6226,0x4984,0x6226,0x7ac7,0x6226,0x7ac7,0x6226,0x7ac7,0x6226,0x6226,0x6226,0x7ac7,0x7287,0x7287,0x7287,0x49a4,0x49a4,0x49a4,0x7287,0x7287,0x49a4,0x5a05,0x7287,0x7287,0x0000,
    	0x0000,0x7ac7,0x7ac7,0x7ac7,0x7ac7,0x9369,0x7ac7,0x4984,0x9369,0x6226,0x9369,0x6226,0x7ac7,0x7287,0x49a4,0x49a4,0x49a4,0x7287,0x5a05,0x5a05,0x5a05,0x49a4,0x49a4,0x5a05,0x5a05,0x0000,
    	0x0000,0x7ac7,0x6226,0x4984,0x4984,0x6226,0x6226,0x5acb,0x7ac7,0x6226,0x7ac7,0x9369,0x7ac7,0x5a05,0x3123,0x7287,0x7287,0x49a4,0x5a05,0x49a4,0x7287,0x3123,0x49a4,0x5a05,0x3123,0x0000,
    	0x0000,0x0000,0x6226,0x9369,0x6226,0x4984,0x7ac7,0x6226,0x6226,0x6226,0x4984,0x7ac7,0x6226,0x5a05,0x49a4,0x5a05,0x5a05,0x7287,0x49a4,0x3123,0x49a4,0x3123,0x5a05,0x49a4,0x0000,0x0000,
    	0x0000,0x0000,0x0000,0x0000,0x7ac7,0x6226,0x4984,0x6226,0x4984,0x4984,0x6226,0x7ac7,0x4984,0x5a05,0x49a4,0x49a4,0x3123,0x5a05,0x3123,0x49a4,0x49a4,0x49a4,0x0000,0x0000,0x0000,0x0000,
    	0x0000,0x0000,0x0000,0x0000,0x0000,0x0000,0x7ac7,0x7ac7,0x6226,0x4984,0x6226,0x6226,0x9369,0x49a4,0x5a05,0x49a4,0x49a4,0x49a4,0x5a05,0x5a05,0x0000,0x0000,0x0000,0x0000,0x0000,0x0000,
    	0x0000,0x0000,0x0000,0x0000,0x0000,0x0000,0x0000,0x0000,0x7ac7,0x6226,0x6226,0x6226,0x7ac7,0x49a4,0x3123,0x7287,0x5a05,0x528a,0x0000,0x0000,0x0000,0x0000,0x0000,0x0000,0x0000,0x0000,
    	0x0000,0x0000,0x0000,0x0000,0x0000,0x0000,0x0000,0x0000,0x0000,0x0000,0x7ac7,0x7ac7,0x7ac7,0x5a05,0x7287,0x5a05,0x0000,0x0000,0x0000,0x0000,0x0000,0x0000,0x0000,0x0000,0x0000,0x0000,
    	0x0000,0x0000,0x0000,0x0000,0x0000,0x0000,0x0000,0x0000,0x0000,0x0000,0x0000,0x0000,0x4984,0x5a05,0x0000,0x0000,0x0000,0x0000,0x0000,0x0000,0x0000,0x0000,0x0000,0x0000,0x0000,0x0000
    },
    {//dirt
    	0x0000,0x0000,0x0000,0x0000,0x0000,0x0000,0x0000,0x0000,0x0000,0x0000,0x0000,0x0000,0xb40b,0xb40b,0x0000,0x0000,0x0000,0x0000,0x0000,0x0000,0x0000,0x0000,0x0000,0x0000,0x0000,0x0000,
    	0x0000,0x0000,0x0000,0x0000,0x0000,0x0000,0x0000,0x0000,0x0000,0x0000,0x9349,0xb40b,0x7287,0x51e5,0x9349,0x7287,0x0000,0x0000,0x0000,0x0000,0x0000,0x0000,0x0000,0x0000,0x0000,0x0000,
    	0x0000,0x0000,0x0000,0x0000,0x0000,0x0000,0x0000,0x0000,0xb40b,0x7287,0x7287,0x9349,0xb40b,0x51e5,0xb40b,0x7287,0xb40b,0x9349,0x0000,0x0000,0x0000,0x0000,0x0000,0x0000,0x0000,0x0000,
    	0x0000,0x0000,0x0000,0x0000,0x0000,0x0000,0x7287,0x9349,0x7287,0xb40b,0x7287,0x9349,0x7287,0x9349,0x51e5,0x7287,0x7287,0x51e5,0x7287,0x7287,0x0000,0x0000,0x0000,0x0000,0x0000,0x0000,
    	0x0000,0x0000,0x0000,0x0000,0x9349,0x9349,0x9349,0x51e5,0x51e5,0x9349,0x9349,0x9349,0x7287,0x51e5,0x7287,0x7287,0x9349,0x7287,0x7287,0x9349,0x7287,0x7287,0x0000,0x0000,0x0000,0x0000,
    	0x0000,0x0000,0x9349,0x7287,0x9349,0x9349,0x7287,0x9349,0xb40b,0x51e5,0x51e5,0x7287,0x7287,0x7287,0xb40b,0x7287,0x7287,0x7287,0x9349,0x7287,0x51e5,0x9349,0xb40b,0x7287,0x0000,0x0000,
    	0x0000,0x9349,0x7aa7,0xb40b,0x51e5,0xb40b,0x72a8,0x9349,0xb40b,0x7287,0x9349,0x7287,0x7287,0x9349,0x51e5,0x9349,0xb40b,0x51e5,0x7287,0x9349,0x9349,0xb40b,0x7287,0x49a4,0x7287,0x0000,
    	0x0000,0x6225,0x7aa7,0x7aa7,0x6225,0x7287,0x51e5,0x9349,0x9349,0x7287,0x6b4d,0x9349,0xb40b,0x7287,0x7287,0x7287,0x7287,0x7287,0x9349,0x7287,0xb40b,0x49a4,0x7287,0x3123,0x3123,0x0000,
    	0x0000,0x9349,0x6225,0x4184,0x6225,0x9349,0x7aa7,0x7287,0xb40b,0xb40b,0x51e5,0x7287,0x7287,0x7287,0x9349,0xb40b,0x7287,0x51e5,0x9349,0x49a4,0x3123,0x49a4,0x5a05,0x7287,0x49a4,0x0000,
    	0x0000,0x7aa7,0x52aa,0x6225,0x9349,0x7aa7,0x4184,0x6225,0x6225,0x7287,0x9349,0x51e5,0x7287,0x7287,0x9349,0x7287,0x7287,0x5a05,0x5a05,0x7287,0x5a05,0x49a4,0x3123,0x5a05,0x49a4,0x0000,
    	0x0000,0x6225,0x6225,0x7aa7,0x7aa7,0x6225,0x6225,0x6225,0x9349,0x6225,0x6225,0x9349,0x9349,0x9349,0x9349,0x49a4,0x49a4,0x528a,0x3123,0x49a4,0x49a4,0x5a05,0x5a05,0x3123,0x7287,0x0000,
    	0x0000,0x9349,0x4184,0x7aa7,0x4184,0x4184,0x9349,0x9349,0x6225,0x6225,0x9349,0x9349,0x9349,0x7287,0x5a05,0x49a4,0x49a4,0x49a4,0x49a4,0x5a05,0x49a4,0x4208,0x49a4,0x49a4,0x5a05,0x0000,
    	0x0000,0x6225,0x6225,0x6225,0x6225,0x7aa7,0x6225,0x7aa7,0x7aa7,0x6225,0x4184,0x7aa7,0x4184,0x49a4,0x3123,0x3123,0x7287,0x49a4,0x49a4,0x3123,0x49a4,0x3123,0x5a05,0x49a4,0x5a05,0x0000,
    	0x0000,0x7aa7,0x6225,0x9349,0x6b6d,0x6225,0x4184,0x4184,0x4184,0x7aa7,0x6225,0x4184,0x6225,0x7287,0x49a4,0x49a4,0x5a05,0x49a4,0x3123,0x49a4,0x7287,0x7287,0x49a4,0x5a05,0x49a4,0x0000,
    	0x0000,0x6225,0x7aa7,0x6225,0x7aa7,0x7aa7,0x9349,0x9349,0x6225,0x4184,0x6225,0x7aa7,0x6225,0x5a05,0x5a05,0x7287,0x49a4,0x3123,0x7287,0x49a4,0x5a05,0x5a05,0x49a4,0x49a4,0x5a05,0x0000,
    	0x0000,0x6225,0x7aa7,0x4184,0x6225,0x7aa7,0x6225,0x7aa7,0x6225,0x9349,0x6225,0x6225,0x6225,0x5a05,0x5a05,0x5a05,0x528a,0x49a4,0x49a4,0x3123,0x5a05,0x49a4,0x7287,0x528a,0x49a4,0x0000,
    	0x0000,0x7aa7,0x6225,0x6225,0x9349,0x4184,0x6225,0x6225,0x4184,0x7aa7,0x6225,0x7aa7,0x9349,0x49a4,0x49a4,0x49a4,0x5a05,0x49a4,0x3123,0x49a4,0x49a4,0x3123,0x5a05,0x49a4,0x3123,0x0000,
    	0x0000,0x6225,0x4184,0x6225,0x7aa7,0x6225,0x7aa7,0x6225,0x6225,0x6225,0x6225,0x6225,0x7aa7,0x7287,0x7287,0x7287,0x49a4,0x3123,0x49a4,0x7287,0x7287,0x49a4,0x5a05,0x7287,0x7287,0x0000,
    	0x0000,0x7aa7,0x7aa7,0x6225,0x7aa7,0x9349,0x7aa7,0x4184,0x9349,0x6225,0x9349,0x6225,0x7aa7,0x49a4,0x49a4,0x49a4,0x49a4,0x7287,0x5a05,0x5a05,0x5a05,0x49a4,0x7287,0x5a05,0x5a05,0x0000,
    	0x0000,0x7aa7,0x6225,0x4184,0x5a26,0x6225,0x6225,0x52aa,0x7aa7,0x4184,0x7aa7,0x9349,0x7aa7,0x49a4,0x3123,0x7287,0x7287,0x49a4,0x5a05,0x49a4,0x7287,0x3123,0x49a4,0x5a05,0x3123,0x0000,
    	0x0000,0x0000,0x6225,0x9349,0x6225,0x4184,0x7aa7,0x6225,0x6225,0x6225,0x4184,0x7aa7,0x6225,0x49a4,0x49a4,0x5a05,0x5a05,0x7287,0x5a05,0x3123,0x49a4,0x5a05,0x5a05,0x49a4,0x0000,0x0000,
    	0x0000,0x0000,0x0000,0x0000,0x7aa7,0x6225,0x4184,0x9349,0x4184,0x4184,0x6225,0x7aa7,0x4184,0x5a05,0x49a4,0x49a4,0x41a5,0x5a05,0x3123,0x7287,0x49a4,0x49a4,0x0000,0x0000,0x0000,0x0000,
    	0x0000,0x0000,0x0000,0x0000,0x0000,0x0000,0x6225,0x7aa7,0x9349,0x7aa7,0x6225,0x9349,0x9349,0x49a4,0x49a4,0x49a4,0x49a4,0x49a4,0x49a4,0x5a05,0x0000,0x0000,0x0000,0x0000,0x0000,0x0000,
    	0x0000,0x0000,0x0000,0x0000,0x0000,0x0000,0x0000,0x0000,0x7aa7,0x6225,0x6225,0x6225,0x7aa7,0x49a4,0x3123,0x7287,0x5a05,0x528a,0x0000,0x0000,0x0000,0x0000,0x0000,0x0000,0x0000,0x0000,
    	0x0000,0x0000,0x0000,0x0000,0x0000,0x0000,0x0000,0x0000,0x0000,0x0000,0x7aa7,0x7aa7,0x7aa7,0x5a05,0x7287,0x5a05,0x0000,0x0000,0x0000,0x0000,0x0000,0x0000,0x0000,0x0000,0x0000,0x0000,
    	0x0000,0x0000,0x0000,0x0000,0x0000,0x0000,0x0000,0x0000,0x0000,0x0000,0x0000,0x0000,0x4184,0x5a05,0x0000,0x0000,0x0000,0x0000,0x0000,0x0000,0x0000,0x0000,0x0000,0x0000,0x0000,0x0000
    },
    {//stone
    	0x0000,0x0000,0x0000,0x0000,0x0000,0x0000,0x0000,0x0000,0x0000,0x0000,0x0000,0x0000,0x8430,0x8430,0x0000,0x0000,0x0000,0x0000,0x0000,0x0000,0x0000,0x0000,0x0000,0x0000,0x0000,0x0000,
    	0x0000,0x0000,0x0000,0x0000,0x0000,0x0000,0x0000,0x0000,0x0000,0x0000,0x73ae,0x73ae,0x6b6d,0x6b6d,0x8430,0x8430,0x0000,0x0000,0x0000,0x0000,0x0000,0x0000,0x0000,0x0000,0x0000,0x0000,
    	0x0000,0x0000,0x0000,0x0000,0x0000,0x0000,0x0000,0x0000,0x6b6d,0x73ae,0x8430,0x73ae,0x8430,0x630c,0x6b6d,0x73ae,0x6b6d,0x6b6d,0x0000,0x0000,0x0000,0x0000,0x0000,0x0000,0x0000,0x0000,
    	0x0000,0x0000,0x0000,0x0000,0x0000,0x0000,0x73ae,0x8430,0x6b6d,0x630c,0x8430,0x73ae,0x73ae,0x6b6d,0x8430,0x73ae,0x630c,0x73ae,0x6b6d,0x630c,0x0000,0x0000,0x0000,0x0000,0x0000,0x0000,
    	0x0000,0x0000,0x0000,0x0000,0x73ae,0x73ae,0x73ae,0x8430,0x8430,0x73ae,0x6b6d,0x630c,0x8430,0x73ae,0x73ae,0x6b6d,0x8430,0x6b6d,0x6b6d,0x73ae,0x6b6d,0x6b6d,0x0000,0x0000,0x0000,0x0000,
    	0x0000,0x0000,0x73ae,0x8430,0x8430,0x6b6d,0x73ae,0x73ae,0x6b6d,0x73ae,0x73ae,0x73ae,0x6b6d,0x6b6d,0x8430,0x6b6d,0x6b6d,0x8430,0x73ae,0x73ae,0x73ae,0x6b6d,0x73ae,0x73ae,0x0000,0x0000,
    	0x0000,0x6b4d,0x6b4d,0x73ae,0x73ae,0x73ae,0x6b6d,0x8430,0x8430,0x8430,0x630c,0x8430,0x8430,0x8430,0x73ae,0x6b6d,0x6b6d,0x630c,0x6b6d,0x6b6d,0x6b6d,0x6b6d,0x73ae,0x4228,0x4228,0x0000,
    	0x0000,0x5aeb,0x5aeb,0x6b4d,0x5aeb,0x73ae,0x73ae,0x73ae,0x6b6d,0x6b6d,0x73ae,0x73ae,0x73ae,0x73ae,0x8430,0x73ae,0x6b6d,0x73ae,0x73ae,0x6b6d,0x8430,0x4208,0x4228,0x4228,0x4208,0x0000,
    	0x0000,0x5aeb,0x52aa,0x52aa,0x52aa,0x52aa,0x5aeb,0x6b6d,0x73ae,0x73ae,0x6b6d,0x73ae,0x73ae,0x73ae,0x73ae,0x8430,0x8430,0x73ae,0x73ae,0x39c7,0x4208,0x39c7,0x4208,0x4228,0x4228,0x0000,
    	0x0000,0x5aeb,0x5aeb,0x4a69,0x52aa,0x5aeb,0x5aeb,0x52aa,0x4a69,0x8430,0x73ae,0x73ae,0x6b6d,0x6b6d,0x8430,0x73ae,0x6b6d,0x4208,0x4228,0x4228,0x4228,0x4228,0x4228,0x4208,0x4208,0x0000,
    	0x0000,0x5aeb,0x5aeb,0x5aeb,0x5aeb,0x52aa,0x4a69,0x5aeb,0x5aeb,0x52aa,0x5aeb,0x6b6d,0x8430,0x8430,0x8430,0x528a,0x4228,0x4228,0x4228,0x4208,0x4208,0x4228,0x4208,0x4228,0x528a,0x0000,
    	0x0000,0x52aa,0x6b4d,0x5aeb,0x52aa,0x6b4d,0x5aeb,0x52aa,0x52aa,0x4a69,0x4a69,0x5aeb,0x5aeb,0x528a,0x528a,0x4228,0x4208,0x4208,0x39c7,0x528a,0x4228,0x528a,0x39c7,0x4208,0x4228,0x0000,
    	0x0000,0x52aa,0x5aeb,0x5aeb,0x5aeb,0x5aeb,0x52aa,0x5aeb,0x6b4d,0x5aeb,0x5aeb,0x52aa,0x52aa,0x4228,0x4208,0x39c7,0x4208,0x4228,0x4208,0x528a,0x4208,0x39c7,0x4228,0x4228,0x4228,0x0000,
    	0x0000,0x6b4d,0x52aa,0x4a69,0x6b4d,0x6b4d,0x5aeb,0x5aeb,0x6b4d,0x5aeb,0x5aeb,0x5aeb,0x5aeb,0x4228,0x39c7,0x528a,0x4228,0x4228,0x4228,0x4208,0x4208,0x4208,0x4228,0x4228,0x4208,0x0000,
    	0x0000,0x5aeb,0x5aeb,0x6b4d,0x52aa,0x4a69,0x6b4d,0x6b4d,0x52aa,0x4a69,0x6b4d,0x52aa,0x52aa,0x4228,0x4228,0x4208,0x4228,0x4228,0x528a,0x4208,0x4208,0x4208,0x4228,0x528a,0x4228,0x0000,
    	0x0000,0x4a69,0x5aeb,0x6b4d,0x5aeb,0x5aeb,0x52aa,0x5aeb,0x52aa,0x52aa,0x52aa,0x4a69,0x5aeb,0x4208,0x4228,0x4228,0x528a,0x4208,0x4208,0x4228,0x4228,0x528a,0x528a,0x4208,0x4208,0x0000,
    	0x0000,0x5aeb,0x5aeb,0x52aa,0x52aa,0x5aeb,0x6b4d,0x6b4d,0x5aeb,0x52aa,0x5aeb,0x5aeb,0x6b4d,0x4228,0x4228,0x528a,0x4208,0x4208,0x528a,0x4228,0x4228,0x4228,0x4208,0x4228,0x528a,0x0000,
    	0x0000,0x5aeb,0x52aa,0x5aeb,0x5aeb,0x52aa,0x4a69,0x6b4d,0x6b4d,0x5aeb,0x52aa,0x5aeb,0x5aeb,0x4208,0x39c7,0x39c7,0x528a,0x4228,0x528a,0x4228,0x4208,0x4228,0x528a,0x39c7,0x4208,0x0000,
    	0x0000,0x5aeb,0x6b4d,0x52aa,0x5aeb,0x6b4d,0x5aeb,0x52aa,0x5aeb,0x6b4d,0x6b4d,0x5aeb,0x5aeb,0x4208,0x528a,0x4228,0x4228,0x39c7,0x39c7,0x4228,0x4228,0x39c7,0x4208,0x4208,0x528a,0x0000,
    	0x0000,0x5aeb,0x52aa,0x52aa,0x52aa,0x5aeb,0x52aa,0x5aeb,0x5aeb,0x5aeb,0x5aeb,0x6b4d,0x5aeb,0x4228,0x528a,0x4228,0x4208,0x528a,0x4228,0x4228,0x4228,0x4228,0x528a,0x528a,0x4228,0x0000,
    	0x0000,0x0000,0x5aeb,0x5aeb,0x5aeb,0x5aeb,0x52aa,0x52aa,0x5aeb,0x5aeb,0x6b4d,0x52aa,0x52aa,0x39c7,0x4208,0x4228,0x4228,0x4228,0x4208,0x4208,0x4228,0x4228,0x4208,0x4228,0x0000,0x0000,
    	0x0000,0x0000,0x0000,0x0000,0x5aeb,0x5aeb,0x5aeb,0x5aeb,0x52aa,0x5aeb,0x4a69,0x6b4d,0x6b4d,0x4228,0x4228,0x4208,0x4208,0x4228,0x4228,0x4228,0x528a,0x4228,0x0000,0x0000,0x0000,0x0000,
    	0x0000,0x0000,0x0000,0x0000,0x0000,0x0000,0x52aa,0x5aeb,0x5aeb,0x5aeb,0x52aa,0x52aa,0x52aa,0x4228,0x4208,0x4208,0x4228,0x4228,0x4208,0x528a,0x0000,0x0000,0x0000,0x0000,0x0000,0x0000,
    	0x0000,0x0000,0x0000,0x0000,0x0000,0x0000,0x0000,0x0000,0x6b4d,0x5aeb,0x6b4d,0x6b4d,0x6b4d,0x528a,0x4208,0x4228,0x4228,0x4208,0x0000,0x0000,0x0000,0x0000,0x0000,0x0000,0x0000,0x0000,
    	0x0000,0x0000,0x0000,0x0000,0x0000,0x0000,0x0000,0x0000,0x0000,0x0000,0x5aeb,0x52aa,0x6b4d,0x4228,0x4228,0x4228,0x0000,0x0000,0x0000,0x0000,0x0000,0x0000,0x0000,0x0000,0x0000,0x0000,
    	0x0000,0x0000,0x0000,0x0000,0x0000,0x0000,0x0000,0x0000,0x0000,0x0000,0x0000,0x0000,0x5aeb,0x4228,0x0000,0x0000,0x0000,0x0000,0x0000,0x0000,0x0000,0x0000,0x0000,0x0000,0x0000,0x0000
    },
    {//leave
		0x0000,0x0000,0x0000,0x0000,0x0000,0x0000,0x0000,0x0000,0x0000,0x0000,0x0000,0x0000,0x4e66,0x4e66,0x0000,0x0000,0x0000,0x0000,0x0000,0x0000,0x0000,0x0000,0x0000,0x0000,0x0000,0x0000,
		0x0000,0x0000,0x0000,0x0000,0x0000,0x0000,0x0000,0x0000,0x0000,0x0000,0x19a3,0x19a3,0x19a3,0x67c8,0x4704,0x4704,0x0000,0x0000,0x0000,0x0000,0x0000,0x0000,0x0000,0x0000,0x0000,0x0000,
		0x0000,0x0000,0x0000,0x0000,0x0000,0x0000,0x0000,0x0000,0x1bc3,0x19a3,0x5786,0x4704,0x19a3,0x19a3,0x2364,0x1bc3,0x19a3,0x19a3,0x0000,0x0000,0x0000,0x0000,0x0000,0x0000,0x0000,0x0000,
		0x0000,0x0000,0x0000,0x0000,0x0000,0x0000,0x3e24,0x5fc7,0x5fc7,0x19a3,0x13a2,0x19a3,0x13a2,0x56e7,0x5786,0x3e04,0x19a3,0x19a3,0x35a3,0x19a3,0x0000,0x0000,0x0000,0x0000,0x0000,0x0000,
		0x0000,0x0000,0x0000,0x0000,0x5786,0x5786,0x19a3,0x19a3,0x19a3,0x4e86,0x5fa7,0x1be3,0x19a3,0x2424,0x19a3,0x19a3,0x5766,0x4f66,0x4f66,0x19a3,0x19a3,0x19a3,0x0000,0x0000,0x0000,0x0000,
		0x0000,0x0000,0x2c65,0x2c65,0x19a3,0x57a7,0x5fa7,0x5fa7,0x19a3,0x19a3,0x19a3,0x4e66,0x4645,0x4645,0x19a3,0x4e86,0x4e86,0x19a3,0x5786,0x57a6,0x4665,0x13a2,0x19a3,0x19a3,0x0000,0x0000,
		0x0000,0x3d65,0x1162,0x19a3,0x1c03,0x1c03,0x19a3,0x5766,0x19a3,0x19a3,0x19a3,0x19a3,0x1be3,0x4665,0x4f45,0x67c8,0x19a3,0x1be3,0x19a3,0x19a3,0x5786,0x5786,0x5766,0x1102,0x3483,0x0000,
		0x0000,0x2ce3,0x1162,0x4625,0x1b43,0x4e86,0x35e3,0x19a3,0x19a3,0x19a3,0x5786,0x4e86,0x5766,0x4665,0x19a3,0x19a3,0x19a3,0x13c2,0x1c03,0x19a3,0x35e3,0x1102,0x1262,0x1102,0x0a61,0x0000,
		0x0000,0x1162,0x1162,0x5686,0x1162,0x1162,0x1162,0x1bc3,0x19a3,0x2c45,0x13c2,0x19a3,0x5766,0x5766,0x1be3,0x5766,0x4645,0x4ea6,0x2444,0x1102,0x1102,0x34c4,0x0a41,0x34a4,0x3483,0x0000,
		0x0000,0x1162,0x1162,0x3524,0x1ae3,0x1322,0x1162,0x2cc2,0x1162,0x13c2,0x4665,0x4665,0x13a2,0x19a3,0x13c2,0x13c2,0x19a3,0x1102,0x1102,0x0a41,0x1102,0x34a4,0x1102,0x34a4,0x2c04,0x0000,
		0x0000,0x1162,0x3de4,0x3de3,0x1162,0x4645,0x1162,0x1342,0x1302,0x1162,0x1162,0x4625,0x4645,0x4645,0x19a3,0x2c62,0x1282,0x1102,0x1102,0x3483,0x1282,0x34a4,0x1102,0x2be3,0x23a2,0x0000,
		0x0000,0x1322,0x4645,0x2ce3,0x1162,0x4625,0x1162,0x3dc3,0x4625,0x4e65,0x4e66,0x1342,0x4625,0x2c03,0x34a4,0x2c03,0x1102,0x2c63,0x1102,0x2c04,0x0a41,0x1102,0x1282,0x1102,0x1282,0x0000,
		0x0000,0x3de4,0x3d44,0x1162,0x1302,0x3503,0x1162,0x3d65,0x3d65,0x4645,0x3d44,0x1302,0x1322,0x23a2,0x3ce5,0x1102,0x1222,0x23c2,0x1102,0x23c2,0x1102,0x1262,0x0a41,0x1262,0x1aa3,0x0000,
		0x0000,0x4e86,0x4e66,0x1162,0x1b43,0x1162,0x1162,0x1ae3,0x3503,0x4645,0x3503,0x1162,0x4625,0x1102,0x2bc3,0x1102,0x1102,0x1222,0x1102,0x2c04,0x1aa3,0x1102,0x0a41,0x1102,0x1262,0x0000,
		0x0000,0x3503,0x1302,0x1162,0x4e66,0x1b43,0x3e04,0x1162,0x3d65,0x1342,0x3503,0x1162,0x3d65,0x1102,0x2c62,0x1102,0x0a41,0x1282,0x2c83,0x1102,0x3ce5,0x0a61,0x3ce5,0x2be3,0x1102,0x0000,
		0x0000,0x1b63,0x1162,0x1162,0x3503,0x22e4,0x3524,0x1162,0x1162,0x1162,0x1162,0x1b63,0x3503,0x1102,0x23a2,0x1102,0x1262,0x2c63,0x2be3,0x3483,0x2be3,0x1102,0x34a3,0x1102,0x1102,0x0000,
		0x0000,0x4625,0x1162,0x1162,0x1162,0x1162,0x1162,0x1162,0x4604,0x1322,0x1162,0x1322,0x2ce3,0x1102,0x1102,0x0a41,0x3cc4,0x34a4,0x2be3,0x1102,0x2be3,0x1102,0x2c03,0x0a41,0x3483,0x0000,
		0x0000,0x3503,0x1162,0x4625,0x1162,0x1aa3,0x1162,0x1342,0x3d44,0x1162,0x1162,0x1322,0x1b63,0x0a61,0x1102,0x2c83,0x2be3,0x2c03,0x1102,0x3483,0x1102,0x3483,0x1102,0x0a41,0x2c63,0x0000,
		0x0000,0x23a4,0x1162,0x4e45,0x1162,0x1162,0x1162,0x4604,0x4625,0x1162,0x1342,0x5686,0x2384,0x2c63,0x1102,0x1262,0x23c2,0x1262,0x1102,0x2c03,0x1102,0x2422,0x1102,0x3483,0x1262,0x0000,
		0x0000,0x3de4,0x1162,0x1162,0x1162,0x3e04,0x1162,0x4625,0x3d65,0x1162,0x1b43,0x4625,0x1162,0x23c2,0x1102,0x1102,0x1102,0x1102,0x1102,0x23c2,0x1102,0x2be3,0x34a4,0x2be3,0x34a4,0x0000,
		0x0000,0x0000,0x1162,0x1162,0x1b63,0x2ce3,0x1162,0x1162,0x3503,0x4625,0x2ce3,0x3d65,0x1162,0x1282,0x1102,0x34c4,0x1102,0x34c4,0x1102,0x0a41,0x0a41,0x2be3,0x2bc3,0x1262,0x0000,0x0000,
		0x0000,0x0000,0x0000,0x0000,0x1162,0x3d65,0x1162,0x1162,0x1322,0x3d44,0x3524,0x1162,0x4604,0x34a4,0x34a4,0x2c03,0x1102,0x23c2,0x1102,0x1aa3,0x0a41,0x1102,0x0000,0x0000,0x0000,0x0000,
		0x0000,0x0000,0x0000,0x0000,0x0000,0x0000,0x1322,0x4625,0x2384,0x3d44,0x1302,0x1162,0x3de4,0x23c2,0x34a4,0x2be3,0x1282,0x1102,0x0a61,0x34a4,0x0000,0x0000,0x0000,0x0000,0x0000,0x0000,
		0x0000,0x0000,0x0000,0x0000,0x0000,0x0000,0x0000,0x0000,0x4645,0x1162,0x1162,0x4e45,0x1162,0x2be3,0x1102,0x1282,0x1102,0x1102,0x0000,0x0000,0x0000,0x0000,0x0000,0x0000,0x0000,0x0000,
		0x0000,0x0000,0x0000,0x0000,0x0000,0x0000,0x0000,0x0000,0x0000,0x0000,0x1162,0x3524,0x1b43,0x1aa3,0x1102,0x1102,0x0000,0x0000,0x0000,0x0000,0x0000,0x0000,0x0000,0x0000,0x0000,0x0000,
		0x0000,0x0000,0x0000,0x0000,0x0000,0x0000,0x0000,0x0000,0x0000,0x0000,0x0000,0x0000,0x4645,0x2c63,0x0000,0x0000,0x0000,0x0000,0x0000,0x0000,0x0000,0x0000,0x0000,0x0000,0x0000,0x0000
	},
    {//log
    	0x0000,0x0000,0x0000,0x0000,0x0000,0x0000,0x0000,0x0000,0x0000,0x0000,0x0000,0x0000,0x5a45,0x5a45,0x0000,0x0000,0x0000,0x0000,0x0000,0x0000,0x0000,0x0000,0x0000,0x0000,0x0000,0x0000,
    	0x0000,0x0000,0x0000,0x0000,0x0000,0x0000,0x0000,0x0000,0x0000,0x0000,0x5a45,0x5a45,0xb48b,0xb48b,0x5a45,0x72c6,0x0000,0x0000,0x0000,0x0000,0x0000,0x0000,0x0000,0x0000,0x0000,0x0000,
    	0x0000,0x0000,0x0000,0x0000,0x0000,0x0000,0x0000,0x0000,0x5a45,0x49e4,0xac6a,0x9388,0x7b06,0x7b06,0x9388,0xb48b,0x49e4,0x5a45,0x0000,0x0000,0x0000,0x0000,0x0000,0x0000,0x0000,0x0000,
    	0x0000,0x0000,0x0000,0x0000,0x0000,0x0000,0x49e4,0x5a45,0xac6a,0x9c09,0x9388,0xb48b,0xac6a,0xac6a,0xb48b,0x9c09,0x9388,0xac6a,0x72c6,0x49e4,0x0000,0x0000,0x0000,0x0000,0x0000,0x0000,
    	0x0000,0x0000,0x0000,0x0000,0x5a45,0x5a45,0xac6a,0x9c09,0x9c09,0xb48b,0xac6a,0xac6a,0x7b06,0x9388,0xac6a,0xac6a,0xb48b,0x9c09,0x9c09,0xac6a,0x5a45,0x5a45,0x0000,0x0000,0x0000,0x0000,
    	0x0000,0x0000,0x5a45,0x5a45,0xb48b,0x9c09,0x9c09,0xb48b,0xac6a,0x9388,0x9388,0xac6a,0x9c09,0x9c09,0xac6a,0x9388,0x9388,0xac6a,0xb48b,0x9c09,0x9388,0xb48b,0x5a45,0x5a45,0x0000,0x0000,
    	0x0000,0x5a45,0x3983,0x5a45,0xb48b,0xb48b,0x9c09,0xac6a,0xac6a,0xac6a,0x7b06,0xac6a,0xac6a,0xac6a,0xac6a,0x9c09,0xac6a,0xac6a,0xb48b,0x9c09,0xb48b,0xbccc,0x5a45,0x41a4,0x3963,0x0000,
    	0x0000,0x5a45,0x3983,0x72c6,0x5a45,0x49e4,0xac6a,0x9388,0x9388,0xb48b,0xac6a,0xac6a,0x9c09,0x9c09,0xac6a,0xac6a,0xb48b,0x9c09,0x9388,0xac6a,0x49e4,0x5a25,0x5a25,0x41a4,0x3963,0x0000,
    	0x0000,0x5a45,0x2902,0x7b07,0x5a45,0x2902,0x5a45,0x5a45,0xac6a,0xbccc,0x9388,0xb48b,0xac6a,0xac6a,0xb48b,0x9388,0xac6a,0xac6a,0x5a45,0x20c1,0x41a4,0x5a25,0x41a4,0x41a4,0x3963,0x0000,
    	0x0000,0x72c6,0x2902,0x49c4,0x5a45,0x2902,0x49c4,0x5a45,0x2902,0x5a45,0xac6a,0x9388,0x9388,0x9388,0x9388,0xac6a,0x5a45,0x5a25,0x41a4,0x20c1,0x41a4,0x2922,0x41a4,0x5a25,0x3963,0x0000,
    	0x0000,0x72c6,0x3983,0x5a45,0x5a45,0x2902,0x49c4,0x5a45,0x2902,0x72c6,0x3983,0x72c6,0xb48b,0xb48b,0x5a45,0x41a4,0x41a4,0x5a45,0x3963,0x2922,0x41a4,0x20c1,0x2922,0x5a25,0x41a4,0x0000,
    	0x0000,0x49c4,0x5a45,0x3983,0x5a45,0x3983,0x49c4,0x5a45,0x3983,0x72c6,0x3983,0x72c6,0x49c4,0x41a4,0x5a25,0x3963,0x41a4,0x5a45,0x3963,0x3963,0x41a4,0x3963,0x2922,0x5a25,0x41a4,0x0000,
    	0x0000,0x49c4,0x5a45,0x3983,0x72c6,0x3983,0x49c4,0x7b07,0x49c4,0x3983,0x3983,0x5a45,0x49c4,0x41a4,0x5a45,0x3963,0x41a4,0x41a4,0x3963,0x3963,0x5a25,0x2922,0x2922,0x5a25,0x41a4,0x0000,
    	0x0000,0x5a45,0x5a45,0x2902,0x72c6,0x49c4,0x3983,0x7b07,0x49c4,0x2902,0x3983,0x5a45,0x49c4,0x41a4,0x3963,0x3963,0x41a4,0x41a4,0x2922,0x3963,0x5a25,0x41a4,0x3963,0x5a25,0x41a4,0x0000,
    	0x0000,0x5a45,0x5a45,0x2902,0x72c6,0x5a45,0x5a45,0x72c6,0x49c4,0x3983,0x5a45,0x3983,0x49c4,0x5a25,0x41a4,0x3963,0x5a25,0x41a4,0x41a4,0x41a4,0x5a25,0x3963,0x3963,0x20c1,0x41a4,0x0000,
    	0x0000,0x5a45,0x5a45,0x3983,0x5a45,0x5a45,0x72c6,0x5a45,0x5a45,0x5a45,0x5a45,0x3983,0x5a45,0x5a25,0x2922,0x41a4,0x5a25,0x3963,0x5a25,0x41a4,0x5a25,0x2922,0x41a4,0x20c1,0x41a4,0x0000,
    	0x0000,0x5a45,0x3983,0x5a45,0x5a45,0x5a45,0x5a45,0x5a45,0x5a45,0x49c4,0x5a45,0x3983,0x5a45,0x5a25,0x2922,0x41a4,0x5a25,0x3963,0x5a25,0x3963,0x5a25,0x2922,0x41a4,0x2922,0x41a4,0x0000,
    	0x0000,0x7b07,0x3983,0x5a45,0x5a45,0x49c4,0x2902,0x5a45,0x49c4,0x49c4,0x5a45,0x49c4,0x5a45,0x3963,0x20c1,0x41a4,0x41a4,0x3963,0x41a4,0x3963,0x41a4,0x20c1,0x41a4,0x3963,0x41a4,0x0000,
    	0x0000,0x72c6,0x5a45,0x3983,0x72c6,0x49c4,0x2902,0x5a45,0x49c4,0x3983,0x72c6,0x49c4,0x5a45,0x3963,0x20c1,0x5a45,0x41a4,0x41a4,0x20c1,0x41a4,0x41a4,0x20c1,0x41a4,0x41a4,0x41a4,0x0000,
    	0x0000,0x72c6,0x5a45,0x3983,0x72c6,0x5a45,0x2902,0x7b07,0x5a45,0x3983,0x72c6,0x5a45,0x5a45,0x41a4,0x2922,0x5a25,0x41a4,0x41a4,0x20c1,0x3963,0x41a4,0x2922,0x5a25,0x41a4,0x3963,0x0000,
    	0x0000,0x0000,0x5a45,0x3983,0x5a45,0x5a45,0x3983,0x72c6,0x49c4,0x2902,0x7b07,0x5a45,0x5a45,0x41a4,0x41a4,0x5a25,0x41a4,0x5a25,0x2922,0x3963,0x41a4,0x2922,0x5a25,0x41a4,0x0000,0x0000,
    	0x0000,0x0000,0x0000,0x0000,0x3983,0x5a45,0x2902,0x5a45,0x49c4,0x3983,0x5a45,0x5a45,0x5a45,0x41a4,0x41a4,0x41a4,0x5a25,0x41a4,0x20c1,0x2922,0x41a4,0x41a4,0x0000,0x0000,0x0000,0x0000,
    	0x0000,0x0000,0x0000,0x0000,0x0000,0x0000,0x3983,0x5a45,0x3983,0x3983,0x5a45,0x5a45,0x5a45,0x5a45,0x2922,0x41a4,0x41a4,0x5a25,0x2922,0x2922,0x0000,0x0000,0x0000,0x0000,0x0000,0x0000,
    	0x0000,0x0000,0x0000,0x0000,0x0000,0x0000,0x0000,0x0000,0x3983,0x5a45,0x3983,0x72c6,0x5a45,0x5a45,0x2922,0x5a25,0x2922,0x5a25,0x0000,0x0000,0x0000,0x0000,0x0000,0x0000,0x0000,0x0000,
    	0x0000,0x0000,0x0000,0x0000,0x0000,0x0000,0x0000,0x0000,0x0000,0x0000,0x3983,0x72c6,0x5a45,0x5a25,0x2922,0x5a25,0x0000,0x0000,0x0000,0x0000,0x0000,0x0000,0x0000,0x0000,0x0000,0x0000,
    	0x0000,0x0000,0x0000,0x0000,0x0000,0x0000,0x0000,0x0000,0x0000,0x0000,0x0000,0x0000,0x49c4,0x5a25,0x0000,0x0000,0x0000,0x0000,0x0000,0x0000,0x0000,0x0000,0x0000,0x0000,0x0000,0x0000
    },
    {//water
		0x0000,0x0000,0x0000,0x0000,0x0000,0x0000,0x0000,0x0000,0x0000,0x0000,0x0000,0x0000,0x3b7f,0x3b7f,0x0000,0x0000,0x0000,0x0000,0x0000,0x0000,0x0000,0x0000,0x0000,0x0000,0x0000,0x0000,
		0x0000,0x0000,0x0000,0x0000,0x0000,0x0000,0x0000,0x0000,0x0000,0x0000,0x1abf,0x1abf,0x1abf,0x3b7f,0x1abf,0x1abf,0x0000,0x0000,0x0000,0x0000,0x0000,0x0000,0x0000,0x0000,0x0000,0x0000,
		0x0000,0x0000,0x0000,0x0000,0x0000,0x0000,0x0000,0x0000,0x22ff,0x3b7f,0x22ff,0x3b7f,0x3b7f,0x22ff,0x22ff,0x3b7f,0x1abf,0x22ff,0x0000,0x0000,0x0000,0x0000,0x0000,0x0000,0x0000,0x0000,
		0x0000,0x0000,0x0000,0x0000,0x0000,0x0000,0x1abf,0x22ff,0x22ff,0x3b7f,0x1abf,0x1abf,0x22ff,0x1abf,0x3b7f,0x3b7f,0x22ff,0x3b7f,0x22ff,0x22ff,0x0000,0x0000,0x0000,0x0000,0x0000,0x0000,
		0x0000,0x0000,0x0000,0x0000,0x1abf,0x1abf,0x22ff,0x1abf,0x1abf,0x22ff,0x3b7f,0x22ff,0x1abf,0x22ff,0x22ff,0x1abf,0x3b7f,0x22ff,0x22ff,0x3b7f,0x22ff,0x22ff,0x0000,0x0000,0x0000,0x0000,
		0x0000,0x0000,0x22ff,0x22ff,0x1abf,0x3b7f,0x1abf,0x1abf,0x3b7f,0x1abf,0x1abf,0x22ff,0x22ff,0x22ff,0x1abf,0x1abf,0x1abf,0x22ff,0x1abf,0x3b7f,0x3b7f,0x22ff,0x3b7f,0x3b7f,0x0000,0x0000,
		0x0000,0x32b9,0x1a59,0x1abf,0x3b7f,0x3b7f,0x1abf,0x3b7f,0x1abf,0x1abf,0x3b7f,0x3b7f,0x3b7f,0x1abf,0x22ff,0x22ff,0x22ff,0x1abf,0x1abf,0x1abf,0x22ff,0x22ff,0x1abf,0x2213,0x2213,0x0000,
		0x0000,0x1a39,0x1a59,0x1a59,0x1a39,0x1abf,0x3b7f,0x1abf,0x3b7f,0x3b7f,0x1abf,0x1abf,0x1abf,0x22ff,0x3b7f,0x1abf,0x3b7f,0x22ff,0x3b7f,0x1abf,0x1abf,0x11b3,0x2213,0x1193,0x1193,0x0000,
		0x0000,0x1a39,0x1a39,0x32b9,0x32b9,0x1a39,0x1a59,0x1abf,0x1abf,0x1abf,0x3b7f,0x22ff,0x1abf,0x1abf,0x22ff,0x22ff,0x22ff,0x1abf,0x1abf,0x11b3,0x11b3,0x11b3,0x11b3,0x1193,0x1193,0x0000,
		0x0000,0x1a39,0x32b9,0x1a59,0x1a59,0x32b9,0x32b9,0x1a59,0x1a59,0x1abf,0x22ff,0x22ff,0x3b7f,0x1abf,0x1abf,0x1abf,0x1abf,0x11b3,0x11b3,0x2213,0x2213,0x2213,0x1193,0x11b3,0x11b3,0x0000,
		0x0000,0x32b9,0x32b9,0x32b9,0x1a59,0x32b9,0x1a59,0x32b9,0x32b9,0x1a59,0x32b9,0x1abf,0x3b7f,0x3b7f,0x1abf,0x1193,0x1193,0x2213,0x2213,0x11b3,0x1193,0x1193,0x1193,0x11b3,0x1193,0x0000,
		0x0000,0x1a59,0x1a59,0x1a59,0x1a39,0x32b9,0x32b9,0x1a59,0x1a59,0x1a59,0x1a59,0x32b9,0x32b9,0x2213,0x11b3,0x2213,0x2213,0x11b3,0x11b3,0x1193,0x1193,0x11b3,0x2213,0x1193,0x2213,0x0000,
		0x0000,0x1a39,0x1a59,0x1a39,0x1a59,0x1a59,0x1a39,0x1a39,0x1a39,0x32b9,0x32b9,0x1a59,0x1a39,0x1193,0x2213,0x11b3,0x11b3,0x2213,0x1193,0x2213,0x1193,0x1193,0x2213,0x2213,0x1193,0x0000,
		0x0000,0x1a59,0x1a59,0x32b9,0x1a39,0x1a39,0x1a59,0x32b9,0x32b9,0x1a39,0x1a39,0x1a39,0x1a39,0x1193,0x11b3,0x11b3,0x11b3,0x1193,0x11b3,0x1193,0x1193,0x11b3,0x11b3,0x11b3,0x1193,0x0000,
		0x0000,0x1a39,0x1a39,0x32b9,0x32b9,0x1a59,0x32b9,0x1a39,0x1a39,0x1a39,0x1a59,0x1a39,0x1a59,0x1193,0x2213,0x1193,0x11b3,0x11b3,0x2213,0x1193,0x11b3,0x2213,0x1193,0x11b3,0x11b3,0x0000,
		0x0000,0x1a39,0x1a59,0x1a39,0x1a39,0x1a59,0x1a59,0x1a39,0x1a39,0x1a59,0x1a39,0x32b9,0x1a39,0x2213,0x11b3,0x1193,0x1193,0x1193,0x11b3,0x11b3,0x1193,0x2213,0x11b3,0x1193,0x1193,0x0000,
		0x0000,0x1a39,0x1a39,0x32b9,0x32b9,0x1a39,0x32b9,0x1a59,0x1a59,0x32b9,0x1a59,0x32b9,0x1a39,0x2213,0x1193,0x1193,0x2213,0x11b3,0x11b3,0x2213,0x11b3,0x2213,0x1193,0x1193,0x1193,0x0000,
		0x0000,0x32b9,0x32b9,0x1a39,0x1a39,0x1a59,0x32b9,0x32b9,0x1a39,0x1a39,0x32b9,0x1a59,0x32b9,0x11b3,0x2213,0x2213,0x11b3,0x11b3,0x2213,0x1193,0x1193,0x1193,0x1193,0x1193,0x1193,0x0000,
		0x0000,0x1a59,0x1a39,0x32b9,0x32b9,0x1a39,0x1a39,0x32b9,0x1a39,0x32b9,0x32b9,0x1a39,0x1a39,0x1193,0x2213,0x1193,0x1193,0x11b3,0x2213,0x1193,0x1193,0x11b3,0x1193,0x11b3,0x2213,0x0000,
		0x0000,0x1a39,0x1a59,0x32b9,0x1a39,0x1a59,0x32b9,0x1a39,0x1a39,0x32b9,0x1a59,0x1a59,0x1a59,0x1193,0x1193,0x2213,0x2213,0x1193,0x1193,0x11b3,0x2213,0x2213,0x11b3,0x2213,0x1193,0x0000,
		0x0000,0x0000,0x1a39,0x1a39,0x32b9,0x32b9,0x32b9,0x1a59,0x1a59,0x1a39,0x1a39,0x1a39,0x1a39,0x1193,0x2213,0x1193,0x1193,0x2213,0x2213,0x2213,0x11b3,0x11b3,0x1193,0x1193,0x0000,0x0000,
		0x0000,0x0000,0x0000,0x0000,0x1a39,0x1a39,0x1a39,0x1a39,0x32b9,0x32b9,0x1a39,0x1a39,0x1a39,0x1193,0x1193,0x2213,0x1193,0x11b3,0x1193,0x1193,0x1193,0x1193,0x0000,0x0000,0x0000,0x0000,
		0x0000,0x0000,0x0000,0x0000,0x0000,0x0000,0x1a39,0x1a39,0x1a39,0x1a59,0x32b9,0x1a39,0x1a39,0x2213,0x2213,0x1193,0x2213,0x1193,0x1193,0x1193,0x0000,0x0000,0x0000,0x0000,0x0000,0x0000,
		0x0000,0x0000,0x0000,0x0000,0x0000,0x0000,0x0000,0x0000,0x1a39,0x1a39,0x1a59,0x1a59,0x1a39,0x1193,0x2213,0x2213,0x1193,0x2213,0x0000,0x0000,0x0000,0x0000,0x0000,0x0000,0x0000,0x0000,
		0x0000,0x0000,0x0000,0x0000,0x0000,0x0000,0x0000,0x0000,0x0000,0x0000,0x1a39,0x1a39,0x32b9,0x11b3,0x1193,0x1193,0x0000,0x0000,0x0000,0x0000,0x0000,0x0000,0x0000,0x0000,0x0000,0x0000,
		0x0000,0x0000,0x0000,0x0000,0x0000,0x0000,0x0000,0x0000,0x0000,0x0000,0x0000,0x0000,0x1a39,0x1193,0x0000,0x0000,0x0000,0x0000,0x0000,0x0000,0x0000,0x0000,0x0000,0x0000,0x0000,0x0000
	},
    {//sand
		0x0000,0x0000,0x0000,0x0000,0x0000,0x0000,0x0000,0x0000,0x0000,0x0000,0x0000,0x0000,0xe6f6,0xe6f6,0x0000,0x0000,0x0000,0x0000,0x0000,0x0000,0x0000,0x0000,0x0000,0x0000,0x0000,0x0000,
		0x0000,0x0000,0x0000,0x0000,0x0000,0x0000,0x0000,0x0000,0x0000,0x0000,0xd654,0xdeb5,0xd654,0xd654,0xd654,0xdeb5,0x0000,0x0000,0x0000,0x0000,0x0000,0x0000,0x0000,0x0000,0x0000,0x0000,
		0x0000,0x0000,0x0000,0x0000,0x0000,0x0000,0x0000,0x0000,0xd612,0xd654,0xd654,0xef38,0xdeb5,0xd612,0xd612,0xd654,0xd612,0xdeb5,0x0000,0x0000,0x0000,0x0000,0x0000,0x0000,0x0000,0x0000,
		0x0000,0x0000,0x0000,0x0000,0x0000,0x0000,0xe6f6,0xd612,0xd612,0xd654,0xd654,0xd654,0xdeb5,0xdeb5,0xd612,0xd654,0xd654,0xdeb5,0xdeb5,0xd654,0x0000,0x0000,0x0000,0x0000,0x0000,0x0000,
		0x0000,0x0000,0x0000,0x0000,0xd612,0xd612,0xcdb0,0xd612,0xd612,0xd654,0xd612,0xd612,0xef38,0xdeb5,0xdeb5,0xdeb5,0xdeb5,0xd654,0xd654,0xe6f6,0xdeb5,0xdeb5,0x0000,0x0000,0x0000,0x0000,
		0x0000,0x0000,0xd654,0xdeb5,0xd654,0xd612,0xd654,0xd654,0xd654,0xd654,0xd654,0xd612,0xd612,0xd612,0xd612,0xd654,0xd654,0xd654,0xdeb5,0xd612,0xd654,0xcdb0,0xdeb5,0xd612,0x0000,0x0000,
		0x0000,0xbdb2,0xad30,0xdeb5,0xd654,0xdeb5,0xdeb5,0xdeb5,0xd654,0xd612,0xdeb5,0xd612,0xd654,0xdeb5,0xd612,0xd612,0xd654,0xd612,0xd654,0xd654,0xd654,0xd612,0xd654,0x83ab,0x8c2d,0x0000,
		0x0000,0xacef,0xad30,0xad30,0xad30,0xdeb5,0xdeb5,0xd654,0xdeb5,0xd612,0xdeb5,0xdeb5,0xd654,0xd654,0xd612,0xd654,0xd654,0xe6f6,0xd612,0xd612,0xd654,0x8c2d,0x8c2d,0x83ec,0x8c4e,0x0000,
		0x0000,0xb571,0xad30,0xad30,0xad30,0xacef,0xad30,0xdeb5,0xdeb5,0xd654,0xdeb5,0xdeb5,0xd612,0xd612,0xcdb0,0xd654,0xdeb5,0xd612,0xd612,0x83ec,0x83ab,0x83ec,0x7b8a,0x83ab,0x83ec,0x0000,
		0x0000,0xad30,0xb571,0xa4ad,0xacef,0xacef,0xb571,0xb571,0xad30,0xd654,0xd654,0xdeb5,0xd654,0xd612,0xd654,0xd612,0xdeb5,0x8c2d,0x83ec,0x83ab,0x8c4e,0x83ab,0x83ab,0x83ec,0x83ec,0x0000,
		0x0000,0xad30,0xad30,0xbdf4,0xad30,0xbdb2,0xad30,0xa4ad,0xacef,0xb571,0xad30,0xd654,0xd654,0xd654,0xd654,0x8c2d,0x83ec,0x83ab,0x8c2d,0x83ec,0x83ec,0x8c2d,0x83ec,0x83ec,0x83ec,0x0000,
		0x0000,0xacef,0xacef,0xad30,0xacef,0xacef,0xacef,0xad30,0xad30,0xad30,0xbdf4,0xb571,0xb571,0x8c4e,0x83ec,0x83ab,0x83ec,0x83ec,0x83ec,0x8c2d,0x83ab,0x83ec,0x83ec,0x83ab,0x83ab,0x0000,
		0x0000,0xad30,0xbdb2,0xad30,0xb571,0xb571,0xb571,0xad30,0xb571,0xacef,0xad30,0xa4ad,0xbdb2,0x83ab,0x83ec,0x83ab,0x83ab,0x8c2d,0x8c2d,0x8c2d,0x8c2d,0x83ab,0x83ab,0x83ec,0x83ab,0x0000,
		0x0000,0xacef,0xacef,0xad30,0xacef,0xbdf4,0xad30,0xacef,0xb571,0xb571,0xad30,0xacef,0xad30,0x8c2d,0x7b8a,0x83ab,0x83ec,0x83ec,0x83ec,0x83ec,0x7b8a,0x83ec,0x8c4e,0x83ec,0x83ec,0x0000,
		0x0000,0xbdb2,0xad30,0xb571,0xacef,0xad30,0xad30,0xacef,0xad30,0xacef,0xacef,0xad30,0xad30,0x83ec,0x946f,0x83ec,0x8c2d,0x8c2d,0x83ec,0x83ab,0x83ab,0x83ab,0x83ec,0x8c2d,0x83ab,0x0000,
		0x0000,0xad30,0xa4ad,0xacef,0xad30,0xb571,0xacef,0xad30,0xacef,0xad30,0xad30,0xad30,0xb571,0x83ab,0x83ec,0x83ec,0x83ab,0x83ab,0x83ab,0x83ab,0x83ab,0x83ab,0x83ec,0x83ec,0x8c2d,0x0000,
		0x0000,0xacef,0xacef,0xad30,0xad30,0xad30,0xacef,0xacef,0xacef,0xacef,0xad30,0xacef,0xad30,0x83ec,0x83ec,0x83ab,0x83ab,0x83ec,0x7b8a,0x7b8a,0x83ec,0x83ec,0x83ab,0x83ab,0x83ec,0x0000,
		0x0000,0xacef,0xad30,0xad30,0xb571,0xacef,0xb571,0xad30,0xa4ad,0xad30,0xad30,0xbdb2,0xacef,0x83ab,0x83ec,0x83ec,0x83ec,0x83ab,0x83ab,0x83ec,0x8c2d,0x83ab,0x83ec,0x83ec,0x8c2d,0x0000,
		0x0000,0xad30,0xad30,0xb571,0xacef,0xad30,0xad30,0xad30,0xad30,0xacef,0xad30,0xad30,0xacef,0x83ec,0x8c2d,0x83ec,0x83ec,0x83ec,0x8c2d,0x8c2d,0x83ab,0x83ec,0x83ec,0x83ab,0x83ec,0x0000,
		0x0000,0xb571,0xb571,0xad30,0xb571,0xa4ad,0xacef,0xb571,0xb571,0xad30,0xa4ad,0xad30,0xacef,0x8c4e,0x83ab,0x8c2d,0x83ec,0x83ab,0x83ec,0x946f,0x83ec,0x8c2d,0x8c2d,0x83ec,0x83ec,0x0000,
		0x0000,0x0000,0xad30,0xb571,0xbdf4,0xb571,0xb571,0xad30,0xbdf4,0xacef,0xacef,0xacef,0xb571,0x83ec,0x83ec,0x83ec,0x8c2d,0x83ec,0x8c2d,0x8c2d,0x8c2d,0x83ec,0x83ec,0x8c2d,0x0000,0x0000,
		0x0000,0x0000,0x0000,0x0000,0xb571,0xb571,0xad30,0xb571,0xb571,0xb571,0xacef,0xad30,0xad30,0x83ab,0x83ec,0x8c2d,0x8c2d,0x83ec,0x83ec,0x83ec,0x83ec,0x83ec,0x0000,0x0000,0x0000,0x0000,
		0x0000,0x0000,0x0000,0x0000,0x0000,0x0000,0xb571,0xad30,0xad30,0xad30,0xad30,0xad30,0xb571,0x83ab,0x8c2d,0x83ec,0x946f,0x8c2d,0x8c2d,0x83ab,0x0000,0x0000,0x0000,0x0000,0x0000,0x0000,
		0x0000,0x0000,0x0000,0x0000,0x0000,0x0000,0x0000,0x0000,0xacef,0xad30,0xa4ad,0xb571,0xad30,0x8c2d,0x83ec,0x8c2d,0x8c2d,0x83ec,0x0000,0x0000,0x0000,0x0000,0x0000,0x0000,0x0000,0x0000,
		0x0000,0x0000,0x0000,0x0000,0x0000,0x0000,0x0000,0x0000,0x0000,0x0000,0xb571,0xad30,0xad30,0x83ec,0x8c2d,0x83ec,0x0000,0x0000,0x0000,0x0000,0x0000,0x0000,0x0000,0x0000,0x0000,0x0000,
		0x0000,0x0000,0x0000,0x0000,0x0000,0x0000,0x0000,0x0000,0x0000,0x0000,0x0000,0x0000,0xad30,0x8c2d,0x0000,0x0000,0x0000,0x0000,0x0000,0x0000,0x0000,0x0000,0x0000,0x0000,0x0000,0x0000
	},
    {//plank
		0x0000,0x0000,0x0000,0x0000,0x0000,0x0000,0x0000,0x0000,0x0000,0x0000,0x0000,0x0000,0xbccc,0xbccc,0x0000,0x0000,0x0000,0x0000,0x0000,0x0000,0x0000,0x0000,0x0000,0x0000,0x0000,0x0000,
		0x0000,0x0000,0x0000,0x0000,0x0000,0x0000,0x0000,0x0000,0x0000,0x0000,0x6aa6,0x6aa6,0xbccc,0xb48b,0x9c29,0x9c29,0x0000,0x0000,0x0000,0x0000,0x0000,0x0000,0x0000,0x0000,0x0000,0x0000,
		0x0000,0x0000,0x0000,0x0000,0x0000,0x0000,0x0000,0x0000,0xbccc,0x9c29,0x9c29,0x9c29,0x6aa6,0x9c29,0x9c29,0xb48b,0xbccc,0xbccc,0x0000,0x0000,0x0000,0x0000,0x0000,0x0000,0x0000,0x0000,
		0x0000,0x0000,0x0000,0x0000,0x0000,0x0000,0x9c29,0xbccc,0x72e7,0x6aa6,0xb48b,0xb48b,0xb48b,0xbccc,0x72e7,0x72e7,0xb48b,0x9c29,0x9c29,0xbccc,0x0000,0x0000,0x0000,0x0000,0x0000,0x0000,
		0x0000,0x0000,0x0000,0x0000,0x72e7,0x72e7,0xb48b,0x9c29,0x9c29,0xbccc,0x6aa6,0x6aa6,0xbccc,0xbccc,0x9c29,0x9c29,0x72e7,0xbccc,0xbccc,0x9c29,0xbccc,0xbccc,0x0000,0x0000,0x0000,0x0000,
		0x0000,0x0000,0xbccc,0xbccc,0x9c29,0xbccc,0x72e7,0x72e7,0xbccc,0xbccc,0xbccc,0x9c29,0x72e7,0x72e7,0x9c29,0xb48b,0xb48b,0x9c29,0x6aa6,0xb48b,0x72e7,0xb48b,0xbccc,0xbccc,0x0000,0x0000,
		0x0000,0x93c9,0x7b47,0x72e7,0x9c29,0x9c29,0xbccc,0x9c29,0x6aa6,0x6aa6,0x9c29,0xb48b,0x9c29,0xb48b,0x72e7,0x6aa6,0xbccc,0xb48b,0x9c29,0xb48b,0x72e7,0x72e7,0x9c29,0x72c7,0x5a65,0x0000,
		0x0000,0x93c9,0x93c9,0x7b47,0x7b47,0x6aa6,0xbccc,0xbccc,0x9c29,0x9c29,0x72e7,0x72e7,0x9c29,0x9c29,0x72e7,0xb48b,0x6aa6,0x6aa6,0xbccc,0x9c29,0x9c29,0x72c7,0x72c7,0x72c7,0x5a65,0x0000,
		0x0000,0x93c9,0x93c9,0x9389,0x9389,0x93c9,0x9389,0x6aa6,0xbccc,0xbccc,0xb48b,0x9c29,0x72e7,0x72e7,0xb48b,0x9c29,0x9c29,0xbccc,0x72e7,0x72c7,0x72c7,0x6aa6,0x6aa6,0x72c7,0x5a65,0x0000,
		0x0000,0x5205,0x5205,0x7b47,0x7b47,0x9389,0x7b47,0x7b47,0x93c9,0x72e7,0xb48b,0xb48b,0x9c29,0x72e7,0x6aa6,0x6aa6,0x9c29,0x72c7,0x6aa6,0x5a65,0x5a65,0x6aa6,0x72c7,0x41c4,0x41c4,0x0000,
		0x0000,0x7b47,0x7b47,0x7b47,0x5a45,0x7b47,0x9389,0x7b47,0x7b47,0x93c9,0x93c9,0x6aa6,0xbccc,0xbccc,0xb48b,0x5a65,0x5a65,0x5a65,0x5a65,0x72c7,0x72c7,0x3983,0x6aa6,0x6aa6,0x5a65,0x0000,
		0x0000,0x93c9,0x7b47,0x5a45,0x7b47,0x5a45,0x5a45,0x93c9,0x93c9,0x9389,0x7b47,0x93c9,0x7b47,0x72c7,0x5a65,0x41c4,0x6aa6,0x6aa6,0x6aa6,0x41c4,0x3983,0x41c4,0x5a65,0x5a65,0x72c7,0x0000,
		0x0000,0x5a45,0x93c9,0x93c9,0x9389,0x9389,0x7b47,0x93c9,0x5a45,0x9389,0x5a45,0x9389,0x7b47,0x72c7,0x6aa6,0x5a65,0x5a65,0x41c4,0x5a65,0x5a65,0x6aa6,0x6aa6,0x72c7,0x72c7,0x41c4,0x0000,
		0x0000,0x93c9,0x5a45,0x5205,0x93c9,0x93c9,0x7b47,0x9389,0x7b47,0x5205,0x5205,0x93c9,0x7b47,0x72c7,0x5a65,0x41c4,0x41c4,0x72c7,0x5a65,0x6aa6,0x41c4,0x72c7,0x3983,0x41c4,0x5a65,0x0000,
		0x0000,0x7b47,0x7b47,0x93c9,0x5205,0x5205,0x7b47,0x7b47,0x9389,0x9389,0x9389,0x9389,0x5a45,0x3983,0x5a65,0x5a65,0x6aa6,0x72c7,0x5a65,0x5a65,0x3983,0x3983,0x72c7,0x5a65,0x5a65,0x0000,
		0x0000,0x93c9,0x9389,0x7b47,0x7b47,0x5a45,0x5a45,0x5a45,0x7b47,0x93c9,0x7b47,0x7b47,0x93c9,0x72c7,0x41c4,0x6aa6,0x72c7,0x72c7,0x41c4,0x41c4,0x6aa6,0x41c4,0x5a65,0x6aa6,0x5a65,0x0000,
		0x0000,0x5a45,0x5205,0x9389,0x93c9,0x93c9,0x9389,0x93c9,0x5a45,0x5205,0x93c9,0x93c9,0x7b47,0x5a65,0x72c7,0x6aa6,0x3983,0x3983,0x72c7,0x5a65,0x5a65,0x6aa6,0x6aa6,0x3983,0x41c4,0x0000,
		0x0000,0x93c9,0x93c9,0x5a45,0x5205,0x93c9,0x7b47,0x7b47,0x9389,0x9389,0x5205,0x5205,0x93c9,0x72c7,0x3983,0x3983,0x72c7,0x5a65,0x6aa6,0x5a65,0x6aa6,0x41c4,0x3983,0x72c7,0x72c7,0x0000,
		0x0000,0x93c9,0x7b47,0x93c9,0x93c9,0x5205,0x5a45,0x7b47,0x7b47,0x5a45,0x93c9,0x93c9,0x5a45,0x41c4,0x72c7,0x5a65,0x5a65,0x5a65,0x5a65,0x41c4,0x41c4,0x5a65,0x41c4,0x5a65,0x72c7,0x0000,
		0x0000,0x5a45,0x93c9,0x7b47,0x93c9,0x93c9,0x7b47,0x5a45,0x5a45,0x9389,0x9389,0x7b47,0x7b47,0x5a65,0x5a65,0x6aa6,0x72c7,0x3983,0x41c4,0x5a65,0x6aa6,0x5a65,0x72c7,0x72c7,0x41c4,0x0000,
		0x0000,0x0000,0x5a45,0x5a45,0x7b47,0x93c9,0x7b47,0x7b47,0x7b47,0x5a45,0x5205,0x9389,0x7b47,0x72c7,0x6aa6,0x41c4,0x3983,0x72c7,0x5a65,0x6aa6,0x5a65,0x6aa6,0x3983,0x3983,0x0000,0x0000,
		0x0000,0x0000,0x0000,0x0000,0x5205,0x5205,0x7b47,0x93c9,0x9389,0x7b47,0x9389,0x5205,0x5a45,0x41c4,0x41c4,0x72c7,0x72c7,0x72c7,0x5a65,0x72c7,0x41c4,0x3983,0x0000,0x0000,0x0000,0x0000,
		0x0000,0x0000,0x0000,0x0000,0x0000,0x0000,0x5205,0x5a45,0x93c9,0x9389,0x7b47,0x5a45,0x93c9,0x72c7,0x72c7,0x72c7,0x5a65,0x72c7,0x3983,0x41c4,0x0000,0x0000,0x0000,0x0000,0x0000,0x0000,
		0x0000,0x0000,0x0000,0x0000,0x0000,0x0000,0x0000,0x0000,0x5a45,0x5205,0x93c9,0x93c9,0x9389,0x6aa6,0x5a65,0x5a65,0x3983,0x49c4,0x0000,0x0000,0x0000,0x0000,0x0000,0x0000,0x0000,0x0000,
		0x0000,0x0000,0x0000,0x0000,0x0000,0x0000,0x0000,0x0000,0x0000,0x0000,0x3983,0x5205,0x93c9,0x72c7,0x41c4,0x49c4,0x0000,0x0000,0x0000,0x0000,0x0000,0x0000,0x0000,0x0000,0x0000,0x0000,
		0x0000,0x0000,0x0000,0x0000,0x0000,0x0000,0x0000,0x0000,0x0000,0x0000,0x0000,0x0000,0x5a45,0x41c4,0x0000,0x0000,0x0000,0x0000,0x0000,0x0000,0x0000,0x0000,0x0000,0x0000,0x0000,0x0000
	},
    {//bedrock
		0x0000,0x0000,0x0000,0x0000,0x0000,0x0000,0x0000,0x0000,0x0000,0x0000,0x0000,0x0000,0x630c,0x630c,0x0000,0x0000,0x0000,0x0000,0x0000,0x0000,0x0000,0x0000,0x0000,0x0000,0x0000,0x0000,
		0x0000,0x0000,0x0000,0x0000,0x0000,0x0000,0x0000,0x0000,0x0000,0x0000,0x52aa,0x3186,0x2104,0x630c,0x3186,0x3186,0x0000,0x0000,0x0000,0x0000,0x0000,0x0000,0x0000,0x0000,0x0000,0x0000,
		0x0000,0x0000,0x0000,0x0000,0x0000,0x0000,0x0000,0x0000,0x94b2,0x3186,0x3186,0x94b2,0x630c,0x3186,0x2104,0x630c,0x52aa,0x94b2,0x0000,0x0000,0x0000,0x0000,0x0000,0x0000,0x0000,0x0000,
		0x0000,0x0000,0x0000,0x0000,0x0000,0x0000,0x52aa,0x630c,0x52aa,0x52aa,0x630c,0x52aa,0x3186,0x3186,0x2104,0x3186,0x3186,0x94b2,0x52aa,0x94b2,0x0000,0x0000,0x0000,0x0000,0x0000,0x0000,
		0x0000,0x0000,0x0000,0x0000,0x2104,0x2104,0x630c,0x3186,0x3186,0x52aa,0x52aa,0x52aa,0x94b2,0x52aa,0x52aa,0x52aa,0x52aa,0x3186,0x3186,0x94b2,0x3186,0x3186,0x0000,0x0000,0x0000,0x0000,
		0x0000,0x0000,0x630c,0x630c,0x94b2,0x3186,0x52aa,0x52aa,0x630c,0x52aa,0x52aa,0x52aa,0x3186,0x3186,0x52aa,0x2104,0x2104,0x630c,0x3186,0x52aa,0x52aa,0x3186,0x52aa,0x3186,0x0000,0x0000,
		0x0000,0x4a69,0x2945,0x3186,0x52aa,0x3186,0x52aa,0x52aa,0x3186,0x52aa,0x3186,0x52aa,0x3186,0x94b2,0x2104,0x3186,0x94b2,0x52aa,0x3186,0x630c,0x3186,0x52aa,0x630c,0x18e3,0x31a6,0x0000,
		0x0000,0x2945,0x4a69,0x2945,0x2945,0x94b2,0x52aa,0x52aa,0x3186,0x3186,0x94b2,0x94b2,0x3186,0x52aa,0x3186,0x630c,0x52aa,0x3186,0x94b2,0x2104,0x3186,0x18e3,0x31a6,0x31a6,0x18e3,0x0000,
		0x0000,0x2945,0x18c3,0x4a69,0x4a69,0x4228,0x4a69,0x630c,0x52aa,0x630c,0x3186,0x3186,0x630c,0x630c,0x94b2,0x3186,0x94b2,0x94b2,0x52aa,0x5aeb,0x31a6,0x39e7,0x18e3,0x31a6,0x39e7,0x0000,
		0x0000,0x4228,0x7bcf,0x2945,0x18c3,0x7bcf,0x7bcf,0x4228,0x7bcf,0x630c,0x94b2,0x3186,0x52aa,0x3186,0x94b2,0x94b2,0x3186,0x5aeb,0x39e7,0x5aeb,0x5aeb,0x31a6,0x5aeb,0x18e3,0x31a6,0x0000,
		0x0000,0x2945,0x2945,0x7bcf,0x4228,0x2945,0x2945,0x2945,0x7bcf,0x2945,0x2945,0x3186,0x3186,0x3186,0x94b2,0x18e3,0x18e3,0x39e7,0x5aeb,0x18e3,0x31a6,0x18e3,0x39e7,0x39e7,0x18e3,0x0000,
		0x0000,0x7bcf,0x4228,0x4228,0x2945,0x18c3,0x7bcf,0x7bcf,0x2945,0x4a69,0x18c3,0x4228,0x4228,0x39e7,0x18e3,0x5aeb,0x39e7,0x18e3,0x18e3,0x31a6,0x18e3,0x5aeb,0x18e3,0x10a2,0x10a2,0x0000,
		0x0000,0x4228,0x7bcf,0x4a69,0x2945,0x4228,0x4228,0x2945,0x4228,0x4228,0x4228,0x2945,0x2945,0x18e3,0x39e7,0x18e3,0x10a2,0x31a6,0x31a6,0x18e3,0x31a6,0x31a6,0x5aeb,0x18e3,0x31a6,0x0000,
		0x0000,0x4a69,0x4228,0x4228,0x4a69,0x7bcf,0x2945,0x2945,0x2945,0x2945,0x2945,0x7bcf,0x4a69,0x18e3,0x18e3,0x39e7,0x31a6,0x18e3,0x18e3,0x10a2,0x5aeb,0x5aeb,0x18e3,0x39e7,0x5aeb,0x0000,
		0x0000,0x4228,0x2945,0x7bcf,0x4228,0x4228,0x4a69,0x4228,0x18c3,0x4228,0x7bcf,0x4a69,0x4228,0x31a6,0x5aeb,0x18e3,0x18e3,0x31a6,0x39e7,0x39e7,0x18e3,0x18e3,0x5aeb,0x5aeb,0x39e7,0x0000,
		0x0000,0x4a69,0x4a69,0x2945,0x2945,0x2945,0x2945,0x2945,0x4a69,0x7bcf,0x2945,0x2945,0x2945,0x10a2,0x31a6,0x31a6,0x39e7,0x5aeb,0x18e3,0x10a2,0x5aeb,0x18e3,0x18e3,0x18e3,0x18e3,0x0000,
		0x0000,0x18c3,0x4228,0x7bcf,0x4a69,0x4228,0x4228,0x4a69,0x18c3,0x2945,0x4a69,0x7bcf,0x2945,0x18e3,0x39e7,0x31a6,0x31a6,0x31a6,0x31a6,0x39e7,0x31a6,0x5aeb,0x39e7,0x5aeb,0x10a2,0x0000,
		0x0000,0x4228,0x2945,0x4228,0x2945,0x7bcf,0x2945,0x2945,0x4a69,0x4a69,0x4228,0x2945,0x18c3,0x5aeb,0x31a6,0x18e3,0x18e3,0x18e3,0x31a6,0x18e3,0x5aeb,0x39e7,0x5aeb,0x18e3,0x31a6,0x0000,
		0x0000,0x4a69,0x7bcf,0x4a69,0x4a69,0x2945,0x4a69,0x18c3,0x2945,0x2945,0x2945,0x7bcf,0x4228,0x31a6,0x5aeb,0x10a2,0x18e3,0x5aeb,0x18e3,0x5aeb,0x31a6,0x18e3,0x39e7,0x5aeb,0x31a6,0x0000,
		0x0000,0x2945,0x4a69,0x4228,0x4228,0x18c3,0x2945,0x7bcf,0x7bcf,0x7bcf,0x7bcf,0x2945,0x4a69,0x31a6,0x18e3,0x18e3,0x39e7,0x31a6,0x39e7,0x5aeb,0x10a2,0x18e3,0x18e3,0x18e3,0x39e7,0x0000,
		0x0000,0x0000,0x18c3,0x2945,0x2945,0x4228,0x2945,0x2945,0x7bcf,0x4a69,0x4a69,0x4a69,0x2945,0x39e7,0x5aeb,0x31a6,0x18e3,0x18e3,0x18e3,0x18e3,0x5aeb,0x5aeb,0x18e3,0x31a6,0x0000,0x0000,
		0x0000,0x0000,0x0000,0x0000,0x18c3,0x7bcf,0x2945,0x4228,0x2945,0x2945,0x2945,0x7bcf,0x18c3,0x10a2,0x31a6,0x18e3,0x31a6,0x31a6,0x18e3,0x39e7,0x39e7,0x10a2,0x0000,0x0000,0x0000,0x0000,
		0x0000,0x0000,0x0000,0x0000,0x0000,0x0000,0x4a69,0x2945,0x4a69,0x7bcf,0x4228,0x4a69,0x4228,0x31a6,0x39e7,0x5aeb,0x18e3,0x18e3,0x39e7,0x31a6,0x0000,0x0000,0x0000,0x0000,0x0000,0x0000,
		0x0000,0x0000,0x0000,0x0000,0x0000,0x0000,0x0000,0x0000,0x4228,0x18c3,0x4228,0x2945,0x7bcf,0x39e7,0x31a6,0x18e3,0x10a2,0x5aeb,0x0000,0x0000,0x0000,0x0000,0x0000,0x0000,0x0000,0x0000,
		0x0000,0x0000,0x0000,0x0000,0x0000,0x0000,0x0000,0x0000,0x0000,0x0000,0x2945,0x2945,0x4228,0x39e7,0x18e3,0x18e3,0x0000,0x0000,0x0000,0x0000,0x0000,0x0000,0x0000,0x0000,0x0000,0x0000,
		0x0000,0x0000,0x0000,0x0000,0x0000,0x0000,0x0000,0x0000,0x0000,0x0000,0x0000,0x0000,0x4a69,0x18e3,0x0000,0x0000,0x0000,0x0000,0x0000,0x0000,0x0000,0x0000,0x0000,0x0000,0x0000,0x0000
	},
    {//cobblestone
		0x0000,0x0000,0x0000,0x0000,0x0000,0x0000,0x0000,0x0000,0x0000,0x0000,0x0000,0x0000,0x7bcf,0x7bcf,0x0000,0x0000,0x0000,0x0000,0x0000,0x0000,0x0000,0x0000,0x0000,0x0000,0x0000,0x0000,
		0x0000,0x0000,0x0000,0x0000,0x0000,0x0000,0x0000,0x0000,0x0000,0x0000,0x630c,0x630c,0x9cf3,0xa535,0xad75,0xad75,0x0000,0x0000,0x0000,0x0000,0x0000,0x0000,0x0000,0x0000,0x0000,0x0000,
		0x0000,0x0000,0x0000,0x0000,0x0000,0x0000,0x0000,0x0000,0x73ae,0xad75,0x7bcf,0x52aa,0x9cd3,0x7bef,0x7bef,0x632c,0x7bef,0x6b6d,0x0000,0x0000,0x0000,0x0000,0x0000,0x0000,0x0000,0x0000,
		0x0000,0x0000,0x0000,0x0000,0x0000,0x0000,0x630c,0x630c,0x73ae,0x738e,0x9cd3,0xad75,0xa514,0x52aa,0x52aa,0x7bef,0x9492,0x8430,0xa514,0x7bef,0x0000,0x0000,0x0000,0x0000,0x0000,0x0000,
		0x0000,0x0000,0x0000,0x0000,0x52aa,0x52aa,0x5acb,0x8430,0x8430,0xa535,0x4a69,0x4a49,0x7bcf,0x630c,0x52aa,0x7bef,0x8c71,0x7bef,0x7bef,0x8c71,0x528a,0x528a,0x0000,0x0000,0x0000,0x0000,
		0x0000,0x0000,0x632c,0x632c,0xa534,0x94b3,0x5acb,0x5acb,0x4a69,0x4a69,0x4a69,0xad55,0x8431,0x8431,0x630c,0xbdf7,0xbdf7,0xa535,0x52aa,0x52aa,0x630c,0xa514,0xa534,0xa534,0x0000,0x0000,
		0x0000,0x632c,0x528a,0x73ae,0x7bef,0x7bef,0x632c,0x7bcf,0xa514,0xad75,0x6b4d,0x738e,0xa535,0xa535,0x7bf0,0x5aeb,0x8c51,0x7bef,0x8c71,0x7bef,0x630c,0x630c,0x8410,0x632c,0x6b4d,0x0000,
		0x0000,0x738e,0x528a,0x528a,0x8c51,0x52aa,0x7bef,0x7bef,0x632c,0x8c71,0x738e,0x528a,0x7bef,0x6b4d,0x7bef,0x6b4d,0x738e,0x528a,0x5aeb,0x8430,0x632c,0x3186,0x4208,0x4a69,0x4a69,0x0000,
		0x0000,0x528a,0x8410,0x8c51,0x6b6d,0x6b4d,0x8c51,0xa514,0x5aeb,0x5acb,0x8410,0x630c,0x630c,0x630c,0x630c,0x630c,0xa535,0x632c,0x632c,0x4a69,0x39e7,0x39e7,0x632c,0x5aeb,0x528a,0x0000,
		0x0000,0x528a,0x528a,0x632c,0x6b4d,0x52aa,0x6b6d,0x8430,0x632d,0x4a69,0x630c,0x630c,0x7bcf,0x8410,0x8c72,0x8c72,0x8410,0x4228,0x632d,0x52aa,0x52ab,0x31a6,0x39e7,0x39e7,0x3186,0x0000,
		0x0000,0x8c72,0x8c51,0x4228,0x5aeb,0x4208,0x73af,0x9492,0x738e,0x4208,0x4a49,0xa535,0x52aa,0x52aa,0x52aa,0x6b4d,0x632d,0x632d,0x528a,0x4a69,0x528a,0x31a6,0x4a69,0x39e7,0x4208,0x0000,
		0x0000,0x630c,0x632c,0x5aeb,0x4228,0x4228,0x6b4d,0x6b4d,0x6b4d,0x528a,0x528a,0x5acb,0x9492,0x4a69,0x39e7,0x6b4d,0x528a,0x632d,0x5acb,0x4a69,0x31a6,0x5aeb,0x4a69,0x528a,0x31a7,0x0000,
		0x0000,0x630c,0x6b6d,0x4a69,0x8430,0x8c71,0x6b4d,0x4208,0x6b4d,0x4228,0x528a,0x8430,0x6b4d,0x52aa,0x632d,0x4a69,0x4a69,0x4a69,0x4a69,0x31a6,0x630c,0x4a69,0x5acb,0x39c7,0x39e8,0x0000,
		0x0000,0x528a,0x630c,0x5aec,0x6b4d,0x632c,0x4228,0x52aa,0x4228,0x4a49,0x8431,0x528a,0x6b4d,0x39e7,0x4a49,0x4a69,0x4228,0x4208,0x31a6,0x73ae,0x4a69,0x52aa,0x3186,0x39c7,0x39e7,0x0000,
		0x0000,0x528a,0x6b4d,0x8c51,0x39e8,0x39e7,0x528a,0x528a,0x9cf3,0x6b4d,0x6b4d,0x6b4d,0x4228,0x39e7,0x31a6,0x31a6,0x630c,0x39e7,0x39e7,0x39e7,0x39c7,0x39e7,0x52aa,0x632d,0x632d,0x0000,
		0x0000,0x4208,0x4a49,0x6b6d,0x738e,0x4a69,0x738e,0x8c51,0x528a,0x738e,0x73ae,0x6b4d,0x5acb,0x5aeb,0x4228,0x6b4d,0x4a6a,0x4a69,0x52aa,0x4a6a,0x5acb,0x4a69,0x39e7,0x632d,0x4a6a,0x0000,
		0x0000,0x4228,0x4a6a,0x738e,0x4208,0x4208,0x5aeb,0x8c51,0x6b4d,0x528a,0x6b6e,0x73af,0x52aa,0x6b4d,0x39c7,0x5aec,0x2966,0x31a6,0x5aeb,0x632d,0x4208,0x3186,0x632d,0x5acb,0x4a69,0x0000,
		0x0000,0x528a,0x8410,0x4228,0x528a,0x528a,0x52aa,0x8c51,0x8c51,0x5acb,0x5aeb,0x4228,0x4a49,0x4a49,0x4229,0x31a6,0x4a6a,0x6b4d,0x4228,0x4a69,0x4a69,0x39e7,0x528a,0x528a,0x31a7,0x0000,
		0x0000,0x528a,0x8c51,0x7bef,0x4a49,0x8430,0x6b4d,0x4a49,0x6b4d,0x6b4d,0x4208,0x738e,0x52aa,0x4a49,0x632d,0x4a69,0x52aa,0x39e7,0x4208,0x3186,0x39e7,0x39e7,0x528a,0x4a69,0x39e7,0x0000,
		0x0000,0x6b6d,0x738e,0x8430,0x52aa,0x4a6a,0x73ae,0x5aeb,0x4208,0x4208,0x4a6a,0x528a,0x8c51,0x39e7,0x528a,0x4a69,0x3186,0x6b4d,0x4a6a,0x632d,0x4a69,0x39e7,0x31a6,0x31a6,0x4a6a,0x0000,
		0x0000,0x0000,0x4228,0x630c,0x5aec,0x6b4d,0x528a,0x8c71,0x8c51,0x528a,0x8c72,0x8c51,0x6b4d,0x3186,0x52aa,0x31a7,0x39e7,0x632c,0x52ab,0x528a,0x4a69,0x39e7,0x632d,0x39e7,0x0000,0x0000,
		0x0000,0x0000,0x0000,0x0000,0x6b4d,0x4228,0x4a69,0x4a69,0x6b6d,0x528a,0x8c51,0x6b6d,0x6b4d,0x31a6,0x31a6,0x5aeb,0x4208,0x3186,0x39c7,0x39c7,0x3186,0x4208,0x0000,0x0000,0x0000,0x0000,
		0x0000,0x0000,0x0000,0x0000,0x0000,0x0000,0x8430,0x6b4d,0x4a49,0x528a,0x632c,0x6b6d,0x4a49,0x39e7,0x5aeb,0x528a,0x4229,0x4a69,0x632c,0x4a69,0x0000,0x0000,0x0000,0x0000,0x0000,0x0000,
		0x0000,0x0000,0x0000,0x0000,0x0000,0x0000,0x0000,0x0000,0x6b4d,0x52aa,0x5acb,0x4228,0x4228,0x630c,0x630c,0x4a69,0x4a69,0x39e8,0x0000,0x0000,0x0000,0x0000,0x0000,0x0000,0x0000,0x0000,
		0x0000,0x0000,0x0000,0x0000,0x0000,0x0000,0x0000,0x0000,0x0000,0x0000,0x8430,0x8c51,0x528a,0x39e7,0x4a49,0x528a,0x0000,0x0000,0x0000,0x0000,0x0000,0x0000,0x0000,0x0000,0x0000,0x0000,
		0x0000,0x0000,0x0000,0x0000,0x0000,0x0000,0x0000,0x0000,0x0000,0x0000,0x0000,0x0000,0x6b4d,0x528a,0x0000,0x0000,0x0000,0x0000,0x0000,0x0000,0x0000,0x0000,0x0000,0x0000,0x0000,0x0000
	},
    {//coal ore
		0x0000,0x0000,0x0000,0x0000,0x0000,0x0000,0x0000,0x0000,0x0000,0x0000,0x0000,0x0000,0x7bef,0x7bef,0x0000,0x0000,0x0000,0x0000,0x0000,0x0000,0x0000,0x0000,0x0000,0x0000,0x0000,0x0000,
		0x0000,0x0000,0x0000,0x0000,0x0000,0x0000,0x0000,0x0000,0x0000,0x0000,0x7bef,0x7bef,0x632c,0x8c71,0x738e,0x738e,0x0000,0x0000,0x0000,0x0000,0x0000,0x0000,0x0000,0x0000,0x0000,0x0000,
		0x0000,0x0000,0x0000,0x0000,0x0000,0x0000,0x0000,0x0000,0x8c71,0x738e,0x8c71,0x8c71,0x7bef,0x738e,0x31a6,0x8c71,0x7bef,0x8c71,0x0000,0x0000,0x0000,0x0000,0x0000,0x0000,0x0000,0x0000,
		0x0000,0x0000,0x0000,0x0000,0x0000,0x0000,0x7bef,0x7bef,0x7bef,0x7bef,0x7bef,0x7bef,0x7bef,0x738e,0x632c,0x738e,0x738e,0x8c71,0x632c,0x8c71,0x0000,0x0000,0x0000,0x0000,0x0000,0x0000,
		0x0000,0x0000,0x0000,0x0000,0x632c,0x632c,0x7bef,0x738e,0x738e,0x632c,0x738e,0x738e,0x31a6,0x39e7,0x738e,0x738e,0x3186,0x738e,0x738e,0x8c71,0x738e,0x738e,0x0000,0x0000,0x0000,0x0000,
		0x0000,0x0000,0x7bef,0x7bef,0x8c71,0x738e,0x7bef,0x7bef,0x31a6,0x738e,0x738e,0x7bef,0x738e,0x738e,0x7bef,0x632c,0x632c,0x8c71,0x738e,0x7bef,0x39e7,0x7bef,0x738e,0x738e,0x0000,0x0000,
		0x0000,0x632c,0x5aeb,0x738e,0x7bef,0x738e,0x3186,0x738e,0x7bef,0x7bef,0x738e,0x39e7,0x3186,0x39e7,0x632c,0x738e,0x3186,0x39e7,0x738e,0x8c71,0x738e,0x7bef,0x7bef,0x4228,0x4a69,0x0000,
		0x0000,0x632c,0x632c,0x5aeb,0x5aeb,0x8c71,0x738e,0x7bef,0x738e,0x738e,0x8c71,0x8c71,0x738e,0x3186,0x738e,0x8c71,0x738e,0x738e,0x8c71,0x632c,0x7bef,0x4228,0x4228,0x4a69,0x4228,0x0000,
		0x0000,0x632c,0x528a,0x738e,0x738e,0x632c,0x738e,0x7bef,0x7bef,0x7bef,0x3186,0x39e7,0x39e7,0x39e7,0x8c71,0x738e,0x8c71,0x8c71,0x7bef,0x52aa,0x4a69,0x52aa,0x4a69,0x4a69,0x4a69,0x0000,
		0x0000,0x632c,0x738e,0x5aeb,0x2965,0x738e,0x738e,0x528a,0x738e,0x7bef,0x8c71,0x738e,0x7bef,0x3186,0x8c71,0x8c71,0x7bef,0x52aa,0x52aa,0x52aa,0x52aa,0x4a69,0x2104,0x4228,0x4a69,0x0000,
		0x0000,0x5aeb,0x738e,0x738e,0x632c,0x5aeb,0x5aeb,0x5aeb,0x738e,0x5aeb,0x5aeb,0x738e,0x738e,0x738e,0x8c71,0x4228,0x4228,0x52aa,0x52aa,0x4228,0x4a69,0x4228,0x52aa,0x52aa,0x4a69,0x0000,
		0x0000,0x738e,0x5aeb,0x632c,0x5aeb,0x528a,0x3186,0x738e,0x5aeb,0x738e,0x528a,0x5aeb,0x632c,0x4a69,0x4228,0x52aa,0x52aa,0x4228,0x4228,0x4a69,0x4228,0x52aa,0x4228,0x39e7,0x39e7,0x0000,
		0x0000,0x632c,0x738e,0x632c,0x632c,0x31a6,0x5aeb,0x5aeb,0x632c,0x632c,0x3186,0x632c,0x5aeb,0x4a69,0x52aa,0x4228,0x2104,0x4a69,0x4228,0x4228,0x2945,0x2124,0x52aa,0x52aa,0x4a69,0x0000,
		0x0000,0x632c,0x632c,0x632c,0x3186,0x2965,0x5aeb,0x632c,0x5aeb,0x5aeb,0x5aeb,0x2965,0x632c,0x4a69,0x4228,0x4a69,0x4a69,0x4228,0x4228,0x39e7,0x2104,0x2104,0x4228,0x4a69,0x52aa,0x0000,
		0x0000,0x632c,0x5aeb,0x2965,0x5aeb,0x5aeb,0x2945,0x632c,0x528a,0x3186,0x738e,0x738e,0x632c,0x4a69,0x52aa,0x4228,0x4a69,0x2124,0x2104,0x4a69,0x4228,0x4228,0x52aa,0x52aa,0x4a69,0x0000,
		0x0000,0x632c,0x632c,0x5aeb,0x5aeb,0x5aeb,0x5aeb,0x5aeb,0x632c,0x2945,0x5aeb,0x5aeb,0x528a,0x4a69,0x4a69,0x4a69,0x2124,0x2104,0x4228,0x39e7,0x52aa,0x4228,0x4228,0x4a69,0x4a69,0x0000,
		0x0000,0x528a,0x632c,0x738e,0x2965,0x5aeb,0x3186,0x31a6,0x528a,0x5aeb,0x738e,0x738e,0x632c,0x4228,0x4a69,0x2945,0x4228,0x4228,0x4a69,0x2104,0x2104,0x52aa,0x4a69,0x52aa,0x39e7,0x0000,
		0x0000,0x632c,0x5aeb,0x632c,0x5aeb,0x738e,0x5aeb,0x2945,0x2945,0x738e,0x5aeb,0x5aeb,0x528a,0x52aa,0x4a69,0x4228,0x52aa,0x4228,0x2124,0x4228,0x52aa,0x2124,0x52aa,0x4228,0x4a69,0x0000,
		0x0000,0x632c,0x738e,0x5aeb,0x5aeb,0x632c,0x632c,0x528a,0x5aeb,0x5aeb,0x5aeb,0x738e,0x632c,0x4a69,0x2104,0x4228,0x4228,0x52aa,0x4228,0x52aa,0x4a69,0x2104,0x4a69,0x52aa,0x4a69,0x0000,
		0x0000,0x5aeb,0x632c,0x632c,0x2945,0x632c,0x5aeb,0x738e,0x738e,0x738e,0x738e,0x5aeb,0x632c,0x4a69,0x4228,0x4228,0x2104,0x4a69,0x4a69,0x2945,0x2104,0x4228,0x4228,0x4228,0x4a69,0x0000,
		0x0000,0x0000,0x5aeb,0x5aeb,0x5aeb,0x5aeb,0x5aeb,0x5aeb,0x31a6,0x3186,0x2945,0x632c,0x632c,0x4a69,0x52aa,0x4a69,0x4228,0x4228,0x4228,0x2104,0x52aa,0x52aa,0x4228,0x4a69,0x0000,0x0000,
		0x0000,0x0000,0x0000,0x0000,0x528a,0x738e,0x5aeb,0x632c,0x2945,0x5aeb,0x2965,0x738e,0x528a,0x39e7,0x4a69,0x4228,0x2104,0x4a69,0x4228,0x4a69,0x4a69,0x4228,0x0000,0x0000,0x0000,0x0000,
		0x0000,0x0000,0x0000,0x0000,0x0000,0x0000,0x632c,0x632c,0x632c,0x738e,0x632c,0x632c,0x632c,0x4a69,0x4228,0x2124,0x4228,0x4228,0x4a69,0x4a69,0x0000,0x0000,0x0000,0x0000,0x0000,0x0000,
		0x0000,0x0000,0x0000,0x0000,0x0000,0x0000,0x0000,0x0000,0x632c,0x5aeb,0x632c,0x5aeb,0x738e,0x4a69,0x4a69,0x4228,0x39e7,0x52aa,0x0000,0x0000,0x0000,0x0000,0x0000,0x0000,0x0000,0x0000,
		0x0000,0x0000,0x0000,0x0000,0x0000,0x0000,0x0000,0x0000,0x0000,0x0000,0x5aeb,0x5aeb,0x632c,0x4a69,0x4228,0x4228,0x0000,0x0000,0x0000,0x0000,0x0000,0x0000,0x0000,0x0000,0x0000,0x0000,
		0x0000,0x0000,0x0000,0x0000,0x0000,0x0000,0x0000,0x0000,0x0000,0x0000,0x0000,0x0000,0x632c,0x4228,0x0000,0x0000,0x0000,0x0000,0x0000,0x0000,0x0000,0x0000,0x0000,0x0000,0x0000,0x0000
	},
    {//iron ore
		0x0000,0x0000,0x0000,0x0000,0x0000,0x0000,0x0000,0x0000,0x0000,0x0000,0x0000,0x0000,0x7bef,0x7bef,0x0000,0x0000,0x0000,0x0000,0x0000,0x0000,0x0000,0x0000,0x0000,0x0000,0x0000,0x0000,
		0x0000,0x0000,0x0000,0x0000,0x0000,0x0000,0x0000,0x0000,0x0000,0x0000,0x7bef,0x7bef,0x632c,0x8c71,0x738e,0x738e,0x0000,0x0000,0x0000,0x0000,0x0000,0x0000,0x0000,0x0000,0x0000,0x0000,
		0x0000,0x0000,0x0000,0x0000,0x0000,0x0000,0x0000,0x0000,0x8c71,0x738e,0x8c71,0x8c71,0x7bef,0x738e,0xbcaf,0x8c71,0x7bef,0x8c71,0x0000,0x0000,0x0000,0x0000,0x0000,0x0000,0x0000,0x0000,
		0x0000,0x0000,0x0000,0x0000,0x0000,0x0000,0x7bef,0x7bef,0x7bef,0x7bef,0x7bef,0x7bef,0x7bef,0x738e,0x632c,0x738e,0x738e,0x8c71,0x632c,0x8c71,0x0000,0x0000,0x0000,0x0000,0x0000,0x0000,
		0x0000,0x0000,0x0000,0x0000,0x632c,0x632c,0x7bef,0x738e,0x738e,0x632c,0x738e,0x738e,0xbcaf,0xd572,0x738e,0x738e,0xac4e,0x738e,0x738e,0x8c71,0x738e,0x738e,0x0000,0x0000,0x0000,0x0000,
		0x0000,0x0000,0x7bef,0x7bef,0x8c71,0x738e,0x7bef,0x7bef,0xbcaf,0x738e,0x738e,0x7bef,0x738e,0x738e,0x7bef,0x632c,0x632c,0x8c71,0x738e,0x7bef,0xd572,0x7bef,0x738e,0x738e,0x0000,0x0000,
		0x0000,0x632c,0x5aeb,0x738e,0x7bef,0x738e,0xac4e,0x738e,0x7bef,0x7bef,0x738e,0xd572,0xac4e,0xd572,0x632c,0x738e,0xac4e,0xd572,0x738e,0x8c71,0x738e,0x7bef,0x7bef,0x4228,0x4a69,0x0000,
		0x0000,0x632c,0x632c,0x5aeb,0x5aeb,0x8c71,0x738e,0x7bef,0x738e,0x738e,0x8c71,0x8c71,0x738e,0xac4e,0x738e,0x8c71,0x738e,0x738e,0x8c71,0x632c,0x7bef,0x4228,0x4228,0x4a69,0x4228,0x0000,
		0x0000,0x632c,0x528a,0x738e,0x738e,0x632c,0x738e,0x7bef,0x7bef,0x7bef,0xac4e,0xd572,0xd572,0xd572,0x8c71,0x738e,0x8c71,0x8c71,0x7bef,0x52aa,0x4a69,0x52aa,0x4a69,0x4a69,0x4a69,0x0000,
		0x0000,0x632c,0x738e,0x5aeb,0x93cc,0x738e,0x738e,0x528a,0x738e,0x7bef,0x8c71,0x738e,0x7bef,0xac4e,0x8c71,0x8c71,0x7bef,0x52aa,0x52aa,0x52aa,0x52aa,0x4a69,0x72e9,0x4228,0x4a69,0x0000,
		0x0000,0x5aeb,0x738e,0x738e,0x632c,0x5aeb,0x5aeb,0x5aeb,0x738e,0x5aeb,0x5aeb,0x738e,0x738e,0x738e,0x8c71,0x4228,0x4228,0x52aa,0x52aa,0x4228,0x4a69,0x4228,0x52aa,0x52aa,0x4a69,0x0000,
		0x0000,0x738e,0x5aeb,0x632c,0x5aeb,0x528a,0xac6e,0x738e,0x5aeb,0x738e,0x528a,0x5aeb,0x632c,0x4a69,0x4228,0x52aa,0x52aa,0x4228,0x4228,0x4a69,0x4228,0x52aa,0x4228,0x39e7,0x39e7,0x0000,
		0x0000,0x632c,0x738e,0x632c,0x632c,0xb4d1,0x5aeb,0x5aeb,0x632c,0x632c,0xac6e,0x632c,0x5aeb,0x4a69,0x52aa,0x4228,0x72e9,0x4a69,0x4228,0x4228,0x8bac,0x834b,0x52aa,0x52aa,0x4a69,0x0000,
		0x0000,0x632c,0x632c,0x632c,0xac6e,0x93cc,0x5aeb,0x632c,0x5aeb,0x5aeb,0x5aeb,0x93cc,0x632c,0x4a69,0x4228,0x4a69,0x4a69,0x4228,0x4228,0x39e7,0x72e9,0x6aa9,0x4228,0x4a69,0x52aa,0x0000,
		0x0000,0x632c,0x5aeb,0x93cc,0x5aeb,0x5aeb,0x8b8b,0x632c,0x528a,0xac6e,0x738e,0x738e,0x632c,0x4a69,0x52aa,0x4228,0x4a69,0x834b,0x6aa9,0x4a69,0x4228,0x4228,0x52aa,0x52aa,0x4a69,0x0000,
		0x0000,0x632c,0x632c,0x5aeb,0x5aeb,0x5aeb,0x5aeb,0x5aeb,0x632c,0x8b8b,0x5aeb,0x5aeb,0x528a,0x4a69,0x4a69,0x4a69,0x834b,0x72e9,0x4228,0x39e7,0x52aa,0x4228,0x4228,0x4a69,0x4a69,0x0000,
		0x0000,0x528a,0x632c,0x738e,0x93cc,0x5aeb,0xac6e,0xb4d1,0x528a,0x5aeb,0x738e,0x738e,0x632c,0x4228,0x4a69,0x8bac,0x4228,0x4228,0x4a69,0x6aa9,0x6aa9,0x52aa,0x4a69,0x52aa,0x39e7,0x0000,
		0x0000,0x632c,0x5aeb,0x632c,0x5aeb,0x738e,0x5aeb,0x8b8b,0x8b8b,0x738e,0x5aeb,0x5aeb,0x528a,0x52aa,0x4a69,0x4228,0x52aa,0x4228,0x834b,0x4228,0x52aa,0x834b,0x52aa,0x4228,0x4a69,0x0000,
		0x0000,0x632c,0x738e,0x5aeb,0x5aeb,0x632c,0x632c,0x528a,0x5aeb,0x5aeb,0x5aeb,0x738e,0x632c,0x4a69,0x72e9,0x4228,0x4228,0x52aa,0x4228,0x52aa,0x4a69,0x72e9,0x4a69,0x52aa,0x4a69,0x0000,
		0x0000,0x5aeb,0x632c,0x632c,0x8b8b,0x632c,0x5aeb,0x738e,0x738e,0x738e,0x738e,0x5aeb,0x632c,0x4a69,0x4228,0x4228,0x72e9,0x4a69,0x4a69,0x8bac,0x6aa9,0x4228,0x4228,0x4228,0x4a69,0x0000,
		0x0000,0x0000,0x5aeb,0x5aeb,0x5aeb,0x5aeb,0x5aeb,0x5aeb,0xb4d1,0xac6e,0x8b8b,0x632c,0x632c,0x4a69,0x52aa,0x4a69,0x4228,0x4228,0x4228,0x6aa9,0x52aa,0x52aa,0x4228,0x4a69,0x0000,0x0000,
		0x0000,0x0000,0x0000,0x0000,0x528a,0x738e,0x5aeb,0x632c,0x8b8b,0x5aeb,0x93cc,0x738e,0x528a,0x39e7,0x4a69,0x4228,0x6aa9,0x4a69,0x4228,0x4a69,0x4a69,0x4228,0x0000,0x0000,0x0000,0x0000,
		0x0000,0x0000,0x0000,0x0000,0x0000,0x0000,0x632c,0x632c,0x632c,0x738e,0x632c,0x632c,0x632c,0x4a69,0x4228,0x834b,0x4228,0x4228,0x4a69,0x4a69,0x0000,0x0000,0x0000,0x0000,0x0000,0x0000,
		0x0000,0x0000,0x0000,0x0000,0x0000,0x0000,0x0000,0x0000,0x632c,0x5aeb,0x632c,0x5aeb,0x738e,0x4a69,0x4a69,0x4228,0x39e7,0x52aa,0x0000,0x0000,0x0000,0x0000,0x0000,0x0000,0x0000,0x0000,
		0x0000,0x0000,0x0000,0x0000,0x0000,0x0000,0x0000,0x0000,0x0000,0x0000,0x5aeb,0x5aeb,0x632c,0x4a69,0x4228,0x4228,0x0000,0x0000,0x0000,0x0000,0x0000,0x0000,0x0000,0x0000,0x0000,0x0000,
		0x0000,0x0000,0x0000,0x0000,0x0000,0x0000,0x0000,0x0000,0x0000,0x0000,0x0000,0x0000,0x632c,0x4228,0x0000,0x0000,0x0000,0x0000,0x0000,0x0000,0x0000,0x0000,0x0000,0x0000,0x0000,0x0000
	},
    {//gold ore
		0x0000,0x0000,0x0000,0x0000,0x0000,0x0000,0x0000,0x0000,0x0000,0x0000,0x0000,0x0000,0x7bef,0x7bef,0x0000,0x0000,0x0000,0x0000,0x0000,0x0000,0x0000,0x0000,0x0000,0x0000,0x0000,0x0000,
		0x0000,0x0000,0x0000,0x0000,0x0000,0x0000,0x0000,0x0000,0x0000,0x0000,0x7bef,0x7bef,0x632c,0x8c71,0x738e,0x738e,0x0000,0x0000,0x0000,0x0000,0x0000,0x0000,0x0000,0x0000,0x0000,0x0000,
		0x0000,0x0000,0x0000,0x0000,0x0000,0x0000,0x0000,0x0000,0x8c71,0x738e,0x8c71,0x8c71,0x7bef,0x738e,0xf749,0x8c71,0x7bef,0x8c71,0x0000,0x0000,0x0000,0x0000,0x0000,0x0000,0x0000,0x0000,
		0x0000,0x0000,0x0000,0x0000,0x0000,0x0000,0x7bef,0x7bef,0x7bef,0x7bef,0x7bef,0x7bef,0x7bef,0x738e,0x632c,0x738e,0x738e,0x8c71,0x632c,0x8c71,0x0000,0x0000,0x0000,0x0000,0x0000,0x0000,
		0x0000,0x0000,0x0000,0x0000,0x632c,0x632c,0x7bef,0x738e,0x738e,0x632c,0x738e,0x738e,0xf749,0xffd6,0x738e,0x738e,0xf565,0x738e,0x738e,0x8c71,0x738e,0x738e,0x0000,0x0000,0x0000,0x0000,
		0x0000,0x0000,0x7bef,0x7bef,0x8c71,0x738e,0x7bef,0x7bef,0xf749,0x738e,0x738e,0x7bef,0x738e,0x738e,0x7bef,0x632c,0x632c,0x8c71,0x738e,0x7bef,0xffd6,0x7bef,0x738e,0x738e,0x0000,0x0000,
		0x0000,0x632c,0x5aeb,0x738e,0x7bef,0x738e,0xf565,0x738e,0x7bef,0x7bef,0x738e,0xffd6,0xf565,0xffd6,0x632c,0x738e,0xf565,0xffd6,0x738e,0x8c71,0x738e,0x7bef,0x7bef,0x4228,0x4a69,0x0000,
		0x0000,0x632c,0x632c,0x5aeb,0x5aeb,0x8c71,0x738e,0x7bef,0x738e,0x738e,0x8c71,0x8c71,0x738e,0xf565,0x738e,0x8c71,0x738e,0x738e,0x8c71,0x632c,0x7bef,0x4228,0x4228,0x4a69,0x4228,0x0000,
		0x0000,0x632c,0x528a,0x738e,0x738e,0x632c,0x738e,0x7bef,0x7bef,0x7bef,0xf565,0xffd6,0xffd6,0xffd6,0x8c71,0x738e,0x8c71,0x8c71,0x7bef,0x52aa,0x4a69,0x52aa,0x4a69,0x4a69,0x4a69,0x0000,
		0x0000,0x632c,0x738e,0x5aeb,0xcde7,0x738e,0x738e,0x528a,0x738e,0x7bef,0x8c71,0x738e,0x7bef,0xf565,0x8c71,0x8c71,0x7bef,0x52aa,0x52aa,0x52aa,0x52aa,0x4a69,0x9c85,0x4228,0x4a69,0x0000,
		0x0000,0x5aeb,0x738e,0x738e,0x632c,0x5aeb,0x5aeb,0x5aeb,0x738e,0x5aeb,0x5aeb,0x738e,0x738e,0x738e,0x8c71,0x4228,0x4228,0x52aa,0x52aa,0x4228,0x4a69,0x4228,0x52aa,0x52aa,0x4a69,0x0000,
		0x0000,0x738e,0x5aeb,0x632c,0x5aeb,0x528a,0xce72,0x738e,0x5aeb,0x738e,0x528a,0x5aeb,0x632c,0x4a69,0x4228,0x52aa,0x52aa,0x4228,0x4228,0x4a69,0x4228,0x52aa,0x4228,0x39e7,0x39e7,0x0000,
		0x0000,0x632c,0x738e,0x632c,0x632c,0xce79,0x5aeb,0x5aeb,0x632c,0x632c,0xce72,0x632c,0x5aeb,0x4a69,0x52aa,0x4228,0x9c85,0x4a69,0x4228,0x4228,0x9cd3,0x9ccd,0x52aa,0x52aa,0x4a69,0x0000,
		0x0000,0x632c,0x632c,0x632c,0xce72,0xcde7,0x5aeb,0x632c,0x5aeb,0x5aeb,0x5aeb,0xcde7,0x632c,0x4a69,0x4228,0x4a69,0x4a69,0x4228,0x4228,0x39e7,0x9c85,0x9343,0x4228,0x4a69,0x52aa,0x0000,
		0x0000,0x632c,0x5aeb,0xcde7,0x5aeb,0x5aeb,0xc464,0x632c,0x528a,0xce72,0x738e,0x738e,0x632c,0x4a69,0x52aa,0x4228,0x4a69,0x9ccd,0x9343,0x4a69,0x4228,0x4228,0x52aa,0x52aa,0x4a69,0x0000,
		0x0000,0x632c,0x632c,0x5aeb,0x5aeb,0x5aeb,0x5aeb,0x5aeb,0x632c,0xc464,0x5aeb,0x5aeb,0x528a,0x4a69,0x4a69,0x4a69,0x9ccd,0x9c85,0x4228,0x39e7,0x52aa,0x4228,0x4228,0x4a69,0x4a69,0x0000,
		0x0000,0x528a,0x632c,0x738e,0xcde7,0x5aeb,0xce72,0xce79,0x528a,0x5aeb,0x738e,0x738e,0x632c,0x4228,0x4a69,0x9cd3,0x4228,0x4228,0x4a69,0x9343,0x9343,0x52aa,0x4a69,0x52aa,0x39e7,0x0000,
		0x0000,0x632c,0x5aeb,0x632c,0x5aeb,0x738e,0x5aeb,0xc464,0xc464,0x738e,0x5aeb,0x5aeb,0x528a,0x52aa,0x4a69,0x4228,0x52aa,0x4228,0x9ccd,0x4228,0x52aa,0x9ccd,0x52aa,0x4228,0x4a69,0x0000,
		0x0000,0x632c,0x738e,0x5aeb,0x5aeb,0x632c,0x632c,0x528a,0x5aeb,0x5aeb,0x5aeb,0x738e,0x632c,0x4a69,0x9c85,0x4228,0x4228,0x52aa,0x4228,0x52aa,0x4a69,0x9c85,0x4a69,0x52aa,0x4a69,0x0000,
		0x0000,0x5aeb,0x632c,0x632c,0xc464,0x632c,0x5aeb,0x738e,0x738e,0x738e,0x738e,0x5aeb,0x632c,0x4a69,0x4228,0x4228,0x9c85,0x4a69,0x4a69,0x9cd3,0x9343,0x4228,0x4228,0x4228,0x4a69,0x0000,
		0x0000,0x0000,0x5aeb,0x5aeb,0x5aeb,0x5aeb,0x5aeb,0x5aeb,0xce79,0xce72,0xc464,0x632c,0x632c,0x4a69,0x52aa,0x4a69,0x4228,0x4228,0x4228,0x9343,0x52aa,0x52aa,0x4228,0x4a69,0x0000,0x0000,
		0x0000,0x0000,0x0000,0x0000,0x528a,0x738e,0x5aeb,0x632c,0xc464,0x5aeb,0xcde7,0x738e,0x528a,0x39e7,0x4a69,0x4228,0x9343,0x4a69,0x4228,0x4a69,0x4a69,0x4228,0x0000,0x0000,0x0000,0x0000,
		0x0000,0x0000,0x0000,0x0000,0x0000,0x0000,0x632c,0x632c,0x632c,0x738e,0x632c,0x632c,0x632c,0x4a69,0x4228,0x9ccd,0x4228,0x4228,0x4a69,0x4a69,0x0000,0x0000,0x0000,0x0000,0x0000,0x0000,
		0x0000,0x0000,0x0000,0x0000,0x0000,0x0000,0x0000,0x0000,0x632c,0x5aeb,0x632c,0x5aeb,0x738e,0x4a69,0x4a69,0x4228,0x39e7,0x52aa,0x0000,0x0000,0x0000,0x0000,0x0000,0x0000,0x0000,0x0000,
		0x0000,0x0000,0x0000,0x0000,0x0000,0x0000,0x0000,0x0000,0x0000,0x0000,0x5aeb,0x5aeb,0x632c,0x4a69,0x4228,0x4228,0x0000,0x0000,0x0000,0x0000,0x0000,0x0000,0x0000,0x0000,0x0000,0x0000,
		0x0000,0x0000,0x0000,0x0000,0x0000,0x0000,0x0000,0x0000,0x0000,0x0000,0x0000,0x0000,0x632c,0x4228,0x0000,0x0000,0x0000,0x0000,0x0000,0x0000,0x0000,0x0000,0x0000,0x0000,0x0000,0x0000
	},
    {//diamond ore
		0x0000,0x0000,0x0000,0x0000,0x0000,0x0000,0x0000,0x0000,0x0000,0x0000,0x0000,0x0000,0x7bef,0x7bef,0x0000,0x0000,0x0000,0x0000,0x0000,0x0000,0x0000,0x0000,0x0000,0x0000,0x0000,0x0000,
		0x0000,0x0000,0x0000,0x0000,0x0000,0x0000,0x0000,0x0000,0x0000,0x0000,0x7bef,0x7bef,0x632c,0x8c71,0x738e,0x738e,0x0000,0x0000,0x0000,0x0000,0x0000,0x0000,0x0000,0x0000,0x0000,0x0000,
		0x0000,0x0000,0x0000,0x0000,0x0000,0x0000,0x0000,0x0000,0x8c71,0x738e,0x8c71,0x8c71,0x7bef,0x738e,0x765e,0x8c71,0x7bef,0x8c71,0x0000,0x0000,0x0000,0x0000,0x0000,0x0000,0x0000,0x0000,
		0x0000,0x0000,0x0000,0x0000,0x0000,0x0000,0x7bef,0x7bef,0x7bef,0x7bef,0x7bef,0x7bef,0x7bef,0x738e,0x632c,0x738e,0x738e,0x8c71,0x632c,0x8c71,0x0000,0x0000,0x0000,0x0000,0x0000,0x0000,
		0x0000,0x0000,0x0000,0x0000,0x632c,0x632c,0x7bef,0x738e,0x738e,0x632c,0x738e,0x738e,0x765e,0xc71f,0x738e,0x738e,0x5f3e,0x738e,0x738e,0x8c71,0x738e,0x738e,0x0000,0x0000,0x0000,0x0000,
		0x0000,0x0000,0x7bef,0x7bef,0x8c71,0x738e,0x7bef,0x7bef,0x765e,0x738e,0x738e,0x7bef,0x738e,0x738e,0x7bef,0x632c,0x632c,0x8c71,0x738e,0x7bef,0xc71f,0x7bef,0x738e,0x738e,0x0000,0x0000,
		0x0000,0x632c,0x5aeb,0x738e,0x7bef,0x738e,0x5f3e,0x738e,0x7bef,0x7bef,0x738e,0xc71f,0x5f3e,0xc71f,0x632c,0x738e,0x5f3e,0xc71f,0x738e,0x8c71,0x738e,0x7bef,0x7bef,0x4228,0x4a69,0x0000,
		0x0000,0x632c,0x632c,0x5aeb,0x5aeb,0x8c71,0x738e,0x7bef,0x738e,0x738e,0x8c71,0x8c71,0x738e,0x5f3e,0x738e,0x8c71,0x738e,0x738e,0x8c71,0x632c,0x7bef,0x4228,0x4228,0x4a69,0x4228,0x0000,
		0x0000,0x632c,0x528a,0x738e,0x738e,0x632c,0x738e,0x7bef,0x7bef,0x7bef,0x5f3e,0xc71f,0xc71f,0xc71f,0x8c71,0x738e,0x8c71,0x8c71,0x7bef,0x52aa,0x4a69,0x52aa,0x4a69,0x4a69,0x4a69,0x0000,
		0x0000,0x632c,0x738e,0x5aeb,0x5d39,0x738e,0x738e,0x528a,0x738e,0x7bef,0x8c71,0x738e,0x7bef,0x5f3e,0x8c71,0x8c71,0x7bef,0x52aa,0x52aa,0x52aa,0x52aa,0x4a69,0x4bf3,0x4228,0x4a69,0x0000,
		0x0000,0x5aeb,0x738e,0x738e,0x632c,0x5aeb,0x5aeb,0x5aeb,0x738e,0x5aeb,0x5aeb,0x738e,0x738e,0x738e,0x8c71,0x4228,0x4228,0x52aa,0x52aa,0x4228,0x4a69,0x4228,0x52aa,0x52aa,0x4a69,0x0000,
		0x0000,0x738e,0x5aeb,0x632c,0x5aeb,0x528a,0x9dd9,0x738e,0x5aeb,0x738e,0x528a,0x5aeb,0x632c,0x4a69,0x4228,0x52aa,0x52aa,0x4228,0x4228,0x4a69,0x4228,0x52aa,0x4228,0x39e7,0x39e7,0x0000,
		0x0000,0x632c,0x738e,0x632c,0x632c,0xce79,0x5aeb,0x5aeb,0x632c,0x632c,0x9dd9,0x632c,0x5aeb,0x4a69,0x52aa,0x4228,0x4bf3,0x4a69,0x4228,0x4228,0x9cd3,0x7c73,0x52aa,0x52aa,0x4a69,0x0000,
		0x0000,0x632c,0x632c,0x632c,0x9dd9,0x5d39,0x5aeb,0x632c,0x5aeb,0x5aeb,0x5aeb,0x5d39,0x632c,0x4a69,0x4228,0x4a69,0x4a69,0x4228,0x4228,0x39e7,0x4bf3,0x3c72,0x4228,0x4a69,0x52aa,0x0000,
		0x0000,0x632c,0x5aeb,0x5d39,0x5aeb,0x5aeb,0x4df8,0x632c,0x528a,0x9dd9,0x738e,0x738e,0x632c,0x4a69,0x52aa,0x4228,0x4a69,0x7c73,0x3c72,0x4a69,0x4228,0x4228,0x52aa,0x52aa,0x4a69,0x0000,
		0x0000,0x632c,0x632c,0x5aeb,0x5aeb,0x5aeb,0x5aeb,0x5aeb,0x632c,0x4df8,0x5aeb,0x5aeb,0x528a,0x4a69,0x4a69,0x4a69,0x7c73,0x4bf3,0x4228,0x39e7,0x52aa,0x4228,0x4228,0x4a69,0x4a69,0x0000,
		0x0000,0x528a,0x632c,0x738e,0x5d39,0x5aeb,0x9dd9,0xce79,0x528a,0x5aeb,0x738e,0x738e,0x632c,0x4228,0x4a69,0x9cd3,0x4228,0x4228,0x4a69,0x3c72,0x3c72,0x52aa,0x4a69,0x52aa,0x39e7,0x0000,
		0x0000,0x632c,0x5aeb,0x632c,0x5aeb,0x738e,0x5aeb,0x4df8,0x4df8,0x738e,0x5aeb,0x5aeb,0x528a,0x52aa,0x4a69,0x4228,0x52aa,0x4228,0x7c73,0x4228,0x52aa,0x7c73,0x52aa,0x4228,0x4a69,0x0000,
		0x0000,0x632c,0x738e,0x5aeb,0x5aeb,0x632c,0x632c,0x528a,0x5aeb,0x5aeb,0x5aeb,0x738e,0x632c,0x4a69,0x4bf3,0x4228,0x4228,0x52aa,0x4228,0x52aa,0x4a69,0x4bf3,0x4a69,0x52aa,0x4a69,0x0000,
		0x0000,0x5aeb,0x632c,0x632c,0x4df8,0x632c,0x5aeb,0x738e,0x738e,0x738e,0x738e,0x5aeb,0x632c,0x4a69,0x4228,0x4228,0x4bf3,0x4a69,0x4a69,0x9cd3,0x3c72,0x4228,0x4228,0x4228,0x4a69,0x0000,
		0x0000,0x0000,0x5aeb,0x5aeb,0x5aeb,0x5aeb,0x5aeb,0x5aeb,0xce79,0x9dd9,0x4df8,0x632c,0x632c,0x4a69,0x52aa,0x4a69,0x4228,0x4228,0x4228,0x3c72,0x52aa,0x52aa,0x4228,0x4a69,0x0000,0x0000,
		0x0000,0x0000,0x0000,0x0000,0x528a,0x738e,0x5aeb,0x632c,0x4df8,0x5aeb,0x5d39,0x738e,0x528a,0x39e7,0x4a69,0x4228,0x3c72,0x4a69,0x4228,0x4a69,0x4a69,0x4228,0x0000,0x0000,0x0000,0x0000,
		0x0000,0x0000,0x0000,0x0000,0x0000,0x0000,0x632c,0x632c,0x632c,0x738e,0x632c,0x632c,0x632c,0x4a69,0x4228,0x7c73,0x4228,0x4228,0x4a69,0x4a69,0x0000,0x0000,0x0000,0x0000,0x0000,0x0000,
		0x0000,0x0000,0x0000,0x0000,0x0000,0x0000,0x0000,0x0000,0x632c,0x5aeb,0x632c,0x5aeb,0x738e,0x4a69,0x4a69,0x4228,0x39e7,0x52aa,0x0000,0x0000,0x0000,0x0000,0x0000,0x0000,0x0000,0x0000,
		0x0000,0x0000,0x0000,0x0000,0x0000,0x0000,0x0000,0x0000,0x0000,0x0000,0x5aeb,0x5aeb,0x632c,0x4a69,0x4228,0x4228,0x0000,0x0000,0x0000,0x0000,0x0000,0x0000,0x0000,0x0000,0x0000,0x0000,
		0x0000,0x0000,0x0000,0x0000,0x0000,0x0000,0x0000,0x0000,0x0000,0x0000,0x0000,0x0000,0x632c,0x4228,0x0000,0x0000,0x0000,0x0000,0x0000,0x0000,0x0000,0x0000,0x0000,0x0000,0x0000,0x0000
	},
    {//emerald ore
		0x0000,0x0000,0x0000,0x0000,0x0000,0x0000,0x0000,0x0000,0x0000,0x0000,0x0000,0x0000,0x7bef,0x7bef,0x0000,0x0000,0x0000,0x0000,0x0000,0x0000,0x0000,0x0000,0x0000,0x0000,0x0000,0x0000,
		0x0000,0x0000,0x0000,0x0000,0x0000,0x0000,0x0000,0x0000,0x0000,0x0000,0x7bef,0x7bef,0x632c,0x8c71,0x738e,0x738e,0x0000,0x0000,0x0000,0x0000,0x0000,0x0000,0x0000,0x0000,0x0000,0x0000,
		0x0000,0x0000,0x0000,0x0000,0x0000,0x0000,0x0000,0x0000,0x8c71,0x738e,0x8c71,0x8c71,0x7bef,0x738e,0x632c,0x5aeb,0x5acb,0x630c,0x0000,0x0000,0x0000,0x0000,0x0000,0x0000,0x0000,0x0000,
		0x0000,0x0000,0x0000,0x0000,0x0000,0x0000,0x7bef,0x7bef,0x7bef,0x7bef,0x7bef,0x6b4d,0x16cc,0x16cc,0x52aa,0x16cc,0x03c3,0x16cc,0x632c,0x8c71,0x0000,0x0000,0x0000,0x0000,0x0000,0x0000,
		0x0000,0x0000,0x0000,0x0000,0x632c,0x632c,0x7bef,0x738e,0x738e,0x632c,0x7bcf,0x7bcf,0x5aeb,0xd7dc,0x5aeb,0x5aeb,0x7bef,0x738e,0x738e,0x8c71,0x738e,0x738e,0x0000,0x0000,0x0000,0x0000,
		0x0000,0x0000,0x6b4d,0x6b4d,0xd7dc,0x5aeb,0x7bef,0x8430,0x738e,0x52aa,0x52aa,0xd7dc,0x5aeb,0x5aeb,0x6b4d,0x632c,0x632c,0x8c71,0x5aeb,0x7bef,0x6b4d,0x7bef,0x738e,0x738e,0x0000,0x0000,
		0x0000,0x632c,0x5aeb,0x5aeb,0x03c3,0x4a69,0x73ae,0x8410,0x632c,0x7bef,0x5aeb,0x03c3,0x52aa,0x73ae,0x632c,0x738e,0x7bef,0x7bef,0x5aeb,0x03c3,0x5aeb,0x7bef,0x7bef,0x4228,0x4a69,0x0000,
		0x0000,0x632c,0x632c,0x5aeb,0x5aeb,0x8c71,0x738e,0x7bef,0x738e,0x5d4f,0x16cc,0x8c71,0x5aeb,0xd7dc,0x16cc,0x630c,0x738e,0x738e,0x8c71,0x632c,0x7bef,0x4228,0x4228,0x4a69,0x4228,0x0000,
		0x0000,0x632c,0x528a,0x738e,0x4a69,0x4a49,0x5aeb,0x7bef,0x7bef,0x7bef,0x738e,0x630c,0x6b4d,0x6b4d,0x630c,0x5aeb,0x73ae,0x8c71,0x7bef,0x52aa,0x4a69,0x52aa,0x4a69,0x4a69,0x4a69,0x0000,
		0x0000,0x632c,0x738e,0x5aeb,0x528a,0x4a49,0x1589,0x528a,0x738e,0x7bef,0x8c71,0x738e,0x7bef,0x5aeb,0x16cc,0x03c3,0x6b4d,0x39e7,0x4a49,0x52aa,0x52aa,0x4a69,0x4a49,0x39c7,0x4a69,0x0000,
		0x0000,0x5aeb,0x738e,0x738e,0x52aa,0x4a69,0x0302,0x4a69,0x738e,0x5aeb,0x5aeb,0x738e,0x738e,0x738e,0x8c71,0x4228,0x4228,0x84d1,0x0c27,0x4228,0x4a69,0x39c7,0x0241,0x4a49,0x4a69,0x0000,
		0x0000,0x738e,0x5aeb,0x632c,0xae77,0x4228,0x5aeb,0x5aeb,0x5aeb,0x738e,0x528a,0x5aeb,0x632c,0x4a69,0x4228,0x4208,0x39c7,0x0c27,0x0241,0x4a69,0x4228,0x39e7,0x39c7,0x39e7,0x39e7,0x0000,
		0x0000,0x632c,0x738e,0x632c,0x1589,0x0302,0x4a69,0x5aeb,0x632c,0x632c,0x52aa,0x632c,0x5aeb,0x4a69,0x52aa,0x4228,0x39e7,0x4208,0x39c7,0x4228,0x39e7,0x4a69,0x52aa,0x52aa,0x4a69,0x0000,
		0x0000,0x632c,0x632c,0x632c,0x52aa,0x4a69,0x1589,0x52aa,0x5aeb,0x4a69,0xae77,0x5aeb,0x632c,0x4a69,0x4228,0x4a69,0x4208,0x39c7,0x0c27,0x39e7,0x4a69,0x4a69,0x4228,0x4a69,0x52aa,0x0000,
		0x0000,0x632c,0x5aeb,0x738e,0x630c,0x4a69,0x0302,0x52aa,0x528a,0x632c,0x1589,0x0302,0x632c,0x4a69,0x52aa,0x39c7,0x0c27,0x84d1,0x0241,0x4a69,0x4228,0x4228,0x52aa,0x4a49,0x4a69,0x0000,
		0x0000,0x632c,0x632c,0x5aeb,0x528a,0x5aeb,0x4a69,0x4a69,0x632c,0x632c,0x4a69,0x4a69,0x528a,0x4a69,0x4a69,0x4208,0x4208,0x0c27,0x39c7,0x39e7,0x39e7,0x0c27,0x39c7,0x0c27,0x4208,0x0000,
		0x0000,0x528a,0x632c,0x738e,0x5aeb,0x4228,0x0302,0x4228,0x528a,0x5aeb,0x738e,0x738e,0x632c,0x4228,0x4a69,0x4208,0x4a49,0x39c7,0x0c27,0x4208,0x84d1,0x0241,0x84d1,0x0241,0x31a6,0x0000,
		0x0000,0x632c,0x4a69,0x632c,0x6b4d,0x5aeb,0x4a69,0x4228,0x52aa,0x4a69,0x5aeb,0x5aeb,0x528a,0x52aa,0x4a69,0x528a,0x39e7,0x0c27,0x0241,0x39c7,0x0c27,0x4208,0x0c27,0x39c7,0x4a69,0x0000,
		0x0000,0x52aa,0xae77,0x1589,0x4a69,0x528a,0xae77,0x4228,0x4a69,0x1589,0x4228,0x738e,0x632c,0x4a69,0x52aa,0x4228,0x39e7,0x39e7,0x39c7,0x52aa,0x4208,0x39e7,0x4a69,0x52aa,0x4a69,0x0000,
		0x0000,0x5aeb,0x1589,0x0302,0x5aeb,0x5aeb,0x4c4c,0x1589,0x738e,0x0302,0x4a69,0x4a69,0x632c,0x4a69,0x4228,0x4228,0x4228,0x4a69,0x84d1,0x39c7,0x39e7,0x4228,0x4228,0x4228,0x4a69,0x0000,
		0x0000,0x0000,0x4a69,0x4a69,0x5aeb,0x5aeb,0x5aeb,0x4a49,0x4a69,0x52aa,0x52aa,0xae77,0x52aa,0x4a69,0x52aa,0x528a,0x528a,0x528a,0x4228,0x4228,0x52aa,0x52aa,0x4228,0x4a69,0x0000,0x0000,
		0x0000,0x0000,0x0000,0x0000,0x528a,0x738e,0x5aeb,0x632c,0x5aeb,0x5aeb,0x5aeb,0x1589,0x4228,0x39e7,0x4a69,0x4228,0x4a49,0x4a69,0x4228,0x4a69,0x4a69,0x4228,0x0000,0x0000,0x0000,0x0000,
		0x0000,0x0000,0x0000,0x0000,0x0000,0x0000,0x632c,0x632c,0x632c,0x738e,0x632c,0x632c,0x632c,0x4a69,0x0c27,0x39e7,0x4228,0x4228,0x4a69,0x4a69,0x0000,0x0000,0x0000,0x0000,0x0000,0x0000,
		0x0000,0x0000,0x0000,0x0000,0x0000,0x0000,0x0000,0x0000,0x632c,0x5aeb,0x632c,0x5aeb,0x738e,0x4208,0x0241,0x3186,0x39e7,0x52aa,0x0000,0x0000,0x0000,0x0000,0x0000,0x0000,0x0000,0x0000,
		0x0000,0x0000,0x0000,0x0000,0x0000,0x0000,0x0000,0x0000,0x0000,0x0000,0x5aeb,0x5aeb,0x632c,0x4208,0x39c7,0x4228,0x0000,0x0000,0x0000,0x0000,0x0000,0x0000,0x0000,0x0000,0x0000,0x0000,
		0x0000,0x0000,0x0000,0x0000,0x0000,0x0000,0x0000,0x0000,0x0000,0x0000,0x0000,0x0000,0x632c,0x4228,0x0000,0x0000,0x0000,0x0000,0x0000,0x0000,0x0000,0x0000,0x0000,0x0000,0x0000,0x0000
	},
    {//papiz ore
		0x0000,0x0000,0x0000,0x0000,0x0000,0x0000,0x0000,0x0000,0x0000,0x0000,0x0000,0x0000,0x7bef,0x7bef,0x0000,0x0000,0x0000,0x0000,0x0000,0x0000,0x0000,0x0000,0x0000,0x0000,0x0000,0x0000,
		0x0000,0x0000,0x0000,0x0000,0x0000,0x0000,0x0000,0x0000,0x0000,0x0000,0x7bef,0x7bef,0x632c,0x8c71,0x738e,0x738e,0x0000,0x0000,0x0000,0x0000,0x0000,0x0000,0x0000,0x0000,0x0000,0x0000,
		0x0000,0x0000,0x0000,0x0000,0x0000,0x0000,0x0000,0x0000,0x8c71,0x738e,0x8c71,0x8c71,0x7bef,0x2b53,0x1ad7,0x8c71,0x7bef,0x8c71,0x0000,0x0000,0x0000,0x0000,0x0000,0x0000,0x0000,0x0000,
		0x0000,0x0000,0x0000,0x0000,0x0000,0x0000,0x7bef,0x7bef,0x19f4,0x1256,0x7bef,0x7bef,0x7bef,0x738e,0x1238,0x738e,0x738e,0x8c71,0x632c,0x8c71,0x0000,0x0000,0x0000,0x0000,0x0000,0x0000,
		0x0000,0x0000,0x0000,0x0000,0x632c,0x632c,0x7bef,0x738e,0x738e,0x632c,0x738e,0x738e,0x1ab8,0x1237,0x738e,0x738e,0x1237,0x738e,0x738e,0x8c71,0x738e,0x738e,0x0000,0x0000,0x0000,0x0000,
		0x0000,0x0000,0x7bef,0x7bef,0x8c71,0x738e,0x1a52,0x1133,0x19d5,0x738e,0x738e,0x7bef,0x738e,0x738e,0x7bef,0x632c,0x632c,0x8c71,0x738e,0x7bef,0x0936,0x7bef,0x738e,0x738e,0x0000,0x0000,
		0x0000,0x632c,0x5aeb,0x738e,0x7bef,0x738e,0x1175,0x1154,0x7bef,0x7bef,0x738e,0x1a35,0x1a35,0x1a94,0x632c,0x738e,0x2251,0x2315,0x738e,0x8c71,0x738e,0x7bef,0x7bef,0x4228,0x4a69,0x0000,
		0x0000,0x632c,0x632c,0x5aeb,0x5aeb,0x8c71,0x2251,0x1a53,0x738e,0x738e,0x8c71,0x8c71,0x1a33,0x1a15,0x2a71,0x1a54,0x738e,0x738e,0x8c71,0x632c,0x7bef,0x4228,0x4228,0x4a69,0x4228,0x0000,
		0x0000,0x632c,0x528a,0x738e,0x738e,0x632c,0x738e,0x7bef,0x7bef,0x7bef,0x11b1,0x1a53,0x7bef,0x7bef,0x8c71,0x19f3,0x2ab1,0x8c71,0x7bef,0x52aa,0x4a69,0x52aa,0x4a69,0x4a69,0x4a69,0x0000,
		0x0000,0x632c,0x738e,0x1233,0x1253,0x738e,0x738e,0x528a,0x738e,0x7bef,0x8c71,0x738e,0x7bef,0x2251,0x2251,0x32f1,0x7bef,0x52aa,0x52aa,0x52aa,0x52aa,0x4a69,0x116c,0x4228,0x4a69,0x0000,
		0x0000,0x5aeb,0x738e,0x738e,0x632c,0x11d0,0x5aeb,0x5aeb,0x738e,0x5aeb,0x5aeb,0x738e,0x738e,0x738e,0x8c71,0x4228,0x4228,0x52aa,0x52aa,0x4228,0x4a69,0x4228,0x52aa,0x52aa,0x4a69,0x0000,
		0x0000,0x738e,0x5aeb,0x632c,0x5aeb,0x11d3,0x1a0d,0x738e,0x5aeb,0x738e,0x528a,0x5aeb,0x632c,0x4a69,0x4228,0x52aa,0x52aa,0x4228,0x4228,0x4a69,0x4228,0x52aa,0x4228,0x39e7,0x39e7,0x0000,
		0x0000,0x632c,0x738e,0x632c,0x632c,0x1233,0x5aeb,0x5aeb,0x632c,0x632c,0x08f2,0x632c,0x5aeb,0x4a69,0x52aa,0x1a0c,0x11ae,0x4a69,0x4228,0x4228,0x114b,0x11ed,0x52aa,0x52aa,0x4a69,0x0000,
		0x0000,0x632c,0x1190,0x11d2,0x11d2,0x1233,0x5aeb,0x632c,0x5aeb,0x5aeb,0x5aeb,0x11f0,0x632c,0x4a69,0x11af,0x4a69,0x4a69,0x4228,0x4228,0x39e7,0x114c,0x116a,0x4228,0x4a69,0x52aa,0x0000,
		0x0000,0x632c,0x5aeb,0x1192,0x5aeb,0x5aeb,0x11d0,0x632c,0x528a,0x1a71,0x738e,0x738e,0x632c,0x4a69,0x52aa,0x4228,0x4a69,0x094e,0x116c,0x4a69,0x4228,0x4228,0x52aa,0x19aa,0x4a69,0x0000,
		0x0000,0x632c,0x632c,0x5aeb,0x5aeb,0x5aeb,0x5aeb,0x5aeb,0x632c,0x19ee,0x5aeb,0x5aeb,0x528a,0x4a69,0x4a69,0x4a69,0x094d,0x094f,0x4228,0x39e7,0x198a,0x198a,0x112c,0x19ca,0x4a69,0x0000,
		0x0000,0x528a,0x632c,0x738e,0x1171,0x5aeb,0x11d1,0x632c,0x528a,0x5aeb,0x738e,0x738e,0x632c,0x4228,0x4a69,0x092e,0x4228,0x4228,0x094e,0x114c,0x114d,0x52aa,0x114c,0x19ca,0x39e7,0x0000,
		0x0000,0x632c,0x5aeb,0x19cf,0x090f,0x738e,0x5aeb,0x11b1,0x11d0,0x19d0,0x5aeb,0x5aeb,0x528a,0x52aa,0x096d,0x4228,0x52aa,0x4228,0x094d,0x114c,0x116b,0x4a69,0x116b,0x114a,0x4a69,0x0000,
		0x0000,0x632c,0x738e,0x5aeb,0x5aeb,0x632c,0x632c,0x1192,0x11d0,0x21ee,0x5aeb,0x738e,0x632c,0x4a69,0x092e,0x4228,0x4228,0x52aa,0x4228,0x52aa,0x4a69,0x4228,0x4a69,0x52aa,0x4a69,0x0000,
		0x0000,0x5aeb,0x632c,0x632c,0x1131,0x1131,0x5aeb,0x738e,0x738e,0x738e,0x738e,0x1190,0x632c,0x4a69,0x4228,0x4228,0x090d,0x4a69,0x4a69,0x112c,0x114a,0x4228,0x4228,0x4228,0x4a69,0x0000,
		0x0000,0x0000,0x5aeb,0x5aeb,0x19ee,0x19ee,0x5aeb,0x1112,0x1190,0x632c,0x632c,0x11d0,0x632c,0x4a69,0x52aa,0x08ab,0x08cb,0x4228,0x4228,0x090b,0x52aa,0x52aa,0x4228,0x4a69,0x0000,0x0000,
		0x0000,0x0000,0x0000,0x0000,0x528a,0x738e,0x5aeb,0x632c,0x114e,0x5aeb,0x5aeb,0x19ce,0x528a,0x39e7,0x116b,0x4228,0x08ed,0x116c,0x4228,0x4a69,0x4a69,0x4228,0x0000,0x0000,0x0000,0x0000,
		0x0000,0x0000,0x0000,0x0000,0x0000,0x0000,0x632c,0x632c,0x632c,0x738e,0x632c,0x632c,0x632c,0x4a69,0x4228,0x52aa,0x116a,0x116a,0x4a69,0x4a69,0x0000,0x0000,0x0000,0x0000,0x0000,0x0000,
		0x0000,0x0000,0x0000,0x0000,0x0000,0x0000,0x0000,0x0000,0x632c,0x5aeb,0x632c,0x5aeb,0x738e,0x4a69,0x4a69,0x4228,0x39e7,0x52aa,0x0000,0x0000,0x0000,0x0000,0x0000,0x0000,0x0000,0x0000,
		0x0000,0x0000,0x0000,0x0000,0x0000,0x0000,0x0000,0x0000,0x0000,0x0000,0x5aeb,0x5aeb,0x632c,0x4a69,0x4228,0x4228,0x0000,0x0000,0x0000,0x0000,0x0000,0x0000,0x0000,0x0000,0x0000,0x0000,
		0x0000,0x0000,0x0000,0x0000,0x0000,0x0000,0x0000,0x0000,0x0000,0x0000,0x0000,0x0000,0x632c,0x4228,0x0000,0x0000,0x0000,0x0000,0x0000,0x0000,0x0000,0x0000,0x0000,0x0000,0x0000,0x0000
	},
    {//glowstone
		0x0000,0x0000,0x0000,0x0000,0x0000,0x0000,0x0000,0x0000,0x0000,0x0000,0x0000,0x0000,0xfdcb,0xfdcb,0x0000,0x0000,0x0000,0x0000,0x0000,0x0000,0x0000,0x0000,0x0000,0x0000,0x0000,0x0000,
		0x0000,0x0000,0x0000,0x0000,0x0000,0x0000,0x0000,0x0000,0x0000,0x0000,0x7369,0x7ac5,0x7ac5,0xbc68,0x7ac5,0x7369,0x0000,0x0000,0x0000,0x0000,0x0000,0x0000,0x0000,0x0000,0x0000,0x0000,
		0x0000,0x0000,0x0000,0x0000,0x0000,0x0000,0x0000,0x0000,0x7369,0x7369,0x7369,0xfdcb,0x7369,0x7369,0x7ac5,0x7369,0x7369,0xfdcb,0x0000,0x0000,0x0000,0x0000,0x0000,0x0000,0x0000,0x0000,
		0x0000,0x0000,0x0000,0x0000,0x0000,0x0000,0xfdcb,0xfdcb,0x7369,0x7369,0x49a2,0xf693,0xffdf,0xbc68,0x7ac5,0x49a2,0x7ac5,0xffdf,0x7369,0x7369,0x0000,0x0000,0x0000,0x0000,0x0000,0x0000,
		0x0000,0x0000,0x0000,0x0000,0x7369,0x7369,0x7ac5,0xf693,0xf693,0x7369,0x7ac5,0x7ac5,0xbc68,0x49a2,0x7369,0x7369,0x7369,0x7369,0x7369,0xfdcb,0xfdcb,0xfdcb,0x0000,0x0000,0x0000,0x0000,
		0x0000,0x0000,0x7369,0x7369,0xfdcb,0xfdcb,0x7369,0x7ac5,0x7369,0x49a2,0x49a2,0x49a2,0x7369,0x7369,0x7ac5,0xffdf,0xffdf,0x7ac5,0x7369,0x49a2,0xbc68,0xffdf,0xbc68,0x7ac5,0x0000,0x0000,
		0x0000,0xcca9,0x6244,0x49a2,0x7ac5,0xbc68,0xf693,0x7369,0x7369,0xfdcb,0x7369,0xfdcb,0x7ac5,0xfdcb,0x7369,0xfdcb,0x7369,0x49a2,0x7369,0x7369,0x7369,0x49a2,0x7369,0x49a3,0x4205,0x0000,
		0x0000,0x6244,0xce79,0x6244,0x5ac7,0x49a2,0x7ac5,0x7369,0x49a2,0x7ac5,0x7369,0x49a2,0x7ac5,0xffdf,0xbc68,0x7ac5,0x7369,0x7ac5,0xbc68,0xbc68,0x49a2,0x9b87,0x72a5,0x72a5,0x3101,0x0000,
		0x0000,0x6244,0x6244,0x9b87,0x5ac7,0x5ac7,0x6244,0x7369,0x49a2,0x49a2,0x49a2,0x49a2,0x49a2,0x49a2,0x49a2,0x7369,0x7ac5,0x7ac5,0x49a2,0x4205,0x4205,0x49a3,0x9cd3,0x3101,0x4205,0x0000,
		0x0000,0x5ac7,0x3961,0x3961,0x6244,0xcca9,0xce79,0x5ac7,0x5ac7,0x7369,0x7ac5,0xfdcb,0xbc68,0xbc68,0x7ac5,0x7369,0x7369,0x9b87,0x49a3,0x4205,0x9b87,0x3101,0x72a5,0x4205,0x3101,0x0000,
		0x0000,0x5ac7,0x5ac7,0xcca9,0x6244,0x5ac7,0x6244,0x3961,0x5ac7,0xcca9,0xcca9,0x49a2,0x7ac5,0x7ac5,0x49a2,0x4205,0x4205,0x72a5,0x9cd3,0x4205,0x4205,0x4205,0x4205,0x9b87,0x3101,0x0000,
		0x0000,0x5ac7,0x6244,0x6244,0xc54f,0x6244,0x3961,0x3961,0x5ac7,0x6244,0xc54f,0x9b87,0x5ac7,0x9b87,0x49a3,0x3101,0x4205,0x3101,0x49a3,0x9b87,0x49a3,0x3101,0x9b87,0x72a5,0x3101,0x0000,
		0x0000,0x5ac7,0x3961,0x3961,0xce79,0xc54f,0x5ac7,0xcca9,0xcca9,0x3961,0x9b87,0xce79,0x3961,0x49a3,0x72a5,0x4205,0x49a3,0x4205,0x4205,0x72a5,0x3101,0x3101,0x72a5,0x9cd3,0x3101,0x0000,
		0x0000,0xcca9,0x5ac7,0x5ac7,0xc54f,0x9b87,0x5ac7,0x9b87,0x9b87,0x5ac7,0x3961,0x9b87,0x5ac7,0x49a3,0x3101,0x9b87,0x49a3,0x3101,0x4205,0x9cd3,0x4205,0x4205,0x49a3,0x940b,0x3101,0x0000,
		0x0000,0xcca9,0xce79,0x6244,0x6244,0x6244,0x5ac7,0x6244,0xce79,0x3961,0x5ac7,0x5ac7,0x3961,0x4205,0x9b87,0x72a5,0x9cd3,0x3101,0x4205,0x3101,0x9b87,0x49a3,0x4205,0x49a3,0x3101,0x0000,
		0x0000,0x6244,0x6244,0xc54f,0x5ac7,0x6244,0x5ac7,0x3961,0x3961,0x5ac7,0x5ac7,0xcca9,0x3961,0x4205,0x49a3,0x940b,0x940b,0x3101,0x4205,0x4205,0x72a5,0x72a5,0x4205,0x3101,0x4205,0x0000,
		0x0000,0x5ac7,0x3961,0x3961,0x5ac7,0x3961,0xcca9,0x5ac7,0x5ac7,0x6244,0x6244,0x9b87,0x3961,0x4205,0x3101,0x72a5,0x49a3,0x3101,0x4205,0x72a5,0x9cd3,0x49a3,0x4205,0x4205,0x4205,0x0000,
		0x0000,0x5ac7,0x5ac7,0x5ac7,0x3961,0x5ac7,0x5ac7,0x6244,0x9b87,0x6244,0x5ac7,0x6244,0x3961,0x4205,0x4205,0x3101,0x3101,0x4205,0x9b87,0x49a3,0x72a5,0x3101,0x49a3,0x49a3,0x3101,0x0000,
		0x0000,0x5ac7,0xcca9,0x9b87,0x3961,0x5ac7,0xcca9,0x3961,0x6244,0x9b87,0x3961,0x5ac7,0x3961,0x4205,0x49a3,0x3101,0x4205,0x4205,0x4205,0x3101,0x49a3,0x4205,0x9cd3,0x72a5,0x3101,0x0000,
		0x0000,0x5ac7,0x6244,0x6244,0xc54f,0x3961,0x6244,0x5ac7,0x3961,0x6244,0x3961,0x5ac7,0x3961,0x9b87,0x940b,0x4205,0x4205,0x9b87,0x9b87,0x4205,0x4205,0x9b87,0x49a3,0x49a3,0x3101,0x0000,
		0x0000,0x0000,0x3961,0x3961,0x6244,0x6244,0x3961,0x9b87,0x5ac7,0x3961,0x5ac7,0x5ac7,0x5ac7,0x49a3,0x3101,0x49a3,0x3101,0x3101,0x3101,0x3101,0x4205,0x49a3,0x3101,0x3101,0x0000,0x0000,
		0x0000,0x0000,0x0000,0x0000,0x3961,0x3961,0x5ac7,0x3961,0x3961,0xcca9,0xcca9,0x6244,0x5ac7,0x4205,0x4205,0x72a5,0x940b,0x4205,0x4205,0x3101,0x4205,0x3101,0x0000,0x0000,0x0000,0x0000,
		0x0000,0x0000,0x0000,0x0000,0x0000,0x0000,0x5ac7,0x5ac7,0x3961,0x6244,0x9b87,0xce79,0x3961,0x4205,0x72a5,0x9cd3,0x49a3,0x3101,0x4205,0x4205,0x0000,0x0000,0x0000,0x0000,0x0000,0x0000,
		0x0000,0x0000,0x0000,0x0000,0x0000,0x0000,0x0000,0x0000,0x5ac7,0x3961,0x6244,0x6244,0x3961,0x4205,0x49a3,0x72a5,0x3101,0x4205,0x0000,0x0000,0x0000,0x0000,0x0000,0x0000,0x0000,0x0000,
		0x0000,0x0000,0x0000,0x0000,0x0000,0x0000,0x0000,0x0000,0x0000,0x0000,0x3961,0x3961,0x3961,0x4205,0x3101,0x3101,0x0000,0x0000,0x0000,0x0000,0x0000,0x0000,0x0000,0x0000,0x0000,0x0000,
		0x0000,0x0000,0x0000,0x0000,0x0000,0x0000,0x0000,0x0000,0x0000,0x0000,0x0000,0x0000,0x3961,0x4205,0x0000,0x0000,0x0000,0x0000,0x0000,0x0000,0x0000,0x0000,0x0000,0x0000,0x0000,0x0000
	},
    {//tnt
		0x0000,0x0000,0x0000,0x0000,0x0000,0x0000,0x0000,0x0000,0x0000,0x0000,0x0000,0x0000,0xda03,0xda03,0x0000,0x0000,0x0000,0x0000,0x0000,0x0000,0x0000,0x0000,0x0000,0x0000,0x0000,0x0000,
		0x0000,0x0000,0x0000,0x0000,0x0000,0x0000,0x0000,0x0000,0x0000,0x0000,0xa182,0xa182,0x8c71,0x8c71,0xa182,0xa182,0x0000,0x0000,0x0000,0x0000,0x0000,0x0000,0x0000,0x0000,0x0000,0x0000,
		0x0000,0x0000,0x0000,0x0000,0x0000,0x0000,0x0000,0x0000,0xda03,0xda03,0x8c71,0xda03,0x8962,0x8962,0xda03,0x8c71,0xda03,0xda03,0x0000,0x0000,0x0000,0x0000,0x0000,0x0000,0x0000,0x0000,
		0x0000,0x0000,0x0000,0x0000,0x0000,0x0000,0xda03,0xda03,0x8962,0x8962,0x52aa,0x8962,0xda03,0xda03,0x8962,0x52aa,0x0001,0x8962,0xda03,0xda03,0x0000,0x0000,0x0000,0x0000,0x0000,0x0000,
		0x0000,0x0000,0x0000,0x0000,0xa182,0xa182,0x8c71,0x52aa,0x52aa,0xa182,0x52aa,0x0001,0x8c71,0x0001,0x8962,0xa182,0x52aa,0x52aa,0x52aa,0x8c71,0xa182,0xa182,0x0000,0x0000,0x0000,0x0000,
		0x0000,0x0000,0xda03,0xda03,0x8c71,0xda03,0x8962,0x8962,0xda03,0x0001,0x0001,0x0001,0x0001,0x0001,0x0001,0x8c71,0x8c71,0x0001,0x8962,0x8962,0xda03,0x8c71,0xda03,0xda03,0x0000,0x0000,
		0x0000,0xb1c2,0xa182,0x8962,0x8962,0x8962,0xda03,0xda03,0x8962,0x0001,0x0001,0x0001,0x0001,0x52aa,0x0001,0x52aa,0x52aa,0x52aa,0x0001,0xda03,0x8962,0x8962,0x8962,0x7101,0x6101,0x0000,
		0x0000,0xb1c2,0x9982,0x9162,0xb1c2,0x8962,0x8c71,0x8c71,0x8962,0xa182,0x0001,0x52aa,0x8c71,0x8c71,0x8962,0x52aa,0xa182,0x0001,0x8c71,0x8c71,0x8962,0x6101,0x7921,0x6101,0x58c1,0x0000,
		0x0000,0xb1c2,0x9982,0x8942,0xb1c2,0xa182,0x8942,0x8962,0xda03,0x8c71,0x52aa,0x0001,0x0001,0x0001,0x0001,0x52aa,0x8c71,0xda03,0x8962,0x7921,0x7101,0x58c1,0x7121,0x6101,0x58c1,0x0000,
		0x0000,0xb1c2,0x9982,0x8942,0xb1c2,0x9982,0x7121,0xb1c2,0xa182,0x8962,0x8962,0x8962,0xda03,0xda03,0x8962,0x8962,0x8962,0x7101,0x6101,0x7121,0x6101,0x58c1,0x7121,0x6101,0x58c1,0x0000,
		0x0000,0xb596,0x9982,0x8942,0xb1c2,0x9982,0x7121,0xb1c2,0x9982,0x8942,0xb1c2,0x8962,0x8c71,0x8c71,0x8962,0x6101,0x8142,0x6101,0x58c1,0x7121,0x6101,0x58c1,0x7121,0x6101,0x7bef,0x0000,
		0x0000,0xad55,0xb596,0xb596,0xb1c2,0x9982,0x7121,0xb1c2,0x9982,0x7121,0xb1c2,0xa182,0x8942,0x8142,0x7101,0x58c1,0x8142,0x6101,0x58c1,0x7121,0x6101,0x58c1,0x8430,0x8430,0x7bef,0x0000,
		0x0000,0xad55,0xb596,0x0001,0xb596,0xb596,0x7121,0xb1c2,0x9982,0x7121,0xb1c2,0x9982,0x7121,0x8142,0x6101,0x58c1,0x8142,0x6101,0x58c1,0x7121,0x8430,0x7bef,0x0001,0x8430,0x7bef,0x0000,
		0x0000,0xad55,0xad55,0xad55,0x0001,0xad55,0xb596,0xad55,0x9982,0x7121,0xb1c2,0x9982,0x7121,0x8142,0x6101,0x58c1,0x8142,0x6101,0x8430,0x8430,0x7bef,0x0001,0x7bef,0x7bef,0x7bef,0x0000,
		0x0000,0xad55,0x8c72,0xad55,0xad55,0xad55,0xad55,0xb596,0xb596,0xad55,0xb1c2,0x9982,0x7121,0x8142,0x6101,0x58c1,0x8430,0x8430,0x7bef,0x0001,0x7bef,0x7bef,0x7bef,0x6b4d,0x7bef,0x0000,
		0x0000,0x8c72,0x8c72,0x8c72,0xad55,0xad55,0x0001,0xad55,0x0001,0x0001,0xad55,0xb596,0x7121,0x8142,0x8430,0x7bef,0x0001,0x0001,0x0001,0x0001,0x7bef,0x7bef,0x6b4d,0x6b4d,0x6b4d,0x0000,
		0x0000,0x9162,0x8142,0xad55,0x8c72,0x8c72,0xad55,0x0001,0x0001,0xad55,0x0001,0x0001,0xad55,0x8430,0x0001,0x0001,0x7bef,0x0001,0x7bef,0x0001,0x7bef,0x6b4d,0x6b4d,0x50c1,0x48a1,0x0000,
		0x0000,0xb1c2,0x9982,0x7101,0x9162,0xad55,0x8c72,0xad55,0x0001,0xad55,0x0001,0xad55,0xad55,0x7bef,0x7bef,0x0001,0x7bef,0x0001,0x7bef,0x7bef,0x6b4d,0x48a1,0x60e1,0x6101,0x58c1,0x0000,
		0x0000,0xb1c2,0x9982,0x8942,0xb1c2,0x8142,0x60e1,0x8c72,0xad55,0xad55,0x0001,0xad55,0xad55,0x7bef,0x7bef,0x0001,0x7bef,0x6b4d,0x6b4d,0x60e1,0x50c1,0x58c1,0x7121,0x6101,0x58c1,0x0000,
		0x0000,0xa182,0x9982,0x8942,0xb1c2,0x9982,0x7121,0x9162,0x8142,0x8c72,0xad55,0x8c72,0xad55,0x7bef,0x6b4d,0x6b4d,0x6b4d,0x50c1,0x48a1,0x7121,0x6101,0x58c1,0x7121,0x6101,0x58c1,0x0000,
		0x0000,0x0000,0x9162,0x8142,0xb1c2,0x9982,0x7121,0xb1c2,0x9982,0x60e1,0x9162,0x8c72,0x8c72,0x6b4d,0x7bef,0x48a1,0x6901,0x6101,0x58c1,0x7121,0x6101,0x58c1,0x6901,0x60e1,0x0000,0x0000,
		0x0000,0x0000,0x0000,0x0000,0xa182,0x9162,0x7121,0xb1c2,0x9982,0x7121,0xb1c2,0x8142,0x60e1,0x6901,0x50c1,0x58c1,0x8142,0x6101,0x58c1,0x7121,0x60e1,0x58c1,0x0000,0x0000,0x0000,0x0000,
		0x0000,0x0000,0x0000,0x0000,0x0000,0x0000,0x7121,0xa182,0x9982,0x7121,0xb1c2,0x9982,0x7121,0x8142,0x6101,0x58c1,0x8142,0x6101,0x58c1,0x6901,0x0000,0x0000,0x0000,0x0000,0x0000,0x0000,
		0x0000,0x0000,0x0000,0x0000,0x0000,0x0000,0x0000,0x0000,0x9162,0x7121,0xb1c2,0x9982,0x7121,0x8142,0x6101,0x58c1,0x7921,0x60e1,0x0000,0x0000,0x0000,0x0000,0x0000,0x0000,0x0000,0x0000,
		0x0000,0x0000,0x0000,0x0000,0x0000,0x0000,0x0000,0x0000,0x0000,0x0000,0xa182,0x9162,0x7121,0x8142,0x60e1,0x58c1,0x0000,0x0000,0x0000,0x0000,0x0000,0x0000,0x0000,0x0000,0x0000,0x0000,
		0x0000,0x0000,0x0000,0x0000,0x0000,0x0000,0x0000,0x0000,0x0000,0x0000,0x0000,0x0000,0x7121,0x7921,0x0000,0x0000,0x0000,0x0000,0x0000,0x0000,0x0000,0x0000,0x0000,0x0000,0x0000,0x0000
	},
    {//crafting table
		0x0000,0x0000,0x0000,0x0000,0x0000,0x0000,0x0000,0x0000,0x0000,0x0000,0x0000,0x0000,0x18a1,0x18a1,0x0000,0x0000,0x0000,0x0000,0x0000,0x0000,0x0000,0x0000,0x0000,0x0000,0x0000,0x0000,
		0x0000,0x0000,0x0000,0x0000,0x0000,0x0000,0x0000,0x0000,0x0000,0x0000,0x18a1,0x0840,0xbcac,0xbcac,0x0840,0x18a1,0x0000,0x0000,0x0000,0x0000,0x0000,0x0000,0x0000,0x0000,0x0000,0x0000,
		0x0000,0x0000,0x0000,0x0000,0x0000,0x0000,0x0000,0x0000,0x71c3,0x71c3,0x9aa6,0xab27,0xab27,0xab27,0xab27,0x9aa6,0x71c3,0x71c3,0x0000,0x0000,0x0000,0x0000,0x0000,0x0000,0x0000,0x0000,
		0x0000,0x0000,0x0000,0x0000,0x0000,0x0000,0x71c3,0x71c3,0xab27,0xab27,0xab27,0x51a4,0xab27,0xab27,0x51a4,0xab27,0xab27,0xab27,0x71c3,0x71c3,0x0000,0x0000,0x0000,0x0000,0x0000,0x0000,
		0x0000,0x0000,0x0000,0x0000,0x4101,0x4101,0xab27,0xab27,0xab27,0x51a4,0xab27,0xab27,0x4943,0x4943,0xab27,0xab27,0x4943,0xab27,0xab27,0xab27,0x4101,0x4101,0x0000,0x0000,0x0000,0x0000,
		0x0000,0x0000,0x18a1,0x0840,0xbcac,0xab27,0xab27,0x51a4,0x9aa6,0x4943,0x4943,0x51a4,0xab27,0xab27,0x4943,0x51a4,0x51a4,0xab27,0x4943,0xab27,0xab27,0xbcac,0x0840,0x18a1,0x0000,0x0000,
		0x0000,0x1081,0x8b88,0x0840,0xbcac,0x4101,0xab27,0x4943,0xab27,0x4943,0xab27,0x4943,0x4943,0x51a4,0x51a4,0xab27,0x4943,0xab27,0x51a4,0xab27,0x4101,0xbcac,0x0840,0x72c7,0x0860,0x0000,
		0x0000,0x1081,0x93a9,0x93a9,0x9be9,0x71c3,0xab27,0xab27,0xab27,0x51a4,0xab27,0x4943,0x4943,0x51a4,0x4943,0xab27,0x51a4,0xab27,0xab27,0xab27,0x71c3,0x72e7,0x72e7,0x6285,0x0860,0x0000,
		0x0000,0x1081,0x93a9,0x8b88,0x7ae6,0x28c2,0x3902,0x71c3,0xab27,0xab27,0xab27,0x51a4,0xab27,0xab27,0x51a4,0xab27,0xab27,0xab27,0x71c3,0x4102,0x20a1,0x6aa6,0x72c7,0x72c7,0x0860,0x0000,
		0x0000,0x1081,0x6265,0x93a9,0x8b88,0x7b47,0x3902,0x3902,0x5963,0x71c3,0x9aa6,0xab27,0xab27,0xab27,0xab27,0x9aa6,0x71c3,0x4102,0x28c1,0x20a1,0x6aa6,0x6aa6,0x72c7,0x49e4,0x0860,0x0000,
		0x0000,0x1081,0x9be9,0x7b47,0x7ae6,0x93a9,0x28c2,0x3902,0x28c2,0x9be9,0x9be9,0x0840,0xbcac,0xbcac,0x0840,0x72e7,0x72e7,0x20a1,0x28c1,0x6285,0x6285,0x49e4,0x6aa6,0x6285,0x0860,0x0000,
		0x0000,0x1081,0x93a9,0x93a9,0x9be9,0x6265,0x1081,0x28c2,0x7b47,0x8b88,0x93a9,0x9be9,0x1081,0x0860,0x72c7,0x6aa6,0x5a24,0x6aa6,0x1081,0x49e4,0x3983,0x72c7,0x72c7,0x72c7,0x0860,0x0000,
		0x0000,0x1081,0x7b47,0x8b88,0x7b47,0x8b88,0x3902,0x3902,0x6265,0x8b88,0x8b88,0x93a9,0x1081,0x0860,0x6aa6,0x72c7,0x6aa6,0x3983,0x28c1,0x72e7,0x6aa6,0x72c7,0x6285,0x6285,0x0860,0x0000,
		0x0000,0x1081,0x5204,0x6265,0x8b88,0x8b88,0x28c2,0x28c2,0x9be9,0x30e1,0x30e1,0x93a9,0x1081,0x0860,0x72c7,0x5a24,0x5a24,0x72e7,0x20a1,0x6aa6,0x72c7,0x6aa6,0x5a24,0x49e4,0x0860,0x0000,
		0x0000,0x1081,0x8b88,0x9be9,0x7ae6,0x6265,0x28c2,0x28c2,0x8b88,0x20c1,0x8b88,0x20c1,0x1081,0x0860,0x6285,0x72e7,0x6285,0x6285,0x20a1,0x72c7,0x49e4,0x49e4,0x72e7,0x6285,0x0860,0x0000,
		0x0000,0x1081,0x93a9,0xad75,0xad75,0x8b88,0x1081,0x1081,0x93a9,0x9492,0x20c1,0x20c1,0x1081,0x0860,0x72c7,0x20a1,0x6aa6,0x6aa6,0x1061,0x3983,0x72e7,0x6285,0x6285,0x72c7,0x0860,0x0000,
		0x0000,0x1081,0x5204,0x9492,0xce79,0x93a9,0x28c2,0x3902,0x5204,0xce79,0x9492,0x9492,0x1081,0x0860,0x6aa6,0x1880,0x8410,0x3983,0x28c1,0x6285,0x6aa6,0x6aa6,0x6285,0x3983,0x0860,0x0000,
		0x0000,0x1081,0x7b47,0x6265,0x7ae6,0x7b47,0x28c2,0x28c2,0x7b47,0xce79,0xad75,0xad75,0x1081,0x0860,0x49e4,0x49e4,0x6aa6,0x6aa6,0x20a1,0x6aa6,0x6aa6,0x49e4,0x3983,0x72e7,0x0860,0x0000,
		0x0000,0x1081,0x8b88,0x93a9,0x9be9,0x6265,0x0840,0x28c2,0x8b88,0x7b47,0xad75,0xad75,0x1081,0x0860,0x72e7,0x6b6d,0x72c7,0x6285,0x20a1,0x49e4,0x5a24,0x6285,0x6aa6,0x6aa6,0x0860,0x0000,
		0x0000,0x1081,0x7b47,0x7b47,0x7b47,0x7b47,0x3902,0x0840,0x6265,0x8b88,0xce79,0xad75,0x1081,0x0860,0x72c7,0x6aa6,0x6285,0x3983,0x0840,0x72e7,0x72c7,0x6aa6,0x6285,0x6285,0x1061,0x0000,
		0x0000,0x0000,0x6265,0x6265,0x93a9,0x8b88,0x28c2,0x28c2,0x9be9,0x6265,0x6265,0xad75,0x1081,0x0860,0x6aa6,0x5a24,0x5a24,0x72c7,0x20a1,0x72c7,0x6aa6,0x6285,0x3983,0x3983,0x0000,0x0000,
		0x0000,0x0000,0x0000,0x0000,0x5204,0x6265,0x28c2,0x28c2,0x93a9,0x8b88,0x9be9,0xad75,0x1081,0x0860,0x49e4,0x72e7,0x6285,0x6aa6,0x20a1,0x72c7,0x3983,0x49e4,0x0000,0x0000,0x0000,0x0000,
		0x0000,0x0000,0x0000,0x0000,0x0000,0x0000,0x1081,0x1081,0x93a9,0x7b47,0x93a9,0x8b88,0x1081,0x0860,0x72c7,0x72c7,0x72c7,0x6285,0x0860,0x49e4,0x0000,0x0000,0x0000,0x0000,0x0000,0x0000,
		0x0000,0x0000,0x0000,0x0000,0x0000,0x0000,0x0000,0x0000,0x6265,0x6265,0x7b47,0x7b47,0x1081,0x0860,0x6285,0x6aa6,0x3983,0x5a24,0x0000,0x0000,0x0000,0x0000,0x0000,0x0000,0x0000,0x0000,
		0x0000,0x0000,0x0000,0x0000,0x0000,0x0000,0x0000,0x0000,0x0000,0x0000,0x5204,0x5204,0x1081,0x0860,0x49e4,0x3983,0x0000,0x0000,0x0000,0x0000,0x0000,0x0000,0x0000,0x0000,0x0000,0x0000,
		0x0000,0x0000,0x0000,0x0000,0x0000,0x0000,0x0000,0x0000,0x0000,0x0000,0x0000,0x0000,0x1081,0x1061,0x0000,0x0000,0x0000,0x0000,0x0000,0x0000,0x0000,0x0000,0x0000,0x0000,0x0000,0x0000
	},
    {//furnace
		0x0000,0x0000,0x0000,0x0000,0x0000,0x0000,0x0000,0x0000,0x0000,0x0000,0x0000,0x0000,0x4a69,0x4a69,0x0000,0x0000,0x0000,0x0000,0x0000,0x0000,0x0000,0x0000,0x0000,0x0000,0x0000,0x0000,
		0x0000,0x0000,0x0000,0x0000,0x0000,0x0000,0x0000,0x0000,0x0000,0x0000,0x4a69,0x4a69,0x73ae,0x73ae,0x4a69,0x4a69,0x0000,0x0000,0x0000,0x0000,0x0000,0x0000,0x0000,0x0000,0x0000,0x0000,
		0x0000,0x0000,0x0000,0x0000,0x0000,0x0000,0x0000,0x0000,0x4a69,0x39c7,0x632c,0x8c72,0x8410,0x8410,0x632c,0x632c,0x39c7,0x39c7,0x0000,0x0000,0x0000,0x0000,0x0000,0x0000,0x0000,0x0000,
		0x0000,0x0000,0x0000,0x0000,0x0000,0x0000,0x4a69,0x39c7,0x8410,0x73ae,0x8410,0x5acb,0x632c,0x8c72,0x8c72,0x8c72,0x73ae,0x5acb,0x4a69,0x4a69,0x0000,0x0000,0x0000,0x0000,0x0000,0x0000,
		0x0000,0x0000,0x0000,0x0000,0x39c7,0x39c7,0x4a69,0x8410,0x8410,0x8c72,0x8c72,0x8c72,0x73ae,0x8c72,0x8c72,0x8c72,0x8410,0x5acb,0x5acb,0x8410,0x39c7,0x39c7,0x0000,0x0000,0x0000,0x0000,
		0x0000,0x0000,0x4a69,0x4a69,0x73ae,0x73ae,0x5acb,0x5acb,0x8410,0x5acb,0x5acb,0x632c,0x632c,0x632c,0x632c,0x8410,0x8410,0x632c,0x632c,0x5acb,0x5acb,0x73ae,0x4a69,0x4a69,0x0000,0x0000,
		0x0000,0x4208,0x4208,0x39c7,0x8410,0x8410,0x632c,0x8c72,0x8c72,0x8c72,0x632c,0x8c72,0x8c72,0x8c72,0x73ae,0x73ae,0x8c72,0x8c72,0x8c72,0x73ae,0x8410,0x8410,0x4a69,0x3186,0x3186,0x0000,
		0x0000,0x4208,0x52aa,0x4208,0x3186,0x39c7,0x632c,0x632c,0x8410,0x8c72,0x632c,0x5acb,0x8410,0x8410,0x632c,0x8410,0x8c72,0x8c72,0x8c72,0x73ae,0x4a69,0x3186,0x2124,0x39c7,0x3186,0x0000,
		0x0000,0x3186,0x4a49,0x52aa,0x630c,0x4208,0x4208,0x39c7,0x73ae,0x8410,0x73ae,0x8c72,0x8410,0x8410,0x632c,0x8410,0x5acb,0x73ae,0x39c7,0x2124,0x2124,0x4a49,0x4208,0x4a49,0x3186,0x0000,
		0x0000,0x4208,0x52aa,0x630c,0x630c,0x52aa,0x52aa,0x3186,0x3186,0x4a69,0x632c,0x632c,0x8c72,0x8c72,0x73ae,0x73ae,0x39c7,0x3186,0x3186,0x4208,0x4208,0x4208,0x528a,0x528a,0x3186,0x0000,
		0x0000,0x3186,0x630c,0x6b6d,0x3186,0x6b6d,0x630c,0x630c,0x630c,0x4208,0x3186,0x4a69,0x5acb,0x5acb,0x4a69,0x3186,0x2124,0x528a,0x4a49,0x528a,0x4a49,0x528a,0x4a49,0x4208,0x2124,0x0000,
		0x0000,0x4208,0x630c,0x52aa,0x0861,0x18c3,0x18c3,0x6b6d,0x73af,0x630c,0x52aa,0x3186,0x4208,0x3186,0x3186,0x4208,0x4a49,0x4208,0x39c7,0x5acb,0x528a,0x528a,0x3186,0x3186,0x3186,0x0000,
		0x0000,0x3186,0x630c,0x52aa,0x0861,0x0861,0x0861,0x0861,0x18c3,0x73af,0x630c,0x630c,0x4208,0x3186,0x4208,0x5acb,0x5acb,0x39c7,0x4a49,0x528a,0x4a49,0x528a,0x4a49,0x39c7,0x2124,0x0000,
		0x0000,0x3186,0x630c,0x73af,0x0861,0x3186,0x18c3,0x18c3,0x0861,0x3186,0x6b6d,0x52aa,0x4208,0x3186,0x4a49,0x528a,0x528a,0x39c7,0x5acb,0x4208,0x4208,0x4208,0x528a,0x4a49,0x3186,0x0000,
		0x0000,0x4208,0xa514,0x6b6d,0x8c51,0x9492,0x3186,0x3186,0x18c3,0x0861,0x3186,0x630c,0x4208,0x3186,0x4a49,0x528a,0x4208,0x528a,0x528a,0x528a,0x5acb,0x528a,0x4a49,0x632d,0x3186,0x0000,
		0x0000,0x4208,0x8c51,0x9492,0xa514,0x4a49,0x9492,0x9492,0x3186,0x0861,0x0861,0x73af,0x3186,0x3186,0x39c7,0x4208,0x4a49,0x528a,0x528a,0x39c7,0x528a,0x7bcf,0x7bcf,0x630c,0x2124,0x0000,
		0x0000,0x4208,0x8410,0x8c51,0x9492,0xa514,0xa514,0x4a49,0x9492,0x8c51,0x0861,0x73af,0x3186,0x2124,0x5acb,0x5acb,0x5acb,0x528a,0x4a49,0x7bcf,0x7bcf,0x6b4d,0x6b4d,0x5acb,0x3186,0x0000,
		0x0000,0x4208,0x73af,0x8c51,0x4a49,0x8c51,0x6b6d,0xa514,0x52aa,0x52aa,0x8c51,0x73af,0x4208,0x3186,0x528a,0x528a,0x4208,0x39c7,0x7bcf,0x6b4d,0x6b4d,0x632d,0x632d,0x5acb,0x3186,0x0000,
		0x0000,0x3186,0x630c,0x73af,0x0861,0x18c3,0x0861,0x6b6d,0x6b6d,0xa514,0xa514,0x52aa,0x3186,0x2124,0x4a49,0x7bcf,0x7bcf,0x6b4d,0x6b4d,0x632d,0x632d,0x632d,0x630c,0x4a69,0x3186,0x0000,
		0x0000,0x3186,0x73af,0x630c,0x0861,0x0861,0x0861,0x0861,0x0861,0x9492,0x8c51,0xa514,0x4208,0x3186,0x6b4d,0x632d,0x6b4d,0x632d,0x632d,0x632d,0x630c,0x5acb,0x4208,0x4208,0x3186,0x0000,
		0x0000,0x0000,0x52aa,0x3186,0x18c3,0x18c3,0x18c3,0x0861,0x0861,0x4a49,0x73af,0x9492,0x3186,0x3186,0x632d,0x632d,0x632d,0x632d,0x630c,0x632d,0x4a49,0x4a49,0x3186,0x3186,0x0000,0x0000,
		0x0000,0x0000,0x0000,0x0000,0x3186,0x4208,0x18c3,0x18c3,0x18c3,0x0861,0x4208,0x8c51,0x4208,0x2124,0x630c,0x630c,0x5acb,0x630c,0x4a49,0x4a49,0x2124,0x2124,0x0000,0x0000,0x0000,0x0000,
		0x0000,0x0000,0x0000,0x0000,0x0000,0x0000,0x4208,0x4208,0x18c3,0x18c3,0x0861,0x630c,0x4208,0x2124,0x630c,0x630c,0x4a49,0x4a49,0x3186,0x2124,0x0000,0x0000,0x0000,0x0000,0x0000,0x0000,
		0x0000,0x0000,0x0000,0x0000,0x0000,0x0000,0x0000,0x0000,0x4208,0x3186,0x0861,0x630c,0x4208,0x3186,0x4208,0x4a49,0x2124,0x3186,0x0000,0x0000,0x0000,0x0000,0x0000,0x0000,0x0000,0x0000,
		0x0000,0x0000,0x0000,0x0000,0x0000,0x0000,0x0000,0x0000,0x0000,0x0000,0x3186,0x3186,0x3186,0x3186,0x3186,0x3186,0x0000,0x0000,0x0000,0x0000,0x0000,0x0000,0x0000,0x0000,0x0000,0x0000,
		0x0000,0x0000,0x0000,0x0000,0x0000,0x0000,0x0000,0x0000,0x0000,0x0000,0x0000,0x0000,0x3186,0x3186,0x0000,0x0000,0x0000,0x0000,0x0000,0x0000,0x0000,0x0000,0x0000,0x0000,0x0000,0x0000
    },
    {//stick
		0x0000,0x0000,0x0000,0x0000,0x0000,0x0000,0x0000,0x0000,0x0000,0x0000,0x0000,0x0000,0x0000,0x0000,0x0000,0x0000,0x0000,0x0000,0x0000,0x0000,0x0000,0x0000,0x0000,0x0000,0x0000,0x0000,
		0x0000,0x0000,0x0000,0x0000,0x0000,0x0000,0x0000,0x0000,0x0000,0x0000,0x0000,0x0000,0x0000,0x0000,0x0000,0x0000,0x0000,0x0000,0x0000,0x0000,0x0000,0x0000,0x0000,0x0000,0x0000,0x0000,
		0x0000,0x0000,0x0000,0x0000,0x0000,0x0000,0x0000,0x0000,0x0000,0x0000,0x0000,0x0000,0x0000,0x0000,0x0000,0x0000,0x0000,0x0000,0x0000,0x0000,0x0000,0x0000,0x0000,0x0000,0x0000,0x0000,
		0x0000,0x0000,0x0000,0x0000,0x0000,0x0000,0x0000,0x0000,0x0000,0x0000,0x0000,0x0000,0x0000,0x0000,0x0000,0x0000,0x0000,0x0000,0x0000,0x0000,0x0000,0x49a2,0x49a2,0x28e1,0x0000,0x0000,
		0x0000,0x0000,0x0000,0x0000,0x0000,0x0000,0x0000,0x0000,0x0000,0x0000,0x0000,0x0000,0x0000,0x0000,0x0000,0x0000,0x0000,0x0000,0x0000,0x0000,0x0000,0x49a2,0x49a2,0x28e1,0x0000,0x0000,
		0x0000,0x0000,0x0000,0x0000,0x0000,0x0000,0x0000,0x0000,0x0000,0x0000,0x0000,0x0000,0x0000,0x0000,0x0000,0x0000,0x0000,0x0000,0x0000,0x49a2,0x49a2,0x8b24,0x8b24,0x28e1,0x0000,0x0000,
		0x0000,0x0000,0x0000,0x0000,0x0000,0x0000,0x0000,0x0000,0x0000,0x0000,0x0000,0x0000,0x0000,0x0000,0x0000,0x0000,0x0000,0x0000,0x49a2,0x8b24,0x8b24,0x28e1,0x28e1,0x0000,0x0000,0x0000,
		0x0000,0x0000,0x0000,0x0000,0x0000,0x0000,0x0000,0x0000,0x0000,0x0000,0x0000,0x0000,0x0000,0x0000,0x0000,0x0000,0x0000,0x0000,0x49a2,0x8b24,0x8b24,0x28e1,0x28e1,0x0000,0x0000,0x0000,
		0x0000,0x0000,0x0000,0x0000,0x0000,0x0000,0x0000,0x0000,0x0000,0x0000,0x0000,0x0000,0x0000,0x0000,0x0000,0x0000,0x49a2,0x49a2,0x6a63,0x28e1,0x28e1,0x0000,0x0000,0x0000,0x0000,0x0000,
		0x0000,0x0000,0x0000,0x0000,0x0000,0x0000,0x0000,0x0000,0x0000,0x0000,0x0000,0x0000,0x0000,0x0000,0x0000,0x0000,0x49a2,0x49a2,0x6a63,0x28e1,0x28e1,0x0000,0x0000,0x0000,0x0000,0x0000,
		0x0000,0x0000,0x0000,0x0000,0x0000,0x0000,0x0000,0x0000,0x0000,0x0000,0x0000,0x0000,0x0000,0x0000,0x0000,0x49a2,0x8b24,0x8b24,0x28e1,0x0000,0x0000,0x0000,0x0000,0x0000,0x0000,0x0000,
		0x0000,0x0000,0x0000,0x0000,0x0000,0x0000,0x0000,0x0000,0x0000,0x0000,0x0000,0x0000,0x0000,0x49a2,0x49a2,0x6a63,0x28e1,0x28e1,0x0000,0x0000,0x0000,0x0000,0x0000,0x0000,0x0000,0x0000,
		0x0000,0x0000,0x0000,0x0000,0x0000,0x0000,0x0000,0x0000,0x0000,0x0000,0x0000,0x0000,0x0000,0x49a2,0x49a2,0x6a63,0x28e1,0x28e1,0x0000,0x0000,0x0000,0x0000,0x0000,0x0000,0x0000,0x0000,
		0x0000,0x0000,0x0000,0x0000,0x0000,0x0000,0x0000,0x0000,0x0000,0x0000,0x0000,0x49a2,0x49a2,0x8b24,0x8b24,0x28e1,0x0000,0x0000,0x0000,0x0000,0x0000,0x0000,0x0000,0x0000,0x0000,0x0000,
		0x0000,0x0000,0x0000,0x0000,0x0000,0x0000,0x0000,0x0000,0x0000,0x0000,0x0000,0x49a2,0x49a2,0x8b24,0x8b24,0x28e1,0x0000,0x0000,0x0000,0x0000,0x0000,0x0000,0x0000,0x0000,0x0000,0x0000,
		0x0000,0x0000,0x0000,0x0000,0x0000,0x0000,0x0000,0x0000,0x0000,0x0000,0x49a2,0x6a63,0x6a63,0x28e1,0x28e1,0x0000,0x0000,0x0000,0x0000,0x0000,0x0000,0x0000,0x0000,0x0000,0x0000,0x0000,
		0x0000,0x0000,0x0000,0x0000,0x0000,0x0000,0x0000,0x0000,0x49a2,0x49a2,0x8b24,0x28e1,0x28e1,0x0000,0x0000,0x0000,0x0000,0x0000,0x0000,0x0000,0x0000,0x0000,0x0000,0x0000,0x0000,0x0000,
		0x0000,0x0000,0x0000,0x0000,0x0000,0x0000,0x0000,0x0000,0x49a2,0x49a2,0x8b24,0x28e1,0x28e1,0x0000,0x0000,0x0000,0x0000,0x0000,0x0000,0x0000,0x0000,0x0000,0x0000,0x0000,0x0000,0x0000,
		0x0000,0x0000,0x0000,0x0000,0x0000,0x0000,0x49a2,0x49a2,0x6a63,0x6a63,0x28e1,0x0000,0x0000,0x0000,0x0000,0x0000,0x0000,0x0000,0x0000,0x0000,0x0000,0x0000,0x0000,0x0000,0x0000,0x0000,
		0x0000,0x0000,0x0000,0x0000,0x0000,0x49a2,0x8b24,0x8b24,0x28e1,0x28e1,0x0000,0x0000,0x0000,0x0000,0x0000,0x0000,0x0000,0x0000,0x0000,0x0000,0x0000,0x0000,0x0000,0x0000,0x0000,0x0000,
		0x0000,0x0000,0x0000,0x0000,0x0000,0x49a2,0x8b24,0x8b24,0x28e1,0x28e1,0x0000,0x0000,0x0000,0x0000,0x0000,0x0000,0x0000,0x0000,0x0000,0x0000,0x0000,0x0000,0x0000,0x0000,0x0000,0x0000,
		0x0000,0x0000,0x0000,0x49a2,0x49a2,0x8b24,0x28e1,0x28e1,0x0000,0x0000,0x0000,0x0000,0x0000,0x0000,0x0000,0x0000,0x0000,0x0000,0x0000,0x0000,0x0000,0x0000,0x0000,0x0000,0x0000,0x0000,
		0x0000,0x0000,0x0000,0x49a2,0x49a2,0x8b24,0x28e1,0x28e1,0x0000,0x0000,0x0000,0x0000,0x0000,0x0000,0x0000,0x0000,0x0000,0x0000,0x0000,0x0000,0x0000,0x0000,0x0000,0x0000,0x0000,0x0000,
		0x0000,0x0000,0x0000,0x28e1,0x28e1,0x28e1,0x0000,0x0000,0x0000,0x0000,0x0000,0x0000,0x0000,0x0000,0x0000,0x0000,0x0000,0x0000,0x0000,0x0000,0x0000,0x0000,0x0000,0x0000,0x0000,0x0000,
		0x0000,0x0000,0x0000,0x0000,0x0000,0x0000,0x0000,0x0000,0x0000,0x0000,0x0000,0x0000,0x0000,0x0000,0x0000,0x0000,0x0000,0x0000,0x0000,0x0000,0x0000,0x0000,0x0000,0x0000,0x0000,0x0000,
		0x0000,0x0000,0x0000,0x0000,0x0000,0x0000,0x0000,0x0000,0x0000,0x0000,0x0000,0x0000,0x0000,0x0000,0x0000,0x0000,0x0000,0x0000,0x0000,0x0000,0x0000,0x0000,0x0000,0x0000,0x0000,0x0000
	},
    {//wooden pickaxe
		0x0000,0x0000,0x0000,0x0000,0x0000,0x0000,0x0000,0x0000,0x0000,0x0000,0x0000,0x0000,0x0000,0x0000,0x0000,0x0000,0x0000,0x0000,0x0000,0x0000,0x0000,0x0000,0x0000,0x0000,0x0000,0x0000,
		0x0000,0x0000,0x0000,0x0000,0x0000,0x0000,0x0000,0x0000,0x0000,0x0000,0x0000,0x0000,0x0000,0x0000,0x0000,0x0000,0x0000,0x0000,0x0000,0x0000,0x0000,0x0000,0x0000,0x0000,0x0000,0x0000,
		0x0000,0x0000,0x0000,0x0000,0x0000,0x0000,0x0000,0x0000,0x0000,0x0000,0x0000,0x0000,0x0000,0x0000,0x0000,0x0000,0x0000,0x0000,0x0000,0x0000,0x0000,0x0000,0x0000,0x0000,0x0000,0x0000,
		0x0000,0x0000,0x0000,0x0000,0x0000,0x0000,0x0000,0x0000,0x0000,0x0000,0x3142,0x3142,0x3142,0x3142,0x3142,0x3142,0x3142,0x3142,0x0000,0x0000,0x0000,0x0000,0x0000,0x0000,0x0000,0x0000,
		0x0000,0x0000,0x0000,0x0000,0x0000,0x0000,0x0000,0x0000,0x0000,0x0000,0x3142,0x3142,0x3142,0x3142,0x3142,0x3142,0x3142,0x3142,0x0000,0x0000,0x0000,0x0000,0x0000,0x0000,0x0000,0x0000,
		0x0000,0x0000,0x0000,0x0000,0x0000,0x0000,0x0000,0x0000,0x3142,0x3142,0x8b24,0x72c4,0x72c4,0x6a83,0x6a83,0x6a83,0x72c4,0x72c4,0x3142,0x49a2,0x49a2,0x6a83,0x6a83,0x0000,0x0000,0x0000,
		0x0000,0x0000,0x0000,0x0000,0x0000,0x0000,0x0000,0x0000,0x0000,0x0000,0x3142,0x20c1,0x20c1,0x20c1,0x20c1,0x20c1,0x6a83,0x6a83,0x6a83,0x8b24,0x8b24,0x28e1,0x28e1,0x0000,0x0000,0x0000,
		0x0000,0x0000,0x0000,0x0000,0x0000,0x0000,0x0000,0x0000,0x0000,0x0000,0x3142,0x20c1,0x20c1,0x20c1,0x20c1,0x20c1,0x6a83,0x6a83,0x6a83,0x8b24,0x8b24,0x28e1,0x28e1,0x0000,0x0000,0x0000,
		0x0000,0x0000,0x0000,0x0000,0x0000,0x0000,0x0000,0x0000,0x0000,0x0000,0x0000,0x0000,0x0000,0x0000,0x0000,0x0000,0x49a2,0x49a2,0x72c4,0x6a83,0x6a83,0x20c1,0x20c1,0x0000,0x0000,0x0000,
		0x0000,0x0000,0x0000,0x0000,0x0000,0x0000,0x0000,0x0000,0x0000,0x0000,0x0000,0x0000,0x0000,0x0000,0x0000,0x0000,0x49a2,0x49a2,0x72c4,0x6a83,0x6a83,0x20c1,0x20c1,0x0000,0x0000,0x0000,
		0x0000,0x0000,0x0000,0x0000,0x0000,0x0000,0x0000,0x0000,0x0000,0x0000,0x0000,0x0000,0x0000,0x0000,0x0000,0x49a2,0x6a83,0x6a83,0x28e1,0x6a83,0x6a83,0x72c4,0x72c4,0x20c1,0x0000,0x0000,
		0x0000,0x0000,0x0000,0x0000,0x0000,0x0000,0x0000,0x0000,0x0000,0x0000,0x0000,0x0000,0x0000,0x49a2,0x49a2,0x8b24,0x28e1,0x28e1,0x0000,0x20c1,0x20c1,0x6a83,0x6a83,0x20c1,0x0000,0x0000,
		0x0000,0x0000,0x0000,0x0000,0x0000,0x0000,0x0000,0x0000,0x0000,0x0000,0x0000,0x0000,0x0000,0x49a2,0x49a2,0x8b24,0x28e1,0x28e1,0x0000,0x20c1,0x20c1,0x6a83,0x6a83,0x20c1,0x0000,0x0000,
		0x0000,0x0000,0x0000,0x0000,0x0000,0x0000,0x0000,0x0000,0x0000,0x0000,0x0000,0x49a2,0x49a2,0x6a83,0x6a83,0x28e1,0x0000,0x0000,0x0000,0x20c1,0x20c1,0x6a83,0x6a83,0x20c1,0x0000,0x0000,
		0x0000,0x0000,0x0000,0x0000,0x0000,0x0000,0x0000,0x0000,0x0000,0x0000,0x0000,0x49a2,0x49a2,0x6a83,0x6a83,0x28e1,0x0000,0x0000,0x0000,0x20c1,0x20c1,0x6a83,0x6a83,0x20c1,0x0000,0x0000,
		0x0000,0x0000,0x0000,0x0000,0x0000,0x0000,0x0000,0x0000,0x0000,0x0000,0x49a2,0x8b24,0x8b24,0x28e1,0x28e1,0x0000,0x0000,0x0000,0x0000,0x20c1,0x20c1,0x72c4,0x72c4,0x20c1,0x0000,0x0000,
		0x0000,0x0000,0x0000,0x0000,0x0000,0x0000,0x0000,0x0000,0x49a2,0x49a2,0x6a83,0x28e1,0x28e1,0x0000,0x0000,0x0000,0x0000,0x0000,0x0000,0x20c1,0x20c1,0x8b24,0x8b24,0x20c1,0x0000,0x0000,
		0x0000,0x0000,0x0000,0x0000,0x0000,0x0000,0x0000,0x0000,0x49a2,0x49a2,0x6a83,0x28e1,0x28e1,0x0000,0x0000,0x0000,0x0000,0x0000,0x0000,0x20c1,0x20c1,0x8b24,0x8b24,0x20c1,0x0000,0x0000,
		0x0000,0x0000,0x0000,0x0000,0x0000,0x0000,0x49a2,0x49a2,0x8b24,0x8b24,0x28e1,0x0000,0x0000,0x0000,0x0000,0x0000,0x0000,0x0000,0x0000,0x0000,0x0000,0x20c1,0x20c1,0x0000,0x0000,0x0000,
		0x0000,0x0000,0x0000,0x0000,0x0000,0x49a2,0x6a83,0x6a83,0x28e1,0x28e1,0x0000,0x0000,0x0000,0x0000,0x0000,0x0000,0x0000,0x0000,0x0000,0x0000,0x0000,0x0000,0x0000,0x0000,0x0000,0x0000,
		0x0000,0x0000,0x0000,0x0000,0x0000,0x49a2,0x6a83,0x6a83,0x28e1,0x28e1,0x0000,0x0000,0x0000,0x0000,0x0000,0x0000,0x0000,0x0000,0x0000,0x0000,0x0000,0x0000,0x0000,0x0000,0x0000,0x0000,
		0x0000,0x0000,0x0000,0x49a2,0x49a2,0x8b24,0x28e1,0x28e1,0x0000,0x0000,0x0000,0x0000,0x0000,0x0000,0x0000,0x0000,0x0000,0x0000,0x0000,0x0000,0x0000,0x0000,0x0000,0x0000,0x0000,0x0000,
		0x0000,0x0000,0x0000,0x49a2,0x49a2,0x8b24,0x28e1,0x28e1,0x0000,0x0000,0x0000,0x0000,0x0000,0x0000,0x0000,0x0000,0x0000,0x0000,0x0000,0x0000,0x0000,0x0000,0x0000,0x0000,0x0000,0x0000,
		0x0000,0x0000,0x0000,0x28e1,0x28e1,0x28e1,0x0000,0x0000,0x0000,0x0000,0x0000,0x0000,0x0000,0x0000,0x0000,0x0000,0x0000,0x0000,0x0000,0x0000,0x0000,0x0000,0x0000,0x0000,0x0000,0x0000,
		0x0000,0x0000,0x0000,0x0000,0x0000,0x0000,0x0000,0x0000,0x0000,0x0000,0x0000,0x0000,0x0000,0x0000,0x0000,0x0000,0x0000,0x0000,0x0000,0x0000,0x0000,0x0000,0x0000,0x0000,0x0000,0x0000,
		0x0000,0x0000,0x0000,0x0000,0x0000,0x0000,0x0000,0x0000,0x0000,0x0000,0x0000,0x0000,0x0000,0x0000,0x0000,0x0000,0x0000,0x0000,0x0000,0x0000,0x0000,0x0000,0x0000,0x0000,0x0000,0x0000
	},
    {//stone pickaxe
		0x0000,0x0000,0x0000,0x0000,0x0000,0x0000,0x0000,0x0000,0x0000,0x0000,0x0000,0x0000,0x0000,0x0000,0x0000,0x0000,0x0000,0x0000,0x0000,0x0000,0x0000,0x0000,0x0000,0x0000,0x0000,0x0000,
		0x0000,0x0000,0x0000,0x0000,0x0000,0x0000,0x0000,0x0000,0x0000,0x0000,0x0000,0x0000,0x0000,0x0000,0x0000,0x0000,0x0000,0x0000,0x0000,0x0000,0x0000,0x0000,0x0000,0x0000,0x0000,0x0000,
		0x0000,0x0000,0x0000,0x0000,0x0000,0x0000,0x0000,0x0000,0x0000,0x0000,0x0000,0x0000,0x0000,0x0000,0x0000,0x0000,0x0000,0x0000,0x0000,0x0000,0x0000,0x0000,0x0000,0x0000,0x0000,0x0000,
		0x0000,0x0000,0x0000,0x0000,0x0000,0x0000,0x0000,0x0000,0x0000,0x0000,0x4a49,0x4a49,0x4a49,0x4a49,0x4a49,0x4a49,0x4a49,0x4a49,0x0000,0x0000,0x0000,0x0000,0x0000,0x0000,0x0000,0x0000,
		0x0000,0x0000,0x0000,0x0000,0x0000,0x0000,0x0000,0x0000,0x0000,0x0000,0x4a49,0x4a49,0x4a49,0x4a49,0x4a49,0x4a49,0x4a49,0x4a49,0x0000,0x0000,0x0000,0x0000,0x0000,0x0000,0x0000,0x0000,
		0x0000,0x0000,0x0000,0x0000,0x0000,0x0000,0x0000,0x0000,0x4a49,0x4a49,0x9cd3,0x8c51,0x8c51,0x7bef,0x7bef,0x7bef,0x8c51,0x8c51,0x4a49,0x49a2,0x49a2,0x6a63,0x6a63,0x0000,0x0000,0x0000,
		0x0000,0x0000,0x0000,0x0000,0x0000,0x0000,0x0000,0x0000,0x0000,0x0000,0x4a49,0x18c3,0x18c3,0x18c3,0x18c3,0x18c3,0x7bef,0x7bef,0x7bef,0x8b24,0x8b24,0x28e1,0x28e1,0x0000,0x0000,0x0000,
		0x0000,0x0000,0x0000,0x0000,0x0000,0x0000,0x0000,0x0000,0x0000,0x0000,0x4a49,0x18c3,0x18c3,0x18c3,0x18c3,0x18c3,0x7bef,0x7bef,0x7bef,0x8b24,0x8b24,0x28e1,0x28e1,0x0000,0x0000,0x0000,
		0x0000,0x0000,0x0000,0x0000,0x0000,0x0000,0x0000,0x0000,0x0000,0x0000,0x0000,0x0000,0x0000,0x0000,0x0000,0x0000,0x49a2,0x49a2,0x8c51,0x7bef,0x7bef,0x18c3,0x18c3,0x0000,0x0000,0x0000,
		0x0000,0x0000,0x0000,0x0000,0x0000,0x0000,0x0000,0x0000,0x0000,0x0000,0x0000,0x0000,0x0000,0x0000,0x0000,0x0000,0x49a2,0x49a2,0x8c51,0x7bef,0x7bef,0x18c3,0x18c3,0x0000,0x0000,0x0000,
		0x0000,0x0000,0x0000,0x0000,0x0000,0x0000,0x0000,0x0000,0x0000,0x0000,0x0000,0x0000,0x0000,0x0000,0x0000,0x49a2,0x6a63,0x6a63,0x28e1,0x7bef,0x7bef,0x8c51,0x8c51,0x18c3,0x0000,0x0000,
		0x0000,0x0000,0x0000,0x0000,0x0000,0x0000,0x0000,0x0000,0x0000,0x0000,0x0000,0x0000,0x0000,0x49a2,0x49a2,0x8b24,0x28e1,0x28e1,0x0000,0x18c3,0x18c3,0x7bef,0x7bef,0x18c3,0x0000,0x0000,
		0x0000,0x0000,0x0000,0x0000,0x0000,0x0000,0x0000,0x0000,0x0000,0x0000,0x0000,0x0000,0x0000,0x49a2,0x49a2,0x8b24,0x28e1,0x28e1,0x0000,0x18c3,0x18c3,0x7bef,0x7bef,0x18c3,0x0000,0x0000,
		0x0000,0x0000,0x0000,0x0000,0x0000,0x0000,0x0000,0x0000,0x0000,0x0000,0x0000,0x49a2,0x49a2,0x6a63,0x6a63,0x28e1,0x0000,0x0000,0x0000,0x18c3,0x18c3,0x7bef,0x7bef,0x18c3,0x0000,0x0000,
		0x0000,0x0000,0x0000,0x0000,0x0000,0x0000,0x0000,0x0000,0x0000,0x0000,0x0000,0x49a2,0x49a2,0x6a63,0x6a63,0x28e1,0x0000,0x0000,0x0000,0x18c3,0x18c3,0x7bef,0x7bef,0x18c3,0x0000,0x0000,
		0x0000,0x0000,0x0000,0x0000,0x0000,0x0000,0x0000,0x0000,0x0000,0x0000,0x49a2,0x8b24,0x8b24,0x28e1,0x28e1,0x0000,0x0000,0x0000,0x0000,0x18c3,0x18c3,0x8c51,0x8c51,0x18c3,0x0000,0x0000,
		0x0000,0x0000,0x0000,0x0000,0x0000,0x0000,0x0000,0x0000,0x49a2,0x49a2,0x6a63,0x28e1,0x28e1,0x0000,0x0000,0x0000,0x0000,0x0000,0x0000,0x18c3,0x18c3,0x9cd3,0x9cd3,0x18c3,0x0000,0x0000,
		0x0000,0x0000,0x0000,0x0000,0x0000,0x0000,0x0000,0x0000,0x49a2,0x49a2,0x6a63,0x28e1,0x28e1,0x0000,0x0000,0x0000,0x0000,0x0000,0x0000,0x18c3,0x18c3,0x9cd3,0x9cd3,0x18c3,0x0000,0x0000,
		0x0000,0x0000,0x0000,0x0000,0x0000,0x0000,0x49a2,0x49a2,0x8b24,0x8b24,0x28e1,0x0000,0x0000,0x0000,0x0000,0x0000,0x0000,0x0000,0x0000,0x0000,0x0000,0x18c3,0x18c3,0x0000,0x0000,0x0000,
		0x0000,0x0000,0x0000,0x0000,0x0000,0x49a2,0x6a63,0x6a63,0x28e1,0x28e1,0x0000,0x0000,0x0000,0x0000,0x0000,0x0000,0x0000,0x0000,0x0000,0x0000,0x0000,0x0000,0x0000,0x0000,0x0000,0x0000,
		0x0000,0x0000,0x0000,0x0000,0x0000,0x49a2,0x6a63,0x6a63,0x28e1,0x28e1,0x0000,0x0000,0x0000,0x0000,0x0000,0x0000,0x0000,0x0000,0x0000,0x0000,0x0000,0x0000,0x0000,0x0000,0x0000,0x0000,
		0x0000,0x0000,0x0000,0x49a2,0x49a2,0x8b24,0x28e1,0x28e1,0x0000,0x0000,0x0000,0x0000,0x0000,0x0000,0x0000,0x0000,0x0000,0x0000,0x0000,0x0000,0x0000,0x0000,0x0000,0x0000,0x0000,0x0000,
		0x0000,0x0000,0x0000,0x49a2,0x49a2,0x8b24,0x28e1,0x28e1,0x0000,0x0000,0x0000,0x0000,0x0000,0x0000,0x0000,0x0000,0x0000,0x0000,0x0000,0x0000,0x0000,0x0000,0x0000,0x0000,0x0000,0x0000,
		0x0000,0x0000,0x0000,0x28e1,0x28e1,0x28e1,0x0000,0x0000,0x0000,0x0000,0x0000,0x0000,0x0000,0x0000,0x0000,0x0000,0x0000,0x0000,0x0000,0x0000,0x0000,0x0000,0x0000,0x0000,0x0000,0x0000,
		0x0000,0x0000,0x0000,0x0000,0x0000,0x0000,0x0000,0x0000,0x0000,0x0000,0x0000,0x0000,0x0000,0x0000,0x0000,0x0000,0x0000,0x0000,0x0000,0x0000,0x0000,0x0000,0x0000,0x0000,0x0000,0x0000,
		0x0000,0x0000,0x0000,0x0000,0x0000,0x0000,0x0000,0x0000,0x0000,0x0000,0x0000,0x0000,0x0000,0x0000,0x0000,0x0000,0x0000,0x0000,0x0000,0x0000,0x0000,0x0000,0x0000,0x0000,0x0000,0x0000
	},
    {//iron pickaxe
		0x0000,0x0000,0x0000,0x0000,0x0000,0x0000,0x0000,0x0000,0x0000,0x0000,0x0000,0x0000,0x0000,0x0000,0x0000,0x0000,0x0000,0x0000,0x0000,0x0000,0x0000,0x0000,0x0000,0x0000,0x0000,0x0000,
		0x0000,0x0000,0x0000,0x0000,0x0000,0x0000,0x0000,0x0000,0x0000,0x0000,0x0000,0x0000,0x0000,0x0000,0x0000,0x0000,0x0000,0x0000,0x0000,0x0000,0x0000,0x0000,0x0000,0x0000,0x0000,0x0000,
		0x0000,0x0000,0x0000,0x0000,0x0000,0x0000,0x0000,0x0000,0x0000,0x0000,0x0000,0x0000,0x0000,0x0000,0x0000,0x0000,0x0000,0x0000,0x0000,0x0000,0x0000,0x0000,0x0000,0x0000,0x0000,0x0000,
		0x0000,0x0000,0x0000,0x0000,0x0000,0x0000,0x0000,0x0000,0x0000,0x0000,0x4228,0x4228,0x4228,0x4228,0x4228,0x4228,0x4228,0x4228,0x0000,0x0000,0x0000,0x0000,0x0000,0x0000,0x0000,0x0000,
		0x0000,0x0000,0x0000,0x0000,0x0000,0x0000,0x0000,0x0000,0x0000,0x0000,0x4228,0x4228,0x4228,0x4228,0x4228,0x4228,0x4228,0x4228,0x0000,0x0000,0x0000,0x0000,0x0000,0x0000,0x0000,0x0000,
		0x0000,0x0000,0x0000,0x0000,0x0000,0x0000,0x0000,0x0000,0x4228,0x4228,0xffff,0xdedb,0xdedb,0xc618,0xc618,0xc618,0xdedb,0xdedb,0x4228,0x49a2,0x49a2,0x6a63,0x6a63,0x0000,0x0000,0x0000,
		0x0000,0x0000,0x0000,0x0000,0x0000,0x0000,0x0000,0x0000,0x0000,0x0000,0x4228,0x18c3,0x18c3,0x18c3,0x18c3,0x18c3,0xc618,0xc618,0xc618,0x8b24,0x8b24,0x28e1,0x28e1,0x0000,0x0000,0x0000,
		0x0000,0x0000,0x0000,0x0000,0x0000,0x0000,0x0000,0x0000,0x0000,0x0000,0x4228,0x18c3,0x18c3,0x18c3,0x18c3,0x18c3,0xc618,0xc618,0xc618,0x8b24,0x8b24,0x28e1,0x28e1,0x0000,0x0000,0x0000,
		0x0000,0x0000,0x0000,0x0000,0x0000,0x0000,0x0000,0x0000,0x0000,0x0000,0x0000,0x0000,0x0000,0x0000,0x0000,0x0000,0x49a2,0x49a2,0xdedb,0xc618,0xc618,0x18c3,0x18c3,0x0000,0x0000,0x0000,
		0x0000,0x0000,0x0000,0x0000,0x0000,0x0000,0x0000,0x0000,0x0000,0x0000,0x0000,0x0000,0x0000,0x0000,0x0000,0x0000,0x49a2,0x49a2,0xdedb,0xc618,0xc618,0x18c3,0x18c3,0x0000,0x0000,0x0000,
		0x0000,0x0000,0x0000,0x0000,0x0000,0x0000,0x0000,0x0000,0x0000,0x0000,0x0000,0x0000,0x0000,0x0000,0x0000,0x49a2,0x6a63,0x6a63,0x28e1,0xc618,0xc618,0xdedb,0xdedb,0x18c3,0x0000,0x0000,
		0x0000,0x0000,0x0000,0x0000,0x0000,0x0000,0x0000,0x0000,0x0000,0x0000,0x0000,0x0000,0x0000,0x49a2,0x49a2,0x8b24,0x28e1,0x28e1,0x0000,0x18c3,0x18c3,0xc618,0xc618,0x18c3,0x0000,0x0000,
		0x0000,0x0000,0x0000,0x0000,0x0000,0x0000,0x0000,0x0000,0x0000,0x0000,0x0000,0x0000,0x0000,0x49a2,0x49a2,0x8b24,0x28e1,0x28e1,0x0000,0x18c3,0x18c3,0xc618,0xc618,0x18c3,0x0000,0x0000,
		0x0000,0x0000,0x0000,0x0000,0x0000,0x0000,0x0000,0x0000,0x0000,0x0000,0x0000,0x49a2,0x49a2,0x6a63,0x6a63,0x28e1,0x0000,0x0000,0x0000,0x18c3,0x18c3,0xc618,0xc618,0x18c3,0x0000,0x0000,
		0x0000,0x0000,0x0000,0x0000,0x0000,0x0000,0x0000,0x0000,0x0000,0x0000,0x0000,0x49a2,0x49a2,0x6a63,0x6a63,0x28e1,0x0000,0x0000,0x0000,0x18c3,0x18c3,0xc618,0xc618,0x18c3,0x0000,0x0000,
		0x0000,0x0000,0x0000,0x0000,0x0000,0x0000,0x0000,0x0000,0x0000,0x0000,0x49a2,0x8b24,0x8b24,0x28e1,0x28e1,0x0000,0x0000,0x0000,0x0000,0x18c3,0x18c3,0xdedb,0xdedb,0x18c3,0x0000,0x0000,
		0x0000,0x0000,0x0000,0x0000,0x0000,0x0000,0x0000,0x0000,0x49a2,0x49a2,0x6a63,0x28e1,0x28e1,0x0000,0x0000,0x0000,0x0000,0x0000,0x0000,0x18c3,0x18c3,0xffff,0xffff,0x18c3,0x0000,0x0000,
		0x0000,0x0000,0x0000,0x0000,0x0000,0x0000,0x0000,0x0000,0x49a2,0x49a2,0x6a63,0x28e1,0x28e1,0x0000,0x0000,0x0000,0x0000,0x0000,0x0000,0x18c3,0x18c3,0xffff,0xffff,0x18c3,0x0000,0x0000,
		0x0000,0x0000,0x0000,0x0000,0x0000,0x0000,0x49a2,0x49a2,0x8b24,0x8b24,0x28e1,0x0000,0x0000,0x0000,0x0000,0x0000,0x0000,0x0000,0x0000,0x0000,0x0000,0x18c3,0x18c3,0x0000,0x0000,0x0000,
		0x0000,0x0000,0x0000,0x0000,0x0000,0x49a2,0x6a63,0x6a63,0x28e1,0x28e1,0x0000,0x0000,0x0000,0x0000,0x0000,0x0000,0x0000,0x0000,0x0000,0x0000,0x0000,0x0000,0x0000,0x0000,0x0000,0x0000,
		0x0000,0x0000,0x0000,0x0000,0x0000,0x49a2,0x6a63,0x6a63,0x28e1,0x28e1,0x0000,0x0000,0x0000,0x0000,0x0000,0x0000,0x0000,0x0000,0x0000,0x0000,0x0000,0x0000,0x0000,0x0000,0x0000,0x0000,
		0x0000,0x0000,0x0000,0x49a2,0x49a2,0x8b24,0x28e1,0x28e1,0x0000,0x0000,0x0000,0x0000,0x0000,0x0000,0x0000,0x0000,0x0000,0x0000,0x0000,0x0000,0x0000,0x0000,0x0000,0x0000,0x0000,0x0000,
		0x0000,0x0000,0x0000,0x49a2,0x49a2,0x8b24,0x28e1,0x28e1,0x0000,0x0000,0x0000,0x0000,0x0000,0x0000,0x0000,0x0000,0x0000,0x0000,0x0000,0x0000,0x0000,0x0000,0x0000,0x0000,0x0000,0x0000,
		0x0000,0x0000,0x0000,0x28e1,0x28e1,0x28e1,0x0000,0x0000,0x0000,0x0000,0x0000,0x0000,0x0000,0x0000,0x0000,0x0000,0x0000,0x0000,0x0000,0x0000,0x0000,0x0000,0x0000,0x0000,0x0000,0x0000,
		0x0000,0x0000,0x0000,0x0000,0x0000,0x0000,0x0000,0x0000,0x0000,0x0000,0x0000,0x0000,0x0000,0x0000,0x0000,0x0000,0x0000,0x0000,0x0000,0x0000,0x0000,0x0000,0x0000,0x0000,0x0000,0x0000,
		0x0000,0x0000,0x0000,0x0000,0x0000,0x0000,0x0000,0x0000,0x0000,0x0000,0x0000,0x0000,0x0000,0x0000,0x0000,0x0000,0x0000,0x0000,0x0000,0x0000,0x0000,0x0000,0x0000,0x0000,0x0000,0x0000
	},
    {//gold pickaxe
		0x0000,0x0000,0x0000,0x0000,0x0000,0x0000,0x0000,0x0000,0x0000,0x0000,0x0000,0x0000,0x0000,0x0000,0x0000,0x0000,0x0000,0x0000,0x0000,0x0000,0x0000,0x0000,0x0000,0x0000,0x0000,0x0000,
		0x0000,0x0000,0x0000,0x0000,0x0000,0x0000,0x0000,0x0000,0x0000,0x0000,0x0000,0x0000,0x0000,0x0000,0x0000,0x0000,0x0000,0x0000,0x0000,0x0000,0x0000,0x0000,0x0000,0x0000,0x0000,0x0000,
		0x0000,0x0000,0x0000,0x0000,0x0000,0x0000,0x0000,0x0000,0x0000,0x0000,0x0000,0x0000,0x0000,0x0000,0x0000,0x0000,0x0000,0x0000,0x0000,0x0000,0x0000,0x0000,0x0000,0x0000,0x0000,0x0000,
		0x0000,0x0000,0x0000,0x0000,0x0000,0x0000,0x0000,0x0000,0x0000,0x0000,0x82e2,0x82e2,0x82e2,0x82e2,0x82e2,0x82e2,0x82e2,0x82e2,0x0000,0x0000,0x0000,0x0000,0x0000,0x0000,0x0000,0x0000,
		0x0000,0x0000,0x0000,0x0000,0x0000,0x0000,0x0000,0x0000,0x0000,0x0000,0x82e2,0x82e2,0x82e2,0x82e2,0x82e2,0x82e2,0x82e2,0x82e2,0x0000,0x0000,0x0000,0x0000,0x0000,0x0000,0x0000,0x0000,
		0x0000,0x0000,0x0000,0x0000,0x0000,0x0000,0x0000,0x0000,0x82e2,0x82e2,0xffee,0xef6a,0xef6a,0xed82,0xed82,0xed82,0xef6a,0xef6a,0x82e2,0x49a2,0x49a2,0x6a63,0x6a63,0x0000,0x0000,0x0000,
		0x0000,0x0000,0x0000,0x0000,0x0000,0x0000,0x0000,0x0000,0x0000,0x0000,0x82e2,0x3961,0x3961,0x3961,0x3961,0x3961,0xed82,0xed82,0xed82,0x8b24,0x8b24,0x28e1,0x28e1,0x0000,0x0000,0x0000,
		0x0000,0x0000,0x0000,0x0000,0x0000,0x0000,0x0000,0x0000,0x0000,0x0000,0x82e2,0x3961,0x3961,0x3961,0x3961,0x3961,0xed82,0xed82,0xed82,0x8b24,0x8b24,0x28e1,0x28e1,0x0000,0x0000,0x0000,
		0x0000,0x0000,0x0000,0x0000,0x0000,0x0000,0x0000,0x0000,0x0000,0x0000,0x0000,0x0000,0x0000,0x0000,0x0000,0x0000,0x49a2,0x49a2,0xef6a,0xed82,0xed82,0x3961,0x3961,0x0000,0x0000,0x0000,
		0x0000,0x0000,0x0000,0x0000,0x0000,0x0000,0x0000,0x0000,0x0000,0x0000,0x0000,0x0000,0x0000,0x0000,0x0000,0x0000,0x49a2,0x49a2,0xef6a,0xed82,0xed82,0x3961,0x3961,0x0000,0x0000,0x0000,
		0x0000,0x0000,0x0000,0x0000,0x0000,0x0000,0x0000,0x0000,0x0000,0x0000,0x0000,0x0000,0x0000,0x0000,0x0000,0x49a2,0x6a63,0x6a63,0x28e1,0xed82,0xed82,0xef6a,0xef6a,0x3961,0x0000,0x0000,
		0x0000,0x0000,0x0000,0x0000,0x0000,0x0000,0x0000,0x0000,0x0000,0x0000,0x0000,0x0000,0x0000,0x49a2,0x49a2,0x8b24,0x28e1,0x28e1,0x0000,0x3961,0x3961,0xed82,0xed82,0x3961,0x0000,0x0000,
		0x0000,0x0000,0x0000,0x0000,0x0000,0x0000,0x0000,0x0000,0x0000,0x0000,0x0000,0x0000,0x0000,0x49a2,0x49a2,0x8b24,0x28e1,0x28e1,0x0000,0x3961,0x3961,0xed82,0xed82,0x3961,0x0000,0x0000,
		0x0000,0x0000,0x0000,0x0000,0x0000,0x0000,0x0000,0x0000,0x0000,0x0000,0x0000,0x49a2,0x49a2,0x6a63,0x6a63,0x28e1,0x0000,0x0000,0x0000,0x3961,0x3961,0xed82,0xed82,0x3961,0x0000,0x0000,
		0x0000,0x0000,0x0000,0x0000,0x0000,0x0000,0x0000,0x0000,0x0000,0x0000,0x0000,0x49a2,0x49a2,0x6a63,0x6a63,0x28e1,0x0000,0x0000,0x0000,0x3961,0x3961,0xed82,0xed82,0x3961,0x0000,0x0000,
		0x0000,0x0000,0x0000,0x0000,0x0000,0x0000,0x0000,0x0000,0x0000,0x0000,0x49a2,0x8b24,0x8b24,0x28e1,0x28e1,0x0000,0x0000,0x0000,0x0000,0x3961,0x3961,0xef6a,0xef6a,0x3961,0x0000,0x0000,
		0x0000,0x0000,0x0000,0x0000,0x0000,0x0000,0x0000,0x0000,0x49a2,0x49a2,0x6a63,0x28e1,0x28e1,0x0000,0x0000,0x0000,0x0000,0x0000,0x0000,0x3961,0x3961,0xffee,0xffee,0x3961,0x0000,0x0000,
		0x0000,0x0000,0x0000,0x0000,0x0000,0x0000,0x0000,0x0000,0x49a2,0x49a2,0x6a63,0x28e1,0x28e1,0x0000,0x0000,0x0000,0x0000,0x0000,0x0000,0x3961,0x3961,0xffee,0xffee,0x3961,0x0000,0x0000,
		0x0000,0x0000,0x0000,0x0000,0x0000,0x0000,0x49a2,0x49a2,0x8b24,0x8b24,0x28e1,0x0000,0x0000,0x0000,0x0000,0x0000,0x0000,0x0000,0x0000,0x0000,0x0000,0x3961,0x3961,0x0000,0x0000,0x0000,
		0x0000,0x0000,0x0000,0x0000,0x0000,0x49a2,0x6a63,0x6a63,0x28e1,0x28e1,0x0000,0x0000,0x0000,0x0000,0x0000,0x0000,0x0000,0x0000,0x0000,0x0000,0x0000,0x0000,0x0000,0x0000,0x0000,0x0000,
		0x0000,0x0000,0x0000,0x0000,0x0000,0x49a2,0x6a63,0x6a63,0x28e1,0x28e1,0x0000,0x0000,0x0000,0x0000,0x0000,0x0000,0x0000,0x0000,0x0000,0x0000,0x0000,0x0000,0x0000,0x0000,0x0000,0x0000,
		0x0000,0x0000,0x0000,0x49a2,0x49a2,0x8b24,0x28e1,0x28e1,0x0000,0x0000,0x0000,0x0000,0x0000,0x0000,0x0000,0x0000,0x0000,0x0000,0x0000,0x0000,0x0000,0x0000,0x0000,0x0000,0x0000,0x0000,
		0x0000,0x0000,0x0000,0x49a2,0x49a2,0x8b24,0x28e1,0x28e1,0x0000,0x0000,0x0000,0x0000,0x0000,0x0000,0x0000,0x0000,0x0000,0x0000,0x0000,0x0000,0x0000,0x0000,0x0000,0x0000,0x0000,0x0000,
		0x0000,0x0000,0x0000,0x28e1,0x28e1,0x28e1,0x0000,0x0000,0x0000,0x0000,0x0000,0x0000,0x0000,0x0000,0x0000,0x0000,0x0000,0x0000,0x0000,0x0000,0x0000,0x0000,0x0000,0x0000,0x0000,0x0000,
		0x0000,0x0000,0x0000,0x0000,0x0000,0x0000,0x0000,0x0000,0x0000,0x0000,0x0000,0x0000,0x0000,0x0000,0x0000,0x0000,0x0000,0x0000,0x0000,0x0000,0x0000,0x0000,0x0000,0x0000,0x0000,0x0000,
		0x0000,0x0000,0x0000,0x0000,0x0000,0x0000,0x0000,0x0000,0x0000,0x0000,0x0000,0x0000,0x0000,0x0000,0x0000,0x0000,0x0000,0x0000,0x0000,0x0000,0x0000,0x0000,0x0000,0x0000,0x0000,0x0000
	},
    {//diamond pickaxe
		0x0000,0x0000,0x0000,0x0000,0x0000,0x0000,0x0000,0x0000,0x0000,0x0000,0x0000,0x0000,0x0000,0x0000,0x0000,0x0000,0x0000,0x0000,0x0000,0x0000,0x0000,0x0000,0x0000,0x0000,0x0000,0x0000,
		0x0000,0x0000,0x0000,0x0000,0x0000,0x0000,0x0000,0x0000,0x0000,0x0000,0x0000,0x0000,0x0000,0x0000,0x0000,0x0000,0x0000,0x0000,0x0000,0x0000,0x0000,0x0000,0x0000,0x0000,0x0000,0x0000,
		0x0000,0x0000,0x0000,0x0000,0x0000,0x0000,0x0000,0x0000,0x0000,0x0000,0x0000,0x0000,0x0000,0x0000,0x0000,0x0000,0x0000,0x0000,0x0000,0x0000,0x0000,0x0000,0x0000,0x0000,0x0000,0x0000,
		0x0000,0x0000,0x0000,0x0000,0x0000,0x0000,0x0000,0x0000,0x0000,0x0000,0x09e6,0x09e6,0x09e6,0x09e6,0x09e6,0x09e6,0x09e6,0x09e6,0x0000,0x0000,0x0000,0x0000,0x0000,0x0000,0x0000,0x0000,
		0x0000,0x0000,0x0000,0x0000,0x0000,0x0000,0x0000,0x0000,0x0000,0x0000,0x09e6,0x09e6,0x09e6,0x09e6,0x09e6,0x09e6,0x09e6,0x09e6,0x0000,0x0000,0x0000,0x0000,0x0000,0x0000,0x0000,0x0000,
		0x0000,0x0000,0x0000,0x0000,0x0000,0x0000,0x0000,0x0000,0x09e6,0x09e6,0x3759,0x2e35,0x2e35,0x2593,0x2593,0x2593,0x2e35,0x2e35,0x09e6,0x49a2,0x49a2,0x6a63,0x6a63,0x0000,0x0000,0x0000,
		0x0000,0x0000,0x0000,0x0000,0x0000,0x0000,0x0000,0x0000,0x0000,0x0000,0x09e6,0x0924,0x0924,0x0924,0x0924,0x0924,0x2593,0x2593,0x2593,0x8b24,0x8b24,0x28e1,0x28e1,0x0000,0x0000,0x0000,
		0x0000,0x0000,0x0000,0x0000,0x0000,0x0000,0x0000,0x0000,0x0000,0x0000,0x09e6,0x0924,0x0924,0x0924,0x0924,0x0924,0x2593,0x2593,0x2593,0x8b24,0x8b24,0x28e1,0x28e1,0x0000,0x0000,0x0000,
		0x0000,0x0000,0x0000,0x0000,0x0000,0x0000,0x0000,0x0000,0x0000,0x0000,0x0000,0x0000,0x0000,0x0000,0x0000,0x0000,0x49a2,0x49a2,0x2e35,0x2593,0x2593,0x0924,0x0924,0x0000,0x0000,0x0000,
		0x0000,0x0000,0x0000,0x0000,0x0000,0x0000,0x0000,0x0000,0x0000,0x0000,0x0000,0x0000,0x0000,0x0000,0x0000,0x0000,0x49a2,0x49a2,0x2e35,0x2593,0x2593,0x0924,0x0924,0x0000,0x0000,0x0000,
		0x0000,0x0000,0x0000,0x0000,0x0000,0x0000,0x0000,0x0000,0x0000,0x0000,0x0000,0x0000,0x0000,0x0000,0x0000,0x49a2,0x6a63,0x6a63,0x28e1,0x2593,0x2593,0x2e35,0x2e35,0x0924,0x0000,0x0000,
		0x0000,0x0000,0x0000,0x0000,0x0000,0x0000,0x0000,0x0000,0x0000,0x0000,0x0000,0x0000,0x0000,0x49a2,0x49a2,0x8b24,0x28e1,0x28e1,0x0000,0x0924,0x0924,0x2593,0x2593,0x0924,0x0000,0x0000,
		0x0000,0x0000,0x0000,0x0000,0x0000,0x0000,0x0000,0x0000,0x0000,0x0000,0x0000,0x0000,0x0000,0x49a2,0x49a2,0x8b24,0x28e1,0x28e1,0x0000,0x0924,0x0924,0x2593,0x2593,0x0924,0x0000,0x0000,
		0x0000,0x0000,0x0000,0x0000,0x0000,0x0000,0x0000,0x0000,0x0000,0x0000,0x0000,0x49a2,0x49a2,0x6a63,0x6a63,0x28e1,0x0000,0x0000,0x0000,0x0924,0x0924,0x2593,0x2593,0x0924,0x0000,0x0000,
		0x0000,0x0000,0x0000,0x0000,0x0000,0x0000,0x0000,0x0000,0x0000,0x0000,0x0000,0x49a2,0x49a2,0x6a63,0x6a63,0x28e1,0x0000,0x0000,0x0000,0x0924,0x0924,0x2593,0x2593,0x0924,0x0000,0x0000,
		0x0000,0x0000,0x0000,0x0000,0x0000,0x0000,0x0000,0x0000,0x0000,0x0000,0x49a2,0x8b24,0x8b24,0x28e1,0x28e1,0x0000,0x0000,0x0000,0x0000,0x0924,0x0924,0x2e35,0x2e35,0x0924,0x0000,0x0000,
		0x0000,0x0000,0x0000,0x0000,0x0000,0x0000,0x0000,0x0000,0x49a2,0x49a2,0x6a63,0x28e1,0x28e1,0x0000,0x0000,0x0000,0x0000,0x0000,0x0000,0x0924,0x0924,0x3759,0x3759,0x0924,0x0000,0x0000,
		0x0000,0x0000,0x0000,0x0000,0x0000,0x0000,0x0000,0x0000,0x49a2,0x49a2,0x6a63,0x28e1,0x28e1,0x0000,0x0000,0x0000,0x0000,0x0000,0x0000,0x0924,0x0924,0x3759,0x3759,0x0924,0x0000,0x0000,
		0x0000,0x0000,0x0000,0x0000,0x0000,0x0000,0x49a2,0x49a2,0x8b24,0x8b24,0x28e1,0x0000,0x0000,0x0000,0x0000,0x0000,0x0000,0x0000,0x0000,0x0000,0x0000,0x0924,0x0924,0x0000,0x0000,0x0000,
		0x0000,0x0000,0x0000,0x0000,0x0000,0x49a2,0x6a63,0x6a63,0x28e1,0x28e1,0x0000,0x0000,0x0000,0x0000,0x0000,0x0000,0x0000,0x0000,0x0000,0x0000,0x0000,0x0000,0x0000,0x0000,0x0000,0x0000,
		0x0000,0x0000,0x0000,0x0000,0x0000,0x49a2,0x6a63,0x6a63,0x28e1,0x28e1,0x0000,0x0000,0x0000,0x0000,0x0000,0x0000,0x0000,0x0000,0x0000,0x0000,0x0000,0x0000,0x0000,0x0000,0x0000,0x0000,
		0x0000,0x0000,0x0000,0x49a2,0x49a2,0x8b24,0x28e1,0x28e1,0x0000,0x0000,0x0000,0x0000,0x0000,0x0000,0x0000,0x0000,0x0000,0x0000,0x0000,0x0000,0x0000,0x0000,0x0000,0x0000,0x0000,0x0000,
		0x0000,0x0000,0x0000,0x49a2,0x49a2,0x8b24,0x28e1,0x28e1,0x0000,0x0000,0x0000,0x0000,0x0000,0x0000,0x0000,0x0000,0x0000,0x0000,0x0000,0x0000,0x0000,0x0000,0x0000,0x0000,0x0000,0x0000,
		0x0000,0x0000,0x0000,0x28e1,0x28e1,0x28e1,0x0000,0x0000,0x0000,0x0000,0x0000,0x0000,0x0000,0x0000,0x0000,0x0000,0x0000,0x0000,0x0000,0x0000,0x0000,0x0000,0x0000,0x0000,0x0000,0x0000,
		0x0000,0x0000,0x0000,0x0000,0x0000,0x0000,0x0000,0x0000,0x0000,0x0000,0x0000,0x0000,0x0000,0x0000,0x0000,0x0000,0x0000,0x0000,0x0000,0x0000,0x0000,0x0000,0x0000,0x0000,0x0000,0x0000,
		0x0000,0x0000,0x0000,0x0000,0x0000,0x0000,0x0000,0x0000,0x0000,0x0000,0x0000,0x0000,0x0000,0x0000,0x0000,0x0000,0x0000,0x0000,0x0000,0x0000,0x0000,0x0000,0x0000,0x0000,0x0000,0x0000
	},
    {//wooden axe
		0x0000,0x0000,0x0000,0x0000,0x0000,0x0000,0x0000,0x0000,0x0000,0x0000,0x0000,0x0000,0x0000,0x0000,0x0000,0x0000,0x0000,0x0000,0x0000,0x0000,0x0000,0x0000,0x0000,0x0000,0x0000,0x0000,
		0x0000,0x0000,0x0000,0x0000,0x0000,0x0000,0x0000,0x0000,0x0000,0x0000,0x0000,0x0000,0x0000,0x0000,0x0000,0x0000,0x0000,0x0000,0x0000,0x0000,0x0000,0x0000,0x0000,0x0000,0x0000,0x0000,
		0x0000,0x0000,0x0000,0x0000,0x0000,0x0000,0x0000,0x0000,0x0000,0x0000,0x0000,0x0000,0x0000,0x0000,0x0000,0x3142,0x3142,0x3142,0x0000,0x0000,0x0000,0x0000,0x0000,0x0000,0x0000,0x0000,
		0x0000,0x0000,0x0000,0x0000,0x0000,0x0000,0x0000,0x0000,0x0000,0x0000,0x0000,0x0000,0x0000,0x3142,0x3142,0x8324,0x8324,0x8324,0x3142,0x0000,0x0000,0x0000,0x0000,0x0000,0x0000,0x0000,
		0x0000,0x0000,0x0000,0x0000,0x0000,0x0000,0x0000,0x0000,0x0000,0x0000,0x0000,0x0000,0x0000,0x3142,0x3142,0x8324,0x8324,0x8324,0x3142,0x0000,0x0000,0x0000,0x0000,0x0000,0x0000,0x0000,
		0x0000,0x0000,0x0000,0x0000,0x0000,0x0000,0x0000,0x0000,0x0000,0x0000,0x0000,0x3142,0x3142,0x8324,0x8324,0x6a83,0x72c4,0x72c4,0x3142,0x0000,0x0000,0x0000,0x0000,0x0000,0x0000,0x0000,
		0x0000,0x0000,0x0000,0x0000,0x0000,0x0000,0x0000,0x0000,0x0000,0x0000,0x3142,0x8324,0x8324,0x6a83,0x6a83,0x6a83,0x6a83,0x6a83,0x49a2,0x6a63,0x6a63,0x0000,0x0000,0x0000,0x0000,0x0000,
		0x0000,0x0000,0x0000,0x0000,0x0000,0x0000,0x0000,0x0000,0x0000,0x0000,0x3142,0x8324,0x8324,0x6a83,0x6a83,0x6a83,0x6a83,0x6a83,0x49a2,0x6a63,0x6a63,0x0000,0x0000,0x0000,0x0000,0x0000,
		0x0000,0x0000,0x0000,0x0000,0x0000,0x0000,0x0000,0x0000,0x0000,0x0000,0x20c1,0x8324,0x8324,0x72c4,0x72c4,0x6a83,0x5a03,0x5a03,0x6a83,0x28e1,0x28e1,0x0000,0x0000,0x0000,0x0000,0x0000,
		0x0000,0x0000,0x0000,0x0000,0x0000,0x0000,0x0000,0x0000,0x0000,0x0000,0x20c1,0x8324,0x8324,0x72c4,0x72c4,0x6a83,0x5a03,0x5a03,0x6a83,0x28e1,0x28e1,0x0000,0x0000,0x0000,0x0000,0x0000,
		0x0000,0x0000,0x0000,0x0000,0x0000,0x0000,0x0000,0x0000,0x0000,0x0000,0x0000,0x20c1,0x20c1,0x20c1,0x20c1,0x49a2,0x6a83,0x6a83,0x5a03,0x6a83,0x6a83,0x20c1,0x20c1,0x0000,0x0000,0x0000,
		0x0000,0x0000,0x0000,0x0000,0x0000,0x0000,0x0000,0x0000,0x0000,0x0000,0x0000,0x0000,0x0000,0x49a2,0x49a2,0x6a63,0x28e1,0x28e1,0x6a83,0x6a83,0x6a83,0x20c1,0x20c1,0x0000,0x0000,0x0000,
		0x0000,0x0000,0x0000,0x0000,0x0000,0x0000,0x0000,0x0000,0x0000,0x0000,0x0000,0x0000,0x0000,0x49a2,0x49a2,0x6a63,0x28e1,0x28e1,0x6a83,0x6a83,0x6a83,0x20c1,0x20c1,0x0000,0x0000,0x0000,
		0x0000,0x0000,0x0000,0x0000,0x0000,0x0000,0x0000,0x0000,0x0000,0x0000,0x0000,0x49a2,0x49a2,0x8b24,0x8b24,0x28e1,0x0000,0x0000,0x20c1,0x20c1,0x20c1,0x0000,0x0000,0x0000,0x0000,0x0000,
		0x0000,0x0000,0x0000,0x0000,0x0000,0x0000,0x0000,0x0000,0x0000,0x0000,0x0000,0x49a2,0x49a2,0x8b24,0x8b24,0x28e1,0x0000,0x0000,0x20c1,0x20c1,0x20c1,0x0000,0x0000,0x0000,0x0000,0x0000,
		0x0000,0x0000,0x0000,0x0000,0x0000,0x0000,0x0000,0x0000,0x0000,0x0000,0x49a2,0x6a63,0x6a63,0x28e1,0x28e1,0x0000,0x0000,0x0000,0x0000,0x0000,0x0000,0x0000,0x0000,0x0000,0x0000,0x0000,
		0x0000,0x0000,0x0000,0x0000,0x0000,0x0000,0x0000,0x0000,0x49a2,0x49a2,0x6a63,0x28e1,0x28e1,0x0000,0x0000,0x0000,0x0000,0x0000,0x0000,0x0000,0x0000,0x0000,0x0000,0x0000,0x0000,0x0000,
		0x0000,0x0000,0x0000,0x0000,0x0000,0x0000,0x0000,0x0000,0x49a2,0x49a2,0x6a63,0x28e1,0x28e1,0x0000,0x0000,0x0000,0x0000,0x0000,0x0000,0x0000,0x0000,0x0000,0x0000,0x0000,0x0000,0x0000,
		0x0000,0x0000,0x0000,0x0000,0x0000,0x0000,0x49a2,0x49a2,0x8b24,0x8b24,0x28e1,0x0000,0x0000,0x0000,0x0000,0x0000,0x0000,0x0000,0x0000,0x0000,0x0000,0x0000,0x0000,0x0000,0x0000,0x0000,
		0x0000,0x0000,0x0000,0x0000,0x0000,0x49a2,0x6a63,0x6a63,0x28e1,0x28e1,0x0000,0x0000,0x0000,0x0000,0x0000,0x0000,0x0000,0x0000,0x0000,0x0000,0x0000,0x0000,0x0000,0x0000,0x0000,0x0000,
		0x0000,0x0000,0x0000,0x0000,0x0000,0x49a2,0x6a63,0x6a63,0x28e1,0x28e1,0x0000,0x0000,0x0000,0x0000,0x0000,0x0000,0x0000,0x0000,0x0000,0x0000,0x0000,0x0000,0x0000,0x0000,0x0000,0x0000,
		0x0000,0x0000,0x0000,0x49a2,0x49a2,0x8b24,0x28e1,0x28e1,0x0000,0x0000,0x0000,0x0000,0x0000,0x0000,0x0000,0x0000,0x0000,0x0000,0x0000,0x0000,0x0000,0x0000,0x0000,0x0000,0x0000,0x0000,
		0x0000,0x0000,0x0000,0x49a2,0x49a2,0x8b24,0x28e1,0x28e1,0x0000,0x0000,0x0000,0x0000,0x0000,0x0000,0x0000,0x0000,0x0000,0x0000,0x0000,0x0000,0x0000,0x0000,0x0000,0x0000,0x0000,0x0000,
		0x0000,0x0000,0x0000,0x28e1,0x28e1,0x28e1,0x0000,0x0000,0x0000,0x0000,0x0000,0x0000,0x0000,0x0000,0x0000,0x0000,0x0000,0x0000,0x0000,0x0000,0x0000,0x0000,0x0000,0x0000,0x0000,0x0000,
		0x0000,0x0000,0x0000,0x0000,0x0000,0x0000,0x0000,0x0000,0x0000,0x0000,0x0000,0x0000,0x0000,0x0000,0x0000,0x0000,0x0000,0x0000,0x0000,0x0000,0x0000,0x0000,0x0000,0x0000,0x0000,0x0000,
		0x0000,0x0000,0x0000,0x0000,0x0000,0x0000,0x0000,0x0000,0x0000,0x0000,0x0000,0x0000,0x0000,0x0000,0x0000,0x0000,0x0000,0x0000,0x0000,0x0000,0x0000,0x0000,0x0000,0x0000,0x0000,0x0000
	},
    {//stone axe
		0x0000,0x0000,0x0000,0x0000,0x0000,0x0000,0x0000,0x0000,0x0000,0x0000,0x0000,0x0000,0x0000,0x0000,0x0000,0x0000,0x0000,0x0000,0x0000,0x0000,0x0000,0x0000,0x0000,0x0000,0x0000,0x0000,
		0x0000,0x0000,0x0000,0x0000,0x0000,0x0000,0x0000,0x0000,0x0000,0x0000,0x0000,0x0000,0x0000,0x0000,0x0000,0x0000,0x0000,0x0000,0x0000,0x0000,0x0000,0x0000,0x0000,0x0000,0x0000,0x0000,
		0x0000,0x0000,0x0000,0x0000,0x0000,0x0000,0x0000,0x0000,0x0000,0x0000,0x0000,0x0000,0x0000,0x0000,0x0000,0x4a49,0x4a49,0x4a49,0x0000,0x0000,0x0000,0x0000,0x0000,0x0000,0x0000,0x0000,
		0x0000,0x0000,0x0000,0x0000,0x0000,0x0000,0x0000,0x0000,0x0000,0x0000,0x0000,0x0000,0x0000,0x4a49,0x4a49,0x9cd3,0x9cd3,0x9cd3,0x4a49,0x0000,0x0000,0x0000,0x0000,0x0000,0x0000,0x0000,
		0x0000,0x0000,0x0000,0x0000,0x0000,0x0000,0x0000,0x0000,0x0000,0x0000,0x0000,0x0000,0x0000,0x4a49,0x4a49,0x9cd3,0x9cd3,0x9cd3,0x4a49,0x0000,0x0000,0x0000,0x0000,0x0000,0x0000,0x0000,
		0x0000,0x0000,0x0000,0x0000,0x0000,0x0000,0x0000,0x0000,0x0000,0x0000,0x0000,0x4a49,0x4a49,0x9cd3,0x9cd3,0x7bef,0x8c51,0x8c51,0x4a49,0x0000,0x0000,0x0000,0x0000,0x0000,0x0000,0x0000,
		0x0000,0x0000,0x0000,0x0000,0x0000,0x0000,0x0000,0x0000,0x0000,0x0000,0x4a49,0x9cd3,0x9cd3,0x7bef,0x7bef,0x7bef,0x7bef,0x7bef,0x49a2,0x6a63,0x6a63,0x0000,0x0000,0x0000,0x0000,0x0000,
		0x0000,0x0000,0x0000,0x0000,0x0000,0x0000,0x0000,0x0000,0x0000,0x0000,0x4a49,0x9cd3,0x9cd3,0x7bef,0x7bef,0x7bef,0x7bef,0x7bef,0x49a2,0x6a63,0x6a63,0x0000,0x0000,0x0000,0x0000,0x0000,
		0x0000,0x0000,0x0000,0x0000,0x0000,0x0000,0x0000,0x0000,0x0000,0x0000,0x18c3,0x9cd3,0x9cd3,0x8c51,0x8c51,0x7bef,0x6b6d,0x6b6d,0x7bef,0x28e1,0x28e1,0x0000,0x0000,0x0000,0x0000,0x0000,
		0x0000,0x0000,0x0000,0x0000,0x0000,0x0000,0x0000,0x0000,0x0000,0x0000,0x18c3,0x9cd3,0x9cd3,0x8c51,0x8c51,0x7bef,0x6b6d,0x6b6d,0x7bef,0x28e1,0x28e1,0x0000,0x0000,0x0000,0x0000,0x0000,
		0x0000,0x0000,0x0000,0x0000,0x0000,0x0000,0x0000,0x0000,0x0000,0x0000,0x0000,0x18c3,0x18c3,0x18c3,0x18c3,0x49a2,0x7bef,0x7bef,0x6b6d,0x7bef,0x7bef,0x18c3,0x18c3,0x0000,0x0000,0x0000,
		0x0000,0x0000,0x0000,0x0000,0x0000,0x0000,0x0000,0x0000,0x0000,0x0000,0x0000,0x0000,0x0000,0x49a2,0x49a2,0x6a63,0x28e1,0x28e1,0x7bef,0x7bef,0x7bef,0x18c3,0x18c3,0x0000,0x0000,0x0000,
		0x0000,0x0000,0x0000,0x0000,0x0000,0x0000,0x0000,0x0000,0x0000,0x0000,0x0000,0x0000,0x0000,0x49a2,0x49a2,0x6a63,0x28e1,0x28e1,0x7bef,0x7bef,0x7bef,0x18c3,0x18c3,0x0000,0x0000,0x0000,
		0x0000,0x0000,0x0000,0x0000,0x0000,0x0000,0x0000,0x0000,0x0000,0x0000,0x0000,0x49a2,0x49a2,0x8b24,0x8b24,0x28e1,0x0000,0x0000,0x18c3,0x18c3,0x18c3,0x0000,0x0000,0x0000,0x0000,0x0000,
		0x0000,0x0000,0x0000,0x0000,0x0000,0x0000,0x0000,0x0000,0x0000,0x0000,0x0000,0x49a2,0x49a2,0x8b24,0x8b24,0x28e1,0x0000,0x0000,0x18c3,0x18c3,0x18c3,0x0000,0x0000,0x0000,0x0000,0x0000,
		0x0000,0x0000,0x0000,0x0000,0x0000,0x0000,0x0000,0x0000,0x0000,0x0000,0x49a2,0x6a63,0x6a63,0x28e1,0x28e1,0x0000,0x0000,0x0000,0x0000,0x0000,0x0000,0x0000,0x0000,0x0000,0x0000,0x0000,
		0x0000,0x0000,0x0000,0x0000,0x0000,0x0000,0x0000,0x0000,0x49a2,0x49a2,0x6a63,0x28e1,0x28e1,0x0000,0x0000,0x0000,0x0000,0x0000,0x0000,0x0000,0x0000,0x0000,0x0000,0x0000,0x0000,0x0000,
		0x0000,0x0000,0x0000,0x0000,0x0000,0x0000,0x0000,0x0000,0x49a2,0x49a2,0x6a63,0x28e1,0x28e1,0x0000,0x0000,0x0000,0x0000,0x0000,0x0000,0x0000,0x0000,0x0000,0x0000,0x0000,0x0000,0x0000,
		0x0000,0x0000,0x0000,0x0000,0x0000,0x0000,0x49a2,0x49a2,0x8b24,0x8b24,0x28e1,0x0000,0x0000,0x0000,0x0000,0x0000,0x0000,0x0000,0x0000,0x0000,0x0000,0x0000,0x0000,0x0000,0x0000,0x0000,
		0x0000,0x0000,0x0000,0x0000,0x0000,0x49a2,0x6a63,0x6a63,0x28e1,0x28e1,0x0000,0x0000,0x0000,0x0000,0x0000,0x0000,0x0000,0x0000,0x0000,0x0000,0x0000,0x0000,0x0000,0x0000,0x0000,0x0000,
		0x0000,0x0000,0x0000,0x0000,0x0000,0x49a2,0x6a63,0x6a63,0x28e1,0x28e1,0x0000,0x0000,0x0000,0x0000,0x0000,0x0000,0x0000,0x0000,0x0000,0x0000,0x0000,0x0000,0x0000,0x0000,0x0000,0x0000,
		0x0000,0x0000,0x0000,0x49a2,0x49a2,0x8b24,0x28e1,0x28e1,0x0000,0x0000,0x0000,0x0000,0x0000,0x0000,0x0000,0x0000,0x0000,0x0000,0x0000,0x0000,0x0000,0x0000,0x0000,0x0000,0x0000,0x0000,
		0x0000,0x0000,0x0000,0x49a2,0x49a2,0x8b24,0x28e1,0x28e1,0x0000,0x0000,0x0000,0x0000,0x0000,0x0000,0x0000,0x0000,0x0000,0x0000,0x0000,0x0000,0x0000,0x0000,0x0000,0x0000,0x0000,0x0000,
		0x0000,0x0000,0x0000,0x28e1,0x28e1,0x28e1,0x0000,0x0000,0x0000,0x0000,0x0000,0x0000,0x0000,0x0000,0x0000,0x0000,0x0000,0x0000,0x0000,0x0000,0x0000,0x0000,0x0000,0x0000,0x0000,0x0000,
		0x0000,0x0000,0x0000,0x0000,0x0000,0x0000,0x0000,0x0000,0x0000,0x0000,0x0000,0x0000,0x0000,0x0000,0x0000,0x0000,0x0000,0x0000,0x0000,0x0000,0x0000,0x0000,0x0000,0x0000,0x0000,0x0000,
		0x0000,0x0000,0x0000,0x0000,0x0000,0x0000,0x0000,0x0000,0x0000,0x0000,0x0000,0x0000,0x0000,0x0000,0x0000,0x0000,0x0000,0x0000,0x0000,0x0000,0x0000,0x0000,0x0000,0x0000,0x0000,0x0000
	},
    {//iron axe
		0x0000,0x0000,0x0000,0x0000,0x0000,0x0000,0x0000,0x0000,0x0000,0x0000,0x0000,0x0000,0x0000,0x0000,0x0000,0x0000,0x0000,0x0000,0x0000,0x0000,0x0000,0x0000,0x0000,0x0000,0x0000,0x0000,
		0x0000,0x0000,0x0000,0x0000,0x0000,0x0000,0x0000,0x0000,0x0000,0x0000,0x0000,0x0000,0x0000,0x0000,0x0000,0x0000,0x0000,0x0000,0x0000,0x0000,0x0000,0x0000,0x0000,0x0000,0x0000,0x0000,
		0x0000,0x0000,0x0000,0x0000,0x0000,0x0000,0x0000,0x0000,0x0000,0x0000,0x0000,0x0000,0x0000,0x0000,0x0000,0x4228,0x4228,0x4228,0x0000,0x0000,0x0000,0x0000,0x0000,0x0000,0x0000,0x0000,
		0x0000,0x0000,0x0000,0x0000,0x0000,0x0000,0x0000,0x0000,0x0000,0x0000,0x0000,0x0000,0x0000,0x4228,0x4228,0xffff,0xffff,0xffff,0x4228,0x0000,0x0000,0x0000,0x0000,0x0000,0x0000,0x0000,
		0x0000,0x0000,0x0000,0x0000,0x0000,0x0000,0x0000,0x0000,0x0000,0x0000,0x0000,0x0000,0x0000,0x4228,0x4228,0xffff,0xffff,0xffff,0x4228,0x0000,0x0000,0x0000,0x0000,0x0000,0x0000,0x0000,
		0x0000,0x0000,0x0000,0x0000,0x0000,0x0000,0x0000,0x0000,0x0000,0x0000,0x0000,0x4228,0x4228,0xffff,0xffff,0xc618,0xdedb,0xdedb,0x4228,0x0000,0x0000,0x0000,0x0000,0x0000,0x0000,0x0000,
		0x0000,0x0000,0x0000,0x0000,0x0000,0x0000,0x0000,0x0000,0x0000,0x0000,0x4228,0xffff,0xffff,0xc618,0xc618,0xc618,0xc618,0xc618,0x49a2,0x6a63,0x6a63,0x0000,0x0000,0x0000,0x0000,0x0000,
		0x0000,0x0000,0x0000,0x0000,0x0000,0x0000,0x0000,0x0000,0x0000,0x0000,0x4228,0xffff,0xffff,0xc618,0xc618,0xc618,0xc618,0xc618,0x49a2,0x6a63,0x6a63,0x0000,0x0000,0x0000,0x0000,0x0000,
		0x0000,0x0000,0x0000,0x0000,0x0000,0x0000,0x0000,0x0000,0x0000,0x0000,0x18c3,0xffff,0xffff,0xdedb,0xdedb,0xc618,0x94b2,0x94b2,0xc618,0x28e1,0x28e1,0x0000,0x0000,0x0000,0x0000,0x0000,
		0x0000,0x0000,0x0000,0x0000,0x0000,0x0000,0x0000,0x0000,0x0000,0x0000,0x18c3,0xffff,0xffff,0xdedb,0xdedb,0xc618,0x94b2,0x94b2,0xc618,0x28e1,0x28e1,0x0000,0x0000,0x0000,0x0000,0x0000,
		0x0000,0x0000,0x0000,0x0000,0x0000,0x0000,0x0000,0x0000,0x0000,0x0000,0x0000,0x18c3,0x18c3,0x18c3,0x18c3,0x49a2,0xc618,0xc618,0x94b2,0xc618,0xc618,0x18c3,0x18c3,0x0000,0x0000,0x0000,
		0x0000,0x0000,0x0000,0x0000,0x0000,0x0000,0x0000,0x0000,0x0000,0x0000,0x0000,0x0000,0x0000,0x49a2,0x49a2,0x6a63,0x28e1,0x28e1,0xc618,0xc618,0xc618,0x18c3,0x18c3,0x0000,0x0000,0x0000,
		0x0000,0x0000,0x0000,0x0000,0x0000,0x0000,0x0000,0x0000,0x0000,0x0000,0x0000,0x0000,0x0000,0x49a2,0x49a2,0x6a63,0x28e1,0x28e1,0xc618,0xc618,0xc618,0x18c3,0x18c3,0x0000,0x0000,0x0000,
		0x0000,0x0000,0x0000,0x0000,0x0000,0x0000,0x0000,0x0000,0x0000,0x0000,0x0000,0x49a2,0x49a2,0x8b24,0x8b24,0x28e1,0x0000,0x0000,0x18c3,0x18c3,0x18c3,0x0000,0x0000,0x0000,0x0000,0x0000,
		0x0000,0x0000,0x0000,0x0000,0x0000,0x0000,0x0000,0x0000,0x0000,0x0000,0x0000,0x49a2,0x49a2,0x8b24,0x8b24,0x28e1,0x0000,0x0000,0x18c3,0x18c3,0x18c3,0x0000,0x0000,0x0000,0x0000,0x0000,
		0x0000,0x0000,0x0000,0x0000,0x0000,0x0000,0x0000,0x0000,0x0000,0x0000,0x49a2,0x6a63,0x6a63,0x28e1,0x28e1,0x0000,0x0000,0x0000,0x0000,0x0000,0x0000,0x0000,0x0000,0x0000,0x0000,0x0000,
		0x0000,0x0000,0x0000,0x0000,0x0000,0x0000,0x0000,0x0000,0x49a2,0x49a2,0x6a63,0x28e1,0x28e1,0x0000,0x0000,0x0000,0x0000,0x0000,0x0000,0x0000,0x0000,0x0000,0x0000,0x0000,0x0000,0x0000,
		0x0000,0x0000,0x0000,0x0000,0x0000,0x0000,0x0000,0x0000,0x49a2,0x49a2,0x6a63,0x28e1,0x28e1,0x0000,0x0000,0x0000,0x0000,0x0000,0x0000,0x0000,0x0000,0x0000,0x0000,0x0000,0x0000,0x0000,
		0x0000,0x0000,0x0000,0x0000,0x0000,0x0000,0x49a2,0x49a2,0x8b24,0x8b24,0x28e1,0x0000,0x0000,0x0000,0x0000,0x0000,0x0000,0x0000,0x0000,0x0000,0x0000,0x0000,0x0000,0x0000,0x0000,0x0000,
		0x0000,0x0000,0x0000,0x0000,0x0000,0x49a2,0x6a63,0x6a63,0x28e1,0x28e1,0x0000,0x0000,0x0000,0x0000,0x0000,0x0000,0x0000,0x0000,0x0000,0x0000,0x0000,0x0000,0x0000,0x0000,0x0000,0x0000,
		0x0000,0x0000,0x0000,0x0000,0x0000,0x49a2,0x6a63,0x6a63,0x28e1,0x28e1,0x0000,0x0000,0x0000,0x0000,0x0000,0x0000,0x0000,0x0000,0x0000,0x0000,0x0000,0x0000,0x0000,0x0000,0x0000,0x0000,
		0x0000,0x0000,0x0000,0x49a2,0x49a2,0x8b24,0x28e1,0x28e1,0x0000,0x0000,0x0000,0x0000,0x0000,0x0000,0x0000,0x0000,0x0000,0x0000,0x0000,0x0000,0x0000,0x0000,0x0000,0x0000,0x0000,0x0000,
		0x0000,0x0000,0x0000,0x49a2,0x49a2,0x8b24,0x28e1,0x28e1,0x0000,0x0000,0x0000,0x0000,0x0000,0x0000,0x0000,0x0000,0x0000,0x0000,0x0000,0x0000,0x0000,0x0000,0x0000,0x0000,0x0000,0x0000,
		0x0000,0x0000,0x0000,0x28e1,0x28e1,0x28e1,0x0000,0x0000,0x0000,0x0000,0x0000,0x0000,0x0000,0x0000,0x0000,0x0000,0x0000,0x0000,0x0000,0x0000,0x0000,0x0000,0x0000,0x0000,0x0000,0x0000,
		0x0000,0x0000,0x0000,0x0000,0x0000,0x0000,0x0000,0x0000,0x0000,0x0000,0x0000,0x0000,0x0000,0x0000,0x0000,0x0000,0x0000,0x0000,0x0000,0x0000,0x0000,0x0000,0x0000,0x0000,0x0000,0x0000,
		0x0000,0x0000,0x0000,0x0000,0x0000,0x0000,0x0000,0x0000,0x0000,0x0000,0x0000,0x0000,0x0000,0x0000,0x0000,0x0000,0x0000,0x0000,0x0000,0x0000,0x0000,0x0000,0x0000,0x0000,0x0000,0x0000
	},
    {//golden axe
		0x0000,0x0000,0x0000,0x0000,0x0000,0x0000,0x0000,0x0000,0x0000,0x0000,0x0000,0x0000,0x0000,0x0000,0x0000,0x0000,0x0000,0x0000,0x0000,0x0000,0x0000,0x0000,0x0000,0x0000,0x0000,0x0000,
		0x0000,0x0000,0x0000,0x0000,0x0000,0x0000,0x0000,0x0000,0x0000,0x0000,0x0000,0x0000,0x0000,0x0000,0x0000,0x0000,0x0000,0x0000,0x0000,0x0000,0x0000,0x0000,0x0000,0x0000,0x0000,0x0000,
		0x0000,0x0000,0x0000,0x0000,0x0000,0x0000,0x0000,0x0000,0x0000,0x0000,0x0000,0x0000,0x0000,0x0000,0x0000,0x82e2,0x82e2,0x82e2,0x0000,0x0000,0x0000,0x0000,0x0000,0x0000,0x0000,0x0000,
		0x0000,0x0000,0x0000,0x0000,0x0000,0x0000,0x0000,0x0000,0x0000,0x0000,0x0000,0x0000,0x0000,0x82e2,0x82e2,0xffee,0xffee,0xffee,0x82e2,0x0000,0x0000,0x0000,0x0000,0x0000,0x0000,0x0000,
		0x0000,0x0000,0x0000,0x0000,0x0000,0x0000,0x0000,0x0000,0x0000,0x0000,0x0000,0x0000,0x0000,0x82e2,0x82e2,0xffee,0xffee,0xffee,0x82e2,0x0000,0x0000,0x0000,0x0000,0x0000,0x0000,0x0000,
		0x0000,0x0000,0x0000,0x0000,0x0000,0x0000,0x0000,0x0000,0x0000,0x0000,0x0000,0x82e2,0x82e2,0xffee,0xffee,0xed82,0xef6a,0xef6a,0x82e2,0x0000,0x0000,0x0000,0x0000,0x0000,0x0000,0x0000,
		0x0000,0x0000,0x0000,0x0000,0x0000,0x0000,0x0000,0x0000,0x0000,0x0000,0x82e2,0xffee,0xffee,0xed82,0xed82,0xed82,0xed82,0xed82,0x49a2,0x6a63,0x6a63,0x0000,0x0000,0x0000,0x0000,0x0000,
		0x0000,0x0000,0x0000,0x0000,0x0000,0x0000,0x0000,0x0000,0x0000,0x0000,0x82e2,0xffee,0xffee,0xed82,0xed82,0xed82,0xed82,0xed82,0x49a2,0x6a63,0x6a63,0x0000,0x0000,0x0000,0x0000,0x0000,
		0x0000,0x0000,0x0000,0x0000,0x0000,0x0000,0x0000,0x0000,0x0000,0x0000,0x3961,0xffee,0xffee,0xef6a,0xef6a,0xed82,0xdca2,0xdca2,0xed82,0x28e1,0x28e1,0x0000,0x0000,0x0000,0x0000,0x0000,
		0x0000,0x0000,0x0000,0x0000,0x0000,0x0000,0x0000,0x0000,0x0000,0x0000,0x3961,0xffee,0xffee,0xef6a,0xef6a,0xed82,0xdca2,0xdca2,0xed82,0x28e1,0x28e1,0x0000,0x0000,0x0000,0x0000,0x0000,
		0x0000,0x0000,0x0000,0x0000,0x0000,0x0000,0x0000,0x0000,0x0000,0x0000,0x0000,0x3961,0x3961,0x3961,0x3961,0x49a2,0xed82,0xed82,0xdca2,0xed82,0xed82,0x3961,0x3961,0x0000,0x0000,0x0000,
		0x0000,0x0000,0x0000,0x0000,0x0000,0x0000,0x0000,0x0000,0x0000,0x0000,0x0000,0x0000,0x0000,0x49a2,0x49a2,0x6a63,0x28e1,0x28e1,0xed82,0xed82,0xed82,0x3961,0x3961,0x0000,0x0000,0x0000,
		0x0000,0x0000,0x0000,0x0000,0x0000,0x0000,0x0000,0x0000,0x0000,0x0000,0x0000,0x0000,0x0000,0x49a2,0x49a2,0x6a63,0x28e1,0x28e1,0xed82,0xed82,0xed82,0x3961,0x3961,0x0000,0x0000,0x0000,
		0x0000,0x0000,0x0000,0x0000,0x0000,0x0000,0x0000,0x0000,0x0000,0x0000,0x0000,0x49a2,0x49a2,0x8b24,0x8b24,0x28e1,0x0000,0x0000,0x3961,0x3961,0x3961,0x0000,0x0000,0x0000,0x0000,0x0000,
		0x0000,0x0000,0x0000,0x0000,0x0000,0x0000,0x0000,0x0000,0x0000,0x0000,0x0000,0x49a2,0x49a2,0x8b24,0x8b24,0x28e1,0x0000,0x0000,0x3961,0x3961,0x3961,0x0000,0x0000,0x0000,0x0000,0x0000,
		0x0000,0x0000,0x0000,0x0000,0x0000,0x0000,0x0000,0x0000,0x0000,0x0000,0x49a2,0x6a63,0x6a63,0x28e1,0x28e1,0x0000,0x0000,0x0000,0x0000,0x0000,0x0000,0x0000,0x0000,0x0000,0x0000,0x0000,
		0x0000,0x0000,0x0000,0x0000,0x0000,0x0000,0x0000,0x0000,0x49a2,0x49a2,0x6a63,0x28e1,0x28e1,0x0000,0x0000,0x0000,0x0000,0x0000,0x0000,0x0000,0x0000,0x0000,0x0000,0x0000,0x0000,0x0000,
		0x0000,0x0000,0x0000,0x0000,0x0000,0x0000,0x0000,0x0000,0x49a2,0x49a2,0x6a63,0x28e1,0x28e1,0x0000,0x0000,0x0000,0x0000,0x0000,0x0000,0x0000,0x0000,0x0000,0x0000,0x0000,0x0000,0x0000,
		0x0000,0x0000,0x0000,0x0000,0x0000,0x0000,0x49a2,0x49a2,0x8b24,0x8b24,0x28e1,0x0000,0x0000,0x0000,0x0000,0x0000,0x0000,0x0000,0x0000,0x0000,0x0000,0x0000,0x0000,0x0000,0x0000,0x0000,
		0x0000,0x0000,0x0000,0x0000,0x0000,0x49a2,0x6a63,0x6a63,0x28e1,0x28e1,0x0000,0x0000,0x0000,0x0000,0x0000,0x0000,0x0000,0x0000,0x0000,0x0000,0x0000,0x0000,0x0000,0x0000,0x0000,0x0000,
		0x0000,0x0000,0x0000,0x0000,0x0000,0x49a2,0x6a63,0x6a63,0x28e1,0x28e1,0x0000,0x0000,0x0000,0x0000,0x0000,0x0000,0x0000,0x0000,0x0000,0x0000,0x0000,0x0000,0x0000,0x0000,0x0000,0x0000,
		0x0000,0x0000,0x0000,0x49a2,0x49a2,0x8b24,0x28e1,0x28e1,0x0000,0x0000,0x0000,0x0000,0x0000,0x0000,0x0000,0x0000,0x0000,0x0000,0x0000,0x0000,0x0000,0x0000,0x0000,0x0000,0x0000,0x0000,
		0x0000,0x0000,0x0000,0x49a2,0x49a2,0x8b24,0x28e1,0x28e1,0x0000,0x0000,0x0000,0x0000,0x0000,0x0000,0x0000,0x0000,0x0000,0x0000,0x0000,0x0000,0x0000,0x0000,0x0000,0x0000,0x0000,0x0000,
		0x0000,0x0000,0x0000,0x28e1,0x28e1,0x28e1,0x0000,0x0000,0x0000,0x0000,0x0000,0x0000,0x0000,0x0000,0x0000,0x0000,0x0000,0x0000,0x0000,0x0000,0x0000,0x0000,0x0000,0x0000,0x0000,0x0000,
		0x0000,0x0000,0x0000,0x0000,0x0000,0x0000,0x0000,0x0000,0x0000,0x0000,0x0000,0x0000,0x0000,0x0000,0x0000,0x0000,0x0000,0x0000,0x0000,0x0000,0x0000,0x0000,0x0000,0x0000,0x0000,0x0000,
		0x0000,0x0000,0x0000,0x0000,0x0000,0x0000,0x0000,0x0000,0x0000,0x0000,0x0000,0x0000,0x0000,0x0000,0x0000,0x0000,0x0000,0x0000,0x0000,0x0000,0x0000,0x0000,0x0000,0x0000,0x0000,0x0000
	},
    {//diamond axe
		0x0000,0x0000,0x0000,0x0000,0x0000,0x0000,0x0000,0x0000,0x0000,0x0000,0x0000,0x0000,0x0000,0x0000,0x0000,0x0000,0x0000,0x0000,0x0000,0x0000,0x0000,0x0000,0x0000,0x0000,0x0000,0x0000,
		0x0000,0x0000,0x0000,0x0000,0x0000,0x0000,0x0000,0x0000,0x0000,0x0000,0x0000,0x0000,0x0000,0x0000,0x0000,0x0000,0x0000,0x0000,0x0000,0x0000,0x0000,0x0000,0x0000,0x0000,0x0000,0x0000,
		0x0000,0x0000,0x0000,0x0000,0x0000,0x0000,0x0000,0x0000,0x0000,0x0000,0x0000,0x0000,0x0000,0x0000,0x0000,0x09e6,0x09e6,0x09e6,0x0000,0x0000,0x0000,0x0000,0x0000,0x0000,0x0000,0x0000,
		0x0000,0x0000,0x0000,0x0000,0x0000,0x0000,0x0000,0x0000,0x0000,0x0000,0x0000,0x0000,0x0000,0x09e6,0x09e6,0x3759,0x3759,0x3759,0x09e6,0x0000,0x0000,0x0000,0x0000,0x0000,0x0000,0x0000,
		0x0000,0x0000,0x0000,0x0000,0x0000,0x0000,0x0000,0x0000,0x0000,0x0000,0x0000,0x0000,0x0000,0x09e6,0x09e6,0x3759,0x3759,0x3759,0x09e6,0x0000,0x0000,0x0000,0x0000,0x0000,0x0000,0x0000,
		0x0000,0x0000,0x0000,0x0000,0x0000,0x0000,0x0000,0x0000,0x0000,0x0000,0x0000,0x09e6,0x09e6,0x3759,0x3759,0x2593,0x2e35,0x2e35,0x09e6,0x0000,0x0000,0x0000,0x0000,0x0000,0x0000,0x0000,
		0x0000,0x0000,0x0000,0x0000,0x0000,0x0000,0x0000,0x0000,0x0000,0x0000,0x09e6,0x3759,0x3759,0x2593,0x2593,0x2593,0x2593,0x2593,0x49a2,0x6a63,0x6a63,0x0000,0x0000,0x0000,0x0000,0x0000,
		0x0000,0x0000,0x0000,0x0000,0x0000,0x0000,0x0000,0x0000,0x0000,0x0000,0x09e6,0x3759,0x3759,0x2593,0x2593,0x2593,0x2593,0x2593,0x49a2,0x6a63,0x6a63,0x0000,0x0000,0x0000,0x0000,0x0000,
		0x0000,0x0000,0x0000,0x0000,0x0000,0x0000,0x0000,0x0000,0x0000,0x0000,0x0924,0x3759,0x3759,0x2e35,0x2e35,0x2593,0x1c4e,0x1c4e,0x2593,0x28e1,0x28e1,0x0000,0x0000,0x0000,0x0000,0x0000,
		0x0000,0x0000,0x0000,0x0000,0x0000,0x0000,0x0000,0x0000,0x0000,0x0000,0x0924,0x3759,0x3759,0x2e35,0x2e35,0x2593,0x1c4e,0x1c4e,0x2593,0x28e1,0x28e1,0x0000,0x0000,0x0000,0x0000,0x0000,
		0x0000,0x0000,0x0000,0x0000,0x0000,0x0000,0x0000,0x0000,0x0000,0x0000,0x0000,0x0924,0x0924,0x0924,0x0924,0x49a2,0x2593,0x2593,0x1c4e,0x2593,0x2593,0x0924,0x0924,0x0000,0x0000,0x0000,
		0x0000,0x0000,0x0000,0x0000,0x0000,0x0000,0x0000,0x0000,0x0000,0x0000,0x0000,0x0000,0x0000,0x49a2,0x49a2,0x6a63,0x28e1,0x28e1,0x2593,0x2593,0x2593,0x0924,0x0924,0x0000,0x0000,0x0000,
		0x0000,0x0000,0x0000,0x0000,0x0000,0x0000,0x0000,0x0000,0x0000,0x0000,0x0000,0x0000,0x0000,0x49a2,0x49a2,0x6a63,0x28e1,0x28e1,0x2593,0x2593,0x2593,0x0924,0x0924,0x0000,0x0000,0x0000,
		0x0000,0x0000,0x0000,0x0000,0x0000,0x0000,0x0000,0x0000,0x0000,0x0000,0x0000,0x49a2,0x49a2,0x8b24,0x8b24,0x28e1,0x0000,0x0000,0x0924,0x0924,0x0924,0x0000,0x0000,0x0000,0x0000,0x0000,
		0x0000,0x0000,0x0000,0x0000,0x0000,0x0000,0x0000,0x0000,0x0000,0x0000,0x0000,0x49a2,0x49a2,0x8b24,0x8b24,0x28e1,0x0000,0x0000,0x0924,0x0924,0x0924,0x0000,0x0000,0x0000,0x0000,0x0000,
		0x0000,0x0000,0x0000,0x0000,0x0000,0x0000,0x0000,0x0000,0x0000,0x0000,0x49a2,0x6a63,0x6a63,0x28e1,0x28e1,0x0000,0x0000,0x0000,0x0000,0x0000,0x0000,0x0000,0x0000,0x0000,0x0000,0x0000,
		0x0000,0x0000,0x0000,0x0000,0x0000,0x0000,0x0000,0x0000,0x49a2,0x49a2,0x6a63,0x28e1,0x28e1,0x0000,0x0000,0x0000,0x0000,0x0000,0x0000,0x0000,0x0000,0x0000,0x0000,0x0000,0x0000,0x0000,
		0x0000,0x0000,0x0000,0x0000,0x0000,0x0000,0x0000,0x0000,0x49a2,0x49a2,0x6a63,0x28e1,0x28e1,0x0000,0x0000,0x0000,0x0000,0x0000,0x0000,0x0000,0x0000,0x0000,0x0000,0x0000,0x0000,0x0000,
		0x0000,0x0000,0x0000,0x0000,0x0000,0x0000,0x49a2,0x49a2,0x8b24,0x8b24,0x28e1,0x0000,0x0000,0x0000,0x0000,0x0000,0x0000,0x0000,0x0000,0x0000,0x0000,0x0000,0x0000,0x0000,0x0000,0x0000,
		0x0000,0x0000,0x0000,0x0000,0x0000,0x49a2,0x6a63,0x6a63,0x28e1,0x28e1,0x0000,0x0000,0x0000,0x0000,0x0000,0x0000,0x0000,0x0000,0x0000,0x0000,0x0000,0x0000,0x0000,0x0000,0x0000,0x0000,
		0x0000,0x0000,0x0000,0x0000,0x0000,0x49a2,0x6a63,0x6a63,0x28e1,0x28e1,0x0000,0x0000,0x0000,0x0000,0x0000,0x0000,0x0000,0x0000,0x0000,0x0000,0x0000,0x0000,0x0000,0x0000,0x0000,0x0000,
		0x0000,0x0000,0x0000,0x49a2,0x49a2,0x8b24,0x28e1,0x28e1,0x0000,0x0000,0x0000,0x0000,0x0000,0x0000,0x0000,0x0000,0x0000,0x0000,0x0000,0x0000,0x0000,0x0000,0x0000,0x0000,0x0000,0x0000,
		0x0000,0x0000,0x0000,0x49a2,0x49a2,0x8b24,0x28e1,0x28e1,0x0000,0x0000,0x0000,0x0000,0x0000,0x0000,0x0000,0x0000,0x0000,0x0000,0x0000,0x0000,0x0000,0x0000,0x0000,0x0000,0x0000,0x0000,
		0x0000,0x0000,0x0000,0x28e1,0x28e1,0x28e1,0x0000,0x0000,0x0000,0x0000,0x0000,0x0000,0x0000,0x0000,0x0000,0x0000,0x0000,0x0000,0x0000,0x0000,0x0000,0x0000,0x0000,0x0000,0x0000,0x0000,
		0x0000,0x0000,0x0000,0x0000,0x0000,0x0000,0x0000,0x0000,0x0000,0x0000,0x0000,0x0000,0x0000,0x0000,0x0000,0x0000,0x0000,0x0000,0x0000,0x0000,0x0000,0x0000,0x0000,0x0000,0x0000,0x0000,
		0x0000,0x0000,0x0000,0x0000,0x0000,0x0000,0x0000,0x0000,0x0000,0x0000,0x0000,0x0000,0x0000,0x0000,0x0000,0x0000,0x0000,0x0000,0x0000,0x0000,0x0000,0x0000,0x0000,0x0000,0x0000,0x0000
	},
    {//wooden shovel
		0x0000,0x0000,0x0000,0x0000,0x0000,0x0000,0x0000,0x0000,0x0000,0x0000,0x0000,0x0000,0x0000,0x0000,0x0000,0x0000,0x0000,0x0000,0x0000,0x0000,0x0000,0x0000,0x0000,0x0000,0x0000,0x0000,
		0x0000,0x0000,0x0000,0x0000,0x0000,0x0000,0x0000,0x0000,0x0000,0x0000,0x0000,0x0000,0x0000,0x0000,0x0000,0x0000,0x0000,0x0000,0x0000,0x0000,0x0000,0x0000,0x0000,0x0000,0x0000,0x0000,
		0x0000,0x0000,0x0000,0x0000,0x0000,0x0000,0x0000,0x0000,0x0000,0x0000,0x0000,0x0000,0x0000,0x0000,0x0000,0x0000,0x0000,0x0000,0x0000,0x0000,0x0000,0x0000,0x0000,0x0000,0x0000,0x0000,
		0x0000,0x0000,0x0000,0x0000,0x0000,0x0000,0x0000,0x0000,0x0000,0x0000,0x0000,0x0000,0x0000,0x0000,0x0000,0x0000,0x0000,0x0000,0x3142,0x3142,0x3142,0x20c1,0x20c1,0x0000,0x0000,0x0000,
		0x0000,0x0000,0x0000,0x0000,0x0000,0x0000,0x0000,0x0000,0x0000,0x0000,0x0000,0x0000,0x0000,0x0000,0x0000,0x0000,0x0000,0x0000,0x3142,0x3142,0x3142,0x20c1,0x20c1,0x0000,0x0000,0x0000,
		0x0000,0x0000,0x0000,0x0000,0x0000,0x0000,0x0000,0x0000,0x0000,0x0000,0x0000,0x0000,0x0000,0x0000,0x0000,0x0000,0x3142,0x3142,0x8324,0x8324,0x8324,0x6a83,0x6a83,0x20c1,0x0000,0x0000,
		0x0000,0x0000,0x0000,0x0000,0x0000,0x0000,0x0000,0x0000,0x0000,0x0000,0x0000,0x0000,0x0000,0x0000,0x0000,0x3142,0x8324,0x8324,0x72c4,0x6a83,0x6a83,0x8324,0x8324,0x20c1,0x0000,0x0000,
		0x0000,0x0000,0x0000,0x0000,0x0000,0x0000,0x0000,0x0000,0x0000,0x0000,0x0000,0x0000,0x0000,0x0000,0x0000,0x3142,0x8324,0x8324,0x72c4,0x6a83,0x6a83,0x8324,0x8324,0x20c1,0x0000,0x0000,
		0x0000,0x0000,0x0000,0x0000,0x0000,0x0000,0x0000,0x0000,0x0000,0x0000,0x0000,0x0000,0x0000,0x3142,0x3142,0x8324,0x72c4,0x72c4,0x6a83,0x72c4,0x72c4,0x8324,0x8324,0x20c1,0x0000,0x0000,
		0x0000,0x0000,0x0000,0x0000,0x0000,0x0000,0x0000,0x0000,0x0000,0x0000,0x0000,0x0000,0x0000,0x3142,0x3142,0x8324,0x72c4,0x72c4,0x6a83,0x72c4,0x72c4,0x8324,0x8324,0x20c1,0x0000,0x0000,
		0x0000,0x0000,0x0000,0x0000,0x0000,0x0000,0x0000,0x0000,0x0000,0x0000,0x0000,0x0000,0x0000,0x0000,0x0000,0x49a2,0x6a83,0x6a83,0x72c4,0x8324,0x8324,0x20c1,0x20c1,0x0000,0x0000,0x0000,
		0x0000,0x0000,0x0000,0x0000,0x0000,0x0000,0x0000,0x0000,0x0000,0x0000,0x0000,0x0000,0x0000,0x49a2,0x49a2,0x8b24,0x28e1,0x28e1,0x8324,0x20c1,0x20c1,0x0000,0x0000,0x0000,0x0000,0x0000,
		0x0000,0x0000,0x0000,0x0000,0x0000,0x0000,0x0000,0x0000,0x0000,0x0000,0x0000,0x0000,0x0000,0x49a2,0x49a2,0x8b24,0x28e1,0x28e1,0x8324,0x20c1,0x20c1,0x0000,0x0000,0x0000,0x0000,0x0000,
		0x0000,0x0000,0x0000,0x0000,0x0000,0x0000,0x0000,0x0000,0x0000,0x0000,0x0000,0x49a2,0x49a2,0x8b24,0x8b24,0x28e1,0x0000,0x0000,0x20c1,0x0000,0x0000,0x0000,0x0000,0x0000,0x0000,0x0000,
		0x0000,0x0000,0x0000,0x0000,0x0000,0x0000,0x0000,0x0000,0x0000,0x0000,0x0000,0x49a2,0x49a2,0x8b24,0x8b24,0x28e1,0x0000,0x0000,0x20c1,0x0000,0x0000,0x0000,0x0000,0x0000,0x0000,0x0000,
		0x0000,0x0000,0x0000,0x0000,0x0000,0x0000,0x0000,0x0000,0x0000,0x0000,0x49a2,0x6a63,0x6a63,0x28e1,0x28e1,0x0000,0x0000,0x0000,0x0000,0x0000,0x0000,0x0000,0x0000,0x0000,0x0000,0x0000,
		0x0000,0x0000,0x0000,0x0000,0x0000,0x0000,0x0000,0x0000,0x49a2,0x49a2,0x8b24,0x28e1,0x28e1,0x0000,0x0000,0x0000,0x0000,0x0000,0x0000,0x0000,0x0000,0x0000,0x0000,0x0000,0x0000,0x0000,
		0x0000,0x0000,0x0000,0x0000,0x0000,0x0000,0x0000,0x0000,0x49a2,0x49a2,0x8b24,0x28e1,0x28e1,0x0000,0x0000,0x0000,0x0000,0x0000,0x0000,0x0000,0x0000,0x0000,0x0000,0x0000,0x0000,0x0000,
		0x0000,0x0000,0x0000,0x0000,0x0000,0x0000,0x49a2,0x49a2,0x6a63,0x6a63,0x28e1,0x0000,0x0000,0x0000,0x0000,0x0000,0x0000,0x0000,0x0000,0x0000,0x0000,0x0000,0x0000,0x0000,0x0000,0x0000,
		0x0000,0x0000,0x0000,0x49a2,0x49a2,0x49a2,0x8b24,0x8b24,0x28e1,0x28e1,0x0000,0x0000,0x0000,0x0000,0x0000,0x0000,0x0000,0x0000,0x0000,0x0000,0x0000,0x0000,0x0000,0x0000,0x0000,0x0000,
		0x0000,0x0000,0x0000,0x49a2,0x49a2,0x49a2,0x8b24,0x8b24,0x28e1,0x28e1,0x0000,0x0000,0x0000,0x0000,0x0000,0x0000,0x0000,0x0000,0x0000,0x0000,0x0000,0x0000,0x0000,0x0000,0x0000,0x0000,
		0x0000,0x0000,0x0000,0x49a2,0x49a2,0x8b24,0x28e1,0x28e1,0x0000,0x0000,0x0000,0x0000,0x0000,0x0000,0x0000,0x0000,0x0000,0x0000,0x0000,0x0000,0x0000,0x0000,0x0000,0x0000,0x0000,0x0000,
		0x0000,0x0000,0x0000,0x49a2,0x49a2,0x8b24,0x28e1,0x28e1,0x0000,0x0000,0x0000,0x0000,0x0000,0x0000,0x0000,0x0000,0x0000,0x0000,0x0000,0x0000,0x0000,0x0000,0x0000,0x0000,0x0000,0x0000,
		0x0000,0x0000,0x0000,0x0000,0x0000,0x28e1,0x28e1,0x28e1,0x0000,0x0000,0x0000,0x0000,0x0000,0x0000,0x0000,0x0000,0x0000,0x0000,0x0000,0x0000,0x0000,0x0000,0x0000,0x0000,0x0000,0x0000,
		0x0000,0x0000,0x0000,0x0000,0x0000,0x0000,0x0000,0x0000,0x0000,0x0000,0x0000,0x0000,0x0000,0x0000,0x0000,0x0000,0x0000,0x0000,0x0000,0x0000,0x0000,0x0000,0x0000,0x0000,0x0000,0x0000,
		0x0000,0x0000,0x0000,0x0000,0x0000,0x0000,0x0000,0x0000,0x0000,0x0000,0x0000,0x0000,0x0000,0x0000,0x0000,0x0000,0x0000,0x0000,0x0000,0x0000,0x0000,0x0000,0x0000,0x0000,0x0000,0x0000
	},
    {//stone shovel
		0x0000,0x0000,0x0000,0x0000,0x0000,0x0000,0x0000,0x0000,0x0000,0x0000,0x0000,0x0000,0x0000,0x0000,0x0000,0x0000,0x0000,0x0000,0x0000,0x0000,0x0000,0x0000,0x0000,0x0000,0x0000,0x0000,
		0x0000,0x0000,0x0000,0x0000,0x0000,0x0000,0x0000,0x0000,0x0000,0x0000,0x0000,0x0000,0x0000,0x0000,0x0000,0x0000,0x0000,0x0000,0x0000,0x0000,0x0000,0x0000,0x0000,0x0000,0x0000,0x0000,
		0x0000,0x0000,0x0000,0x0000,0x0000,0x0000,0x0000,0x0000,0x0000,0x0000,0x0000,0x0000,0x0000,0x0000,0x0000,0x0000,0x0000,0x0000,0x0000,0x0000,0x0000,0x0000,0x0000,0x0000,0x0000,0x0000,
		0x0000,0x0000,0x0000,0x0000,0x0000,0x0000,0x0000,0x0000,0x0000,0x0000,0x0000,0x0000,0x0000,0x0000,0x0000,0x0000,0x0000,0x0000,0x4a49,0x4a49,0x4a49,0x18c3,0x18c3,0x0000,0x0000,0x0000,
		0x0000,0x0000,0x0000,0x0000,0x0000,0x0000,0x0000,0x0000,0x0000,0x0000,0x0000,0x0000,0x0000,0x0000,0x0000,0x0000,0x0000,0x0000,0x4a49,0x4a49,0x4a49,0x18c3,0x18c3,0x0000,0x0000,0x0000,
		0x0000,0x0000,0x0000,0x0000,0x0000,0x0000,0x0000,0x0000,0x0000,0x0000,0x0000,0x0000,0x0000,0x0000,0x0000,0x0000,0x4a49,0x4a49,0x9cd3,0x9cd3,0x9cd3,0x7bef,0x7bef,0x18c3,0x0000,0x0000,
		0x0000,0x0000,0x0000,0x0000,0x0000,0x0000,0x0000,0x0000,0x0000,0x0000,0x0000,0x0000,0x0000,0x0000,0x0000,0x4a49,0x9cd3,0x9cd3,0x8c51,0x7bef,0x7bef,0x9cd3,0x9cd3,0x18c3,0x0000,0x0000,
		0x0000,0x0000,0x0000,0x0000,0x0000,0x0000,0x0000,0x0000,0x0000,0x0000,0x0000,0x0000,0x0000,0x0000,0x0000,0x4a49,0x9cd3,0x9cd3,0x8c51,0x7bef,0x7bef,0x9cd3,0x9cd3,0x18c3,0x0000,0x0000,
		0x0000,0x0000,0x0000,0x0000,0x0000,0x0000,0x0000,0x0000,0x0000,0x0000,0x0000,0x0000,0x0000,0x4a49,0x4a49,0x9cd3,0x8c51,0x8c51,0x7bef,0x8c51,0x8c51,0x9cd3,0x9cd3,0x18c3,0x0000,0x0000,
		0x0000,0x0000,0x0000,0x0000,0x0000,0x0000,0x0000,0x0000,0x0000,0x0000,0x0000,0x0000,0x0000,0x4a49,0x4a49,0x9cd3,0x8c51,0x8c51,0x7bef,0x8c51,0x8c51,0x9cd3,0x9cd3,0x18c3,0x0000,0x0000,
		0x0000,0x0000,0x0000,0x0000,0x0000,0x0000,0x0000,0x0000,0x0000,0x0000,0x0000,0x0000,0x0000,0x0000,0x0000,0x49a2,0x7bef,0x7bef,0x8c51,0x9cd3,0x9cd3,0x18c3,0x18c3,0x0000,0x0000,0x0000,
		0x0000,0x0000,0x0000,0x0000,0x0000,0x0000,0x0000,0x0000,0x0000,0x0000,0x0000,0x0000,0x0000,0x49a2,0x49a2,0x8b24,0x28e1,0x28e1,0x9cd3,0x18c3,0x18c3,0x0000,0x0000,0x0000,0x0000,0x0000,
		0x0000,0x0000,0x0000,0x0000,0x0000,0x0000,0x0000,0x0000,0x0000,0x0000,0x0000,0x0000,0x0000,0x49a2,0x49a2,0x8b24,0x28e1,0x28e1,0x9cd3,0x18c3,0x18c3,0x0000,0x0000,0x0000,0x0000,0x0000,
		0x0000,0x0000,0x0000,0x0000,0x0000,0x0000,0x0000,0x0000,0x0000,0x0000,0x0000,0x49a2,0x49a2,0x8b24,0x8b24,0x28e1,0x0000,0x0000,0x18c3,0x0000,0x0000,0x0000,0x0000,0x0000,0x0000,0x0000,
		0x0000,0x0000,0x0000,0x0000,0x0000,0x0000,0x0000,0x0000,0x0000,0x0000,0x0000,0x49a2,0x49a2,0x8b24,0x8b24,0x28e1,0x0000,0x0000,0x18c3,0x0000,0x0000,0x0000,0x0000,0x0000,0x0000,0x0000,
		0x0000,0x0000,0x0000,0x0000,0x0000,0x0000,0x0000,0x0000,0x0000,0x0000,0x49a2,0x6a63,0x6a63,0x28e1,0x28e1,0x0000,0x0000,0x0000,0x0000,0x0000,0x0000,0x0000,0x0000,0x0000,0x0000,0x0000,
		0x0000,0x0000,0x0000,0x0000,0x0000,0x0000,0x0000,0x0000,0x49a2,0x49a2,0x8b24,0x28e1,0x28e1,0x0000,0x0000,0x0000,0x0000,0x0000,0x0000,0x0000,0x0000,0x0000,0x0000,0x0000,0x0000,0x0000,
		0x0000,0x0000,0x0000,0x0000,0x0000,0x0000,0x0000,0x0000,0x49a2,0x49a2,0x8b24,0x28e1,0x28e1,0x0000,0x0000,0x0000,0x0000,0x0000,0x0000,0x0000,0x0000,0x0000,0x0000,0x0000,0x0000,0x0000,
		0x0000,0x0000,0x0000,0x0000,0x0000,0x0000,0x49a2,0x49a2,0x6a63,0x6a63,0x28e1,0x0000,0x0000,0x0000,0x0000,0x0000,0x0000,0x0000,0x0000,0x0000,0x0000,0x0000,0x0000,0x0000,0x0000,0x0000,
		0x0000,0x0000,0x0000,0x49a2,0x49a2,0x49a2,0x8b24,0x8b24,0x28e1,0x28e1,0x0000,0x0000,0x0000,0x0000,0x0000,0x0000,0x0000,0x0000,0x0000,0x0000,0x0000,0x0000,0x0000,0x0000,0x0000,0x0000,
		0x0000,0x0000,0x0000,0x49a2,0x49a2,0x49a2,0x8b24,0x8b24,0x28e1,0x28e1,0x0000,0x0000,0x0000,0x0000,0x0000,0x0000,0x0000,0x0000,0x0000,0x0000,0x0000,0x0000,0x0000,0x0000,0x0000,0x0000,
		0x0000,0x0000,0x0000,0x49a2,0x49a2,0x8b24,0x28e1,0x28e1,0x0000,0x0000,0x0000,0x0000,0x0000,0x0000,0x0000,0x0000,0x0000,0x0000,0x0000,0x0000,0x0000,0x0000,0x0000,0x0000,0x0000,0x0000,
		0x0000,0x0000,0x0000,0x49a2,0x49a2,0x8b24,0x28e1,0x28e1,0x0000,0x0000,0x0000,0x0000,0x0000,0x0000,0x0000,0x0000,0x0000,0x0000,0x0000,0x0000,0x0000,0x0000,0x0000,0x0000,0x0000,0x0000,
		0x0000,0x0000,0x0000,0x0000,0x0000,0x28e1,0x28e1,0x28e1,0x0000,0x0000,0x0000,0x0000,0x0000,0x0000,0x0000,0x0000,0x0000,0x0000,0x0000,0x0000,0x0000,0x0000,0x0000,0x0000,0x0000,0x0000,
		0x0000,0x0000,0x0000,0x0000,0x0000,0x0000,0x0000,0x0000,0x0000,0x0000,0x0000,0x0000,0x0000,0x0000,0x0000,0x0000,0x0000,0x0000,0x0000,0x0000,0x0000,0x0000,0x0000,0x0000,0x0000,0x0000,
		0x0000,0x0000,0x0000,0x0000,0x0000,0x0000,0x0000,0x0000,0x0000,0x0000,0x0000,0x0000,0x0000,0x0000,0x0000,0x0000,0x0000,0x0000,0x0000,0x0000,0x0000,0x0000,0x0000,0x0000,0x0000,0x0000
	},
    {//iron shovel
		0x0000,0x0000,0x0000,0x0000,0x0000,0x0000,0x0000,0x0000,0x0000,0x0000,0x0000,0x0000,0x0000,0x0000,0x0000,0x0000,0x0000,0x0000,0x0000,0x0000,0x0000,0x0000,0x0000,0x0000,0x0000,0x0000,
		0x0000,0x0000,0x0000,0x0000,0x0000,0x0000,0x0000,0x0000,0x0000,0x0000,0x0000,0x0000,0x0000,0x0000,0x0000,0x0000,0x0000,0x0000,0x0000,0x0000,0x0000,0x0000,0x0000,0x0000,0x0000,0x0000,
		0x0000,0x0000,0x0000,0x0000,0x0000,0x0000,0x0000,0x0000,0x0000,0x0000,0x0000,0x0000,0x0000,0x0000,0x0000,0x0000,0x0000,0x0000,0x0000,0x0000,0x0000,0x0000,0x0000,0x0000,0x0000,0x0000,
		0x0000,0x0000,0x0000,0x0000,0x0000,0x0000,0x0000,0x0000,0x0000,0x0000,0x0000,0x0000,0x0000,0x0000,0x0000,0x0000,0x0000,0x0000,0x4228,0x4228,0x4228,0x18c3,0x18c3,0x0000,0x0000,0x0000,
		0x0000,0x0000,0x0000,0x0000,0x0000,0x0000,0x0000,0x0000,0x0000,0x0000,0x0000,0x0000,0x0000,0x0000,0x0000,0x0000,0x0000,0x0000,0x4228,0x4228,0x4228,0x18c3,0x18c3,0x0000,0x0000,0x0000,
		0x0000,0x0000,0x0000,0x0000,0x0000,0x0000,0x0000,0x0000,0x0000,0x0000,0x0000,0x0000,0x0000,0x0000,0x0000,0x0000,0x4228,0x4228,0xffff,0xffff,0xffff,0xc618,0xc618,0x18c3,0x0000,0x0000,
		0x0000,0x0000,0x0000,0x0000,0x0000,0x0000,0x0000,0x0000,0x0000,0x0000,0x0000,0x0000,0x0000,0x0000,0x0000,0x4228,0xffff,0xffff,0xdedb,0xc618,0xc618,0xffff,0xffff,0x18c3,0x0000,0x0000,
		0x0000,0x0000,0x0000,0x0000,0x0000,0x0000,0x0000,0x0000,0x0000,0x0000,0x0000,0x0000,0x0000,0x0000,0x0000,0x4228,0xffff,0xffff,0xdedb,0xc618,0xc618,0xffff,0xffff,0x18c3,0x0000,0x0000,
		0x0000,0x0000,0x0000,0x0000,0x0000,0x0000,0x0000,0x0000,0x0000,0x0000,0x0000,0x0000,0x0000,0x4228,0x4228,0xffff,0xdedb,0xdedb,0xc618,0xdedb,0xdedb,0xffff,0xffff,0x18c3,0x0000,0x0000,
		0x0000,0x0000,0x0000,0x0000,0x0000,0x0000,0x0000,0x0000,0x0000,0x0000,0x0000,0x0000,0x0000,0x4228,0x4228,0xffff,0xdedb,0xdedb,0xc618,0xdedb,0xdedb,0xffff,0xffff,0x18c3,0x0000,0x0000,
		0x0000,0x0000,0x0000,0x0000,0x0000,0x0000,0x0000,0x0000,0x0000,0x0000,0x0000,0x0000,0x0000,0x0000,0x0000,0x49a2,0xc618,0xc618,0xdedb,0xffff,0xffff,0x18c3,0x18c3,0x0000,0x0000,0x0000,
		0x0000,0x0000,0x0000,0x0000,0x0000,0x0000,0x0000,0x0000,0x0000,0x0000,0x0000,0x0000,0x0000,0x49a2,0x49a2,0x8b24,0x28e1,0x28e1,0xffff,0x18c3,0x18c3,0x0000,0x0000,0x0000,0x0000,0x0000,
		0x0000,0x0000,0x0000,0x0000,0x0000,0x0000,0x0000,0x0000,0x0000,0x0000,0x0000,0x0000,0x0000,0x49a2,0x49a2,0x8b24,0x28e1,0x28e1,0xffff,0x18c3,0x18c3,0x0000,0x0000,0x0000,0x0000,0x0000,
		0x0000,0x0000,0x0000,0x0000,0x0000,0x0000,0x0000,0x0000,0x0000,0x0000,0x0000,0x49a2,0x49a2,0x8b24,0x8b24,0x28e1,0x0000,0x0000,0x18c3,0x0000,0x0000,0x0000,0x0000,0x0000,0x0000,0x0000,
		0x0000,0x0000,0x0000,0x0000,0x0000,0x0000,0x0000,0x0000,0x0000,0x0000,0x0000,0x49a2,0x49a2,0x8b24,0x8b24,0x28e1,0x0000,0x0000,0x18c3,0x0000,0x0000,0x0000,0x0000,0x0000,0x0000,0x0000,
		0x0000,0x0000,0x0000,0x0000,0x0000,0x0000,0x0000,0x0000,0x0000,0x0000,0x49a2,0x6a63,0x6a63,0x28e1,0x28e1,0x0000,0x0000,0x0000,0x0000,0x0000,0x0000,0x0000,0x0000,0x0000,0x0000,0x0000,
		0x0000,0x0000,0x0000,0x0000,0x0000,0x0000,0x0000,0x0000,0x49a2,0x49a2,0x8b24,0x28e1,0x28e1,0x0000,0x0000,0x0000,0x0000,0x0000,0x0000,0x0000,0x0000,0x0000,0x0000,0x0000,0x0000,0x0000,
		0x0000,0x0000,0x0000,0x0000,0x0000,0x0000,0x0000,0x0000,0x49a2,0x49a2,0x8b24,0x28e1,0x28e1,0x0000,0x0000,0x0000,0x0000,0x0000,0x0000,0x0000,0x0000,0x0000,0x0000,0x0000,0x0000,0x0000,
		0x0000,0x0000,0x0000,0x0000,0x0000,0x0000,0x49a2,0x49a2,0x6a63,0x6a63,0x28e1,0x0000,0x0000,0x0000,0x0000,0x0000,0x0000,0x0000,0x0000,0x0000,0x0000,0x0000,0x0000,0x0000,0x0000,0x0000,
		0x0000,0x0000,0x0000,0x49a2,0x49a2,0x49a2,0x8b24,0x8b24,0x28e1,0x28e1,0x0000,0x0000,0x0000,0x0000,0x0000,0x0000,0x0000,0x0000,0x0000,0x0000,0x0000,0x0000,0x0000,0x0000,0x0000,0x0000,
		0x0000,0x0000,0x0000,0x49a2,0x49a2,0x49a2,0x8b24,0x8b24,0x28e1,0x28e1,0x0000,0x0000,0x0000,0x0000,0x0000,0x0000,0x0000,0x0000,0x0000,0x0000,0x0000,0x0000,0x0000,0x0000,0x0000,0x0000,
		0x0000,0x0000,0x0000,0x49a2,0x49a2,0x8b24,0x28e1,0x28e1,0x0000,0x0000,0x0000,0x0000,0x0000,0x0000,0x0000,0x0000,0x0000,0x0000,0x0000,0x0000,0x0000,0x0000,0x0000,0x0000,0x0000,0x0000,
		0x0000,0x0000,0x0000,0x49a2,0x49a2,0x8b24,0x28e1,0x28e1,0x0000,0x0000,0x0000,0x0000,0x0000,0x0000,0x0000,0x0000,0x0000,0x0000,0x0000,0x0000,0x0000,0x0000,0x0000,0x0000,0x0000,0x0000,
		0x0000,0x0000,0x0000,0x0000,0x0000,0x28e1,0x28e1,0x28e1,0x0000,0x0000,0x0000,0x0000,0x0000,0x0000,0x0000,0x0000,0x0000,0x0000,0x0000,0x0000,0x0000,0x0000,0x0000,0x0000,0x0000,0x0000,
		0x0000,0x0000,0x0000,0x0000,0x0000,0x0000,0x0000,0x0000,0x0000,0x0000,0x0000,0x0000,0x0000,0x0000,0x0000,0x0000,0x0000,0x0000,0x0000,0x0000,0x0000,0x0000,0x0000,0x0000,0x0000,0x0000,
		0x0000,0x0000,0x0000,0x0000,0x0000,0x0000,0x0000,0x0000,0x0000,0x0000,0x0000,0x0000,0x0000,0x0000,0x0000,0x0000,0x0000,0x0000,0x0000,0x0000,0x0000,0x0000,0x0000,0x0000,0x0000,0x0000
	},
    {//golden shovel
		0x0000,0x0000,0x0000,0x0000,0x0000,0x0000,0x0000,0x0000,0x0000,0x0000,0x0000,0x0000,0x0000,0x0000,0x0000,0x0000,0x0000,0x0000,0x0000,0x0000,0x0000,0x0000,0x0000,0x0000,0x0000,0x0000,
		0x0000,0x0000,0x0000,0x0000,0x0000,0x0000,0x0000,0x0000,0x0000,0x0000,0x0000,0x0000,0x0000,0x0000,0x0000,0x0000,0x0000,0x0000,0x0000,0x0000,0x0000,0x0000,0x0000,0x0000,0x0000,0x0000,
		0x0000,0x0000,0x0000,0x0000,0x0000,0x0000,0x0000,0x0000,0x0000,0x0000,0x0000,0x0000,0x0000,0x0000,0x0000,0x0000,0x0000,0x0000,0x0000,0x0000,0x0000,0x0000,0x0000,0x0000,0x0000,0x0000,
		0x0000,0x0000,0x0000,0x0000,0x0000,0x0000,0x0000,0x0000,0x0000,0x0000,0x0000,0x0000,0x0000,0x0000,0x0000,0x0000,0x0000,0x0000,0x82e2,0x82e2,0x82e2,0x3961,0x3961,0x0000,0x0000,0x0000,
		0x0000,0x0000,0x0000,0x0000,0x0000,0x0000,0x0000,0x0000,0x0000,0x0000,0x0000,0x0000,0x0000,0x0000,0x0000,0x0000,0x0000,0x0000,0x82e2,0x82e2,0x82e2,0x3961,0x3961,0x0000,0x0000,0x0000,
		0x0000,0x0000,0x0000,0x0000,0x0000,0x0000,0x0000,0x0000,0x0000,0x0000,0x0000,0x0000,0x0000,0x0000,0x0000,0x0000,0x82e2,0x82e2,0xffee,0xffee,0xffee,0xed82,0xed82,0x3961,0x0000,0x0000,
		0x0000,0x0000,0x0000,0x0000,0x0000,0x0000,0x0000,0x0000,0x0000,0x0000,0x0000,0x0000,0x0000,0x0000,0x0000,0x82e2,0xffee,0xffee,0xef6a,0xed82,0xed82,0xffee,0xffee,0x3961,0x0000,0x0000,
		0x0000,0x0000,0x0000,0x0000,0x0000,0x0000,0x0000,0x0000,0x0000,0x0000,0x0000,0x0000,0x0000,0x0000,0x0000,0x82e2,0xffee,0xffee,0xef6a,0xed82,0xed82,0xffee,0xffee,0x3961,0x0000,0x0000,
		0x0000,0x0000,0x0000,0x0000,0x0000,0x0000,0x0000,0x0000,0x0000,0x0000,0x0000,0x0000,0x0000,0x82e2,0x82e2,0xffee,0xef6a,0xef6a,0xed82,0xef6a,0xef6a,0xffee,0xffee,0x3961,0x0000,0x0000,
		0x0000,0x0000,0x0000,0x0000,0x0000,0x0000,0x0000,0x0000,0x0000,0x0000,0x0000,0x0000,0x0000,0x82e2,0x82e2,0xffee,0xef6a,0xef6a,0xed82,0xef6a,0xef6a,0xffee,0xffee,0x3961,0x0000,0x0000,
		0x0000,0x0000,0x0000,0x0000,0x0000,0x0000,0x0000,0x0000,0x0000,0x0000,0x0000,0x0000,0x0000,0x0000,0x0000,0x49a2,0xed82,0xed82,0xef6a,0xffee,0xffee,0x3961,0x3961,0x0000,0x0000,0x0000,
		0x0000,0x0000,0x0000,0x0000,0x0000,0x0000,0x0000,0x0000,0x0000,0x0000,0x0000,0x0000,0x0000,0x49a2,0x49a2,0x8b24,0x28e1,0x28e1,0xffee,0x3961,0x3961,0x0000,0x0000,0x0000,0x0000,0x0000,
		0x0000,0x0000,0x0000,0x0000,0x0000,0x0000,0x0000,0x0000,0x0000,0x0000,0x0000,0x0000,0x0000,0x49a2,0x49a2,0x8b24,0x28e1,0x28e1,0xffee,0x3961,0x3961,0x0000,0x0000,0x0000,0x0000,0x0000,
		0x0000,0x0000,0x0000,0x0000,0x0000,0x0000,0x0000,0x0000,0x0000,0x0000,0x0000,0x49a2,0x49a2,0x8b24,0x8b24,0x28e1,0x0000,0x0000,0x3961,0x0000,0x0000,0x0000,0x0000,0x0000,0x0000,0x0000,
		0x0000,0x0000,0x0000,0x0000,0x0000,0x0000,0x0000,0x0000,0x0000,0x0000,0x0000,0x49a2,0x49a2,0x8b24,0x8b24,0x28e1,0x0000,0x0000,0x3961,0x0000,0x0000,0x0000,0x0000,0x0000,0x0000,0x0000,
		0x0000,0x0000,0x0000,0x0000,0x0000,0x0000,0x0000,0x0000,0x0000,0x0000,0x49a2,0x6a63,0x6a63,0x28e1,0x28e1,0x0000,0x0000,0x0000,0x0000,0x0000,0x0000,0x0000,0x0000,0x0000,0x0000,0x0000,
		0x0000,0x0000,0x0000,0x0000,0x0000,0x0000,0x0000,0x0000,0x49a2,0x49a2,0x8b24,0x28e1,0x28e1,0x0000,0x0000,0x0000,0x0000,0x0000,0x0000,0x0000,0x0000,0x0000,0x0000,0x0000,0x0000,0x0000,
		0x0000,0x0000,0x0000,0x0000,0x0000,0x0000,0x0000,0x0000,0x49a2,0x49a2,0x8b24,0x28e1,0x28e1,0x0000,0x0000,0x0000,0x0000,0x0000,0x0000,0x0000,0x0000,0x0000,0x0000,0x0000,0x0000,0x0000,
		0x0000,0x0000,0x0000,0x0000,0x0000,0x0000,0x49a2,0x49a2,0x6a63,0x6a63,0x28e1,0x0000,0x0000,0x0000,0x0000,0x0000,0x0000,0x0000,0x0000,0x0000,0x0000,0x0000,0x0000,0x0000,0x0000,0x0000,
		0x0000,0x0000,0x0000,0x49a2,0x49a2,0x49a2,0x8b24,0x8b24,0x28e1,0x28e1,0x0000,0x0000,0x0000,0x0000,0x0000,0x0000,0x0000,0x0000,0x0000,0x0000,0x0000,0x0000,0x0000,0x0000,0x0000,0x0000,
		0x0000,0x0000,0x0000,0x49a2,0x49a2,0x49a2,0x8b24,0x8b24,0x28e1,0x28e1,0x0000,0x0000,0x0000,0x0000,0x0000,0x0000,0x0000,0x0000,0x0000,0x0000,0x0000,0x0000,0x0000,0x0000,0x0000,0x0000,
		0x0000,0x0000,0x0000,0x49a2,0x49a2,0x8b24,0x28e1,0x28e1,0x0000,0x0000,0x0000,0x0000,0x0000,0x0000,0x0000,0x0000,0x0000,0x0000,0x0000,0x0000,0x0000,0x0000,0x0000,0x0000,0x0000,0x0000,
		0x0000,0x0000,0x0000,0x49a2,0x49a2,0x8b24,0x28e1,0x28e1,0x0000,0x0000,0x0000,0x0000,0x0000,0x0000,0x0000,0x0000,0x0000,0x0000,0x0000,0x0000,0x0000,0x0000,0x0000,0x0000,0x0000,0x0000,
		0x0000,0x0000,0x0000,0x0000,0x0000,0x28e1,0x28e1,0x28e1,0x0000,0x0000,0x0000,0x0000,0x0000,0x0000,0x0000,0x0000,0x0000,0x0000,0x0000,0x0000,0x0000,0x0000,0x0000,0x0000,0x0000,0x0000,
		0x0000,0x0000,0x0000,0x0000,0x0000,0x0000,0x0000,0x0000,0x0000,0x0000,0x0000,0x0000,0x0000,0x0000,0x0000,0x0000,0x0000,0x0000,0x0000,0x0000,0x0000,0x0000,0x0000,0x0000,0x0000,0x0000,
		0x0000,0x0000,0x0000,0x0000,0x0000,0x0000,0x0000,0x0000,0x0000,0x0000,0x0000,0x0000,0x0000,0x0000,0x0000,0x0000,0x0000,0x0000,0x0000,0x0000,0x0000,0x0000,0x0000,0x0000,0x0000,0x0000
	},
    {//diamond shovel
		0x0000,0x0000,0x0000,0x0000,0x0000,0x0000,0x0000,0x0000,0x0000,0x0000,0x0000,0x0000,0x0000,0x0000,0x0000,0x0000,0x0000,0x0000,0x0000,0x0000,0x0000,0x0000,0x0000,0x0000,0x0000,0x0000,
		0x0000,0x0000,0x0000,0x0000,0x0000,0x0000,0x0000,0x0000,0x0000,0x0000,0x0000,0x0000,0x0000,0x0000,0x0000,0x0000,0x0000,0x0000,0x0000,0x0000,0x0000,0x0000,0x0000,0x0000,0x0000,0x0000,
		0x0000,0x0000,0x0000,0x0000,0x0000,0x0000,0x0000,0x0000,0x0000,0x0000,0x0000,0x0000,0x0000,0x0000,0x0000,0x0000,0x0000,0x0000,0x0000,0x0000,0x0000,0x0000,0x0000,0x0000,0x0000,0x0000,
		0x0000,0x0000,0x0000,0x0000,0x0000,0x0000,0x0000,0x0000,0x0000,0x0000,0x0000,0x0000,0x0000,0x0000,0x0000,0x0000,0x0000,0x0000,0x09e6,0x09e6,0x09e6,0x0924,0x0924,0x0000,0x0000,0x0000,
		0x0000,0x0000,0x0000,0x0000,0x0000,0x0000,0x0000,0x0000,0x0000,0x0000,0x0000,0x0000,0x0000,0x0000,0x0000,0x0000,0x0000,0x0000,0x09e6,0x09e6,0x09e6,0x0924,0x0924,0x0000,0x0000,0x0000,
		0x0000,0x0000,0x0000,0x0000,0x0000,0x0000,0x0000,0x0000,0x0000,0x0000,0x0000,0x0000,0x0000,0x0000,0x0000,0x0000,0x09e6,0x09e6,0x3759,0x3759,0x3759,0x2593,0x2593,0x0924,0x0000,0x0000,
		0x0000,0x0000,0x0000,0x0000,0x0000,0x0000,0x0000,0x0000,0x0000,0x0000,0x0000,0x0000,0x0000,0x0000,0x0000,0x09e6,0x3759,0x3759,0x2e35,0x2593,0x2593,0x3759,0x3759,0x0924,0x0000,0x0000,
		0x0000,0x0000,0x0000,0x0000,0x0000,0x0000,0x0000,0x0000,0x0000,0x0000,0x0000,0x0000,0x0000,0x0000,0x0000,0x09e6,0x3759,0x3759,0x2e35,0x2593,0x2593,0x3759,0x3759,0x0924,0x0000,0x0000,
		0x0000,0x0000,0x0000,0x0000,0x0000,0x0000,0x0000,0x0000,0x0000,0x0000,0x0000,0x0000,0x0000,0x09e6,0x09e6,0x3759,0x2e35,0x2e35,0x2593,0x2e35,0x2e35,0x3759,0x3759,0x0924,0x0000,0x0000,
		0x0000,0x0000,0x0000,0x0000,0x0000,0x0000,0x0000,0x0000,0x0000,0x0000,0x0000,0x0000,0x0000,0x09e6,0x09e6,0x3759,0x2e35,0x2e35,0x2593,0x2e35,0x2e35,0x3759,0x3759,0x0924,0x0000,0x0000,
		0x0000,0x0000,0x0000,0x0000,0x0000,0x0000,0x0000,0x0000,0x0000,0x0000,0x0000,0x0000,0x0000,0x0000,0x0000,0x49a2,0x2593,0x2593,0x2e35,0x3759,0x3759,0x0924,0x0924,0x0000,0x0000,0x0000,
		0x0000,0x0000,0x0000,0x0000,0x0000,0x0000,0x0000,0x0000,0x0000,0x0000,0x0000,0x0000,0x0000,0x49a2,0x49a2,0x8b24,0x28e1,0x28e1,0x3759,0x0924,0x0924,0x0000,0x0000,0x0000,0x0000,0x0000,
		0x0000,0x0000,0x0000,0x0000,0x0000,0x0000,0x0000,0x0000,0x0000,0x0000,0x0000,0x0000,0x0000,0x49a2,0x49a2,0x8b24,0x28e1,0x28e1,0x3759,0x0924,0x0924,0x0000,0x0000,0x0000,0x0000,0x0000,
		0x0000,0x0000,0x0000,0x0000,0x0000,0x0000,0x0000,0x0000,0x0000,0x0000,0x0000,0x49a2,0x49a2,0x8b24,0x8b24,0x28e1,0x0000,0x0000,0x0924,0x0000,0x0000,0x0000,0x0000,0x0000,0x0000,0x0000,
		0x0000,0x0000,0x0000,0x0000,0x0000,0x0000,0x0000,0x0000,0x0000,0x0000,0x0000,0x49a2,0x49a2,0x8b24,0x8b24,0x28e1,0x0000,0x0000,0x0924,0x0000,0x0000,0x0000,0x0000,0x0000,0x0000,0x0000,
		0x0000,0x0000,0x0000,0x0000,0x0000,0x0000,0x0000,0x0000,0x0000,0x0000,0x49a2,0x6a63,0x6a63,0x28e1,0x28e1,0x0000,0x0000,0x0000,0x0000,0x0000,0x0000,0x0000,0x0000,0x0000,0x0000,0x0000,
		0x0000,0x0000,0x0000,0x0000,0x0000,0x0000,0x0000,0x0000,0x49a2,0x49a2,0x8b24,0x28e1,0x28e1,0x0000,0x0000,0x0000,0x0000,0x0000,0x0000,0x0000,0x0000,0x0000,0x0000,0x0000,0x0000,0x0000,
		0x0000,0x0000,0x0000,0x0000,0x0000,0x0000,0x0000,0x0000,0x49a2,0x49a2,0x8b24,0x28e1,0x28e1,0x0000,0x0000,0x0000,0x0000,0x0000,0x0000,0x0000,0x0000,0x0000,0x0000,0x0000,0x0000,0x0000,
		0x0000,0x0000,0x0000,0x0000,0x0000,0x0000,0x49a2,0x49a2,0x6a63,0x6a63,0x28e1,0x0000,0x0000,0x0000,0x0000,0x0000,0x0000,0x0000,0x0000,0x0000,0x0000,0x0000,0x0000,0x0000,0x0000,0x0000,
		0x0000,0x0000,0x0000,0x49a2,0x49a2,0x49a2,0x8b24,0x8b24,0x28e1,0x28e1,0x0000,0x0000,0x0000,0x0000,0x0000,0x0000,0x0000,0x0000,0x0000,0x0000,0x0000,0x0000,0x0000,0x0000,0x0000,0x0000,
		0x0000,0x0000,0x0000,0x49a2,0x49a2,0x49a2,0x8b24,0x8b24,0x28e1,0x28e1,0x0000,0x0000,0x0000,0x0000,0x0000,0x0000,0x0000,0x0000,0x0000,0x0000,0x0000,0x0000,0x0000,0x0000,0x0000,0x0000,
		0x0000,0x0000,0x0000,0x49a2,0x49a2,0x8b24,0x28e1,0x28e1,0x0000,0x0000,0x0000,0x0000,0x0000,0x0000,0x0000,0x0000,0x0000,0x0000,0x0000,0x0000,0x0000,0x0000,0x0000,0x0000,0x0000,0x0000,
		0x0000,0x0000,0x0000,0x49a2,0x49a2,0x8b24,0x28e1,0x28e1,0x0000,0x0000,0x0000,0x0000,0x0000,0x0000,0x0000,0x0000,0x0000,0x0000,0x0000,0x0000,0x0000,0x0000,0x0000,0x0000,0x0000,0x0000,
		0x0000,0x0000,0x0000,0x0000,0x0000,0x28e1,0x28e1,0x28e1,0x0000,0x0000,0x0000,0x0000,0x0000,0x0000,0x0000,0x0000,0x0000,0x0000,0x0000,0x0000,0x0000,0x0000,0x0000,0x0000,0x0000,0x0000,
		0x0000,0x0000,0x0000,0x0000,0x0000,0x0000,0x0000,0x0000,0x0000,0x0000,0x0000,0x0000,0x0000,0x0000,0x0000,0x0000,0x0000,0x0000,0x0000,0x0000,0x0000,0x0000,0x0000,0x0000,0x0000,0x0000,
		0x0000,0x0000,0x0000,0x0000,0x0000,0x0000,0x0000,0x0000,0x0000,0x0000,0x0000,0x0000,0x0000,0x0000,0x0000,0x0000,0x0000,0x0000,0x0000,0x0000,0x0000,0x0000,0x0000,0x0000,0x0000,0x0000
	},
    {//wooden sword
		0x0000,0x0000,0x0000,0x0000,0x0000,0x0000,0x0000,0x0000,0x0000,0x0000,0x0000,0x0000,0x0000,0x0000,0x0000,0x0000,0x0000,0x0000,0x0000,0x0000,0x0000,0x3142,0x3142,0x3142,0x3142,0x3142,
		0x0000,0x0000,0x0000,0x0000,0x0000,0x0000,0x0000,0x0000,0x0000,0x0000,0x0000,0x0000,0x0000,0x0000,0x0000,0x0000,0x0000,0x0000,0x0000,0x0000,0x0000,0x3142,0x3142,0x3142,0x3142,0x3142,
		0x0000,0x0000,0x0000,0x0000,0x0000,0x0000,0x0000,0x0000,0x0000,0x0000,0x0000,0x0000,0x0000,0x0000,0x0000,0x0000,0x0000,0x0000,0x0000,0x3142,0x3142,0x72c4,0x72c4,0x8324,0x20c1,0x20c1,
		0x0000,0x0000,0x0000,0x0000,0x0000,0x0000,0x0000,0x0000,0x0000,0x0000,0x0000,0x0000,0x0000,0x0000,0x0000,0x0000,0x0000,0x0000,0x3142,0x72c4,0x72c4,0x8324,0x8324,0x72c4,0x20c1,0x20c1,
		0x0000,0x0000,0x0000,0x0000,0x0000,0x0000,0x0000,0x0000,0x0000,0x0000,0x0000,0x0000,0x0000,0x0000,0x0000,0x0000,0x0000,0x0000,0x3142,0x72c4,0x72c4,0x8324,0x8324,0x72c4,0x20c1,0x20c1,
		0x0000,0x0000,0x0000,0x0000,0x0000,0x0000,0x0000,0x0000,0x0000,0x0000,0x0000,0x0000,0x0000,0x0000,0x0000,0x0000,0x3142,0x3142,0x72c4,0x8324,0x8324,0x72c4,0x72c4,0x20c1,0x0000,0x0000,
		0x0000,0x0000,0x0000,0x0000,0x0000,0x0000,0x0000,0x0000,0x0000,0x0000,0x0000,0x0000,0x0000,0x0000,0x0000,0x3142,0x72c4,0x72c4,0x8324,0x72c4,0x72c4,0x20c1,0x20c1,0x0000,0x0000,0x0000,
		0x0000,0x0000,0x0000,0x0000,0x0000,0x0000,0x0000,0x0000,0x0000,0x0000,0x0000,0x0000,0x0000,0x0000,0x0000,0x3142,0x72c4,0x72c4,0x8324,0x72c4,0x72c4,0x20c1,0x20c1,0x0000,0x0000,0x0000,
		0x0000,0x0000,0x0000,0x0000,0x0000,0x0000,0x0000,0x0000,0x0000,0x0000,0x0000,0x0000,0x0000,0x3142,0x3142,0x72c4,0x8324,0x8324,0x72c4,0x20c1,0x20c1,0x0000,0x0000,0x0000,0x0000,0x0000,
		0x0000,0x0000,0x0000,0x0000,0x0000,0x0000,0x0000,0x0000,0x0000,0x0000,0x0000,0x0000,0x0000,0x3142,0x3142,0x72c4,0x8324,0x8324,0x72c4,0x20c1,0x20c1,0x0000,0x0000,0x0000,0x0000,0x0000,
		0x0000,0x0000,0x0000,0x3142,0x3142,0x3142,0x0000,0x0000,0x0000,0x0000,0x0000,0x3142,0x3142,0x5a03,0x5a03,0x8324,0x72c4,0x72c4,0x20c1,0x0000,0x0000,0x0000,0x0000,0x0000,0x0000,0x0000,
		0x0000,0x0000,0x0000,0x3142,0x3142,0x41a2,0x3142,0x3142,0x0000,0x0000,0x3142,0x5a03,0x5a03,0x8324,0x8324,0x5a03,0x20c1,0x20c1,0x0000,0x0000,0x0000,0x0000,0x0000,0x0000,0x0000,0x0000,
		0x0000,0x0000,0x0000,0x3142,0x3142,0x41a2,0x3142,0x3142,0x0000,0x0000,0x3142,0x5a03,0x5a03,0x8324,0x8324,0x5a03,0x20c1,0x20c1,0x0000,0x0000,0x0000,0x0000,0x0000,0x0000,0x0000,0x0000,
		0x0000,0x0000,0x0000,0x0000,0x0000,0x3142,0x5a03,0x5a03,0x20c1,0x20c1,0x5a03,0x72c4,0x72c4,0x5a03,0x5a03,0x20c1,0x0000,0x0000,0x0000,0x0000,0x0000,0x0000,0x0000,0x0000,0x0000,0x0000,
		0x0000,0x0000,0x0000,0x0000,0x0000,0x3142,0x5a03,0x5a03,0x20c1,0x20c1,0x5a03,0x72c4,0x72c4,0x5a03,0x5a03,0x20c1,0x0000,0x0000,0x0000,0x0000,0x0000,0x0000,0x0000,0x0000,0x0000,0x0000,
		0x0000,0x0000,0x0000,0x0000,0x0000,0x3142,0x5a03,0x5a03,0x5a03,0x5a03,0x41a2,0x5a03,0x5a03,0x20c1,0x20c1,0x0000,0x0000,0x0000,0x0000,0x0000,0x0000,0x0000,0x0000,0x0000,0x0000,0x0000,
		0x0000,0x0000,0x0000,0x0000,0x0000,0x0000,0x3142,0x3142,0x41a2,0x41a2,0x3142,0x20c1,0x20c1,0x0000,0x0000,0x0000,0x0000,0x0000,0x0000,0x0000,0x0000,0x0000,0x0000,0x0000,0x0000,0x0000,
		0x0000,0x0000,0x0000,0x0000,0x0000,0x0000,0x3142,0x3142,0x41a2,0x41a2,0x3142,0x20c1,0x20c1,0x0000,0x0000,0x0000,0x0000,0x0000,0x0000,0x0000,0x0000,0x0000,0x0000,0x0000,0x0000,0x0000,
		0x0000,0x0000,0x0000,0x0000,0x0000,0x49a2,0x6a63,0x6a63,0x20c1,0x20c1,0x3142,0x3142,0x3142,0x20c1,0x20c1,0x0000,0x0000,0x0000,0x0000,0x0000,0x0000,0x0000,0x0000,0x0000,0x0000,0x0000,
		0x0000,0x0000,0x0000,0x49a2,0x49a2,0x8b24,0x28e1,0x28e1,0x0000,0x0000,0x20c1,0x20c1,0x20c1,0x3142,0x3142,0x20c1,0x0000,0x0000,0x0000,0x0000,0x0000,0x0000,0x0000,0x0000,0x0000,0x0000,
		0x0000,0x0000,0x0000,0x49a2,0x49a2,0x8b24,0x28e1,0x28e1,0x0000,0x0000,0x20c1,0x20c1,0x20c1,0x3142,0x3142,0x20c1,0x0000,0x0000,0x0000,0x0000,0x0000,0x0000,0x0000,0x0000,0x0000,0x0000,
		0x3142,0x3142,0x3142,0x6a63,0x6a63,0x28e1,0x0000,0x0000,0x0000,0x0000,0x0000,0x0000,0x0000,0x20c1,0x20c1,0x20c1,0x0000,0x0000,0x0000,0x0000,0x0000,0x0000,0x0000,0x0000,0x0000,0x0000,
		0x3142,0x3142,0x3142,0x6a63,0x6a63,0x28e1,0x0000,0x0000,0x0000,0x0000,0x0000,0x0000,0x0000,0x20c1,0x20c1,0x20c1,0x0000,0x0000,0x0000,0x0000,0x0000,0x0000,0x0000,0x0000,0x0000,0x0000,
		0x3142,0x3142,0x41a2,0x20c1,0x20c1,0x0000,0x0000,0x0000,0x0000,0x0000,0x0000,0x0000,0x0000,0x0000,0x0000,0x0000,0x0000,0x0000,0x0000,0x0000,0x0000,0x0000,0x0000,0x0000,0x0000,0x0000,
		0x20c1,0x20c1,0x20c1,0x20c1,0x20c1,0x0000,0x0000,0x0000,0x0000,0x0000,0x0000,0x0000,0x0000,0x0000,0x0000,0x0000,0x0000,0x0000,0x0000,0x0000,0x0000,0x0000,0x0000,0x0000,0x0000,0x0000,
		0x20c1,0x20c1,0x20c1,0x20c1,0x20c1,0x0000,0x0000,0x0000,0x0000,0x0000,0x0000,0x0000,0x0000,0x0000,0x0000,0x0000,0x0000,0x0000,0x0000,0x0000,0x0000,0x0000,0x0000,0x0000,0x0000,0x0000
	},
    {//stone sword
		0x0000,0x0000,0x0000,0x0000,0x0000,0x0000,0x0000,0x0000,0x0000,0x0000,0x0000,0x0000,0x0000,0x0000,0x0000,0x0000,0x0000,0x0000,0x0000,0x0000,0x0000,0x4a49,0x4a49,0x4a49,0x4a49,0x4a49,
		0x0000,0x0000,0x0000,0x0000,0x0000,0x0000,0x0000,0x0000,0x0000,0x0000,0x0000,0x0000,0x0000,0x0000,0x0000,0x0000,0x0000,0x0000,0x0000,0x0000,0x0000,0x4a49,0x4a49,0x4a49,0x4a49,0x4a49,
		0x0000,0x0000,0x0000,0x0000,0x0000,0x0000,0x0000,0x0000,0x0000,0x0000,0x0000,0x0000,0x0000,0x0000,0x0000,0x0000,0x0000,0x0000,0x0000,0x4a49,0x4a49,0x9491,0x9491,0xb595,0x2104,0x2104,
		0x0000,0x0000,0x0000,0x0000,0x0000,0x0000,0x0000,0x0000,0x0000,0x0000,0x0000,0x0000,0x0000,0x0000,0x0000,0x0000,0x0000,0x0000,0x4a49,0x9491,0x9491,0xb595,0xb595,0x9491,0x2104,0x2104,
		0x0000,0x0000,0x0000,0x0000,0x0000,0x0000,0x0000,0x0000,0x0000,0x0000,0x0000,0x0000,0x0000,0x0000,0x0000,0x0000,0x0000,0x0000,0x4a49,0x9491,0x9491,0xb595,0xb595,0x9491,0x2104,0x2104,
		0x0000,0x0000,0x0000,0x0000,0x0000,0x0000,0x0000,0x0000,0x0000,0x0000,0x0000,0x0000,0x0000,0x0000,0x0000,0x0000,0x4a49,0x4a49,0x9491,0xb595,0xb595,0x9491,0x9491,0x2104,0x0000,0x0000,
		0x0000,0x0000,0x0000,0x0000,0x0000,0x0000,0x0000,0x0000,0x0000,0x0000,0x0000,0x0000,0x0000,0x0000,0x0000,0x4a49,0x9491,0x9491,0xb595,0x9491,0x9491,0x2104,0x2104,0x0000,0x0000,0x0000,
		0x0000,0x0000,0x0000,0x0000,0x0000,0x0000,0x0000,0x0000,0x0000,0x0000,0x0000,0x0000,0x0000,0x0000,0x0000,0x4a49,0x9491,0x9491,0xb595,0x9491,0x9491,0x2104,0x2104,0x0000,0x0000,0x0000,
		0x0000,0x0000,0x0000,0x0000,0x0000,0x0000,0x0000,0x0000,0x0000,0x0000,0x0000,0x0000,0x0000,0x4a49,0x4a49,0x9491,0xb595,0xb595,0x9491,0x2104,0x2104,0x0000,0x0000,0x0000,0x0000,0x0000,
		0x0000,0x0000,0x0000,0x0000,0x0000,0x0000,0x0000,0x0000,0x0000,0x0000,0x0000,0x0000,0x0000,0x4a49,0x4a49,0x9491,0xb595,0xb595,0x9491,0x2104,0x2104,0x0000,0x0000,0x0000,0x0000,0x0000,
		0x0000,0x0000,0x0000,0x4a49,0x4a49,0x4a49,0x0000,0x0000,0x0000,0x0000,0x0000,0x4a49,0x4a49,0x7bae,0x7bae,0xb595,0x9491,0x9491,0x2104,0x0000,0x0000,0x0000,0x0000,0x0000,0x0000,0x0000,
		0x0000,0x0000,0x0000,0x4a49,0x4a49,0x5acb,0x4a49,0x4a49,0x0000,0x0000,0x4a49,0x7bae,0x7bae,0xb595,0xb595,0x7bae,0x2104,0x2104,0x0000,0x0000,0x0000,0x0000,0x0000,0x0000,0x0000,0x0000,
		0x0000,0x0000,0x0000,0x4a49,0x4a49,0x5acb,0x4a49,0x4a49,0x0000,0x0000,0x4a49,0x7bae,0x7bae,0xb595,0xb595,0x7bae,0x2104,0x2104,0x0000,0x0000,0x0000,0x0000,0x0000,0x0000,0x0000,0x0000,
		0x0000,0x0000,0x0000,0x0000,0x0000,0x4a49,0x7bae,0x7bae,0x2104,0x2104,0x7bae,0x9491,0x9491,0x7bae,0x7bae,0x2104,0x0000,0x0000,0x0000,0x0000,0x0000,0x0000,0x0000,0x0000,0x0000,0x0000,
		0x0000,0x0000,0x0000,0x0000,0x0000,0x4a49,0x7bae,0x7bae,0x2104,0x2104,0x7bae,0x9491,0x9491,0x7bae,0x7bae,0x2104,0x0000,0x0000,0x0000,0x0000,0x0000,0x0000,0x0000,0x0000,0x0000,0x0000,
		0x0000,0x0000,0x0000,0x0000,0x0000,0x4a49,0x7bae,0x7bae,0x7bae,0x7bae,0x5acb,0x7bae,0x7bae,0x2104,0x2104,0x0000,0x0000,0x0000,0x0000,0x0000,0x0000,0x0000,0x0000,0x0000,0x0000,0x0000,
		0x0000,0x0000,0x0000,0x0000,0x0000,0x0000,0x4a49,0x4a49,0x5acb,0x5acb,0x4a49,0x2104,0x2104,0x0000,0x0000,0x0000,0x0000,0x0000,0x0000,0x0000,0x0000,0x0000,0x0000,0x0000,0x0000,0x0000,
		0x0000,0x0000,0x0000,0x0000,0x0000,0x0000,0x4a49,0x4a49,0x5acb,0x5acb,0x4a49,0x2104,0x2104,0x0000,0x0000,0x0000,0x0000,0x0000,0x0000,0x0000,0x0000,0x0000,0x0000,0x0000,0x0000,0x0000,
		0x0000,0x0000,0x0000,0x0000,0x0000,0x49a2,0x6a63,0x6a63,0x2104,0x2104,0x4a49,0x4a49,0x4a49,0x2104,0x2104,0x0000,0x0000,0x0000,0x0000,0x0000,0x0000,0x0000,0x0000,0x0000,0x0000,0x0000,
		0x0000,0x0000,0x0000,0x49a2,0x49a2,0x8b24,0x28e1,0x28e1,0x0000,0x0000,0x2104,0x2104,0x2104,0x4a49,0x4a49,0x2104,0x0000,0x0000,0x0000,0x0000,0x0000,0x0000,0x0000,0x0000,0x0000,0x0000,
		0x0000,0x0000,0x0000,0x49a2,0x49a2,0x8b24,0x28e1,0x28e1,0x0000,0x0000,0x2104,0x2104,0x2104,0x4a49,0x4a49,0x2104,0x0000,0x0000,0x0000,0x0000,0x0000,0x0000,0x0000,0x0000,0x0000,0x0000,
		0x4a49,0x4a49,0x4a49,0x6a63,0x6a63,0x28e1,0x0000,0x0000,0x0000,0x0000,0x0000,0x0000,0x0000,0x2104,0x2104,0x2104,0x0000,0x0000,0x0000,0x0000,0x0000,0x0000,0x0000,0x0000,0x0000,0x0000,
		0x4a49,0x4a49,0x4a49,0x6a63,0x6a63,0x28e1,0x0000,0x0000,0x0000,0x0000,0x0000,0x0000,0x0000,0x2104,0x2104,0x2104,0x0000,0x0000,0x0000,0x0000,0x0000,0x0000,0x0000,0x0000,0x0000,0x0000,
		0x4a49,0x4a49,0x5acb,0x2104,0x2104,0x0000,0x0000,0x0000,0x0000,0x0000,0x0000,0x0000,0x0000,0x0000,0x0000,0x0000,0x0000,0x0000,0x0000,0x0000,0x0000,0x0000,0x0000,0x0000,0x0000,0x0000,
		0x2104,0x2104,0x2104,0x2104,0x2104,0x0000,0x0000,0x0000,0x0000,0x0000,0x0000,0x0000,0x0000,0x0000,0x0000,0x0000,0x0000,0x0000,0x0000,0x0000,0x0000,0x0000,0x0000,0x0000,0x0000,0x0000,
		0x2104,0x2104,0x2104,0x2104,0x2104,0x0000,0x0000,0x0000,0x0000,0x0000,0x0000,0x0000,0x0000,0x0000,0x0000,0x0000,0x0000,0x0000,0x0000,0x0000,0x0000,0x0000,0x0000,0x0000,0x0000,0x0000
	},
    {//iron sword
		0x0000,0x0000,0x0000,0x0000,0x0000,0x0000,0x0000,0x0000,0x0000,0x0000,0x0000,0x0000,0x0000,0x0000,0x0000,0x0000,0x0000,0x0000,0x0000,0x0000,0x0000,0x4228,0x4228,0x4228,0x4228,0x4228,
		0x0000,0x0000,0x0000,0x0000,0x0000,0x0000,0x0000,0x0000,0x0000,0x0000,0x0000,0x0000,0x0000,0x0000,0x0000,0x0000,0x0000,0x0000,0x0000,0x0000,0x0000,0x4228,0x4228,0x4228,0x4228,0x4228,
		0x0000,0x0000,0x0000,0x0000,0x0000,0x0000,0x0000,0x0000,0x0000,0x0000,0x0000,0x0000,0x0000,0x0000,0x0000,0x0000,0x0000,0x0000,0x0000,0x4228,0x4228,0xffff,0xffff,0xffff,0x18c3,0x18c3,
		0x0000,0x0000,0x0000,0x0000,0x0000,0x0000,0x0000,0x0000,0x0000,0x0000,0x0000,0x0000,0x0000,0x0000,0x0000,0x0000,0x0000,0x0000,0x4228,0xffff,0xffff,0xbdf7,0xbdf7,0xffff,0x18c3,0x18c3,
		0x0000,0x0000,0x0000,0x0000,0x0000,0x0000,0x0000,0x0000,0x0000,0x0000,0x0000,0x0000,0x0000,0x0000,0x0000,0x0000,0x0000,0x0000,0x4228,0xffff,0xffff,0xbdf7,0xbdf7,0xffff,0x18c3,0x18c3,
		0x0000,0x0000,0x0000,0x0000,0x0000,0x0000,0x0000,0x0000,0x0000,0x0000,0x0000,0x0000,0x0000,0x0000,0x0000,0x0000,0x4228,0x4228,0xffff,0xbdf7,0xbdf7,0xffff,0xffff,0x18c3,0x0000,0x0000,
		0x0000,0x0000,0x0000,0x0000,0x0000,0x0000,0x0000,0x0000,0x0000,0x0000,0x0000,0x0000,0x0000,0x0000,0x0000,0x4228,0xffff,0xffff,0xbdf7,0xdedb,0xdedb,0x18c3,0x18c3,0x0000,0x0000,0x0000,
		0x0000,0x0000,0x0000,0x0000,0x0000,0x0000,0x0000,0x0000,0x0000,0x0000,0x0000,0x0000,0x0000,0x0000,0x0000,0x4228,0xffff,0xffff,0xbdf7,0xdedb,0xdedb,0x18c3,0x18c3,0x0000,0x0000,0x0000,
		0x0000,0x0000,0x0000,0x0000,0x0000,0x0000,0x0000,0x0000,0x0000,0x0000,0x0000,0x0000,0x0000,0x4228,0x4228,0xffff,0xbdf7,0xbdf7,0xdedb,0x18c3,0x18c3,0x0000,0x0000,0x0000,0x0000,0x0000,
		0x0000,0x0000,0x0000,0x0000,0x0000,0x0000,0x0000,0x0000,0x0000,0x0000,0x0000,0x0000,0x0000,0x4228,0x4228,0xffff,0xbdf7,0xbdf7,0xdedb,0x18c3,0x18c3,0x0000,0x0000,0x0000,0x0000,0x0000,
		0x0000,0x0000,0x0000,0x4228,0x4228,0x4228,0x0000,0x0000,0x0000,0x0000,0x0000,0x4228,0x4228,0xdedb,0xdedb,0xbdf7,0xdedb,0xdedb,0x18c3,0x0000,0x0000,0x0000,0x0000,0x0000,0x0000,0x0000,
		0x0000,0x0000,0x0000,0x4228,0x4228,0x6b4d,0x4228,0x4228,0x0000,0x0000,0x4228,0xdedb,0xdedb,0xbdf7,0xbdf7,0xdedb,0x18c3,0x18c3,0x0000,0x0000,0x0000,0x0000,0x0000,0x0000,0x0000,0x0000,
		0x0000,0x0000,0x0000,0x4228,0x4228,0x6b4d,0x4228,0x4228,0x0000,0x0000,0x4228,0xdedb,0xdedb,0xbdf7,0xbdf7,0xdedb,0x18c3,0x18c3,0x0000,0x0000,0x0000,0x0000,0x0000,0x0000,0x0000,0x0000,
		0x0000,0x0000,0x0000,0x0000,0x0000,0x4228,0x94b2,0x94b2,0x18c3,0x18c3,0xdedb,0x94b2,0x94b2,0xdedb,0xdedb,0x18c3,0x0000,0x0000,0x0000,0x0000,0x0000,0x0000,0x0000,0x0000,0x0000,0x0000,
		0x0000,0x0000,0x0000,0x0000,0x0000,0x4228,0x94b2,0x94b2,0x18c3,0x18c3,0xdedb,0x94b2,0x94b2,0xdedb,0xdedb,0x18c3,0x0000,0x0000,0x0000,0x0000,0x0000,0x0000,0x0000,0x0000,0x0000,0x0000,
		0x0000,0x0000,0x0000,0x0000,0x0000,0x4228,0x94b2,0x94b2,0x94b2,0x94b2,0x6b4d,0xdedb,0xdedb,0x18c3,0x18c3,0x0000,0x0000,0x0000,0x0000,0x0000,0x0000,0x0000,0x0000,0x0000,0x0000,0x0000,
		0x0000,0x0000,0x0000,0x0000,0x0000,0x0000,0x4228,0x4228,0x6b4d,0x6b4d,0x4228,0x18c3,0x18c3,0x0000,0x0000,0x0000,0x0000,0x0000,0x0000,0x0000,0x0000,0x0000,0x0000,0x0000,0x0000,0x0000,
		0x0000,0x0000,0x0000,0x0000,0x0000,0x0000,0x4228,0x4228,0x6b4d,0x6b4d,0x4228,0x18c3,0x18c3,0x0000,0x0000,0x0000,0x0000,0x0000,0x0000,0x0000,0x0000,0x0000,0x0000,0x0000,0x0000,0x0000,
		0x0000,0x0000,0x0000,0x0000,0x0000,0x49a2,0x6a63,0x6a63,0x18c3,0x18c3,0x4228,0x4228,0x4228,0x18c3,0x18c3,0x0000,0x0000,0x0000,0x0000,0x0000,0x0000,0x0000,0x0000,0x0000,0x0000,0x0000,
		0x0000,0x0000,0x0000,0x49a2,0x49a2,0x8b24,0x28e1,0x28e1,0x0000,0x0000,0x18c3,0x18c3,0x18c3,0x4228,0x4228,0x18c3,0x0000,0x0000,0x0000,0x0000,0x0000,0x0000,0x0000,0x0000,0x0000,0x0000,
		0x0000,0x0000,0x0000,0x49a2,0x49a2,0x8b24,0x28e1,0x28e1,0x0000,0x0000,0x18c3,0x18c3,0x18c3,0x4228,0x4228,0x18c3,0x0000,0x0000,0x0000,0x0000,0x0000,0x0000,0x0000,0x0000,0x0000,0x0000,
		0x4228,0x4228,0x4228,0x6a63,0x6a63,0x28e1,0x0000,0x0000,0x0000,0x0000,0x0000,0x0000,0x0000,0x18c3,0x18c3,0x18c3,0x0000,0x0000,0x0000,0x0000,0x0000,0x0000,0x0000,0x0000,0x0000,0x0000,
		0x4228,0x4228,0x4228,0x6a63,0x6a63,0x28e1,0x0000,0x0000,0x0000,0x0000,0x0000,0x0000,0x0000,0x18c3,0x18c3,0x18c3,0x0000,0x0000,0x0000,0x0000,0x0000,0x0000,0x0000,0x0000,0x0000,0x0000,
		0x4228,0x4228,0x6b4d,0x18c3,0x18c3,0x0000,0x0000,0x0000,0x0000,0x0000,0x0000,0x0000,0x0000,0x0000,0x0000,0x0000,0x0000,0x0000,0x0000,0x0000,0x0000,0x0000,0x0000,0x0000,0x0000,0x0000,
		0x18c3,0x18c3,0x18c3,0x18c3,0x18c3,0x0000,0x0000,0x0000,0x0000,0x0000,0x0000,0x0000,0x0000,0x0000,0x0000,0x0000,0x0000,0x0000,0x0000,0x0000,0x0000,0x0000,0x0000,0x0000,0x0000,0x0000,
		0x18c3,0x18c3,0x18c3,0x18c3,0x18c3,0x0000,0x0000,0x0000,0x0000,0x0000,0x0000,0x0000,0x0000,0x0000,0x0000,0x0000,0x0000,0x0000,0x0000,0x0000,0x0000,0x0000,0x0000,0x0000,0x0000,0x0000
	},
    {//golden sword
		0x0000,0x0000,0x0000,0x0000,0x0000,0x0000,0x0000,0x0000,0x0000,0x0000,0x0000,0x0000,0x0000,0x0000,0x0000,0x0000,0x0000,0x0000,0x0000,0x0000,0x0000,0x82e2,0x82e2,0x82e2,0x82e2,0x82e2,
		0x0000,0x0000,0x0000,0x0000,0x0000,0x0000,0x0000,0x0000,0x0000,0x0000,0x0000,0x0000,0x0000,0x0000,0x0000,0x0000,0x0000,0x0000,0x0000,0x0000,0x0000,0x82e2,0x82e2,0x82e2,0x82e2,0x82e2,
		0x0000,0x0000,0x0000,0x0000,0x0000,0x0000,0x0000,0x0000,0x0000,0x0000,0x0000,0x0000,0x0000,0x0000,0x0000,0x0000,0x0000,0x0000,0x0000,0x82e2,0x82e2,0xffff,0xffff,0xffff,0x3961,0x3961,
		0x0000,0x0000,0x0000,0x0000,0x0000,0x0000,0x0000,0x0000,0x0000,0x0000,0x0000,0x0000,0x0000,0x0000,0x0000,0x0000,0x0000,0x0000,0x82e2,0xffff,0xffff,0xef6a,0xef6a,0xffff,0x3961,0x3961,
		0x0000,0x0000,0x0000,0x0000,0x0000,0x0000,0x0000,0x0000,0x0000,0x0000,0x0000,0x0000,0x0000,0x0000,0x0000,0x0000,0x0000,0x0000,0x82e2,0xffff,0xffff,0xef6a,0xef6a,0xffff,0x3961,0x3961,
		0x0000,0x0000,0x0000,0x0000,0x0000,0x0000,0x0000,0x0000,0x0000,0x0000,0x0000,0x0000,0x0000,0x0000,0x0000,0x0000,0x82e2,0x82e2,0xffff,0xef6a,0xef6a,0xffff,0xffff,0x3961,0x0000,0x0000,
		0x0000,0x0000,0x0000,0x0000,0x0000,0x0000,0x0000,0x0000,0x0000,0x0000,0x0000,0x0000,0x0000,0x0000,0x0000,0x82e2,0xffff,0xffff,0xef6a,0xffee,0xffee,0x3961,0x3961,0x0000,0x0000,0x0000,
		0x0000,0x0000,0x0000,0x0000,0x0000,0x0000,0x0000,0x0000,0x0000,0x0000,0x0000,0x0000,0x0000,0x0000,0x0000,0x82e2,0xffff,0xffff,0xef6a,0xffee,0xffee,0x3961,0x3961,0x0000,0x0000,0x0000,
		0x0000,0x0000,0x0000,0x0000,0x0000,0x0000,0x0000,0x0000,0x0000,0x0000,0x0000,0x0000,0x0000,0x82e2,0x82e2,0xffff,0xef6a,0xef6a,0xffee,0x3961,0x3961,0x0000,0x0000,0x0000,0x0000,0x0000,
		0x0000,0x0000,0x0000,0x0000,0x0000,0x0000,0x0000,0x0000,0x0000,0x0000,0x0000,0x0000,0x0000,0x82e2,0x82e2,0xffff,0xef6a,0xef6a,0xffee,0x3961,0x3961,0x0000,0x0000,0x0000,0x0000,0x0000,
		0x0000,0x0000,0x0000,0x82e2,0x82e2,0x82e2,0x0000,0x0000,0x0000,0x0000,0x0000,0x82e2,0x82e2,0xffee,0xffee,0xef6a,0xffee,0xffee,0x3961,0x0000,0x0000,0x0000,0x0000,0x0000,0x0000,0x0000,
		0x0000,0x0000,0x0000,0x82e2,0x82e2,0xdca2,0x82e2,0x82e2,0x0000,0x0000,0x82e2,0xffee,0xffee,0xef6a,0xef6a,0xffee,0x3961,0x3961,0x0000,0x0000,0x0000,0x0000,0x0000,0x0000,0x0000,0x0000,
		0x0000,0x0000,0x0000,0x82e2,0x82e2,0xdca2,0x82e2,0x82e2,0x0000,0x0000,0x82e2,0xffee,0xffee,0xef6a,0xef6a,0xffee,0x3961,0x3961,0x0000,0x0000,0x0000,0x0000,0x0000,0x0000,0x0000,0x0000,
		0x0000,0x0000,0x0000,0x0000,0x0000,0x82e2,0xed82,0xed82,0x3961,0x3961,0xffee,0xed82,0xed82,0xffee,0xffee,0x3961,0x0000,0x0000,0x0000,0x0000,0x0000,0x0000,0x0000,0x0000,0x0000,0x0000,
		0x0000,0x0000,0x0000,0x0000,0x0000,0x82e2,0xed82,0xed82,0x3961,0x3961,0xffee,0xed82,0xed82,0xffee,0xffee,0x3961,0x0000,0x0000,0x0000,0x0000,0x0000,0x0000,0x0000,0x0000,0x0000,0x0000,
		0x0000,0x0000,0x0000,0x0000,0x0000,0x82e2,0xed82,0xed82,0xed82,0xed82,0xdca2,0xffee,0xffee,0x3961,0x3961,0x0000,0x0000,0x0000,0x0000,0x0000,0x0000,0x0000,0x0000,0x0000,0x0000,0x0000,
		0x0000,0x0000,0x0000,0x0000,0x0000,0x0000,0x82e2,0x82e2,0xdca2,0xdca2,0x82e2,0x3961,0x3961,0x0000,0x0000,0x0000,0x0000,0x0000,0x0000,0x0000,0x0000,0x0000,0x0000,0x0000,0x0000,0x0000,
		0x0000,0x0000,0x0000,0x0000,0x0000,0x0000,0x82e2,0x82e2,0xdca2,0xdca2,0x82e2,0x3961,0x3961,0x0000,0x0000,0x0000,0x0000,0x0000,0x0000,0x0000,0x0000,0x0000,0x0000,0x0000,0x0000,0x0000,
		0x0000,0x0000,0x0000,0x0000,0x0000,0x49a2,0x6a63,0x6a63,0x3961,0x3961,0x82e2,0x82e2,0x82e2,0x3961,0x3961,0x0000,0x0000,0x0000,0x0000,0x0000,0x0000,0x0000,0x0000,0x0000,0x0000,0x0000,
		0x0000,0x0000,0x0000,0x49a2,0x49a2,0x8b24,0x28e1,0x28e1,0x0000,0x0000,0x3961,0x3961,0x3961,0x82e2,0x82e2,0x3961,0x0000,0x0000,0x0000,0x0000,0x0000,0x0000,0x0000,0x0000,0x0000,0x0000,
		0x0000,0x0000,0x0000,0x49a2,0x49a2,0x8b24,0x28e1,0x28e1,0x0000,0x0000,0x3961,0x3961,0x3961,0x82e2,0x82e2,0x3961,0x0000,0x0000,0x0000,0x0000,0x0000,0x0000,0x0000,0x0000,0x0000,0x0000,
		0x82e2,0x82e2,0x82e2,0x6a63,0x6a63,0x28e1,0x0000,0x0000,0x0000,0x0000,0x0000,0x0000,0x0000,0x3961,0x3961,0x3961,0x0000,0x0000,0x0000,0x0000,0x0000,0x0000,0x0000,0x0000,0x0000,0x0000,
		0x82e2,0x82e2,0x82e2,0x6a63,0x6a63,0x28e1,0x0000,0x0000,0x0000,0x0000,0x0000,0x0000,0x0000,0x3961,0x3961,0x3961,0x0000,0x0000,0x0000,0x0000,0x0000,0x0000,0x0000,0x0000,0x0000,0x0000,
		0x82e2,0x82e2,0xdca2,0x3961,0x3961,0x0000,0x0000,0x0000,0x0000,0x0000,0x0000,0x0000,0x0000,0x0000,0x0000,0x0000,0x0000,0x0000,0x0000,0x0000,0x0000,0x0000,0x0000,0x0000,0x0000,0x0000,
		0x3961,0x3961,0x3961,0x3961,0x3961,0x0000,0x0000,0x0000,0x0000,0x0000,0x0000,0x0000,0x0000,0x0000,0x0000,0x0000,0x0000,0x0000,0x0000,0x0000,0x0000,0x0000,0x0000,0x0000,0x0000,0x0000,
		0x3961,0x3961,0x3961,0x3961,0x3961,0x0000,0x0000,0x0000,0x0000,0x0000,0x0000,0x0000,0x0000,0x0000,0x0000,0x0000,0x0000,0x0000,0x0000,0x0000,0x0000,0x0000,0x0000,0x0000,0x0000,0x0000
	},
    {//diamond sword
		0x0000,0x0000,0x0000,0x0000,0x0000,0x0000,0x0000,0x0000,0x0000,0x0000,0x0000,0x0000,0x0000,0x0000,0x0000,0x0000,0x0000,0x0000,0x0000,0x0000,0x0000,0x09e6,0x09e6,0x09e6,0x09e6,0x09e6,
		0x0000,0x0000,0x0000,0x0000,0x0000,0x0000,0x0000,0x0000,0x0000,0x0000,0x0000,0x0000,0x0000,0x0000,0x0000,0x0000,0x0000,0x0000,0x0000,0x0000,0x0000,0x09e6,0x09e6,0x09e6,0x09e6,0x09e6,
		0x0000,0x0000,0x0000,0x0000,0x0000,0x0000,0x0000,0x0000,0x0000,0x0000,0x0000,0x0000,0x0000,0x0000,0x0000,0x0000,0x0000,0x0000,0x0000,0x09e6,0x09e6,0xa7fe,0xa7fe,0xa7fe,0x0924,0x0924,
		0x0000,0x0000,0x0000,0x0000,0x0000,0x0000,0x0000,0x0000,0x0000,0x0000,0x0000,0x0000,0x0000,0x0000,0x0000,0x0000,0x0000,0x0000,0x09e6,0xa7fe,0xa7fe,0x2e35,0x2e35,0xa7fe,0x0924,0x0924,
		0x0000,0x0000,0x0000,0x0000,0x0000,0x0000,0x0000,0x0000,0x0000,0x0000,0x0000,0x0000,0x0000,0x0000,0x0000,0x0000,0x0000,0x0000,0x09e6,0xa7fe,0xa7fe,0x2e35,0x2e35,0xa7fe,0x0924,0x0924,
		0x0000,0x0000,0x0000,0x0000,0x0000,0x0000,0x0000,0x0000,0x0000,0x0000,0x0000,0x0000,0x0000,0x0000,0x0000,0x0000,0x09e6,0x09e6,0xa7fe,0x2e35,0x2e35,0xa7fe,0xa7fe,0x0924,0x0000,0x0000,
		0x0000,0x0000,0x0000,0x0000,0x0000,0x0000,0x0000,0x0000,0x0000,0x0000,0x0000,0x0000,0x0000,0x0000,0x0000,0x09e6,0xa7fe,0xa7fe,0x2e35,0x3759,0x3759,0x0924,0x0924,0x0000,0x0000,0x0000,
		0x0000,0x0000,0x0000,0x0000,0x0000,0x0000,0x0000,0x0000,0x0000,0x0000,0x0000,0x0000,0x0000,0x0000,0x0000,0x09e6,0xa7fe,0xa7fe,0x2e35,0x3759,0x3759,0x0924,0x0924,0x0000,0x0000,0x0000,
		0x0000,0x0000,0x0000,0x0000,0x0000,0x0000,0x0000,0x0000,0x0000,0x0000,0x0000,0x0000,0x0000,0x09e6,0x09e6,0xa7fe,0x2e35,0x2e35,0x3759,0x0924,0x0924,0x0000,0x0000,0x0000,0x0000,0x0000,
		0x0000,0x0000,0x0000,0x0000,0x0000,0x0000,0x0000,0x0000,0x0000,0x0000,0x0000,0x0000,0x0000,0x09e6,0x09e6,0xa7fe,0x2e35,0x2e35,0x3759,0x0924,0x0924,0x0000,0x0000,0x0000,0x0000,0x0000,
		0x0000,0x0000,0x0000,0x09e6,0x09e6,0x09e6,0x0000,0x0000,0x0000,0x0000,0x0000,0x09e6,0x09e6,0x3759,0x3759,0x2e35,0x3759,0x3759,0x0924,0x0000,0x0000,0x0000,0x0000,0x0000,0x0000,0x0000,
		0x0000,0x0000,0x0000,0x09e6,0x09e6,0x130a,0x09e6,0x09e6,0x0000,0x0000,0x09e6,0x3759,0x3759,0x2e35,0x2e35,0x3759,0x0924,0x0924,0x0000,0x0000,0x0000,0x0000,0x0000,0x0000,0x0000,0x0000,
		0x0000,0x0000,0x0000,0x09e6,0x09e6,0x130a,0x09e6,0x09e6,0x0000,0x0000,0x09e6,0x3759,0x3759,0x2e35,0x2e35,0x3759,0x0924,0x0924,0x0000,0x0000,0x0000,0x0000,0x0000,0x0000,0x0000,0x0000,
		0x0000,0x0000,0x0000,0x0000,0x0000,0x09e6,0x1c4e,0x1c4e,0x0924,0x0924,0x3759,0x1c4e,0x1c4e,0x3759,0x3759,0x0924,0x0000,0x0000,0x0000,0x0000,0x0000,0x0000,0x0000,0x0000,0x0000,0x0000,
		0x0000,0x0000,0x0000,0x0000,0x0000,0x09e6,0x1c4e,0x1c4e,0x0924,0x0924,0x3759,0x1c4e,0x1c4e,0x3759,0x3759,0x0924,0x0000,0x0000,0x0000,0x0000,0x0000,0x0000,0x0000,0x0000,0x0000,0x0000,
		0x0000,0x0000,0x0000,0x0000,0x0000,0x09e6,0x1c4e,0x1c4e,0x1c4e,0x1c4e,0x130a,0x3759,0x3759,0x0924,0x0924,0x0000,0x0000,0x0000,0x0000,0x0000,0x0000,0x0000,0x0000,0x0000,0x0000,0x0000,
		0x0000,0x0000,0x0000,0x0000,0x0000,0x0000,0x09e6,0x09e6,0x130a,0x130a,0x09e6,0x0924,0x0924,0x0000,0x0000,0x0000,0x0000,0x0000,0x0000,0x0000,0x0000,0x0000,0x0000,0x0000,0x0000,0x0000,
		0x0000,0x0000,0x0000,0x0000,0x0000,0x0000,0x09e6,0x09e6,0x130a,0x130a,0x09e6,0x0924,0x0924,0x0000,0x0000,0x0000,0x0000,0x0000,0x0000,0x0000,0x0000,0x0000,0x0000,0x0000,0x0000,0x0000,
		0x0000,0x0000,0x0000,0x0000,0x0000,0x49a2,0x6a63,0x6a63,0x0924,0x0924,0x09e6,0x09e6,0x09e6,0x0924,0x0924,0x0000,0x0000,0x0000,0x0000,0x0000,0x0000,0x0000,0x0000,0x0000,0x0000,0x0000,
		0x0000,0x0000,0x0000,0x49a2,0x49a2,0x8b24,0x28e1,0x28e1,0x0000,0x0000,0x0924,0x0924,0x0924,0x09e6,0x09e6,0x0924,0x0000,0x0000,0x0000,0x0000,0x0000,0x0000,0x0000,0x0000,0x0000,0x0000,
		0x0000,0x0000,0x0000,0x49a2,0x49a2,0x8b24,0x28e1,0x28e1,0x0000,0x0000,0x0924,0x0924,0x0924,0x09e6,0x09e6,0x0924,0x0000,0x0000,0x0000,0x0000,0x0000,0x0000,0x0000,0x0000,0x0000,0x0000,
		0x09e6,0x09e6,0x09e6,0x6a63,0x6a63,0x28e1,0x0000,0x0000,0x0000,0x0000,0x0000,0x0000,0x0000,0x0924,0x0924,0x0924,0x0000,0x0000,0x0000,0x0000,0x0000,0x0000,0x0000,0x0000,0x0000,0x0000,
		0x09e6,0x09e6,0x09e6,0x6a63,0x6a63,0x28e1,0x0000,0x0000,0x0000,0x0000,0x0000,0x0000,0x0000,0x0924,0x0924,0x0924,0x0000,0x0000,0x0000,0x0000,0x0000,0x0000,0x0000,0x0000,0x0000,0x0000,
		0x09e6,0x09e6,0x130a,0x0924,0x0924,0x0000,0x0000,0x0000,0x0000,0x0000,0x0000,0x0000,0x0000,0x0000,0x0000,0x0000,0x0000,0x0000,0x0000,0x0000,0x0000,0x0000,0x0000,0x0000,0x0000,0x0000,
		0x0924,0x0924,0x0924,0x0924,0x0924,0x0000,0x0000,0x0000,0x0000,0x0000,0x0000,0x0000,0x0000,0x0000,0x0000,0x0000,0x0000,0x0000,0x0000,0x0000,0x0000,0x0000,0x0000,0x0000,0x0000,0x0000,
		0x0924,0x0924,0x0924,0x0924,0x0924,0x0000,0x0000,0x0000,0x0000,0x0000,0x0000,0x0000,0x0000,0x0000,0x0000,0x0000,0x0000,0x0000,0x0000,0x0000,0x0000,0x0000,0x0000,0x0000,0x0000,0x0000
	},
    {//wooden hoe
		0x0000,0x0000,0x0000,0x0000,0x0000,0x0000,0x0000,0x0000,0x0000,0x0000,0x0000,0x0000,0x0000,0x0000,0x0000,0x0000,0x0000,0x0000,0x0000,0x0000,0x0000,0x0000,0x0000,0x0000,0x0000,0x0000,
		0x0000,0x0000,0x0000,0x0000,0x0000,0x0000,0x0000,0x0000,0x0000,0x0000,0x0000,0x0000,0x0000,0x0000,0x0000,0x0000,0x0000,0x0000,0x0000,0x0000,0x0000,0x0000,0x0000,0x0000,0x0000,0x0000,
		0x0000,0x0000,0x0000,0x0000,0x0000,0x0000,0x0000,0x0000,0x0000,0x0000,0x0000,0x3142,0x3142,0x3142,0x3142,0x3142,0x0000,0x0000,0x0000,0x0000,0x0000,0x0000,0x0000,0x0000,0x0000,0x0000,
		0x0000,0x0000,0x0000,0x0000,0x0000,0x0000,0x0000,0x0000,0x0000,0x0000,0x3142,0x8b24,0x8b24,0x72c4,0x72c4,0x72c4,0x3142,0x3142,0x0000,0x0000,0x0000,0x0000,0x0000,0x0000,0x0000,0x0000,
		0x0000,0x0000,0x0000,0x0000,0x0000,0x0000,0x0000,0x0000,0x0000,0x0000,0x3142,0x8b24,0x8b24,0x72c4,0x72c4,0x72c4,0x3142,0x3142,0x0000,0x0000,0x0000,0x0000,0x0000,0x0000,0x0000,0x0000,
		0x0000,0x0000,0x0000,0x0000,0x0000,0x0000,0x0000,0x0000,0x0000,0x0000,0x0000,0x20c1,0x20c1,0x20c1,0x20c1,0x6a83,0x72c4,0x72c4,0x3142,0x49a2,0x49a2,0x6a63,0x6a63,0x0000,0x0000,0x0000,
		0x0000,0x0000,0x0000,0x0000,0x0000,0x0000,0x0000,0x0000,0x0000,0x0000,0x0000,0x0000,0x0000,0x0000,0x0000,0x20c1,0x6a83,0x6a83,0x6a83,0x8b24,0x8b24,0x20c1,0x20c1,0x0000,0x0000,0x0000,
		0x0000,0x0000,0x0000,0x0000,0x0000,0x0000,0x0000,0x0000,0x0000,0x0000,0x0000,0x0000,0x0000,0x0000,0x0000,0x20c1,0x6a83,0x6a83,0x6a83,0x8b24,0x8b24,0x20c1,0x20c1,0x0000,0x0000,0x0000,
		0x0000,0x0000,0x0000,0x0000,0x0000,0x0000,0x0000,0x0000,0x0000,0x0000,0x0000,0x0000,0x0000,0x0000,0x0000,0x0000,0x49a2,0x49a2,0x72c4,0x6a83,0x6a83,0x20c1,0x20c1,0x0000,0x0000,0x0000,
		0x0000,0x0000,0x0000,0x0000,0x0000,0x0000,0x0000,0x0000,0x0000,0x0000,0x0000,0x0000,0x0000,0x0000,0x0000,0x0000,0x49a2,0x49a2,0x72c4,0x6a83,0x6a83,0x20c1,0x20c1,0x0000,0x0000,0x0000,
		0x0000,0x0000,0x0000,0x0000,0x0000,0x0000,0x0000,0x0000,0x0000,0x0000,0x0000,0x0000,0x0000,0x0000,0x0000,0x49a2,0x6a63,0x6a63,0x20c1,0x20c1,0x20c1,0x0000,0x0000,0x0000,0x0000,0x0000,
		0x0000,0x0000,0x0000,0x0000,0x0000,0x0000,0x0000,0x0000,0x0000,0x0000,0x0000,0x0000,0x0000,0x49a2,0x49a2,0x8b24,0x20c1,0x20c1,0x0000,0x0000,0x0000,0x0000,0x0000,0x0000,0x0000,0x0000,
		0x0000,0x0000,0x0000,0x0000,0x0000,0x0000,0x0000,0x0000,0x0000,0x0000,0x0000,0x0000,0x0000,0x49a2,0x49a2,0x8b24,0x20c1,0x20c1,0x0000,0x0000,0x0000,0x0000,0x0000,0x0000,0x0000,0x0000,
		0x0000,0x0000,0x0000,0x0000,0x0000,0x0000,0x0000,0x0000,0x0000,0x0000,0x0000,0x49a2,0x49a2,0x6a63,0x6a63,0x20c1,0x0000,0x0000,0x0000,0x0000,0x0000,0x0000,0x0000,0x0000,0x0000,0x0000,
		0x0000,0x0000,0x0000,0x0000,0x0000,0x0000,0x0000,0x0000,0x0000,0x0000,0x0000,0x49a2,0x49a2,0x6a63,0x6a63,0x20c1,0x0000,0x0000,0x0000,0x0000,0x0000,0x0000,0x0000,0x0000,0x0000,0x0000,
		0x0000,0x0000,0x0000,0x0000,0x0000,0x0000,0x0000,0x0000,0x0000,0x0000,0x49a2,0x8b24,0x8b24,0x20c1,0x20c1,0x0000,0x0000,0x0000,0x0000,0x0000,0x0000,0x0000,0x0000,0x0000,0x0000,0x0000,
		0x0000,0x0000,0x0000,0x0000,0x0000,0x0000,0x0000,0x0000,0x49a2,0x49a2,0x6a63,0x20c1,0x20c1,0x0000,0x0000,0x0000,0x0000,0x0000,0x0000,0x0000,0x0000,0x0000,0x0000,0x0000,0x0000,0x0000,
		0x0000,0x0000,0x0000,0x0000,0x0000,0x0000,0x0000,0x0000,0x49a2,0x49a2,0x6a63,0x20c1,0x20c1,0x0000,0x0000,0x0000,0x0000,0x0000,0x0000,0x0000,0x0000,0x0000,0x0000,0x0000,0x0000,0x0000,
		0x0000,0x0000,0x0000,0x0000,0x0000,0x0000,0x49a2,0x49a2,0x8b24,0x8b24,0x20c1,0x0000,0x0000,0x0000,0x0000,0x0000,0x0000,0x0000,0x0000,0x0000,0x0000,0x0000,0x0000,0x0000,0x0000,0x0000,
		0x0000,0x0000,0x0000,0x0000,0x0000,0x49a2,0x6a63,0x6a63,0x20c1,0x20c1,0x0000,0x0000,0x0000,0x0000,0x0000,0x0000,0x0000,0x0000,0x0000,0x0000,0x0000,0x0000,0x0000,0x0000,0x0000,0x0000,
		0x0000,0x0000,0x0000,0x0000,0x0000,0x49a2,0x6a63,0x6a63,0x20c1,0x20c1,0x0000,0x0000,0x0000,0x0000,0x0000,0x0000,0x0000,0x0000,0x0000,0x0000,0x0000,0x0000,0x0000,0x0000,0x0000,0x0000,
		0x0000,0x0000,0x0000,0x49a2,0x49a2,0x8b24,0x20c1,0x20c1,0x0000,0x0000,0x0000,0x0000,0x0000,0x0000,0x0000,0x0000,0x0000,0x0000,0x0000,0x0000,0x0000,0x0000,0x0000,0x0000,0x0000,0x0000,
		0x0000,0x0000,0x0000,0x49a2,0x49a2,0x8b24,0x20c1,0x20c1,0x0000,0x0000,0x0000,0x0000,0x0000,0x0000,0x0000,0x0000,0x0000,0x0000,0x0000,0x0000,0x0000,0x0000,0x0000,0x0000,0x0000,0x0000,
		0x0000,0x0000,0x0000,0x20c1,0x20c1,0x20c1,0x0000,0x0000,0x0000,0x0000,0x0000,0x0000,0x0000,0x0000,0x0000,0x0000,0x0000,0x0000,0x0000,0x0000,0x0000,0x0000,0x0000,0x0000,0x0000,0x0000,
		0x0000,0x0000,0x0000,0x0000,0x0000,0x0000,0x0000,0x0000,0x0000,0x0000,0x0000,0x0000,0x0000,0x0000,0x0000,0x0000,0x0000,0x0000,0x0000,0x0000,0x0000,0x0000,0x0000,0x0000,0x0000,0x0000,
		0x0000,0x0000,0x0000,0x0000,0x0000,0x0000,0x0000,0x0000,0x0000,0x0000,0x0000,0x0000,0x0000,0x0000,0x0000,0x0000,0x0000,0x0000,0x0000,0x0000,0x0000,0x0000,0x0000,0x0000,0x0000,0x0000
	},
    {//stone hoe
		0x0000,0x0000,0x0000,0x0000,0x0000,0x0000,0x0000,0x0000,0x0000,0x0000,0x0000,0x0000,0x0000,0x0000,0x0000,0x0000,0x0000,0x0000,0x0000,0x0000,0x0000,0x0000,0x0000,0x0000,0x0000,0x0000,
		0x0000,0x0000,0x0000,0x0000,0x0000,0x0000,0x0000,0x0000,0x0000,0x0000,0x0000,0x0000,0x0000,0x0000,0x0000,0x0000,0x0000,0x0000,0x0000,0x0000,0x0000,0x0000,0x0000,0x0000,0x0000,0x0000,
		0x0000,0x0000,0x0000,0x0000,0x0000,0x0000,0x0000,0x0000,0x0000,0x0000,0x0000,0x4a49,0x4a49,0x4a49,0x4a49,0x4a49,0x0000,0x0000,0x0000,0x0000,0x0000,0x0000,0x0000,0x0000,0x0000,0x0000,
		0x0000,0x0000,0x0000,0x0000,0x0000,0x0000,0x0000,0x0000,0x0000,0x0000,0x4a49,0x9cd3,0x9cd3,0x8c51,0x8c51,0x8c51,0x4a49,0x4a49,0x0000,0x0000,0x0000,0x0000,0x0000,0x0000,0x0000,0x0000,
		0x0000,0x0000,0x0000,0x0000,0x0000,0x0000,0x0000,0x0000,0x0000,0x0000,0x4a49,0x9cd3,0x9cd3,0x8c51,0x8c51,0x8c51,0x4a49,0x4a49,0x0000,0x0000,0x0000,0x0000,0x0000,0x0000,0x0000,0x0000,
		0x0000,0x0000,0x0000,0x0000,0x0000,0x0000,0x0000,0x0000,0x0000,0x0000,0x0000,0x18c3,0x18c3,0x18c3,0x18c3,0x7bef,0x8c51,0x8c51,0x4a49,0x49a2,0x49a2,0x6a63,0x6a63,0x0000,0x0000,0x0000,
		0x0000,0x0000,0x0000,0x0000,0x0000,0x0000,0x0000,0x0000,0x0000,0x0000,0x0000,0x0000,0x0000,0x0000,0x0000,0x18c3,0x7bef,0x7bef,0x7bef,0x8b24,0x8b24,0x18c3,0x18c3,0x0000,0x0000,0x0000,
		0x0000,0x0000,0x0000,0x0000,0x0000,0x0000,0x0000,0x0000,0x0000,0x0000,0x0000,0x0000,0x0000,0x0000,0x0000,0x18c3,0x7bef,0x7bef,0x7bef,0x8b24,0x8b24,0x18c3,0x18c3,0x0000,0x0000,0x0000,
		0x0000,0x0000,0x0000,0x0000,0x0000,0x0000,0x0000,0x0000,0x0000,0x0000,0x0000,0x0000,0x0000,0x0000,0x0000,0x0000,0x49a2,0x49a2,0x8c51,0x7bef,0x7bef,0x18c3,0x18c3,0x0000,0x0000,0x0000,
		0x0000,0x0000,0x0000,0x0000,0x0000,0x0000,0x0000,0x0000,0x0000,0x0000,0x0000,0x0000,0x0000,0x0000,0x0000,0x0000,0x49a2,0x49a2,0x8c51,0x7bef,0x7bef,0x18c3,0x18c3,0x0000,0x0000,0x0000,
		0x0000,0x0000,0x0000,0x0000,0x0000,0x0000,0x0000,0x0000,0x0000,0x0000,0x0000,0x0000,0x0000,0x0000,0x0000,0x49a2,0x6a63,0x6a63,0x18c3,0x18c3,0x18c3,0x0000,0x0000,0x0000,0x0000,0x0000,
		0x0000,0x0000,0x0000,0x0000,0x0000,0x0000,0x0000,0x0000,0x0000,0x0000,0x0000,0x0000,0x0000,0x49a2,0x49a2,0x8b24,0x18c3,0x18c3,0x0000,0x0000,0x0000,0x0000,0x0000,0x0000,0x0000,0x0000,
		0x0000,0x0000,0x0000,0x0000,0x0000,0x0000,0x0000,0x0000,0x0000,0x0000,0x0000,0x0000,0x0000,0x49a2,0x49a2,0x8b24,0x18c3,0x18c3,0x0000,0x0000,0x0000,0x0000,0x0000,0x0000,0x0000,0x0000,
		0x0000,0x0000,0x0000,0x0000,0x0000,0x0000,0x0000,0x0000,0x0000,0x0000,0x0000,0x49a2,0x49a2,0x6a63,0x6a63,0x18c3,0x0000,0x0000,0x0000,0x0000,0x0000,0x0000,0x0000,0x0000,0x0000,0x0000,
		0x0000,0x0000,0x0000,0x0000,0x0000,0x0000,0x0000,0x0000,0x0000,0x0000,0x0000,0x49a2,0x49a2,0x6a63,0x6a63,0x18c3,0x0000,0x0000,0x0000,0x0000,0x0000,0x0000,0x0000,0x0000,0x0000,0x0000,
		0x0000,0x0000,0x0000,0x0000,0x0000,0x0000,0x0000,0x0000,0x0000,0x0000,0x49a2,0x8b24,0x8b24,0x18c3,0x18c3,0x0000,0x0000,0x0000,0x0000,0x0000,0x0000,0x0000,0x0000,0x0000,0x0000,0x0000,
		0x0000,0x0000,0x0000,0x0000,0x0000,0x0000,0x0000,0x0000,0x49a2,0x49a2,0x6a63,0x18c3,0x18c3,0x0000,0x0000,0x0000,0x0000,0x0000,0x0000,0x0000,0x0000,0x0000,0x0000,0x0000,0x0000,0x0000,
		0x0000,0x0000,0x0000,0x0000,0x0000,0x0000,0x0000,0x0000,0x49a2,0x49a2,0x6a63,0x18c3,0x18c3,0x0000,0x0000,0x0000,0x0000,0x0000,0x0000,0x0000,0x0000,0x0000,0x0000,0x0000,0x0000,0x0000,
		0x0000,0x0000,0x0000,0x0000,0x0000,0x0000,0x49a2,0x49a2,0x8b24,0x8b24,0x18c3,0x0000,0x0000,0x0000,0x0000,0x0000,0x0000,0x0000,0x0000,0x0000,0x0000,0x0000,0x0000,0x0000,0x0000,0x0000,
		0x0000,0x0000,0x0000,0x0000,0x0000,0x49a2,0x6a63,0x6a63,0x18c3,0x18c3,0x0000,0x0000,0x0000,0x0000,0x0000,0x0000,0x0000,0x0000,0x0000,0x0000,0x0000,0x0000,0x0000,0x0000,0x0000,0x0000,
		0x0000,0x0000,0x0000,0x0000,0x0000,0x49a2,0x6a63,0x6a63,0x18c3,0x18c3,0x0000,0x0000,0x0000,0x0000,0x0000,0x0000,0x0000,0x0000,0x0000,0x0000,0x0000,0x0000,0x0000,0x0000,0x0000,0x0000,
		0x0000,0x0000,0x0000,0x49a2,0x49a2,0x8b24,0x18c3,0x18c3,0x0000,0x0000,0x0000,0x0000,0x0000,0x0000,0x0000,0x0000,0x0000,0x0000,0x0000,0x0000,0x0000,0x0000,0x0000,0x0000,0x0000,0x0000,
		0x0000,0x0000,0x0000,0x49a2,0x49a2,0x8b24,0x18c3,0x18c3,0x0000,0x0000,0x0000,0x0000,0x0000,0x0000,0x0000,0x0000,0x0000,0x0000,0x0000,0x0000,0x0000,0x0000,0x0000,0x0000,0x0000,0x0000,
		0x0000,0x0000,0x0000,0x18c3,0x18c3,0x18c3,0x0000,0x0000,0x0000,0x0000,0x0000,0x0000,0x0000,0x0000,0x0000,0x0000,0x0000,0x0000,0x0000,0x0000,0x0000,0x0000,0x0000,0x0000,0x0000,0x0000,
		0x0000,0x0000,0x0000,0x0000,0x0000,0x0000,0x0000,0x0000,0x0000,0x0000,0x0000,0x0000,0x0000,0x0000,0x0000,0x0000,0x0000,0x0000,0x0000,0x0000,0x0000,0x0000,0x0000,0x0000,0x0000,0x0000,
		0x0000,0x0000,0x0000,0x0000,0x0000,0x0000,0x0000,0x0000,0x0000,0x0000,0x0000,0x0000,0x0000,0x0000,0x0000,0x0000,0x0000,0x0000,0x0000,0x0000,0x0000,0x0000,0x0000,0x0000,0x0000,0x0000
	},
    {//iron hoe
		0x0000,0x0000,0x0000,0x0000,0x0000,0x0000,0x0000,0x0000,0x0000,0x0000,0x0000,0x0000,0x0000,0x0000,0x0000,0x0000,0x0000,0x0000,0x0000,0x0000,0x0000,0x0000,0x0000,0x0000,0x0000,0x0000,
		0x0000,0x0000,0x0000,0x0000,0x0000,0x0000,0x0000,0x0000,0x0000,0x0000,0x0000,0x0000,0x0000,0x0000,0x0000,0x0000,0x0000,0x0000,0x0000,0x0000,0x0000,0x0000,0x0000,0x0000,0x0000,0x0000,
		0x0000,0x0000,0x0000,0x0000,0x0000,0x0000,0x0000,0x0000,0x0000,0x0000,0x0000,0x4228,0x4228,0x4228,0x4228,0x4228,0x0000,0x0000,0x0000,0x0000,0x0000,0x0000,0x0000,0x0000,0x0000,0x0000,
		0x0000,0x0000,0x0000,0x0000,0x0000,0x0000,0x0000,0x0000,0x0000,0x0000,0x4228,0xffff,0xffff,0xdedb,0xdedb,0xdedb,0x4228,0x4228,0x0000,0x0000,0x0000,0x0000,0x0000,0x0000,0x0000,0x0000,
		0x0000,0x0000,0x0000,0x0000,0x0000,0x0000,0x0000,0x0000,0x0000,0x0000,0x4228,0xffff,0xffff,0xdedb,0xdedb,0xdedb,0x4228,0x4228,0x0000,0x0000,0x0000,0x0000,0x0000,0x0000,0x0000,0x0000,
		0x0000,0x0000,0x0000,0x0000,0x0000,0x0000,0x0000,0x0000,0x0000,0x0000,0x0000,0x18c3,0x18c3,0x18c3,0x18c3,0xc618,0xdedb,0xdedb,0x4228,0x49a2,0x49a2,0x6a63,0x6a63,0x0000,0x0000,0x0000,
		0x0000,0x0000,0x0000,0x0000,0x0000,0x0000,0x0000,0x0000,0x0000,0x0000,0x0000,0x0000,0x0000,0x0000,0x0000,0x18c3,0xc618,0xc618,0xc618,0x8b24,0x8b24,0x18c3,0x18c3,0x0000,0x0000,0x0000,
		0x0000,0x0000,0x0000,0x0000,0x0000,0x0000,0x0000,0x0000,0x0000,0x0000,0x0000,0x0000,0x0000,0x0000,0x0000,0x18c3,0xc618,0xc618,0xc618,0x8b24,0x8b24,0x18c3,0x18c3,0x0000,0x0000,0x0000,
		0x0000,0x0000,0x0000,0x0000,0x0000,0x0000,0x0000,0x0000,0x0000,0x0000,0x0000,0x0000,0x0000,0x0000,0x0000,0x0000,0x49a2,0x49a2,0xdedb,0xc618,0xc618,0x18c3,0x18c3,0x0000,0x0000,0x0000,
		0x0000,0x0000,0x0000,0x0000,0x0000,0x0000,0x0000,0x0000,0x0000,0x0000,0x0000,0x0000,0x0000,0x0000,0x0000,0x0000,0x49a2,0x49a2,0xdedb,0xc618,0xc618,0x18c3,0x18c3,0x0000,0x0000,0x0000,
		0x0000,0x0000,0x0000,0x0000,0x0000,0x0000,0x0000,0x0000,0x0000,0x0000,0x0000,0x0000,0x0000,0x0000,0x0000,0x49a2,0x6a63,0x6a63,0x18c3,0x18c3,0x18c3,0x0000,0x0000,0x0000,0x0000,0x0000,
		0x0000,0x0000,0x0000,0x0000,0x0000,0x0000,0x0000,0x0000,0x0000,0x0000,0x0000,0x0000,0x0000,0x49a2,0x49a2,0x8b24,0x18c3,0x18c3,0x0000,0x0000,0x0000,0x0000,0x0000,0x0000,0x0000,0x0000,
		0x0000,0x0000,0x0000,0x0000,0x0000,0x0000,0x0000,0x0000,0x0000,0x0000,0x0000,0x0000,0x0000,0x49a2,0x49a2,0x8b24,0x18c3,0x18c3,0x0000,0x0000,0x0000,0x0000,0x0000,0x0000,0x0000,0x0000,
		0x0000,0x0000,0x0000,0x0000,0x0000,0x0000,0x0000,0x0000,0x0000,0x0000,0x0000,0x49a2,0x49a2,0x6a63,0x6a63,0x18c3,0x0000,0x0000,0x0000,0x0000,0x0000,0x0000,0x0000,0x0000,0x0000,0x0000,
		0x0000,0x0000,0x0000,0x0000,0x0000,0x0000,0x0000,0x0000,0x0000,0x0000,0x0000,0x49a2,0x49a2,0x6a63,0x6a63,0x18c3,0x0000,0x0000,0x0000,0x0000,0x0000,0x0000,0x0000,0x0000,0x0000,0x0000,
		0x0000,0x0000,0x0000,0x0000,0x0000,0x0000,0x0000,0x0000,0x0000,0x0000,0x49a2,0x8b24,0x8b24,0x18c3,0x18c3,0x0000,0x0000,0x0000,0x0000,0x0000,0x0000,0x0000,0x0000,0x0000,0x0000,0x0000,
		0x0000,0x0000,0x0000,0x0000,0x0000,0x0000,0x0000,0x0000,0x49a2,0x49a2,0x6a63,0x18c3,0x18c3,0x0000,0x0000,0x0000,0x0000,0x0000,0x0000,0x0000,0x0000,0x0000,0x0000,0x0000,0x0000,0x0000,
		0x0000,0x0000,0x0000,0x0000,0x0000,0x0000,0x0000,0x0000,0x49a2,0x49a2,0x6a63,0x18c3,0x18c3,0x0000,0x0000,0x0000,0x0000,0x0000,0x0000,0x0000,0x0000,0x0000,0x0000,0x0000,0x0000,0x0000,
		0x0000,0x0000,0x0000,0x0000,0x0000,0x0000,0x49a2,0x49a2,0x8b24,0x8b24,0x18c3,0x0000,0x0000,0x0000,0x0000,0x0000,0x0000,0x0000,0x0000,0x0000,0x0000,0x0000,0x0000,0x0000,0x0000,0x0000,
		0x0000,0x0000,0x0000,0x0000,0x0000,0x49a2,0x6a63,0x6a63,0x18c3,0x18c3,0x0000,0x0000,0x0000,0x0000,0x0000,0x0000,0x0000,0x0000,0x0000,0x0000,0x0000,0x0000,0x0000,0x0000,0x0000,0x0000,
		0x0000,0x0000,0x0000,0x0000,0x0000,0x49a2,0x6a63,0x6a63,0x18c3,0x18c3,0x0000,0x0000,0x0000,0x0000,0x0000,0x0000,0x0000,0x0000,0x0000,0x0000,0x0000,0x0000,0x0000,0x0000,0x0000,0x0000,
		0x0000,0x0000,0x0000,0x49a2,0x49a2,0x8b24,0x18c3,0x18c3,0x0000,0x0000,0x0000,0x0000,0x0000,0x0000,0x0000,0x0000,0x0000,0x0000,0x0000,0x0000,0x0000,0x0000,0x0000,0x0000,0x0000,0x0000,
		0x0000,0x0000,0x0000,0x49a2,0x49a2,0x8b24,0x18c3,0x18c3,0x0000,0x0000,0x0000,0x0000,0x0000,0x0000,0x0000,0x0000,0x0000,0x0000,0x0000,0x0000,0x0000,0x0000,0x0000,0x0000,0x0000,0x0000,
		0x0000,0x0000,0x0000,0x18c3,0x18c3,0x18c3,0x0000,0x0000,0x0000,0x0000,0x0000,0x0000,0x0000,0x0000,0x0000,0x0000,0x0000,0x0000,0x0000,0x0000,0x0000,0x0000,0x0000,0x0000,0x0000,0x0000,
		0x0000,0x0000,0x0000,0x0000,0x0000,0x0000,0x0000,0x0000,0x0000,0x0000,0x0000,0x0000,0x0000,0x0000,0x0000,0x0000,0x0000,0x0000,0x0000,0x0000,0x0000,0x0000,0x0000,0x0000,0x0000,0x0000,
		0x0000,0x0000,0x0000,0x0000,0x0000,0x0000,0x0000,0x0000,0x0000,0x0000,0x0000,0x0000,0x0000,0x0000,0x0000,0x0000,0x0000,0x0000,0x0000,0x0000,0x0000,0x0000,0x0000,0x0000,0x0000,0x0000
	},
    {//golden hoe
		0x0000,0x0000,0x0000,0x0000,0x0000,0x0000,0x0000,0x0000,0x0000,0x0000,0x0000,0x0000,0x0000,0x0000,0x0000,0x0000,0x0000,0x0000,0x0000,0x0000,0x0000,0x0000,0x0000,0x0000,0x0000,0x0000,
		0x0000,0x0000,0x0000,0x0000,0x0000,0x0000,0x0000,0x0000,0x0000,0x0000,0x0000,0x0000,0x0000,0x0000,0x0000,0x0000,0x0000,0x0000,0x0000,0x0000,0x0000,0x0000,0x0000,0x0000,0x0000,0x0000,
		0x0000,0x0000,0x0000,0x0000,0x0000,0x0000,0x0000,0x0000,0x0000,0x0000,0x0000,0x82e2,0x82e2,0x82e2,0x82e2,0x82e2,0x0000,0x0000,0x0000,0x0000,0x0000,0x0000,0x0000,0x0000,0x0000,0x0000,
		0x0000,0x0000,0x0000,0x0000,0x0000,0x0000,0x0000,0x0000,0x0000,0x0000,0x82e2,0xffee,0xffee,0xef6a,0xef6a,0xef6a,0x82e2,0x82e2,0x0000,0x0000,0x0000,0x0000,0x0000,0x0000,0x0000,0x0000,
		0x0000,0x0000,0x0000,0x0000,0x0000,0x0000,0x0000,0x0000,0x0000,0x0000,0x82e2,0xffee,0xffee,0xef6a,0xef6a,0xef6a,0x82e2,0x82e2,0x0000,0x0000,0x0000,0x0000,0x0000,0x0000,0x0000,0x0000,
		0x0000,0x0000,0x0000,0x0000,0x0000,0x0000,0x0000,0x0000,0x0000,0x0000,0x0000,0x3961,0x3961,0x3961,0x3961,0xed82,0xef6a,0xef6a,0x82e2,0x49a2,0x49a2,0x6a63,0x6a63,0x0000,0x0000,0x0000,
		0x0000,0x0000,0x0000,0x0000,0x0000,0x0000,0x0000,0x0000,0x0000,0x0000,0x0000,0x0000,0x0000,0x0000,0x0000,0x3961,0xed82,0xed82,0xed82,0x8b24,0x8b24,0x28e1,0x28e1,0x0000,0x0000,0x0000,
		0x0000,0x0000,0x0000,0x0000,0x0000,0x0000,0x0000,0x0000,0x0000,0x0000,0x0000,0x0000,0x0000,0x0000,0x0000,0x3961,0xed82,0xed82,0xed82,0x8b24,0x8b24,0x28e1,0x28e1,0x0000,0x0000,0x0000,
		0x0000,0x0000,0x0000,0x0000,0x0000,0x0000,0x0000,0x0000,0x0000,0x0000,0x0000,0x0000,0x0000,0x0000,0x0000,0x0000,0x49a2,0x49a2,0xef6a,0xed82,0xed82,0x3961,0x3961,0x0000,0x0000,0x0000,
		0x0000,0x0000,0x0000,0x0000,0x0000,0x0000,0x0000,0x0000,0x0000,0x0000,0x0000,0x0000,0x0000,0x0000,0x0000,0x0000,0x49a2,0x49a2,0xef6a,0xed82,0xed82,0x3961,0x3961,0x0000,0x0000,0x0000,
		0x0000,0x0000,0x0000,0x0000,0x0000,0x0000,0x0000,0x0000,0x0000,0x0000,0x0000,0x0000,0x0000,0x0000,0x0000,0x49a2,0x6a63,0x6a63,0x3961,0x3961,0x3961,0x0000,0x0000,0x0000,0x0000,0x0000,
		0x0000,0x0000,0x0000,0x0000,0x0000,0x0000,0x0000,0x0000,0x0000,0x0000,0x0000,0x0000,0x0000,0x49a2,0x49a2,0x8b24,0x28e1,0x28e1,0x0000,0x0000,0x0000,0x0000,0x0000,0x0000,0x0000,0x0000,
		0x0000,0x0000,0x0000,0x0000,0x0000,0x0000,0x0000,0x0000,0x0000,0x0000,0x0000,0x0000,0x0000,0x49a2,0x49a2,0x8b24,0x28e1,0x28e1,0x0000,0x0000,0x0000,0x0000,0x0000,0x0000,0x0000,0x0000,
		0x0000,0x0000,0x0000,0x0000,0x0000,0x0000,0x0000,0x0000,0x0000,0x0000,0x0000,0x49a2,0x49a2,0x6a63,0x6a63,0x28e1,0x0000,0x0000,0x0000,0x0000,0x0000,0x0000,0x0000,0x0000,0x0000,0x0000,
		0x0000,0x0000,0x0000,0x0000,0x0000,0x0000,0x0000,0x0000,0x0000,0x0000,0x0000,0x49a2,0x49a2,0x6a63,0x6a63,0x28e1,0x0000,0x0000,0x0000,0x0000,0x0000,0x0000,0x0000,0x0000,0x0000,0x0000,
		0x0000,0x0000,0x0000,0x0000,0x0000,0x0000,0x0000,0x0000,0x0000,0x0000,0x49a2,0x8b24,0x8b24,0x28e1,0x28e1,0x0000,0x0000,0x0000,0x0000,0x0000,0x0000,0x0000,0x0000,0x0000,0x0000,0x0000,
		0x0000,0x0000,0x0000,0x0000,0x0000,0x0000,0x0000,0x0000,0x49a2,0x49a2,0x6a63,0x28e1,0x28e1,0x0000,0x0000,0x0000,0x0000,0x0000,0x0000,0x0000,0x0000,0x0000,0x0000,0x0000,0x0000,0x0000,
		0x0000,0x0000,0x0000,0x0000,0x0000,0x0000,0x0000,0x0000,0x49a2,0x49a2,0x6a63,0x28e1,0x28e1,0x0000,0x0000,0x0000,0x0000,0x0000,0x0000,0x0000,0x0000,0x0000,0x0000,0x0000,0x0000,0x0000,
		0x0000,0x0000,0x0000,0x0000,0x0000,0x0000,0x49a2,0x49a2,0x8b24,0x8b24,0x28e1,0x0000,0x0000,0x0000,0x0000,0x0000,0x0000,0x0000,0x0000,0x0000,0x0000,0x0000,0x0000,0x0000,0x0000,0x0000,
		0x0000,0x0000,0x0000,0x0000,0x0000,0x49a2,0x6a63,0x6a63,0x28e1,0x28e1,0x0000,0x0000,0x0000,0x0000,0x0000,0x0000,0x0000,0x0000,0x0000,0x0000,0x0000,0x0000,0x0000,0x0000,0x0000,0x0000,
		0x0000,0x0000,0x0000,0x0000,0x0000,0x49a2,0x6a63,0x6a63,0x28e1,0x28e1,0x0000,0x0000,0x0000,0x0000,0x0000,0x0000,0x0000,0x0000,0x0000,0x0000,0x0000,0x0000,0x0000,0x0000,0x0000,0x0000,
		0x0000,0x0000,0x0000,0x49a2,0x49a2,0x8b24,0x28e1,0x28e1,0x0000,0x0000,0x0000,0x0000,0x0000,0x0000,0x0000,0x0000,0x0000,0x0000,0x0000,0x0000,0x0000,0x0000,0x0000,0x0000,0x0000,0x0000,
		0x0000,0x0000,0x0000,0x49a2,0x49a2,0x8b24,0x28e1,0x28e1,0x0000,0x0000,0x0000,0x0000,0x0000,0x0000,0x0000,0x0000,0x0000,0x0000,0x0000,0x0000,0x0000,0x0000,0x0000,0x0000,0x0000,0x0000,
		0x0000,0x0000,0x0000,0x28e1,0x28e1,0x28e1,0x0000,0x0000,0x0000,0x0000,0x0000,0x0000,0x0000,0x0000,0x0000,0x0000,0x0000,0x0000,0x0000,0x0000,0x0000,0x0000,0x0000,0x0000,0x0000,0x0000,
		0x0000,0x0000,0x0000,0x0000,0x0000,0x0000,0x0000,0x0000,0x0000,0x0000,0x0000,0x0000,0x0000,0x0000,0x0000,0x0000,0x0000,0x0000,0x0000,0x0000,0x0000,0x0000,0x0000,0x0000,0x0000,0x0000,
		0x0000,0x0000,0x0000,0x0000,0x0000,0x0000,0x0000,0x0000,0x0000,0x0000,0x0000,0x0000,0x0000,0x0000,0x0000,0x0000,0x0000,0x0000,0x0000,0x0000,0x0000,0x0000,0x0000,0x0000,0x0000,0x0000
	},
    {//diamond hoe
		0x0000,0x0000,0x0000,0x0000,0x0000,0x0000,0x0000,0x0000,0x0000,0x0000,0x0000,0x0000,0x0000,0x0000,0x0000,0x0000,0x0000,0x0000,0x0000,0x0000,0x0000,0x0000,0x0000,0x0000,0x0000,0x0000,
		0x0000,0x0000,0x0000,0x0000,0x0000,0x0000,0x0000,0x0000,0x0000,0x0000,0x0000,0x0000,0x0000,0x0000,0x0000,0x0000,0x0000,0x0000,0x0000,0x0000,0x0000,0x0000,0x0000,0x0000,0x0000,0x0000,
		0x0000,0x0000,0x0000,0x0000,0x0000,0x0000,0x0000,0x0000,0x0000,0x0000,0x0000,0x09e6,0x09e6,0x09e6,0x09e6,0x09e6,0x0000,0x0000,0x0000,0x0000,0x0000,0x0000,0x0000,0x0000,0x0000,0x0000,
		0x0000,0x0000,0x0000,0x0000,0x0000,0x0000,0x0000,0x0000,0x0000,0x0000,0x09e6,0x3759,0x3759,0x2e35,0x2e35,0x2e35,0x09e6,0x09e6,0x0000,0x0000,0x0000,0x0000,0x0000,0x0000,0x0000,0x0000,
		0x0000,0x0000,0x0000,0x0000,0x0000,0x0000,0x0000,0x0000,0x0000,0x0000,0x09e6,0x3759,0x3759,0x2e35,0x2e35,0x2e35,0x09e6,0x09e6,0x0000,0x0000,0x0000,0x0000,0x0000,0x0000,0x0000,0x0000,
		0x0000,0x0000,0x0000,0x0000,0x0000,0x0000,0x0000,0x0000,0x0000,0x0000,0x0000,0x0924,0x0924,0x0924,0x0924,0x2593,0x2e35,0x2e35,0x09e6,0x49a2,0x49a2,0x6a63,0x6a63,0x0000,0x0000,0x0000,
		0x0000,0x0000,0x0000,0x0000,0x0000,0x0000,0x0000,0x0000,0x0000,0x0000,0x0000,0x0000,0x0000,0x0000,0x0000,0x0924,0x2593,0x2593,0x2593,0x8b24,0x8b24,0x28e1,0x28e1,0x0000,0x0000,0x0000,
		0x0000,0x0000,0x0000,0x0000,0x0000,0x0000,0x0000,0x0000,0x0000,0x0000,0x0000,0x0000,0x0000,0x0000,0x0000,0x0924,0x2593,0x2593,0x2593,0x8b24,0x8b24,0x28e1,0x28e1,0x0000,0x0000,0x0000,
		0x0000,0x0000,0x0000,0x0000,0x0000,0x0000,0x0000,0x0000,0x0000,0x0000,0x0000,0x0000,0x0000,0x0000,0x0000,0x0000,0x49a2,0x49a2,0x2e35,0x2593,0x2593,0x0924,0x0924,0x0000,0x0000,0x0000,
		0x0000,0x0000,0x0000,0x0000,0x0000,0x0000,0x0000,0x0000,0x0000,0x0000,0x0000,0x0000,0x0000,0x0000,0x0000,0x0000,0x49a2,0x49a2,0x2e35,0x2593,0x2593,0x0924,0x0924,0x0000,0x0000,0x0000,
		0x0000,0x0000,0x0000,0x0000,0x0000,0x0000,0x0000,0x0000,0x0000,0x0000,0x0000,0x0000,0x0000,0x0000,0x0000,0x49a2,0x6a63,0x6a63,0x28e1,0x0924,0x0924,0x0000,0x0000,0x0000,0x0000,0x0000,
		0x0000,0x0000,0x0000,0x0000,0x0000,0x0000,0x0000,0x0000,0x0000,0x0000,0x0000,0x0000,0x0000,0x49a2,0x49a2,0x8b24,0x28e1,0x28e1,0x0000,0x0000,0x0000,0x0000,0x0000,0x0000,0x0000,0x0000,
		0x0000,0x0000,0x0000,0x0000,0x0000,0x0000,0x0000,0x0000,0x0000,0x0000,0x0000,0x0000,0x0000,0x49a2,0x49a2,0x8b24,0x28e1,0x28e1,0x0000,0x0000,0x0000,0x0000,0x0000,0x0000,0x0000,0x0000,
		0x0000,0x0000,0x0000,0x0000,0x0000,0x0000,0x0000,0x0000,0x0000,0x0000,0x0000,0x49a2,0x49a2,0x6a63,0x6a63,0x28e1,0x0000,0x0000,0x0000,0x0000,0x0000,0x0000,0x0000,0x0000,0x0000,0x0000,
		0x0000,0x0000,0x0000,0x0000,0x0000,0x0000,0x0000,0x0000,0x0000,0x0000,0x0000,0x49a2,0x49a2,0x6a63,0x6a63,0x28e1,0x0000,0x0000,0x0000,0x0000,0x0000,0x0000,0x0000,0x0000,0x0000,0x0000,
		0x0000,0x0000,0x0000,0x0000,0x0000,0x0000,0x0000,0x0000,0x0000,0x0000,0x49a2,0x8b24,0x8b24,0x28e1,0x28e1,0x0000,0x0000,0x0000,0x0000,0x0000,0x0000,0x0000,0x0000,0x0000,0x0000,0x0000,
		0x0000,0x0000,0x0000,0x0000,0x0000,0x0000,0x0000,0x0000,0x49a2,0x49a2,0x6a63,0x28e1,0x28e1,0x0000,0x0000,0x0000,0x0000,0x0000,0x0000,0x0000,0x0000,0x0000,0x0000,0x0000,0x0000,0x0000,
		0x0000,0x0000,0x0000,0x0000,0x0000,0x0000,0x0000,0x0000,0x49a2,0x49a2,0x6a63,0x28e1,0x28e1,0x0000,0x0000,0x0000,0x0000,0x0000,0x0000,0x0000,0x0000,0x0000,0x0000,0x0000,0x0000,0x0000,
		0x0000,0x0000,0x0000,0x0000,0x0000,0x0000,0x49a2,0x49a2,0x8b24,0x8b24,0x28e1,0x0000,0x0000,0x0000,0x0000,0x0000,0x0000,0x0000,0x0000,0x0000,0x0000,0x0000,0x0000,0x0000,0x0000,0x0000,
		0x0000,0x0000,0x0000,0x0000,0x0000,0x49a2,0x6a63,0x6a63,0x28e1,0x28e1,0x0000,0x0000,0x0000,0x0000,0x0000,0x0000,0x0000,0x0000,0x0000,0x0000,0x0000,0x0000,0x0000,0x0000,0x0000,0x0000,
		0x0000,0x0000,0x0000,0x0000,0x0000,0x49a2,0x6a63,0x6a63,0x28e1,0x28e1,0x0000,0x0000,0x0000,0x0000,0x0000,0x0000,0x0000,0x0000,0x0000,0x0000,0x0000,0x0000,0x0000,0x0000,0x0000,0x0000,
		0x0000,0x0000,0x0000,0x49a2,0x49a2,0x8b24,0x28e1,0x28e1,0x0000,0x0000,0x0000,0x0000,0x0000,0x0000,0x0000,0x0000,0x0000,0x0000,0x0000,0x0000,0x0000,0x0000,0x0000,0x0000,0x0000,0x0000,
		0x0000,0x0000,0x0000,0x49a2,0x49a2,0x8b24,0x28e1,0x28e1,0x0000,0x0000,0x0000,0x0000,0x0000,0x0000,0x0000,0x0000,0x0000,0x0000,0x0000,0x0000,0x0000,0x0000,0x0000,0x0000,0x0000,0x0000,
		0x0000,0x0000,0x0000,0x28e1,0x28e1,0x28e1,0x0000,0x0000,0x0000,0x0000,0x0000,0x0000,0x0000,0x0000,0x0000,0x0000,0x0000,0x0000,0x0000,0x0000,0x0000,0x0000,0x0000,0x0000,0x0000,0x0000,
		0x0000,0x0000,0x0000,0x0000,0x0000,0x0000,0x0000,0x0000,0x0000,0x0000,0x0000,0x0000,0x0000,0x0000,0x0000,0x0000,0x0000,0x0000,0x0000,0x0000,0x0000,0x0000,0x0000,0x0000,0x0000,0x0000,
		0x0000,0x0000,0x0000,0x0000,0x0000,0x0000,0x0000,0x0000,0x0000,0x0000,0x0000,0x0000,0x0000,0x0000,0x0000,0x0000,0x0000,0x0000,0x0000,0x0000,0x0000,0x0000,0x0000,0x0000,0x0000,0x0000
	},

    {//coal
		0x0000,0x0000,0x0000,0x0000,0x0000,0x0000,0x0000,0x0000,0x0000,0x0000,0x0000,0x0000,0x0000,0x0000,0x0000,0x0000,0x0000,0x0000,0x0000,0x0000,0x0000,0x0000,0x0000,0x0000,0x0000,0x0000,
		0x0000,0x0000,0x0000,0x0000,0x0000,0x0000,0x0000,0x0000,0x0000,0x0000,0x0000,0x0000,0x0000,0x0000,0x0000,0x0000,0x0000,0x0000,0x0000,0x0000,0x0000,0x0000,0x0000,0x0000,0x0000,0x0000,
		0x0000,0x0000,0x0000,0x0000,0x0000,0x0000,0x0000,0x0000,0x0000,0x0000,0x0000,0x0000,0x0000,0x0000,0x0000,0x0000,0x0000,0x0000,0x0000,0x0000,0x0000,0x0000,0x0000,0x0000,0x0000,0x0000,
		0x0000,0x0000,0x0000,0x0000,0x0000,0x0000,0x0000,0x0000,0x18e3,0x18e3,0x18e3,0x18e3,0x18e3,0x18e3,0x18e3,0x0000,0x0000,0x0000,0x0000,0x0000,0x0000,0x0000,0x0000,0x0000,0x0000,0x0000,
		0x0000,0x0000,0x0000,0x0000,0x0000,0x0000,0x0000,0x0000,0x18e3,0x18e3,0x18e3,0x18e3,0x18e3,0x18e3,0x18e3,0x0000,0x0000,0x0000,0x0000,0x0000,0x0000,0x0000,0x0000,0x0000,0x0000,0x0000,
		0x0000,0x0000,0x0000,0x0000,0x0000,0x0000,0x18e3,0x18e3,0x2965,0x2965,0x3186,0x3186,0x3186,0x2965,0x2965,0x18e3,0x0000,0x0000,0x0000,0x0000,0x0000,0x0000,0x0000,0x0000,0x0000,0x0000,
		0x0000,0x0000,0x0000,0x0000,0x0000,0x18e3,0x2124,0x2124,0x31a6,0x31a6,0x39e8,0x3186,0x3186,0x2124,0x2124,0x2124,0x18e3,0x18e3,0x0000,0x0000,0x0000,0x0000,0x0000,0x0000,0x0000,0x0000,
		0x0000,0x0000,0x0000,0x0000,0x0000,0x18e3,0x2124,0x2124,0x31a6,0x31a6,0x39e8,0x3186,0x3186,0x2124,0x2124,0x2124,0x18e3,0x18e3,0x0000,0x0000,0x0000,0x0000,0x0000,0x0000,0x0000,0x0000,
		0x0000,0x0000,0x0000,0x0000,0x0000,0x18e3,0x31a6,0x31a6,0x2124,0x2124,0x3186,0x2965,0x2965,0x3186,0x3186,0x2965,0x2124,0x2124,0x18e3,0x0000,0x0000,0x0000,0x0000,0x0000,0x0000,0x0000,
		0x0000,0x0000,0x0000,0x0000,0x0000,0x18e3,0x31a6,0x31a6,0x2124,0x2124,0x3186,0x2965,0x2965,0x3186,0x3186,0x2965,0x2124,0x2124,0x18e3,0x0000,0x0000,0x0000,0x0000,0x0000,0x0000,0x0000,
		0x0000,0x0000,0x0000,0x0000,0x0000,0x18e3,0x20e4,0x20e4,0x20e4,0x20e4,0x2124,0x31a6,0x31a6,0x39e8,0x39e8,0x31a6,0x3186,0x3186,0x2124,0x18e3,0x18e3,0x0000,0x0000,0x0000,0x0000,0x0000,
		0x0000,0x0000,0x0000,0x18e3,0x18e3,0x2124,0x2965,0x2965,0x2124,0x2124,0x20e4,0x2124,0x2124,0x31a6,0x31a6,0x31a6,0x2965,0x2965,0x2124,0x3186,0x3186,0x1082,0x1082,0x0000,0x0000,0x0000,
		0x0000,0x0000,0x0000,0x18e3,0x18e3,0x2124,0x2965,0x2965,0x2124,0x2124,0x20e4,0x2124,0x2124,0x31a6,0x31a6,0x31a6,0x2965,0x2965,0x2124,0x3186,0x3186,0x1082,0x1082,0x0000,0x0000,0x0000,
		0x0000,0x0000,0x0000,0x18e3,0x18e3,0x2965,0x39e8,0x39e8,0x3186,0x3186,0x2124,0x2965,0x2965,0x2965,0x2965,0x2965,0x2124,0x2124,0x20e4,0x2124,0x2124,0x1082,0x1082,0x0000,0x0000,0x0000,
		0x0000,0x0000,0x0000,0x18e3,0x18e3,0x2965,0x39e8,0x39e8,0x3186,0x3186,0x2124,0x2965,0x2965,0x2965,0x2965,0x2965,0x2124,0x2124,0x20e4,0x2124,0x2124,0x1082,0x1082,0x0000,0x0000,0x0000,
		0x0000,0x0000,0x0000,0x18e3,0x18e3,0x2124,0x2965,0x2965,0x2965,0x2965,0x2965,0x2124,0x2124,0x2124,0x2124,0x2124,0x2965,0x2965,0x20e4,0x20e4,0x20e4,0x20e4,0x20e4,0x1082,0x0000,0x0000,
		0x0000,0x0000,0x0000,0x18e3,0x18e3,0x2124,0x2124,0x2124,0x2124,0x2124,0x20e4,0x2124,0x2124,0x2965,0x2965,0x20e4,0x2124,0x2124,0x18a4,0x2124,0x2124,0x18a4,0x18a4,0x1082,0x0000,0x0000,
		0x0000,0x0000,0x0000,0x18e3,0x18e3,0x2124,0x2124,0x2124,0x2124,0x2124,0x20e4,0x2124,0x2124,0x2965,0x2965,0x20e4,0x2124,0x2124,0x18a4,0x2124,0x2124,0x18a4,0x18a4,0x1082,0x0000,0x0000,
		0x0000,0x0000,0x0000,0x18e3,0x18e3,0x18a4,0x20e4,0x20e4,0x2124,0x2124,0x20e4,0x20e4,0x20e4,0x20e4,0x20e4,0x20e4,0x20e4,0x20e4,0x18a4,0x20e4,0x20e4,0x18a4,0x18a4,0x1082,0x0000,0x0000,
		0x0000,0x0000,0x0000,0x0000,0x0000,0x1082,0x18a4,0x18a4,0x18a4,0x18a4,0x20e4,0x2124,0x2124,0x18a4,0x18a4,0x20e4,0x20e4,0x20e4,0x18a4,0x18a4,0x18a4,0x1082,0x1082,0x0000,0x0000,0x0000,
		0x0000,0x0000,0x0000,0x0000,0x0000,0x1082,0x18a4,0x18a4,0x18a4,0x18a4,0x20e4,0x2124,0x2124,0x18a4,0x18a4,0x20e4,0x20e4,0x20e4,0x18a4,0x18a4,0x18a4,0x1082,0x1082,0x0000,0x0000,0x0000,
		0x0000,0x0000,0x0000,0x0000,0x0000,0x0000,0x1082,0x1082,0x18a4,0x18a4,0x18a4,0x18a4,0x18a4,0x18a4,0x18a4,0x1082,0x1082,0x1082,0x1082,0x1082,0x1082,0x0000,0x0000,0x0000,0x0000,0x0000,
		0x0000,0x0000,0x0000,0x0000,0x0000,0x0000,0x1082,0x1082,0x18a4,0x18a4,0x18a4,0x18a4,0x18a4,0x18a4,0x18a4,0x1082,0x1082,0x1082,0x1082,0x1082,0x1082,0x0000,0x0000,0x0000,0x0000,0x0000,
		0x0000,0x0000,0x0000,0x0000,0x0000,0x0000,0x0000,0x0000,0x1082,0x1082,0x1082,0x1082,0x1082,0x1082,0x1082,0x0000,0x0000,0x0000,0x0000,0x0000,0x0000,0x0000,0x0000,0x0000,0x0000,0x0000,
		0x0000,0x0000,0x0000,0x0000,0x0000,0x0000,0x0000,0x0000,0x0000,0x0000,0x0000,0x0000,0x0000,0x0000,0x0000,0x0000,0x0000,0x0000,0x0000,0x0000,0x0000,0x0000,0x0000,0x0000,0x0000,0x0000,
		0x0000,0x0000,0x0000,0x0000,0x0000,0x0000,0x0000,0x0000,0x0000,0x0000,0x0000,0x0000,0x0000,0x0000,0x0000,0x0000,0x0000,0x0000,0x0000,0x0000,0x0000,0x0000,0x0000,0x0000,0x0000,0x0000
	},
    {//iron ingot
		0x0000,0x0000,0x0000,0x0000,0x0000,0x0000,0x0000,0x0000,0x0000,0x0000,0x0000,0x0000,0x0000,0x0000,0x0000,0x0000,0x0000,0x0000,0x0000,0x0000,0x0000,0x0000,0x0000,0x0000,0x0000,0x0000,
		0x0000,0x0000,0x0000,0x0000,0x0000,0x0000,0x0000,0x0000,0x0000,0x0000,0x0000,0x0000,0x0000,0x0000,0x0000,0x0000,0x0000,0x0000,0x0000,0x0000,0x0000,0x0000,0x0000,0x0000,0x0000,0x0000,
		0x0000,0x0000,0x0000,0x0000,0x0000,0x0000,0x0000,0x0000,0x0000,0x0000,0x0000,0x0000,0x0000,0x0000,0x0000,0x0000,0x0000,0x0000,0x0000,0x0000,0x0000,0x0000,0x0000,0x0000,0x0000,0x0000,
		0x0000,0x0000,0x0000,0x0000,0x0000,0x0000,0x0000,0x0000,0x0000,0x0000,0x0000,0x0000,0x0000,0x0000,0x0000,0x0000,0x5aeb,0x5aeb,0x5aeb,0x0000,0x0000,0x0000,0x0000,0x0000,0x0000,0x0000,
		0x0000,0x0000,0x0000,0x0000,0x0000,0x0000,0x0000,0x0000,0x0000,0x0000,0x0000,0x0000,0x0000,0x0000,0x0000,0x0000,0x5aeb,0x5aeb,0x5aeb,0x0000,0x0000,0x0000,0x0000,0x0000,0x0000,0x0000,
		0x0000,0x0000,0x0000,0x0000,0x0000,0x0000,0x0000,0x0000,0x0000,0x0000,0x0000,0x5aeb,0x5aeb,0x5aeb,0x5aeb,0x5aeb,0xad55,0xad55,0xad55,0x738e,0x738e,0x0000,0x0000,0x0000,0x0000,0x0000,
		0x0000,0x0000,0x0000,0x0000,0x0000,0x0000,0x5aeb,0x5aeb,0x5aeb,0x5aeb,0x5aeb,0xad55,0xad55,0xdedb,0xdedb,0xdedb,0xdedb,0xdedb,0xdedb,0xad55,0xad55,0x738e,0x738e,0x0000,0x0000,0x0000,
		0x0000,0x0000,0x0000,0x0000,0x0000,0x0000,0x5aeb,0x5aeb,0x5aeb,0x5aeb,0x5aeb,0xad55,0xad55,0xdedb,0xdedb,0xdedb,0xdedb,0xdedb,0xdedb,0xad55,0xad55,0x738e,0x738e,0x0000,0x0000,0x0000,
		0x0000,0x0000,0x5aeb,0x5aeb,0x5aeb,0x5aeb,0xad55,0xad55,0xdedb,0xdedb,0xdedb,0xdedb,0xdedb,0xdedb,0xdedb,0xdedb,0xdedb,0xdedb,0xdedb,0xdedb,0xdedb,0xad55,0xad55,0x738e,0x0000,0x0000,
		0x0000,0x0000,0x5aeb,0x5aeb,0x5aeb,0x5aeb,0xad55,0xad55,0xdedb,0xdedb,0xdedb,0xdedb,0xdedb,0xdedb,0xdedb,0xdedb,0xdedb,0xdedb,0xdedb,0xdedb,0xdedb,0xad55,0xad55,0x738e,0x0000,0x0000,
		0x5aeb,0x5aeb,0xffff,0xdedb,0xdedb,0xdedb,0xdedb,0xdedb,0xdedb,0xdedb,0xdedb,0xdedb,0xdedb,0xdedb,0xdedb,0xdedb,0xdedb,0xdedb,0xdedb,0xffff,0xffff,0xffff,0xffff,0xdedb,0x738e,0x738e,
		0x5aeb,0x5aeb,0xad55,0xffff,0xffff,0xdedb,0xdedb,0xdedb,0xdedb,0xdedb,0xdedb,0xdedb,0xdedb,0xdedb,0xdedb,0xffff,0xffff,0xffff,0xffff,0xdedb,0xdedb,0x738e,0x738e,0xad55,0x31a6,0x31a6,
		0x5aeb,0x5aeb,0xad55,0xffff,0xffff,0xdedb,0xdedb,0xdedb,0xdedb,0xdedb,0xdedb,0xdedb,0xdedb,0xdedb,0xdedb,0xffff,0xffff,0xffff,0xffff,0xdedb,0xdedb,0x738e,0x738e,0xad55,0x31a6,0x31a6,
		0x5aeb,0x5aeb,0xad55,0xad55,0xad55,0xffff,0xdedb,0xdedb,0xdedb,0xdedb,0xffff,0xffff,0xffff,0xffff,0xffff,0xdedb,0x8410,0x8410,0x738e,0x738e,0x738e,0x8410,0x8410,0xad55,0x31a6,0x31a6,
		0x5aeb,0x5aeb,0xad55,0xad55,0xad55,0xffff,0xdedb,0xdedb,0xdedb,0xdedb,0xffff,0xffff,0xffff,0xffff,0xffff,0xdedb,0x8410,0x8410,0x738e,0x738e,0x738e,0x8410,0x8410,0xad55,0x31a6,0x31a6,
		0x5aeb,0x5aeb,0xad55,0xad55,0xad55,0xad55,0xffff,0xffff,0xffff,0xffff,0xdedb,0x8410,0x8410,0x738e,0x738e,0x738e,0x738e,0x738e,0x738e,0xad55,0xad55,0xad55,0xad55,0xad55,0x31a6,0x31a6,
		0x5aeb,0x5aeb,0x8410,0xad55,0xad55,0xad55,0xdedb,0xdedb,0x8410,0x8410,0x738e,0x738e,0x738e,0x738e,0x738e,0x738e,0xad55,0xad55,0xad55,0x8410,0x8410,0x31a6,0x31a6,0x31a6,0x0000,0x0000,
		0x5aeb,0x5aeb,0x8410,0xad55,0xad55,0xad55,0xdedb,0xdedb,0x8410,0x8410,0x738e,0x738e,0x738e,0x738e,0x738e,0x738e,0xad55,0xad55,0xad55,0x8410,0x8410,0x31a6,0x31a6,0x31a6,0x0000,0x0000,
		0x0000,0x0000,0x5aeb,0x8410,0x8410,0xad55,0xdedb,0xdedb,0x8410,0x8410,0x738e,0x738e,0x738e,0x8410,0x8410,0x8410,0x31a6,0x31a6,0x31a6,0x31a6,0x31a6,0x0000,0x0000,0x0000,0x0000,0x0000,
		0x0000,0x0000,0x0000,0x5aeb,0x5aeb,0x8410,0xad55,0xad55,0x8410,0x8410,0x5acb,0x31a6,0x31a6,0x31a6,0x31a6,0x31a6,0x0000,0x0000,0x0000,0x0000,0x0000,0x0000,0x0000,0x0000,0x0000,0x0000,
		0x0000,0x0000,0x0000,0x5aeb,0x5aeb,0x8410,0xad55,0xad55,0x8410,0x8410,0x5acb,0x31a6,0x31a6,0x31a6,0x31a6,0x31a6,0x0000,0x0000,0x0000,0x0000,0x0000,0x0000,0x0000,0x0000,0x0000,0x0000,
		0x0000,0x0000,0x0000,0x0000,0x0000,0x5aeb,0x5aeb,0x5aeb,0x31a6,0x31a6,0x31a6,0x0000,0x0000,0x0000,0x0000,0x0000,0x0000,0x0000,0x0000,0x0000,0x0000,0x0000,0x0000,0x0000,0x0000,0x0000,
		0x0000,0x0000,0x0000,0x0000,0x0000,0x5aeb,0x5aeb,0x5aeb,0x31a6,0x31a6,0x31a6,0x0000,0x0000,0x0000,0x0000,0x0000,0x0000,0x0000,0x0000,0x0000,0x0000,0x0000,0x0000,0x0000,0x0000,0x0000,
		0x0000,0x0000,0x0000,0x0000,0x0000,0x0000,0x0000,0x0000,0x0000,0x0000,0x0000,0x0000,0x0000,0x0000,0x0000,0x0000,0x0000,0x0000,0x0000,0x0000,0x0000,0x0000,0x0000,0x0000,0x0000,0x0000,
		0x0000,0x0000,0x0000,0x0000,0x0000,0x0000,0x0000,0x0000,0x0000,0x0000,0x0000,0x0000,0x0000,0x0000,0x0000,0x0000,0x0000,0x0000,0x0000,0x0000,0x0000,0x0000,0x0000,0x0000,0x0000,0x0000,
		0x0000,0x0000,0x0000,0x0000,0x0000,0x0000,0x0000,0x0000,0x0000,0x0000,0x0000,0x0000,0x0000,0x0000,0x0000,0x0000,0x0000,0x0000,0x0000,0x0000,0x0000,0x0000,0x0000,0x0000,0x0000,0x0000
	},
    {//gold ingot
		0x0000,0x0000,0x0000,0x0000,0x0000,0x0000,0x0000,0x0000,0x0000,0x0000,0x0000,0x0000,0x0000,0x0000,0x0000,0x0000,0x0000,0x0000,0x0000,0x0000,0x0000,0x0000,0x0000,0x0000,0x0000,0x0000,
		0x0000,0x0000,0x0000,0x0000,0x0000,0x0000,0x0000,0x0000,0x0000,0x0000,0x0000,0x0000,0x0000,0x0000,0x0000,0x0000,0x0000,0x0000,0x0000,0x0000,0x0000,0x0000,0x0000,0x0000,0x0000,0x0000,
		0x0000,0x0000,0x0000,0x0000,0x0000,0x0000,0x0000,0x0000,0x0000,0x0000,0x0000,0x0000,0x0000,0x0000,0x0000,0x0000,0x0000,0x0000,0x0000,0x0000,0x0000,0x0000,0x0000,0x0000,0x0000,0x0000,
		0x0000,0x0000,0x0000,0x0000,0x0000,0x0000,0x0000,0x0000,0x0000,0x0000,0x0000,0x0000,0x0000,0x0000,0x0000,0x0000,0xb322,0xb322,0xb322,0x0000,0x0000,0x0000,0x0000,0x0000,0x0000,0x0000,
		0x0000,0x0000,0x0000,0x0000,0x0000,0x0000,0x0000,0x0000,0x0000,0x0000,0x0000,0x0000,0x0000,0x0000,0x0000,0x0000,0xb322,0xb322,0xb322,0x0000,0x0000,0x0000,0x0000,0x0000,0x0000,0x0000,
		0x0000,0x0000,0x0000,0x0000,0x0000,0x0000,0x0000,0x0000,0x0000,0x0000,0x0000,0xb322,0xb322,0xb322,0xb322,0xb322,0xfea9,0xfea9,0xfea9,0xb322,0xb322,0x0000,0x0000,0x0000,0x0000,0x0000,
		0x0000,0x0000,0x0000,0x0000,0x0000,0x0000,0xb322,0xb322,0xb322,0xb322,0xb322,0xffab,0xffab,0xffab,0xffab,0xffab,0xffab,0xffab,0xffab,0xffab,0xffab,0xb322,0xb322,0x0000,0x0000,0x0000,
		0x0000,0x0000,0x0000,0x0000,0x0000,0x0000,0xb322,0xb322,0xb322,0xb322,0xb322,0xffab,0xffab,0xffab,0xffab,0xffab,0xffab,0xffab,0xffab,0xffab,0xffab,0xb322,0xb322,0x0000,0x0000,0x0000,
		0x0000,0x0000,0xb322,0xb322,0xb322,0xb322,0xfea9,0xfea9,0xffab,0xffab,0xffab,0xffab,0xffab,0xffab,0xffab,0xffab,0xffab,0xffab,0xffab,0xffab,0xffab,0xfea9,0xfea9,0x7140,0x0000,0x0000,
		0x0000,0x0000,0xb322,0xb322,0xb322,0xb322,0xfea9,0xfea9,0xffab,0xffab,0xffab,0xffab,0xffab,0xffab,0xffab,0xffab,0xffab,0xffab,0xffab,0xffab,0xffab,0xfea9,0xfea9,0x7140,0x0000,0x0000,
		0xb322,0xb322,0xfffc,0xffab,0xffab,0xffab,0xffab,0xffab,0xffab,0xffab,0xffab,0xffab,0xffab,0xffab,0xffab,0xffab,0xffab,0xffab,0xffab,0xfffc,0xfffc,0xfffc,0xfffc,0xffab,0x7140,0x7140,
		0xb322,0xb322,0xfea9,0xfffc,0xfffc,0xffab,0xffab,0xffab,0xffab,0xffab,0xffab,0xffab,0xffab,0xffab,0xffab,0xfffc,0xfffc,0xfffc,0xfffc,0xffab,0xffab,0xdca2,0xdca2,0xfea9,0x7140,0x7140,
		0xb322,0xb322,0xfea9,0xfffc,0xfffc,0xffab,0xffab,0xffab,0xffab,0xffab,0xffab,0xffab,0xffab,0xffab,0xffab,0xfffc,0xfffc,0xfffc,0xfffc,0xffab,0xffab,0xdca2,0xdca2,0xfea9,0x7140,0x7140,
		0xb322,0xb322,0xfea9,0xffab,0xffab,0xfffc,0xffab,0xffab,0xffab,0xffab,0xfffc,0xfffc,0xfffc,0xfffc,0xfffc,0xffab,0xed82,0xed82,0xdca2,0xdca2,0xdca2,0xdca2,0xdca2,0xfea9,0x7140,0x7140,
		0xb322,0xb322,0xfea9,0xffab,0xffab,0xfffc,0xffab,0xffab,0xffab,0xffab,0xfffc,0xfffc,0xfffc,0xfffc,0xfffc,0xffab,0xed82,0xed82,0xdca2,0xdca2,0xdca2,0xdca2,0xdca2,0xfea9,0x7140,0x7140,
		0xb322,0xb322,0xfea9,0xffab,0xffab,0xfea9,0xffff,0xffff,0xfffc,0xfffc,0xffab,0xed82,0xed82,0xdca2,0xdca2,0xdca2,0xdca2,0xdca2,0xdca2,0xed82,0xed82,0xfea9,0xfea9,0xfea9,0x7140,0x7140,
		0xb322,0xb322,0xed82,0xffab,0xffab,0xfea9,0xffab,0xffab,0xed82,0xed82,0xdca2,0xdca2,0xdca2,0xdca2,0xdca2,0xdca2,0xed82,0xed82,0xfea9,0xfea9,0xfea9,0x7140,0x7140,0x7140,0x0000,0x0000,
		0xb322,0xb322,0xed82,0xffab,0xffab,0xfea9,0xffab,0xffab,0xed82,0xed82,0xdca2,0xdca2,0xdca2,0xdca2,0xdca2,0xdca2,0xed82,0xed82,0xfea9,0xfea9,0xfea9,0x7140,0x7140,0x7140,0x0000,0x0000,
		0x0000,0x0000,0xb322,0xed82,0xed82,0xfea9,0xffab,0xffab,0xed82,0xed82,0xdca2,0xdca2,0xdca2,0xed82,0xed82,0xed82,0x7140,0x7140,0x7140,0x7140,0x7140,0x0000,0x0000,0x0000,0x0000,0x0000,
		0x0000,0x0000,0x0000,0xb322,0xb322,0xed82,0xfea9,0xfea9,0xed82,0xed82,0xed82,0x7140,0x7140,0x7140,0x7140,0x7140,0x0000,0x0000,0x0000,0x0000,0x0000,0x0000,0x0000,0x0000,0x0000,0x0000,
		0x0000,0x0000,0x0000,0xb322,0xb322,0xed82,0xfea9,0xfea9,0xed82,0xed82,0xed82,0x7140,0x7140,0x7140,0x7140,0x7140,0x0000,0x0000,0x0000,0x0000,0x0000,0x0000,0x0000,0x0000,0x0000,0x0000,
		0x0000,0x0000,0x0000,0x0000,0x0000,0xb322,0xb322,0xb322,0x7140,0x7140,0x7140,0x0000,0x0000,0x0000,0x0000,0x0000,0x0000,0x0000,0x0000,0x0000,0x0000,0x0000,0x0000,0x0000,0x0000,0x0000,
		0x0000,0x0000,0x0000,0x0000,0x0000,0xb322,0xb322,0xb322,0x7140,0x7140,0x7140,0x0000,0x0000,0x0000,0x0000,0x0000,0x0000,0x0000,0x0000,0x0000,0x0000,0x0000,0x0000,0x0000,0x0000,0x0000,
		0x0000,0x0000,0x0000,0x0000,0x0000,0x0000,0x0000,0x0000,0x0000,0x0000,0x0000,0x0000,0x0000,0x0000,0x0000,0x0000,0x0000,0x0000,0x0000,0x0000,0x0000,0x0000,0x0000,0x0000,0x0000,0x0000,
		0x0000,0x0000,0x0000,0x0000,0x0000,0x0000,0x0000,0x0000,0x0000,0x0000,0x0000,0x0000,0x0000,0x0000,0x0000,0x0000,0x0000,0x0000,0x0000,0x0000,0x0000,0x0000,0x0000,0x0000,0x0000,0x0000,
		0x0000,0x0000,0x0000,0x0000,0x0000,0x0000,0x0000,0x0000,0x0000,0x0000,0x0000,0x0000,0x0000,0x0000,0x0000,0x0000,0x0000,0x0000,0x0000,0x0000,0x0000,0x0000,0x0000,0x0000,0x0000,0x0000
	},
    {//emerald
		0x0000,0x0000,0x0000,0x0000,0x0000,0x0000,0x0000,0x0000,0x0000,0x0000,0x0000,0x0000,0x0000,0x0000,0x0000,0x0000,0x0000,0x0000,0x0000,0x0000,0x0000,0x0000,0x0000,0x0000,0x0000,0x0000,
		0x0000,0x0000,0x0000,0x0000,0x0000,0x0000,0x0000,0x0000,0x0000,0x0000,0x0000,0x0000,0x0000,0x0000,0x0000,0x0000,0x0000,0x0000,0x0000,0x0000,0x0000,0x0000,0x0000,0x0000,0x0000,0x0000,
		0x0000,0x0000,0x0000,0x0000,0x0000,0x0000,0x0000,0x0000,0x0000,0x0000,0x0000,0x0000,0x0000,0x0000,0x0000,0x0000,0x0000,0x0000,0x0000,0x0000,0x0000,0x0000,0x0000,0x0000,0x0000,0x0000,
		0x0000,0x0000,0x0000,0x0000,0x0000,0x0000,0x0000,0x0000,0x0000,0x0000,0x0280,0x0280,0x0280,0x0280,0x0280,0x0280,0x0000,0x0000,0x0000,0x0000,0x0000,0x0000,0x0000,0x0000,0x0000,0x0000,
		0x0000,0x0000,0x0000,0x0000,0x0000,0x0000,0x0000,0x0000,0x0000,0x0000,0x0280,0x0280,0x0280,0x0280,0x0280,0x0280,0x0000,0x0000,0x0000,0x0000,0x0000,0x0000,0x0000,0x0000,0x0000,0x0000,
		0x0000,0x0000,0x0000,0x0000,0x0000,0x0000,0x0000,0x0000,0x0280,0x0280,0xdffd,0x4790,0x4790,0x4790,0x4790,0x16ec,0x0280,0x0280,0x0000,0x0000,0x0000,0x0000,0x0000,0x0000,0x0000,0x0000,
		0x0000,0x0000,0x0000,0x0000,0x0000,0x0000,0x0280,0x0280,0xdffd,0xdffd,0xaff9,0x4790,0x4790,0x4790,0x4790,0x0545,0x16ec,0x16ec,0x0160,0x0000,0x0000,0x0000,0x0000,0x0000,0x0000,0x0000,
		0x0000,0x0000,0x0000,0x0000,0x0000,0x0000,0x0280,0x0280,0xdffd,0xdffd,0xaff9,0x4790,0x4790,0x4790,0x4790,0x0545,0x16ec,0x16ec,0x0160,0x0000,0x0000,0x0000,0x0000,0x0000,0x0000,0x0000,
		0x0000,0x0000,0x0000,0x0000,0x0000,0x0280,0xdffd,0xdffd,0xaff9,0xaff9,0xaff9,0x4790,0x4790,0x4790,0x4790,0x0545,0x0545,0x0545,0x16ec,0x0160,0x0160,0x0000,0x0000,0x0000,0x0000,0x0000,
		0x0000,0x0000,0x0000,0x0000,0x0000,0x0280,0xdffd,0xdffd,0xaff9,0xaff9,0xaff9,0x4790,0x4790,0x4790,0x4790,0x0545,0x0545,0x0545,0x16ec,0x0160,0x0160,0x0000,0x0000,0x0000,0x0000,0x0000,
		0x0000,0x0000,0x0000,0x0000,0x0000,0x0280,0xaff9,0xaff9,0x16ec,0x16ec,0x16ec,0xaff9,0xaff9,0xaff9,0xaff9,0x0545,0x04a5,0x04a5,0x0545,0x0160,0x0160,0x0000,0x0000,0x0000,0x0000,0x0000,
		0x0000,0x0000,0x0000,0x0000,0x0000,0x0280,0xaff9,0xaff9,0x16ec,0x16ec,0x16ec,0xaff9,0xaff9,0x87b5,0x87b5,0x0545,0x03c3,0x03c3,0x0545,0x0160,0x0160,0x0000,0x0000,0x0000,0x0000,0x0000,
		0x0000,0x0000,0x0000,0x0000,0x0000,0x0280,0xaff9,0xaff9,0x16ec,0x16ec,0x16ec,0xaff9,0xaff9,0x87b5,0x87b5,0x0545,0x03c3,0x03c3,0x0545,0x0160,0x0160,0x0000,0x0000,0x0000,0x0000,0x0000,
		0x0000,0x0000,0x0000,0x0000,0x0000,0x0280,0xaff9,0xaff9,0x16ec,0x16ec,0x16ec,0xaff9,0xaff9,0x87b5,0x87b5,0x0545,0x03c3,0x03c3,0x0545,0x0160,0x0160,0x0000,0x0000,0x0000,0x0000,0x0000,
		0x0000,0x0000,0x0000,0x0000,0x0000,0x0280,0xaff9,0xaff9,0x16ec,0x16ec,0x16ec,0xaff9,0xaff9,0x87b5,0x87b5,0x0545,0x03c3,0x03c3,0x0545,0x0160,0x0160,0x0000,0x0000,0x0000,0x0000,0x0000,
		0x0000,0x0000,0x0000,0x0000,0x0000,0x0280,0xaff9,0xaff9,0x16ec,0x16ec,0x16ec,0x87b5,0x87b5,0x87b5,0x87b5,0x0545,0x03c3,0x03c3,0x16ec,0x0160,0x0160,0x0000,0x0000,0x0000,0x0000,0x0000,
		0x0000,0x0000,0x0000,0x0000,0x0000,0x0280,0xaff9,0xaff9,0x16ec,0x16ec,0x16ec,0x87b5,0x87b5,0x4790,0x4790,0x03c3,0x04a5,0x04a5,0x16ec,0x0160,0x0160,0x0000,0x0000,0x0000,0x0000,0x0000,
		0x0000,0x0000,0x0000,0x0000,0x0000,0x0280,0xaff9,0xaff9,0x16ec,0x16ec,0x16ec,0x87b5,0x87b5,0x4790,0x4790,0x03c3,0x04a5,0x04a5,0x16ec,0x0160,0x0160,0x0000,0x0000,0x0000,0x0000,0x0000,
		0x0000,0x0000,0x0000,0x0000,0x0000,0x0000,0x0280,0x0280,0x0545,0x0545,0x04a5,0x03c3,0x03c3,0x03c3,0x03c3,0x04a5,0x87b5,0x87b5,0x0160,0x0000,0x0000,0x0000,0x0000,0x0000,0x0000,0x0000,
		0x0000,0x0000,0x0000,0x0000,0x0000,0x0000,0x0000,0x0000,0x0280,0x0280,0x0545,0x04a5,0x04a5,0x03c3,0x03c3,0x16ec,0x0160,0x0160,0x0000,0x0000,0x0000,0x0000,0x0000,0x0000,0x0000,0x0000,
		0x0000,0x0000,0x0000,0x0000,0x0000,0x0000,0x0000,0x0000,0x0280,0x0280,0x0545,0x04a5,0x04a5,0x03c3,0x03c3,0x16ec,0x0160,0x0160,0x0000,0x0000,0x0000,0x0000,0x0000,0x0000,0x0000,0x0000,
		0x0000,0x0000,0x0000,0x0000,0x0000,0x0000,0x0000,0x0000,0x0000,0x0000,0x0160,0x0160,0x0160,0x0160,0x0160,0x0160,0x0000,0x0000,0x0000,0x0000,0x0000,0x0000,0x0000,0x0000,0x0000,0x0000,
		0x0000,0x0000,0x0000,0x0000,0x0000,0x0000,0x0000,0x0000,0x0000,0x0000,0x0160,0x0160,0x0160,0x0160,0x0160,0x0160,0x0000,0x0000,0x0000,0x0000,0x0000,0x0000,0x0000,0x0000,0x0000,0x0000,
		0x0000,0x0000,0x0000,0x0000,0x0000,0x0000,0x0000,0x0000,0x0000,0x0000,0x0000,0x0000,0x0000,0x0000,0x0000,0x0000,0x0000,0x0000,0x0000,0x0000,0x0000,0x0000,0x0000,0x0000,0x0000,0x0000,
		0x0000,0x0000,0x0000,0x0000,0x0000,0x0000,0x0000,0x0000,0x0000,0x0000,0x0000,0x0000,0x0000,0x0000,0x0000,0x0000,0x0000,0x0000,0x0000,0x0000,0x0000,0x0000,0x0000,0x0000,0x0000,0x0000,
		0x0000,0x0000,0x0000,0x0000,0x0000,0x0000,0x0000,0x0000,0x0000,0x0000,0x0000,0x0000,0x0000,0x0000,0x0000,0x0000,0x0000,0x0000,0x0000,0x0000,0x0000,0x0000,0x0000,0x0000,0x0000,0x0000
	},
    {//diamond
		0x0000,0x0000,0x0000,0x0000,0x0000,0x0000,0x0000,0x0000,0x0000,0x0000,0x0000,0x0000,0x0000,0x0000,0x0000,0x0000,0x0000,0x0000,0x0000,0x0000,0x0000,0x0000,0x0000,0x0000,0x0000,0x0000,
		0x0000,0x0000,0x0000,0x0000,0x0000,0x0000,0x0000,0x0000,0x0000,0x0000,0x0000,0x0000,0x0000,0x0000,0x0000,0x0000,0x0000,0x0000,0x0000,0x0000,0x0000,0x0000,0x0000,0x0000,0x0000,0x0000,
		0x0000,0x0000,0x0000,0x0000,0x0000,0x0000,0x0000,0x0000,0x0000,0x0000,0x0000,0x0000,0x0000,0x0000,0x0000,0x0000,0x0000,0x0000,0x0000,0x0000,0x0000,0x0000,0x0000,0x0000,0x0000,0x0000,
		0x0000,0x0000,0x0000,0x0000,0x0000,0x0000,0x0000,0x0000,0x0000,0x0000,0x138f,0x138f,0x138f,0x138f,0x138f,0x138f,0x0000,0x0000,0x0000,0x0000,0x0000,0x0000,0x0000,0x0000,0x0000,0x0000,
		0x0000,0x0000,0x0000,0x0000,0x0000,0x0000,0x0000,0x0000,0x0000,0x0000,0x138f,0x138f,0x138f,0x138f,0x138f,0x138f,0x0000,0x0000,0x0000,0x0000,0x0000,0x0000,0x0000,0x0000,0x0000,0x0000,
		0x0000,0x0000,0x0000,0x0000,0x0000,0x0000,0x0000,0x0000,0x138f,0x138f,0xffff,0xffff,0xffff,0xffff,0xffff,0xd7fe,0x138f,0x138f,0x0000,0x0000,0x0000,0x0000,0x0000,0x0000,0x0000,0x0000,
		0x0000,0x0000,0x0000,0x0000,0x0000,0x0000,0x138f,0x138f,0xffff,0xffff,0x4f7b,0x4f7b,0x4f7b,0xa7dd,0xa7dd,0xd7fe,0x2636,0x2636,0x12ea,0x0000,0x0000,0x0000,0x0000,0x0000,0x0000,0x0000,
		0x0000,0x0000,0x0000,0x0000,0x0000,0x0000,0x138f,0x138f,0xffff,0xffff,0x4f7b,0x4f7b,0x4f7b,0xa7dd,0xa7dd,0xd7fe,0x2636,0x2636,0x12ea,0x0000,0x0000,0x0000,0x0000,0x0000,0x0000,0x0000,
		0x0000,0x0000,0x0000,0x0000,0x0000,0x138f,0xffff,0xffff,0x4f7b,0x4f7b,0xa7dd,0xa7dd,0xa7dd,0xd7fe,0xd7fe,0xa7dd,0x4f7b,0x4f7b,0x2636,0x12ea,0x12ea,0x0000,0x0000,0x0000,0x0000,0x0000,
		0x0000,0x0000,0x0000,0x0000,0x0000,0x138f,0xffff,0xffff,0x4f7b,0x4f7b,0xa7dd,0xa7dd,0xa7dd,0xd7fe,0xd7fe,0xa7dd,0x4f7b,0x4f7b,0x2636,0x12ea,0x12ea,0x0000,0x0000,0x0000,0x0000,0x0000,
		0x0000,0x0000,0x0000,0x0000,0x0000,0x138f,0xffff,0xffff,0x4f7b,0x4f7b,0xffff,0xd7fe,0xd7fe,0xffff,0xffff,0xd7fe,0x4f7b,0x4f7b,0x4f7b,0x12ea,0x12ea,0x0000,0x0000,0x0000,0x0000,0x0000,
		0x0000,0x0000,0x0000,0x138f,0x138f,0xffff,0x4f7b,0x4f7b,0xffff,0xffff,0x4f7b,0x4f7b,0x4f7b,0xa7dd,0xa7dd,0xa7dd,0x1d54,0x1d54,0x2636,0x1d54,0x1d54,0x12ea,0x12ea,0x0000,0x0000,0x0000,
		0x0000,0x0000,0x0000,0x138f,0x138f,0xffff,0x4f7b,0x4f7b,0xffff,0xffff,0x4f7b,0x4f7b,0x4f7b,0xa7dd,0xa7dd,0xa7dd,0x1d54,0x1d54,0x2636,0x1d54,0x1d54,0x12ea,0x12ea,0x0000,0x0000,0x0000,
		0x0000,0x0000,0x0000,0x138f,0x138f,0xffff,0x4f7b,0x4f7b,0xd7fe,0xd7fe,0x4f7b,0xa7dd,0xa7dd,0xa7dd,0xa7dd,0xa7dd,0x1c93,0x1c93,0x2636,0x1d54,0x1d54,0x12ea,0x12ea,0x0000,0x0000,0x0000,
		0x0000,0x0000,0x0000,0x138f,0x138f,0xffff,0x4f7b,0x4f7b,0xd7fe,0xd7fe,0x4f7b,0xa7dd,0xa7dd,0xa7dd,0xa7dd,0xa7dd,0x1c93,0x1c93,0x2636,0x1d54,0x1d54,0x12ea,0x12ea,0x0000,0x0000,0x0000,
		0x0000,0x0000,0x0000,0x138f,0x138f,0xffff,0xffff,0xffff,0x2636,0x2636,0xa7dd,0xa7dd,0xa7dd,0xa7dd,0xa7dd,0x4f7b,0x1c93,0x1c93,0x1d54,0x1d54,0x1d54,0x12ea,0x12ea,0x0000,0x0000,0x0000,
		0x0000,0x0000,0x0000,0x138f,0x138f,0xd7fe,0x4f7b,0x4f7b,0x4f7b,0x4f7b,0x1d54,0x1d54,0x1d54,0x1d54,0x1d54,0x1d54,0x2636,0x2636,0x2636,0x1c93,0x1c93,0x12ea,0x12ea,0x0000,0x0000,0x0000,
		0x0000,0x0000,0x0000,0x138f,0x138f,0xd7fe,0x4f7b,0x4f7b,0x4f7b,0x4f7b,0x1d54,0x1d54,0x1d54,0x1d54,0x1d54,0x1d54,0x2636,0x2636,0x2636,0x1c93,0x1c93,0x12ea,0x12ea,0x0000,0x0000,0x0000,
		0x0000,0x0000,0x0000,0x0000,0x0000,0x12ea,0x4f7b,0x4f7b,0x1d54,0x1d54,0x2636,0x2636,0x2636,0x2636,0x2636,0x2636,0x1d54,0x1d54,0x2636,0x12ea,0x12ea,0x0000,0x0000,0x0000,0x0000,0x0000,
		0x0000,0x0000,0x0000,0x0000,0x0000,0x12ea,0x2f1b,0x2f1b,0x1d54,0x1d54,0x2636,0x2636,0x2636,0x2636,0x2636,0x2636,0x1d54,0x1d54,0xa7dd,0x12ea,0x12ea,0x0000,0x0000,0x0000,0x0000,0x0000,
		0x0000,0x0000,0x0000,0x0000,0x0000,0x12ea,0x2f1b,0x2f1b,0x1d54,0x1d54,0x2636,0x2636,0x2636,0x2636,0x2636,0x2636,0x1d54,0x1d54,0xa7dd,0x12ea,0x12ea,0x0000,0x0000,0x0000,0x0000,0x0000,
		0x0000,0x0000,0x0000,0x0000,0x0000,0x0000,0x12ea,0x12ea,0x1c93,0x1c93,0x4f7b,0x4f7b,0x4f7b,0xa7dd,0xa7dd,0xa7dd,0x2636,0x2636,0x12ea,0x0000,0x0000,0x0000,0x0000,0x0000,0x0000,0x0000,
		0x0000,0x0000,0x0000,0x0000,0x0000,0x0000,0x12ea,0x12ea,0x1c93,0x1c93,0x4f7b,0x4f7b,0x4f7b,0xa7dd,0xa7dd,0xa7dd,0x2636,0x2636,0x12ea,0x0000,0x0000,0x0000,0x0000,0x0000,0x0000,0x0000,
		0x0000,0x0000,0x0000,0x0000,0x0000,0x0000,0x0000,0x0000,0x12ea,0x12ea,0x12ea,0x12ea,0x12ea,0x12ea,0x12ea,0x12ea,0x12ea,0x12ea,0x0000,0x0000,0x0000,0x0000,0x0000,0x0000,0x0000,0x0000,
		0x0000,0x0000,0x0000,0x0000,0x0000,0x0000,0x0000,0x0000,0x0000,0x0000,0x0000,0x0000,0x0000,0x0000,0x0000,0x0000,0x0000,0x0000,0x0000,0x0000,0x0000,0x0000,0x0000,0x0000,0x0000,0x0000,
		0x0000,0x0000,0x0000,0x0000,0x0000,0x0000,0x0000,0x0000,0x0000,0x0000,0x0000,0x0000,0x0000,0x0000,0x0000,0x0000,0x0000,0x0000,0x0000,0x0000,0x0000,0x0000,0x0000,0x0000,0x0000,0x0000
	},
    {//glass
		0x0000,0x0000,0x0000,0x0000,0x0000,0x0000,0x0000,0x0000,0x0000,0x0000,0x0000,0x0000,0xffdf,0xffdf,0x0000,0x0000,0x0000,0x0000,0x0000,0x0000,0x0000,0x0000,0x0000,0x0000,0x0000,0x0000,
		0x0000,0x0000,0x0000,0x0000,0x0000,0x0000,0x0000,0x0000,0x0000,0x0000,0xffdf,0xffdf,0x0000,0x0000,0xffdf,0x0000,0x0000,0x0000,0x0000,0x0000,0x0000,0x0000,0x0000,0x0000,0x0000,0x0000,
		0x0000,0x0000,0x0000,0x0000,0x0000,0x0000,0x0000,0x0000,0x0000,0xffdf,0xffdf,0xffff,0xffdf,0xffdf,0xffff,0x0000,0xffdf,0xffdf,0x0000,0x0000,0x0000,0x0000,0x0000,0x0000,0x0000,0x0000,
		0x0000,0x0000,0x0000,0x0000,0x0000,0x0000,0xffdf,0xf7df,0xd7ff,0xbf9f,0x0000,0x0000,0x0000,0x0000,0x0000,0xbf9e,0xd7ff,0xbf9f,0xffdf,0xffdf,0x0000,0x0000,0x0000,0x0000,0x0000,0x0000,
		0x0000,0x0000,0x0000,0x0000,0xffdf,0xffdf,0x0000,0x0000,0x0000,0x0000,0x0000,0x0000,0x0000,0x0000,0x0000,0x0000,0x0000,0x0000,0x0000,0x0000,0xffdf,0xffdf,0x0000,0x0000,0x0000,0x0000,
		0x0000,0x0000,0xffdf,0xc75e,0x0000,0x0000,0x0000,0x0000,0x0000,0x0000,0x0000,0x0000,0xcfff,0xcfff,0x0000,0xffff,0x0000,0x0000,0x0000,0x0000,0x0000,0x0000,0xffdf,0xffbf,0x0000,0x0000,
		0x0000,0xce59,0xc679,0xae9a,0xffff,0x0000,0x0000,0x0000,0x0000,0xbf9f,0xffdf,0xffff,0xffdf,0x0000,0x0000,0x0000,0x0000,0xbf9f,0xbf9f,0xbf9f,0xbf9f,0xbf7f,0x0000,0x94d3,0x74b3,0x0000,
		0x0000,0xce59,0xffff,0xce79,0xc679,0xae9a,0x0000,0x0000,0x0000,0x0000,0x0000,0x0000,0x0000,0x0000,0x0000,0x0000,0x0000,0x0000,0x0000,0x0000,0xb6ba,0x94f4,0x94d3,0xffff,0x6c30,0x0000,
		0x0000,0xce59,0x0000,0x0000,0xdefb,0xce59,0xce79,0xcfff,0xffff,0x0000,0xbfff,0x0000,0x0000,0x0000,0x0000,0xffff,0x0000,0xffff,0xb6bb,0x94d3,0x9cd3,0x9cf3,0x0000,0x0000,0x0000,0x0000,
		0x0000,0xce59,0x0000,0x0000,0xffff,0x0000,0x9e39,0xce59,0xc679,0x0000,0x0000,0x0000,0x0000,0x0000,0x0000,0x0000,0x0000,0x9cd3,0x94d2,0x0000,0x0000,0x0000,0x0000,0x74b3,0x6c10,0x0000,
		0x0000,0xce59,0xce59,0xce79,0x0000,0xffff,0x9e3a,0x0000,0xffff,0xce59,0xc679,0xae9a,0x0000,0x0000,0xaebb,0xb6bb,0x9cd3,0xffff,0x74b3,0x0000,0x0000,0x0000,0x74b3,0x0000,0x7fff,0x0000,
		0x0000,0x0000,0x0000,0x0000,0x0000,0x0000,0x0000,0x0000,0x0000,0x0000,0xce79,0xce59,0x9639,0x8cb3,0x9cd3,0x0000,0x0000,0x74b3,0x0000,0x0000,0x0000,0x0000,0x0000,0x0000,0x6c10,0x0000,
		0x0000,0xce59,0x0000,0x0000,0x0000,0x0000,0x0000,0x0000,0x0000,0x0000,0x0000,0x0000,0x8d55,0x9cd3,0x0000,0x9cd3,0x0000,0x0000,0x0000,0x9cd3,0x0000,0x7df7,0x0000,0x0000,0x6c30,0x0000,
		0x0000,0xce59,0xae3c,0x9e19,0x0000,0x0000,0x0000,0xce59,0xce59,0x0000,0x0000,0xafff,0x0000,0x9cd3,0xbdf7,0x0000,0x0000,0x0000,0x0000,0x9cf3,0x0000,0x0000,0x0000,0x0000,0x6c10,0x0000,
		0x0000,0xce59,0x9e19,0x0000,0x0000,0xffff,0x9e39,0xffff,0x0000,0x0000,0x0000,0x9e19,0x8d75,0x9cd3,0x9cf3,0x0000,0x0000,0x0000,0x74b3,0x0000,0x0000,0x0000,0x0000,0x0000,0x0000,0x0000,
		0x0000,0xffff,0x0000,0x0000,0x0000,0x0000,0xb679,0x0000,0x0000,0x0000,0x9e39,0xce79,0x8d55,0x9cd3,0xad55,0x0000,0x0000,0x7fff,0x0000,0x0000,0x0000,0x0000,0x0000,0x0000,0xffff,0x0000,
		0x0000,0xce59,0x0000,0x0000,0x0000,0x0000,0x0000,0x0000,0x0000,0x0000,0x0000,0x0000,0x0000,0x9cd3,0x0000,0x0000,0x0000,0x74b3,0x0000,0xad55,0x0000,0x0000,0x9cd3,0x0000,0x6c10,0x0000,
		0x0000,0x9e19,0x9e39,0x0000,0x0000,0x0000,0xce59,0xce59,0x0000,0x0000,0x0000,0x0000,0x9555,0xb5b6,0x74b3,0x0000,0x0000,0x0000,0x0000,0x0000,0x0000,0xbdf7,0x0000,0x0000,0x6c10,0x0000,
		0x0000,0xce79,0x0000,0x0000,0x0000,0xffff,0x9e3a,0x0000,0x0000,0x0000,0x0000,0x0000,0x8d55,0x9cd3,0x74b3,0x0000,0x0000,0x0000,0x9cd3,0x0000,0x0000,0x9cd3,0x0000,0x0000,0x74b3,0x0000,
		0x0000,0x9e39,0x0000,0x0000,0x0000,0x0000,0x0000,0x0000,0x0000,0x0000,0x0000,0x0000,0xffff,0x9cd3,0x0000,0x0000,0x0000,0x74b3,0x0000,0x0000,0x74b3,0x0000,0x0000,0x0000,0x74b3,0x0000,
		0x0000,0x0000,0x8d56,0x8d55,0x0000,0x0000,0x0000,0x0000,0x0000,0x0000,0xce59,0xce79,0x0000,0x0000,0x0000,0x0000,0x0000,0x0000,0x0000,0x0000,0x0000,0x0000,0x6c10,0x6c10,0x0000,0x0000,
		0x0000,0x0000,0x0000,0x0000,0x9555,0x8d56,0x0000,0x0000,0xbfff,0xc679,0x0000,0x0000,0x8d55,0x9cd3,0x0000,0x0000,0x0000,0x0000,0x0000,0x0000,0xffff,0x6c10,0x0000,0x0000,0x0000,0x0000,
		0x0000,0x0000,0x0000,0x0000,0x0000,0x0000,0x0000,0x8d75,0x0000,0x0000,0x0000,0x0000,0x8d55,0x0000,0x74b3,0x0000,0x0000,0x0000,0x0000,0x6c10,0x0000,0x0000,0x0000,0x0000,0x0000,0x0000,
		0x0000,0x0000,0x0000,0x0000,0x0000,0x0000,0x0000,0x0000,0x9555,0x8d55,0x0000,0x0000,0x8d56,0x74b3,0x0000,0x0000,0x6c10,0x7df7,0x0000,0x0000,0x0000,0x0000,0x0000,0x0000,0x0000,0x0000,
		0x0000,0x0000,0x0000,0x0000,0x0000,0x0000,0x0000,0x0000,0x0000,0x0000,0x8d55,0x8d55,0x9e39,0x9cd3,0x6c10,0x6c10,0x0000,0x0000,0x0000,0x0000,0x0000,0x0000,0x0000,0x0000,0x0000,0x0000,
		0x0000,0x0000,0x0000,0x0000,0x0000,0x0000,0x0000,0x0000,0x0000,0x0000,0x0000,0x0000,0x9e39,0x74b3,0x0000,0x0000,0x0000,0x0000,0x0000,0x0000,0x0000,0x0000,0x0000,0x0000,0x0000,0x0000
	},
    {//dandelion
		0x0000,0x0000,0x0000,0x0000,0x0000,0x0000,0x0000,0x0000,0x0000,0x0000,0x0000,0x0000,0x0000,0x0000,0x0000,0x0000,0x0000,0x0000,0x0000,0x0000,0x0000,0x0000,0x0000,0x0000,0x0000,0x0000,
		0x0000,0x0000,0x0000,0x0000,0x0000,0x0000,0x0000,0x0000,0x0000,0x0000,0x0000,0x0000,0x0000,0x0000,0x0000,0x0000,0x0000,0x0000,0x0000,0x0000,0x0000,0x0000,0x0000,0x0000,0x0000,0x0000,
		0x0000,0x0000,0x0000,0x0000,0x0000,0x0000,0x0000,0x0000,0x0000,0x0000,0x0000,0x0000,0x0000,0x0000,0x0000,0x0000,0x0000,0x0000,0x0000,0x0000,0x0000,0x0000,0x0000,0x0000,0x0000,0x0000,
		0x0000,0x0000,0x0000,0x0000,0x0000,0x0000,0x0000,0x0000,0x0000,0x0000,0x0000,0x0000,0x0000,0x0000,0x0000,0x0000,0x0000,0x0000,0x0000,0x0000,0x0000,0x0000,0x0000,0x0000,0x0000,0x0000,
		0x0000,0x0000,0x0000,0x0000,0x0000,0x0000,0x0000,0x0000,0x0000,0x0000,0x0000,0x0000,0x0000,0x0000,0x0000,0x0000,0x0000,0x0000,0x0000,0x0000,0x0000,0x0000,0x0000,0x0000,0x0000,0x0000,
		0x0000,0x0000,0x0000,0x0000,0x0000,0x0000,0x0000,0x0000,0x0000,0x0000,0x0000,0x0000,0x0000,0x0000,0x0000,0x0000,0x0000,0x0000,0x0000,0x0000,0x0000,0x0000,0x0000,0x0000,0x0000,0x0000,
		0x0000,0x0000,0x0000,0x0000,0x0000,0x0000,0x0000,0x0000,0x0000,0x0000,0x0000,0x0000,0x0000,0x0000,0x0000,0x0000,0x0000,0x0000,0x0000,0x0000,0x0000,0x0000,0x0000,0x0000,0x0000,0x0000,
		0x0000,0x0000,0x0000,0x0000,0x0000,0x0000,0x0000,0x0000,0x0000,0x0000,0x0000,0x0000,0x0000,0x0000,0x0000,0x0000,0x0000,0x0000,0x0000,0x0000,0x0000,0x0000,0x0000,0x0000,0x0000,0x0000,
		0x0000,0x0000,0x0000,0x0000,0x0000,0x0000,0x0000,0x0000,0x0000,0x0000,0x0000,0x0000,0x0000,0x0000,0x0000,0x0000,0x0000,0x0000,0x0000,0x0000,0x0000,0x0000,0x0000,0x0000,0x0000,0x0000,
		0x0000,0x0000,0x0000,0x0000,0x0000,0x0000,0x0000,0x0000,0x0000,0x0000,0x0000,0x0000,0x0000,0x0000,0x0000,0x0000,0x0000,0x0000,0x0000,0x0000,0x0000,0x0000,0x0000,0x0000,0x0000,0x0000,
		0x0000,0x0000,0x0000,0x0000,0x0000,0x0000,0x0000,0x0000,0x0000,0x0000,0x0000,0x0000,0x0000,0x0000,0x0000,0x0000,0x0000,0x0000,0x0000,0x0000,0x0000,0x0000,0x0000,0x0000,0x0000,0x0000,
		0x0000,0x0000,0x0000,0x0000,0x0000,0x0000,0x0000,0x0000,0x0000,0x0000,0x0000,0x0000,0x0000,0x0000,0x0000,0x0000,0x0000,0x0000,0x0000,0x0000,0x0000,0x0000,0x0000,0x0000,0x0000,0x0000,
		0x0000,0x0000,0x0000,0x0000,0x0000,0x0000,0x0000,0x0000,0x0000,0x0000,0x0000,0x0000,0x0000,0x0000,0x0000,0x0000,0x0000,0x0000,0x0000,0x0000,0x0000,0x0000,0x0000,0x0000,0x0000,0x0000,
		0x0000,0x0000,0x0000,0x0000,0x0000,0x0000,0x0000,0x0000,0xce80,0xce80,0xf7c0,0x0000,0x0000,0xf7c0,0xf7c0,0xb5e0,0xf7c0,0xf7c0,0x0000,0x0000,0x0000,0x0000,0x0000,0x0000,0x0000,0x0000,
		0x0000,0x0000,0x0000,0x0000,0x0000,0x0000,0x0000,0x0000,0xce80,0xce80,0xf7c0,0x0000,0x0000,0xf7c0,0xf7c0,0xb5e0,0xf7c0,0xf7c0,0x0000,0x0000,0x0000,0x0000,0x0000,0x0000,0x0000,0x0000,
		0x0000,0x0000,0x0000,0x0000,0x0000,0x0000,0x0000,0x0000,0x0000,0x0000,0xce80,0xce80,0xce80,0xf7c0,0xf7c0,0x8c80,0x0000,0x0000,0x0000,0x0000,0x0000,0x0000,0x0000,0x0000,0x0000,0x0000,
		0x0000,0x0000,0x0000,0x0000,0x0000,0x0000,0x0000,0x0000,0xf7c0,0xf7c0,0xf7c0,0xb5e0,0xb5e0,0x8c80,0x8c80,0x8c80,0xce80,0xce80,0x0000,0x0000,0x0000,0x0000,0x0000,0x0000,0x0000,0x0000,
		0x0000,0x0000,0x0000,0x0000,0x0000,0x0000,0x0000,0x0000,0xf7c0,0xf7c0,0xf7c0,0xb5e0,0xb5e0,0x8c80,0x8c80,0x8c80,0xce80,0xce80,0x0000,0x0000,0x0000,0x0000,0x0000,0x0000,0x0000,0x0000,
		0x0000,0x0000,0x0000,0x0000,0x0000,0x0000,0x0000,0x0000,0x0000,0x0000,0x0000,0x1420,0x1420,0x1420,0x1420,0x0000,0x0000,0x0000,0x0000,0x0000,0x0000,0x0000,0x0000,0x0000,0x0000,0x0000,
		0x0000,0x0000,0x0000,0x0000,0x0000,0x0000,0x0000,0x0000,0x0000,0x0000,0x0000,0x1420,0x1420,0x1300,0x1300,0x1420,0x1300,0x1300,0x0000,0x0000,0x0000,0x0000,0x0000,0x0000,0x0000,0x0000,
		0x0000,0x0000,0x0000,0x0000,0x0000,0x0000,0x0000,0x0000,0x0000,0x0000,0x0000,0x1420,0x1420,0x1300,0x1300,0x1420,0x1300,0x1300,0x0000,0x0000,0x0000,0x0000,0x0000,0x0000,0x0000,0x0000,
		0x0000,0x0000,0x0000,0x0000,0x0000,0x0000,0x0000,0x0000,0x1300,0x1300,0x1420,0x1420,0x1420,0x1300,0x1300,0x1300,0x0000,0x0000,0x0000,0x0000,0x0000,0x0000,0x0000,0x0000,0x0000,0x0000,
		0x0000,0x0000,0x0000,0x0000,0x0000,0x0000,0x0000,0x0000,0x1300,0x1300,0x1420,0x1420,0x1420,0x1300,0x1300,0x1300,0x0000,0x0000,0x0000,0x0000,0x0000,0x0000,0x0000,0x0000,0x0000,0x0000,
		0x0000,0x0000,0x0000,0x0000,0x0000,0x0000,0x0000,0x0000,0x0000,0x0000,0x1300,0x1420,0x1420,0x1300,0x1300,0x0000,0x0000,0x0000,0x0000,0x0000,0x0000,0x0000,0x0000,0x0000,0x0000,0x0000,
		0x0000,0x0000,0x0000,0x0000,0x0000,0x0000,0x0000,0x0000,0x0000,0x0000,0x0000,0x1420,0x1420,0x1300,0x1300,0x0000,0x0000,0x0000,0x0000,0x0000,0x0000,0x0000,0x0000,0x0000,0x0000,0x0000,
		0x0000,0x0000,0x0000,0x0000,0x0000,0x0000,0x0000,0x0000,0x0000,0x0000,0x0000,0x1420,0x1420,0x1300,0x1300,0x0000,0x0000,0x0000,0x0000,0x0000,0x0000,0x0000,0x0000,0x0000,0x0000,0x0000
	},
    { //sapling 54
		0x0000,0x0000,0x0000,0x0000,0x0000,0x0000,0x0000,0x0000,0x0000,0x0000,0x0000,0x0000,0x0000,0x0000,0x0000,0x0000,0x0000,0x0000,0x0000,0x0000,0x0000,0x0000,0x0000,0x0000,0x0000,0x0000,
		0x0000,0x0000,0x0000,0x0000,0x0000,0x0000,0x0000,0x0000,0x0000,0x0000,0x0000,0x0000,0x0000,0x0000,0x0000,0x0000,0x0000,0x0000,0x0000,0x0000,0x0000,0x0000,0x0000,0x0000,0x0000,0x0000,
		0x0000,0x0000,0x0000,0x0000,0x0000,0x0000,0x0000,0x0000,0x0000,0x0000,0x0000,0x0000,0x0000,0x0000,0x0000,0x0000,0x0000,0x0000,0x5567,0x0000,0x0000,0x0000,0x0000,0x0000,0x0000,0x0000,
		0x0000,0x0000,0x0000,0x0000,0x0000,0x0000,0x5567,0x5567,0x5567,0x5567,0x0000,0x0000,0x0000,0x0000,0x0000,0x0000,0x5567,0x5567,0x4465,0x1282,0x1282,0x0000,0x0000,0x0000,0x0000,0x0000,
		0x0000,0x0000,0x0000,0x0000,0x0000,0x0000,0x5567,0x5567,0x5567,0x5567,0x0000,0x0000,0x0000,0x0000,0x0000,0x0000,0x5567,0x5567,0x4465,0x1282,0x1282,0x0000,0x0000,0x0000,0x0000,0x0000,
		0x0000,0x0000,0x0000,0x0000,0x0000,0x0000,0x2363,0x2363,0x4465,0x4465,0x0000,0x5567,0x5567,0x5567,0x5567,0x4465,0x0000,0x0000,0x4465,0x7b07,0x7b07,0x0000,0x0000,0x0000,0x0000,0x0000,
		0x0000,0x0000,0x0000,0x0000,0x0000,0x5567,0x7b07,0x7b07,0x1b23,0x1b23,0x1282,0x0000,0x0000,0x4465,0x4465,0x1282,0x4982,0x4982,0x59e3,0x59e3,0x59e3,0x1282,0x1282,0x0000,0x0000,0x0000,
		0x0000,0x0000,0x0000,0x0000,0x0000,0x5567,0x7b07,0x7b07,0x1b23,0x1b23,0x1282,0x0000,0x0000,0x4465,0x4465,0x1282,0x4982,0x4982,0x59e3,0x59e3,0x59e3,0x1282,0x1282,0x0000,0x0000,0x0000,
		0x0000,0x0000,0x0000,0x0000,0x0000,0x4465,0x7285,0x7285,0x1282,0x1282,0x1282,0x0000,0x0000,0x1282,0x1282,0x7b07,0x59e3,0x59e3,0x4982,0x4982,0x4982,0x7b07,0x7b07,0x0000,0x0000,0x0000,
		0x0000,0x0000,0x0000,0x0000,0x0000,0x4465,0x7285,0x7285,0x1282,0x1282,0x1282,0x0000,0x0000,0x1282,0x1282,0x7b07,0x59e3,0x59e3,0x4982,0x4982,0x4982,0x7b07,0x7b07,0x0000,0x0000,0x0000,
		0x0000,0x0000,0x0000,0x0000,0x0000,0x0000,0x0000,0x0000,0x7285,0x7285,0x7b07,0x4982,0x4982,0x7b07,0x7b07,0x59e3,0x4982,0x4982,0x1282,0x0000,0x0000,0x5567,0x5567,0x4465,0x0000,0x0000,
		0x0000,0x0000,0x0000,0x0000,0x0000,0x5567,0x1282,0x1282,0x0000,0x0000,0x51c3,0x59e3,0x59e3,0x5567,0x5567,0x5567,0x0000,0x0000,0x0000,0x5567,0x5567,0x4465,0x4465,0x1282,0x0000,0x0000,
		0x0000,0x0000,0x0000,0x0000,0x0000,0x5567,0x1282,0x1282,0x0000,0x0000,0x51c3,0x59e3,0x59e3,0x5567,0x5567,0x5567,0x0000,0x0000,0x0000,0x5567,0x5567,0x4465,0x4465,0x1282,0x0000,0x0000,
		0x0000,0x0000,0x0000,0x0000,0x0000,0x4465,0x0000,0x0000,0x7b07,0x7b07,0x72a6,0x72a6,0x72a6,0x4465,0x4465,0x1b23,0x1282,0x1282,0x4982,0x0000,0x0000,0x1282,0x1282,0x0000,0x0000,0x0000,
		0x0000,0x0000,0x0000,0x0000,0x0000,0x4465,0x0000,0x0000,0x7b07,0x7b07,0x72a6,0x72a6,0x72a6,0x4465,0x4465,0x1b23,0x1282,0x1282,0x4982,0x0000,0x0000,0x1282,0x1282,0x0000,0x0000,0x0000,
		0x0000,0x0000,0x0000,0x0000,0x0000,0x0000,0x4465,0x4465,0x72a6,0x72a6,0x4982,0x59e3,0x59e3,0x7b07,0x7b07,0x1282,0x59e3,0x59e3,0x59e3,0x72a6,0x72a6,0x7b07,0x7b07,0x5567,0x0000,0x0000,
		0x0000,0x0000,0x0000,0x0000,0x0000,0x5567,0x1b23,0x1b23,0x4982,0x4982,0x0000,0x5567,0x5567,0x1282,0x1282,0x4982,0x4982,0x4982,0x5567,0x1282,0x1282,0x0000,0x0000,0x1282,0x4465,0x4465,
		0x0000,0x0000,0x0000,0x0000,0x0000,0x5567,0x1b23,0x1b23,0x4982,0x4982,0x0000,0x5567,0x5567,0x1282,0x1282,0x4982,0x4982,0x4982,0x5567,0x1282,0x1282,0x0000,0x0000,0x1282,0x4465,0x4465,
		0x0000,0x0000,0x0000,0x5567,0x5567,0x4465,0x1282,0x1282,0x1282,0x1282,0x0000,0x4465,0x4465,0x1282,0x1282,0x7b07,0x4982,0x4982,0x0000,0x0000,0x0000,0x0000,0x0000,0x0000,0x1282,0x1282,
		0x0000,0x0000,0x0000,0x4465,0x4465,0x1282,0x0000,0x0000,0x1282,0x1282,0x0000,0x4982,0x4982,0x7b07,0x7b07,0x5567,0x2363,0x2363,0x0000,0x0000,0x0000,0x0000,0x0000,0x0000,0x0000,0x0000,
		0x0000,0x0000,0x0000,0x4465,0x4465,0x1282,0x0000,0x0000,0x1282,0x1282,0x0000,0x4982,0x4982,0x7b07,0x7b07,0x5567,0x2363,0x2363,0x0000,0x0000,0x0000,0x0000,0x0000,0x0000,0x0000,0x0000,
		0x0000,0x0000,0x0000,0x0000,0x0000,0x0000,0x0000,0x0000,0x0000,0x0000,0x0000,0x7b07,0x7b07,0x72a6,0x72a6,0x4982,0x1282,0x1282,0x0000,0x0000,0x0000,0x0000,0x0000,0x0000,0x0000,0x0000,
		0x0000,0x0000,0x0000,0x0000,0x0000,0x0000,0x0000,0x0000,0x0000,0x0000,0x0000,0x7b07,0x7b07,0x72a6,0x72a6,0x4982,0x1282,0x1282,0x0000,0x0000,0x0000,0x0000,0x0000,0x0000,0x0000,0x0000,
		0x0000,0x0000,0x0000,0x0000,0x0000,0x0000,0x0000,0x0000,0x0000,0x0000,0x0000,0x7b07,0x7b07,0x59e3,0x59e3,0x4982,0x0000,0x0000,0x0000,0x0000,0x0000,0x0000,0x0000,0x0000,0x0000,0x0000,
		0x0000,0x0000,0x0000,0x0000,0x0000,0x0000,0x0000,0x0000,0x0000,0x0000,0x0000,0x7285,0x7285,0x59e3,0x59e3,0x4982,0x0000,0x0000,0x0000,0x0000,0x0000,0x0000,0x0000,0x0000,0x0000,0x0000,
		0x0000,0x0000,0x0000,0x0000,0x0000,0x0000,0x0000,0x0000,0x0000,0x0000,0x0000,0x7285,0x7285,0x59e3,0x59e3,0x4982,0x0000,0x0000,0x0000,0x0000,0x0000,0x0000,0x0000,0x0000,0x0000,0x0000
	},
    { //lava 55
		0x0000,0x0000,0x0000,0x0000,0x0000,0x0000,0x0000,0x0000,0x0000,0x0000,0x0000,0x0000,0x0000,0x0000,0x0000,0x0000,0x0000,0x0000,0x0000,0x0000,0x0000,0x0000,0x0000,0x0000,0x0000,0x0000,
		0x0000,0x0000,0x0000,0x0000,0x0000,0x0000,0x0000,0x0000,0x0000,0x0000,0x0000,0x0000,0x0000,0x0000,0x0000,0x0000,0x0000,0x0000,0x0000,0x0000,0x0000,0x0000,0x0000,0x0000,0x0000,0x0000,
		0x0000,0x0000,0x0000,0x0000,0x0000,0x0000,0x0000,0x0000,0x0000,0x0000,0x0000,0x0000,0x0000,0x0000,0x0000,0x0000,0x0000,0x0000,0x0000,0x0000,0x0000,0x0000,0x0000,0x0000,0x0000,0x0000,
		0x0000,0x0000,0x0000,0x0000,0x0000,0x0000,0x0000,0x0000,0x0000,0x0000,0x0000,0xb2c4,0xca00,0xc220,0xb244,0x0000,0x0000,0x0000,0x0000,0x0000,0x0000,0x0000,0x0000,0x0000,0x0000,0x0000,
		0x0000,0x0000,0x0000,0x0000,0x0000,0x0000,0x0000,0x0000,0x0000,0x0000,0xcaa1,0xd302,0xec86,0xec66,0xdb02,0xd2c2,0x0000,0x0000,0x0000,0x0000,0x0000,0x0000,0x0000,0x0000,0x0000,0x0000,
		0x0000,0x0000,0x0000,0x0000,0x0000,0x0000,0x0000,0xba64,0xd241,0xca21,0xca61,0xdb23,0xcb02,0xd342,0xd2e2,0xc200,0xd2c2,0xd2a2,0xbae4,0x0000,0x0000,0x0000,0x0000,0x0000,0x0000,0x0000,
		0x0000,0x0000,0x0000,0x0000,0x0000,0xcac1,0xca61,0xe3c5,0xca41,0xca00,0xca01,0xd261,0xca20,0xca21,0xdae3,0xca81,0xdb22,0xdba4,0xe3c4,0xdba4,0xcb03,0x0000,0x0000,0x0000,0x0000,0x0000,
		0x0000,0x0000,0x0000,0xcc08,0xe404,0xca81,0xe3c5,0xdc46,0xd2a2,0xd2a1,0xd281,0xe445,0xdb63,0xdb83,0xdbc4,0xcb02,0xd2e2,0xca01,0xd2a2,0xc220,0xca61,0xd261,0xcc48,0x0000,0x0000,0x0000,
		0x0000,0xb283,0xca81,0xdbe4,0xe487,0xec87,0xca81,0xd2e2,0xd2e2,0xd322,0xd342,0xdb23,0xd2a1,0xca21,0xca01,0xca01,0xd2a1,0xca00,0xc1e0,0xca41,0xdae3,0xcac1,0xdb22,0xdbc4,0xc3e9,0x0000,
		0x0000,0xa1e0,0xa261,0xd383,0xd301,0xc2a1,0xca40,0xca21,0xca20,0xdb63,0xd383,0xca61,0xc1c0,0xc9e0,0xca21,0xcae1,0xcaa1,0xd281,0xdae2,0xe466,0xd323,0xcaa1,0xc281,0x7960,0x7940,0x0000,
		0x0000,0xa1a0,0xa1c0,0xa1e1,0xa1e1,0xcaa2,0xca81,0xca01,0xca00,0xcb02,0xe486,0xe384,0xca61,0xdac2,0xd322,0xe445,0xdc04,0xdb02,0xca41,0xca21,0xba83,0x7960,0x9305,0x8a63,0x7960,0x0000,
		0x0000,0xa1c1,0xa201,0xb262,0xa1a0,0xaa62,0xb3a4,0xcac2,0xd2a2,0xcaa1,0xd302,0xd2a2,0xd241,0xca61,0xc221,0xca20,0xdb43,0xd2c1,0xcae3,0x71a0,0x7960,0x81e1,0x8ae4,0x81e1,0x7981,0x0000,
		0x0000,0xa1c0,0xaa42,0xcbc6,0xa1a0,0x99a0,0xbb64,0xb323,0xa201,0xc2e2,0xd2e2,0xd2a2,0xca00,0xc200,0xcac1,0xdba4,0xdbc6,0x82c3,0x8ac4,0x7960,0x7960,0x8202,0x8222,0x79c1,0x79c1,0x0000,
		0x0000,0xa1a0,0xa1a1,0xaa62,0xa1a0,0xa1a0,0xa201,0x9a00,0xa1e1,0xa201,0xb282,0xd2e3,0xca61,0xdae2,0xdba4,0x8181,0x7940,0x81e1,0x7180,0x7960,0x7940,0x7960,0x7940,0x8181,0x7960,0x0000,
		0x0000,0xa1c0,0xaa22,0xa201,0xa1c0,0xa1a0,0xaa01,0xaa82,0xa1e0,0xaac3,0xbc06,0xc407,0x9980,0x8181,0x7980,0x7920,0x7920,0x7940,0x79a1,0x79a1,0x7960,0x7940,0x7920,0x7940,0x7960,0x0000,
		0x0000,0xaa21,0xb324,0xa2c2,0xbb24,0xa1c0,0xa1c0,0xaae3,0xaa41,0xa1e0,0xbbc6,0xbba5,0xa1c1,0x7920,0x7981,0x7960,0x7940,0x7940,0x7960,0x79c1,0x79a1,0x7981,0x7920,0x7940,0x7940,0x0000,
		0x0000,0xa1e1,0xb323,0xbc46,0xa2e2,0xa1e1,0xa1c0,0xaaa2,0xaa61,0xa1c0,0xaa62,0xb2c3,0xa1e1,0x7140,0x92e5,0x7980,0x7940,0x7920,0x7940,0x79a1,0x8262,0x81c1,0x7160,0x8262,0x7940,0x0000,
		0x0000,0xaa42,0xa1e1,0xaac2,0xaa21,0xa1e0,0xa1c0,0xaa41,0xaa41,0xa1c0,0xa1a0,0x99c0,0xa200,0x7960,0x81c2,0x7981,0x7960,0x7940,0x7981,0x7981,0x81e1,0x81c1,0x8a63,0x8222,0x7960,0x0000,
		0x0000,0xbc06,0xaa82,0xa1c0,0xa1e0,0xa1a0,0xa1a0,0xa1e1,0xaa01,0xaa20,0xa1a1,0xa1a0,0xaa41,0x7940,0x7961,0x8262,0x8a63,0x7940,0x7940,0x81e2,0x81e1,0x7980,0x8a43,0x7960,0x8ae4,0x0000,
		0x0000,0xaac2,0xaa42,0xa1c0,0xa1c0,0xa1c0,0xa9e1,0xa200,0xaac2,0xaa41,0xa1a0,0xa1a0,0xa1e1,0x7940,0x81e2,0x8b45,0x8202,0x7120,0x7920,0x8b05,0x81e1,0x79a1,0x81e1,0x79e1,0x8201,0x0000,
		0x0000,0x0000,0xa1c0,0xa1a0,0xa1c0,0xaa41,0xbc47,0xb384,0xbc26,0xaa41,0xaa01,0xa1c0,0xa181,0x8181,0x92e4,0x82c3,0x8181,0x7940,0x71a0,0x8283,0x7940,0x7981,0x9b46,0x81c1,0x0000,0x0000,
		0x0000,0x0000,0x0000,0x0000,0xa1e1,0xaa41,0xc467,0xaa82,0xab24,0xa221,0xaa21,0xbb64,0xa1a0,0x7980,0x81e1,0x8181,0x7961,0x8263,0x9366,0x7940,0x7920,0x7960,0x0000,0x0000,0x0000,0x0000,
		0x0000,0x0000,0x0000,0x0000,0x0000,0x0000,0xaa82,0x99c0,0xa1c0,0xaa01,0xa201,0xbb25,0xa1c0,0x7980,0x7940,0x7960,0x7960,0x8345,0x8201,0x8121,0x0000,0x0000,0x0000,0x0000,0x0000,0x0000,
		0x0000,0x0000,0x0000,0x0000,0x0000,0x0000,0x0000,0x0000,0xa1a0,0xa1c0,0xaa01,0xaa82,0xab03,0x8aa3,0x7140,0x7940,0x7980,0x79e1,0x0000,0x0000,0x0000,0x0000,0x0000,0x0000,0x0000,0x0000,
		0x0000,0x0000,0x0000,0x0000,0x0000,0x0000,0x0000,0x0000,0x0000,0x0000,0xb2e2,0xcc68,0xbbc6,0x9305,0x7940,0x7921,0x0000,0x0000,0x0000,0x0000,0x0000,0x0000,0x0000,0x0000,0x0000,0x0000,
		0x0000,0x0000,0x0000,0x0000,0x0000,0x0000,0x0000,0x0000,0x0000,0x0000,0x0000,0x0000,0xaac3,0x81e2,0x0000,0x0000,0x0000,0x0000,0x0000,0x0000,0x0000,0x0000,0x0000,0x0000,0x0000,0x0000
	},
    { //obsidian 56
		0x0000,0x0000,0x0000,0x0000,0x0000,0x0000,0x0000,0x0000,0x0000,0x0000,0x0000,0x0000,0x0001,0x0001,0x0000,0x0000,0x0000,0x0000,0x0000,0x0000,0x0000,0x0000,0x0000,0x0000,0x0000,0x0000,
		0x0000,0x0000,0x0000,0x0000,0x0000,0x0000,0x0000,0x0000,0x0000,0x0000,0x0001,0x0001,0x0001,0x0001,0x0001,0x0001,0x0000,0x0000,0x0000,0x0000,0x0000,0x0000,0x0000,0x0000,0x0000,0x0000,
		0x0000,0x0000,0x0000,0x0000,0x0000,0x0000,0x0000,0x0000,0x1063,0x1063,0x20e7,0x1063,0x20e7,0x392a,0x20e7,0x0001,0x0001,0x1063,0x0000,0x0000,0x0000,0x0000,0x0000,0x0000,0x0000,0x0000,
		0x0000,0x0000,0x0000,0x0000,0x0000,0x0000,0x20e7,0x0001,0x0001,0x1063,0x0001,0x0001,0x0001,0x0001,0x20e7,0x0001,0x20e7,0x0001,0x0001,0x392a,0x0000,0x0000,0x0000,0x0000,0x0000,0x0000,
		0x0000,0x0000,0x0000,0x0000,0x0000,0x0000,0x0001,0x0001,0x0001,0x20e7,0x1063,0x1063,0x392a,0x0001,0x0001,0x0001,0x0001,0x1063,0x1063,0x0001,0x0001,0x0001,0x0000,0x0000,0x0000,0x0000,
		0x0000,0x0000,0x0000,0x20e7,0x20e7,0x392a,0x0001,0x0001,0x0001,0x0001,0x0001,0x1063,0x1063,0x1063,0x0001,0x0001,0x0001,0x0001,0x0001,0x0001,0x1063,0x392a,0x20e7,0x392a,0x0000,0x0000,
		0x0000,0x0001,0x0001,0x0001,0x0001,0x0001,0x0001,0x1063,0x0001,0x0001,0x1063,0x20e7,0x1063,0x0001,0x0001,0x0001,0x0001,0x20e7,0x0001,0x0001,0x0001,0x0001,0x0001,0x20c6,0x1884,0x0000,
		0x0000,0x0001,0x0001,0x0001,0x0001,0x0001,0x0001,0x0001,0x1063,0x1063,0x0001,0x392a,0x0001,0x0001,0x1063,0x0001,0x0001,0x392a,0x0001,0x0001,0x0001,0x0001,0x1884,0x0822,0x0001,0x0000,
		0x0000,0x0001,0x0001,0x0001,0x0001,0x0001,0x0001,0x20e7,0x0001,0x1063,0x1063,0x1063,0x20e7,0x20e7,0x1063,0x1063,0x0001,0x1063,0x0001,0x20c6,0x1884,0x0001,0x20c6,0x0001,0x0001,0x0000,
		0x0000,0x0001,0x28e8,0x28e8,0x18c6,0x0842,0x0001,0x0001,0x28e8,0x0001,0x0001,0x0001,0x0001,0x392a,0x1063,0x1063,0x20e7,0x0822,0x0001,0x0822,0x0001,0x0001,0x1884,0x0001,0x0001,0x0000,
		0x0000,0x0842,0x18c6,0x0842,0x0842,0x0001,0x18c6,0x28e8,0x0842,0x0001,0x0001,0x0001,0x0001,0x0001,0x0001,0x0001,0x0001,0x0001,0x0001,0x0822,0x0822,0x0001,0x0001,0x0001,0x0001,0x0000,
		0x0000,0x0842,0x0842,0x0842,0x0842,0x18c6,0x0842,0x18c6,0x0842,0x0001,0x18c6,0x18c6,0x18c6,0x0001,0x0001,0x0822,0x0001,0x0001,0x1884,0x0822,0x0001,0x0001,0x0001,0x0001,0x0001,0x0000,
		0x0000,0x0001,0x0842,0x0001,0x0001,0x0842,0x0001,0x0001,0x0842,0x0001,0x0842,0x28e8,0x0001,0x0001,0x0001,0x20c6,0x1884,0x0001,0x0001,0x0001,0x20c6,0x1884,0x0001,0x0001,0x0001,0x0000,
		0x0000,0x0001,0x0001,0x0842,0x18c6,0x28e8,0x0001,0x0001,0x0001,0x0001,0x0001,0x18c6,0x0001,0x0001,0x20c6,0x0822,0x0822,0x0001,0x0001,0x0001,0x1884,0x0001,0x20c6,0x1884,0x0822,0x0000,
		0x0000,0x18c6,0x0842,0x28e8,0x0842,0x0842,0x18c6,0x0001,0x0001,0x18c6,0x0001,0x0001,0x0001,0x0001,0x0822,0x0822,0x0001,0x0001,0x1884,0x0001,0x0001,0x0001,0x0822,0x0001,0x0001,0x0000,
		0x0000,0x0842,0x0001,0x0001,0x0842,0x0842,0x0842,0x0001,0x0001,0x0001,0x0001,0x0001,0x0001,0x0001,0x0822,0x0001,0x1884,0x20c6,0x0822,0x0001,0x0001,0x0822,0x0822,0x0001,0x1884,0x0000,
		0x0000,0x0001,0x0842,0x0001,0x0001,0x0001,0x18c6,0x18c6,0x0001,0x0001,0x0001,0x0001,0x0001,0x0822,0x0001,0x0822,0x0822,0x0001,0x1884,0x0001,0x0001,0x0001,0x0001,0x0822,0x0822,0x0000,
		0x0000,0x0001,0x28e8,0x0001,0x0842,0x0001,0x0842,0x0842,0x0001,0x0001,0x0001,0x28e8,0x0001,0x0822,0x0822,0x20c6,0x0822,0x1884,0x1884,0x0001,0x0001,0x1884,0x0822,0x0822,0x0001,0x0000,
		0x0000,0x0001,0x18c6,0x0842,0x0001,0x0001,0x0842,0x0001,0x0001,0x0842,0x0001,0x0842,0x0001,0x0001,0x20c6,0x0001,0x0822,0x0001,0x0822,0x20c6,0x20c6,0x0001,0x0001,0x1884,0x0001,0x0000,
		0x0000,0x0842,0x18c6,0x0001,0x0001,0x0001,0x0842,0x0001,0x28e8,0x0001,0x0842,0x0842,0x0001,0x1884,0x0001,0x0001,0x0001,0x0001,0x0822,0x20c6,0x0001,0x0001,0x0001,0x0001,0x0001,0x0000,
		0x0000,0x0000,0x0001,0x0001,0x0842,0x0001,0x0842,0x0842,0x28e8,0x18c6,0x0842,0x0001,0x18c6,0x0822,0x0001,0x0001,0x0822,0x0822,0x0822,0x0822,0x0822,0x0001,0x0001,0x0001,0x0000,0x0000,
		0x0000,0x0000,0x0000,0x0000,0x0001,0x0001,0x0001,0x0001,0x0842,0x0001,0x0842,0x0842,0x0842,0x0001,0x0001,0x0822,0x0001,0x0001,0x0001,0x0822,0x0001,0x0001,0x0000,0x0000,0x0000,0x0000,
		0x0000,0x0000,0x0000,0x0000,0x0000,0x0000,0x18c6,0x0842,0x0842,0x0001,0x0001,0x0001,0x0001,0x0001,0x0822,0x0001,0x0822,0x1884,0x1884,0x0001,0x0000,0x0000,0x0000,0x0000,0x0000,0x0000,
		0x0000,0x0000,0x0000,0x0000,0x0000,0x0000,0x0000,0x0000,0x0001,0x0001,0x0001,0x0001,0x0001,0x1884,0x0001,0x0001,0x0001,0x0822,0x0000,0x0000,0x0000,0x0000,0x0000,0x0000,0x0000,0x0000,
		0x0000,0x0000,0x0000,0x0000,0x0000,0x0000,0x0000,0x0000,0x0000,0x0000,0x0001,0x0001,0x0001,0x0001,0x0001,0x0822,0x0000,0x0000,0x0000,0x0000,0x0000,0x0000,0x0000,0x0000,0x0000,0x0000,
		0x0000,0x0000,0x0000,0x0000,0x0000,0x0000,0x0000,0x0000,0x0000,0x0000,0x0000,0x0000,0x0001,0x0822,0x0000,0x0000,0x0000,0x0000,0x0000,0x0000,0x0000,0x0000,0x0000,0x0000,0x0000,0x0000
	},
    { //chest 57
		0x0000,0x0000,0x0000,0x0000,0x0000,0x0000,0x0000,0x0000,0x0000,0x0000,0x0000,0x0000,0x2923,0x2923,0x0000,0x0000,0x0000,0x0000,0x0000,0x0000,0x0000,0x0000,0x0000,0x0000,0x0000,0x0000,
		0x0000,0x0000,0x0000,0x0000,0x0000,0x0000,0x0000,0x0000,0x0000,0x0000,0x3164,0x3184,0x9345,0x8b25,0x3164,0x3164,0x0000,0x0000,0x0000,0x0000,0x0000,0x0000,0x0000,0x0000,0x0000,0x0000,
		0x0000,0x0000,0x0000,0x0000,0x0000,0x0000,0x0000,0x0000,0x3184,0x3164,0x7ae4,0x8b23,0x9b44,0x8b23,0x8b23,0x8b25,0x3184,0x3184,0x0000,0x0000,0x0000,0x0000,0x0000,0x0000,0x0000,0x0000,
		0x0000,0x0000,0x0000,0x0000,0x0000,0x0000,0x3164,0x3184,0x8b04,0x9b44,0xaba5,0xa384,0xa384,0xaba5,0xa363,0xa384,0xa384,0x7ae4,0x3164,0x3184,0x0000,0x0000,0x0000,0x0000,0x0000,0x0000,
		0x0000,0x0000,0x0000,0x0000,0x3164,0x3164,0x8b25,0x8b23,0x8b23,0xaba5,0x9b44,0x9b44,0xaba5,0xaba5,0x8b23,0x8b23,0xa363,0xaba5,0xaba5,0x7ae4,0x3184,0x3184,0x0000,0x0000,0x0000,0x0000,
		0x0000,0x0000,0x3184,0x3164,0x7ae4,0xaba5,0xa363,0xa363,0xaba5,0xaba5,0xaba5,0x8b23,0xa363,0xa363,0x8b23,0xa384,0xa384,0x8b23,0x9b44,0xa384,0xa363,0x8b25,0x3184,0x3184,0x0000,0x0000,
		0x0000,0x3985,0x3164,0x3164,0x7ae4,0x7ae4,0xaba5,0x8b23,0x9b44,0x9b44,0x8b23,0xa384,0x8b23,0xa384,0xa363,0x9b44,0xaba5,0xa384,0x8b23,0xa384,0x8b04,0x9345,0x3164,0x2923,0x18e2,0x0000,
		0x0000,0x3985,0x8b04,0x3164,0x3164,0x3164,0x9345,0xaba5,0x8b23,0x8b23,0xa363,0xa363,0x8b23,0x8b23,0xa363,0xa384,0x9b44,0x9b44,0xaba5,0x7ae4,0x3164,0x2923,0x2923,0x6a43,0x18a2,0x0000,
		0x0000,0x3985,0x8b04,0x82c3,0x82c3,0x3985,0x3184,0x3164,0x9345,0x9345,0xa384,0x8b23,0xa363,0xa363,0xa384,0x8b23,0x7ae4,0x9345,0x3164,0x2923,0x2923,0x6223,0x6223,0x6a43,0x18a2,0x0000,
		0x0000,0x3184,0x82a3,0x72a2,0x72a2,0x82c3,0x72a2,0x3164,0x3985,0x3164,0x8b25,0x8b23,0x8b23,0xa363,0x9b44,0x8ae4,0x3164,0x2923,0x2923,0x5202,0x5202,0x6223,0x6a43,0x6202,0x18a2,0x0000,
		0x0000,0x3164,0x6263,0x6263,0x82c3,0x72a2,0x6a43,0x72a2,0x72a2,0x3985,0x3985,0x3164,0x8305,0x8305,0x3164,0x2123,0x2123,0x5202,0x5202,0x6a43,0x6a43,0x6202,0x59e3,0x59e3,0x1081,0x0000,
		0x0000,0x3985,0x2923,0x2923,0x6263,0x82c3,0xa534,0x6a63,0x8b04,0x82c3,0x72a2,0x3985,0x2923,0x2923,0x2123,0x6202,0x6223,0x6223,0x6223,0x6202,0x6202,0x59e2,0x18e2,0x18e2,0x18a2,0x0000,
		0x0000,0x3184,0x5a44,0x5a44,0x2923,0x2923,0x9cd3,0x6b4d,0x6a22,0x82c3,0x82c3,0x82c3,0x20e2,0x2923,0x6223,0x5202,0x5202,0x6202,0x49c2,0x49c2,0x20e2,0x20e2,0x49a3,0x49a3,0x18a2,0x0000,
		0x0000,0x3985,0x7263,0x7263,0x5a44,0x5a44,0x8430,0x5aeb,0x4182,0x82a3,0x82a3,0x8b04,0x20e2,0x2923,0x5202,0x6202,0x6202,0x5a03,0x18e2,0x20e2,0x4183,0x49a3,0x51c2,0x49a2,0x18a2,0x0000,
		0x0000,0x3164,0x72a2,0x8b04,0x7263,0x7263,0x73ae,0x5aeb,0x20e3,0x2923,0x7284,0x7284,0x20e2,0x2923,0x49c2,0x49c2,0x20e2,0x20e3,0x4183,0x4183,0x51c2,0x51c2,0x6a43,0x49c2,0x18a2,0x0000,
		0x0000,0x3985,0x82c3,0x72a2,0x72a2,0x82c3,0x49a2,0x49a2,0x3142,0x5a44,0x2923,0x2923,0x20e3,0x2923,0x20e2,0x20e2,0x49a3,0x49a3,0x59e2,0x59e2,0x6223,0x6202,0x5202,0x59e3,0x18a2,0x0000,
		0x0000,0x3184,0x82a3,0x82c3,0x8b04,0x8b04,0x82c3,0x8b04,0x5a02,0x7263,0x5a44,0x5a44,0x18a2,0x2123,0x49a3,0x41a3,0x51c2,0x51c2,0x6a43,0x5202,0x5202,0x6223,0x6223,0x51c2,0x18a2,0x0000,
		0x0000,0x3985,0x8b04,0x82c3,0x82a3,0x8b04,0x72a2,0x72a2,0x72a2,0x82c3,0x7263,0x7263,0x20e3,0x2923,0x51c2,0x51c2,0x6a43,0x6223,0x6223,0x5202,0x6223,0x6202,0x6202,0x5a03,0x18a2,0x0000,
		0x0000,0x3985,0x72a2,0x82c3,0x8b04,0x82a3,0x82c3,0x72a2,0x72a2,0x82c3,0x8b04,0x8b04,0x20e2,0x2923,0x6a43,0x5202,0x5202,0x5202,0x5202,0x6202,0x6202,0x5202,0x5202,0x49c2,0x18a2,0x0000,
		0x0000,0x20e2,0x72a4,0x6263,0x8b04,0x8b04,0x72a2,0x82c3,0x82c3,0x82c3,0x82c3,0x72a2,0x20e2,0x2123,0x5202,0x6223,0x6a43,0x6202,0x6202,0x5202,0x6223,0x5202,0x5a03,0x51e3,0x1081,0x0000,
		0x0000,0x0000,0x20e2,0x20e2,0x6263,0x72a4,0x72a2,0x8b04,0x72a2,0x82c3,0x82a3,0x82c3,0x20e2,0x2923,0x6223,0x6202,0x6202,0x6a43,0x5202,0x6223,0x49c2,0x59e3,0x18a2,0x18a2,0x0000,0x0000,
		0x0000,0x0000,0x0000,0x0000,0x20e3,0x20e3,0x6263,0x72a4,0x82c3,0x72a2,0x82c3,0x82a3,0x20e2,0x2923,0x6202,0x6a43,0x6a43,0x6a43,0x49c2,0x5a03,0x18a2,0x18a2,0x0000,0x0000,0x0000,0x0000,
		0x0000,0x0000,0x0000,0x0000,0x0000,0x0000,0x20e3,0x20e2,0x72a4,0x7284,0x72a2,0x72a2,0x20e3,0x2923,0x6202,0x6a43,0x49c2,0x5a03,0x18a2,0x18a2,0x0000,0x0000,0x0000,0x0000,0x0000,0x0000,
		0x0000,0x0000,0x0000,0x0000,0x0000,0x0000,0x0000,0x0000,0x20e2,0x20e3,0x72a4,0x72a4,0x20e3,0x2923,0x49c2,0x49c2,0x18a2,0x18a2,0x0000,0x0000,0x0000,0x0000,0x0000,0x0000,0x0000,0x0000,
		0x0000,0x0000,0x0000,0x0000,0x0000,0x0000,0x0000,0x0000,0x0000,0x0000,0x18e3,0x20e3,0x20e3,0x2923,0x18a2,0x18a2,0x0000,0x0000,0x0000,0x0000,0x0000,0x0000,0x0000,0x0000,0x0000,0x0000,
		0x0000,0x0000,0x0000,0x0000,0x0000,0x0000,0x0000,0x0000,0x0000,0x0000,0x0000,0x0000,0x18a2,0x18a2,0x0000,0x0000,0x0000,0x0000,0x0000,0x0000,0x0000,0x0000,0x0000,0x0000,0x0000,0x0000
	},
    { //clay 58
		0x0000,0x0000,0x0000,0x0000,0x0000,0x0000,0x0000,0x0000,0x0000,0x0000,0x0000,0x0000,0x94b4,0x94b4,0x0000,0x0000,0x0000,0x0000,0x0000,0x0000,0x0000,0x0000,0x0000,0x0000,0x0000,0x0000,
		0x0000,0x0000,0x0000,0x0000,0x0000,0x0000,0x0000,0x0000,0x0000,0x0000,0x9cf5,0x9d35,0x9d35,0x9d35,0xad57,0xadba,0x0000,0x0000,0x0000,0x0000,0x0000,0x0000,0x0000,0x0000,0x0000,0x0000,
		0x0000,0x0000,0x0000,0x0000,0x0000,0x0000,0x0000,0x0000,0x9515,0x9d35,0x9515,0x9d35,0x9515,0x9d35,0x9515,0x9d35,0x9d35,0x9d35,0x0000,0x0000,0x0000,0x0000,0x0000,0x0000,0x0000,0x0000,
		0x0000,0x0000,0x0000,0x0000,0x0000,0x0000,0x9d35,0x9d35,0x9d35,0x9515,0x9cf5,0xad57,0x94b4,0x9515,0xad57,0x9515,0x9515,0x9cf5,0x9d35,0x9515,0x0000,0x0000,0x0000,0x0000,0x0000,0x0000,
		0x0000,0x0000,0x0000,0x0000,0x9cf5,0x9cf5,0xad57,0x9cf5,0x9cf5,0x9d35,0x9d35,0x9d35,0x9d35,0x9515,0x9d35,0x9d35,0x9d35,0x9d35,0x9d35,0x9cf5,0x9d35,0x9d35,0x0000,0x0000,0x0000,0x0000,
		0x0000,0x0000,0x9d35,0x9d35,0x9515,0x9515,0x9d35,0x9515,0xad57,0x9d35,0x9d35,0x9d35,0x9d35,0x9d35,0x9cf5,0x9d35,0x9d35,0x94b4,0x94b4,0x9cf5,0xadba,0x9d35,0xad57,0x9d35,0x0000,0x0000,
		0x0000,0x73d0,0x7c11,0x9d35,0x9d35,0xad57,0xad57,0x9d35,0xadba,0xad57,0x94b4,0x9515,0xad57,0x9cf5,0x94b4,0x9cf5,0x9515,0x9d35,0x9515,0x9d35,0x9d35,0x9d35,0xad57,0x632d,0x5aec,0x0000,
		0x0000,0x8431,0x8c52,0x8c52,0x8c52,0x9d35,0x9515,0xad57,0x9515,0xad57,0x9cf5,0x9cf5,0xad57,0x9515,0x9d35,0xad57,0x9d35,0x9d35,0x9d35,0x9515,0x9515,0x632d,0x6b4e,0x5b0d,0x632d,0x0000,
		0x0000,0x8431,0x8431,0x8431,0x8431,0x8431,0x8c52,0x9d35,0x9d35,0xadba,0x9d35,0x9d35,0x9d35,0x9d35,0x9515,0x9cf5,0x9515,0x9cf5,0x9515,0x5b0d,0x632d,0x6b4e,0x632d,0x632d,0x6b4e,0x0000,
		0x0000,0x7c11,0x7c11,0x7c11,0x7c11,0x8431,0x7c11,0x8431,0x7c11,0x9515,0x9cf5,0xad57,0x9d35,0xad57,0xad57,0x9d35,0x9cf5,0x632d,0x6b4e,0x632d,0x5b0d,0x5b0d,0x5b0d,0x632d,0x632d,0x0000,
		0x0000,0x8431,0x7c11,0x8431,0x7c11,0x7c11,0x7c11,0x7c11,0x8431,0x8431,0x8431,0x9d35,0x9515,0x9515,0x9515,0x6b90,0x6b4e,0x5b0d,0x5b0d,0x632d,0x632d,0x5aec,0x632d,0x5b0d,0x5b0d,0x0000,
		0x0000,0x7c11,0x8431,0x8431,0x8c52,0x8c52,0x8c52,0x8c52,0x8431,0x8c52,0x8431,0x8c52,0x73d0,0x5aec,0x6b4e,0x5aec,0x632d,0x5b0d,0x5b0d,0x632d,0x6b4e,0x632d,0x5aec,0x5b0d,0x632d,0x0000,
		0x0000,0x8c52,0x73d0,0x7c11,0x73d0,0x7c11,0x8431,0x7c11,0x8431,0x7c11,0x8cb5,0x8431,0x8431,0x632d,0x632d,0x632d,0x5b0d,0x6b90,0x632d,0x5b0d,0x632d,0x632d,0x632d,0x632d,0x5b0d,0x0000,
		0x0000,0x8431,0x8431,0x7c11,0x8c52,0x8431,0x7c11,0x8c52,0x7c11,0x73d0,0x7c11,0x7c11,0x8c52,0x632d,0x5b0d,0x6b4e,0x5b0d,0x632d,0x5b0d,0x632d,0x6b90,0x5b0d,0x632d,0x6b4e,0x632d,0x0000,
		0x0000,0x8431,0x7c11,0x8cb5,0x8431,0x7c11,0x8431,0x7c11,0x8431,0x8431,0x8431,0x8431,0x8431,0x5b0d,0x632d,0x632d,0x5aec,0x5b0d,0x632d,0x632d,0x5b0d,0x5b0d,0x6b90,0x5b0d,0x632d,0x0000,
		0x0000,0x7c11,0x8c52,0x7c11,0x8c52,0x7c11,0x8431,0x8431,0x8431,0x7c11,0x7c11,0x73d0,0x7c11,0x632d,0x632d,0x6b4e,0x6b4e,0x6b4e,0x632d,0x5aec,0x632d,0x632d,0x5b0d,0x6b4e,0x5b0d,0x0000,
		0x0000,0x7c11,0x8c52,0x7c11,0x8c52,0x8431,0x7c11,0x7c11,0x73d0,0x7c11,0x73d0,0x8431,0x7c11,0x632d,0x5b0d,0x5b0d,0x632d,0x632d,0x5b0d,0x632d,0x5b0d,0x5b0d,0x632d,0x632d,0x632d,0x0000,
		0x0000,0x73d0,0x7c11,0x8431,0x7c11,0x7c11,0x73d0,0x8c52,0x8431,0x8c52,0x8431,0x8431,0x8431,0x5b0d,0x5b0d,0x632d,0x5b0d,0x5aec,0x5b0d,0x6b4e,0x632d,0x632d,0x6b4e,0x6b90,0x6b4e,0x0000,
		0x0000,0x8431,0x7c11,0x7c11,0x8c52,0x8cb5,0x8431,0x8431,0x8c52,0x8431,0x8431,0x8cb5,0x7c11,0x6b4e,0x6b90,0x5b0d,0x6b4e,0x5b0d,0x5aec,0x5b0d,0x5b0d,0x5b0d,0x5b0d,0x6b4e,0x632d,0x0000,
		0x0000,0x8cb5,0x7c11,0x8431,0x8c52,0x8c52,0x8c52,0x7c11,0x7c11,0x7c11,0x7c11,0x7c11,0x8431,0x632d,0x5b0d,0x6b4e,0x6b4e,0x6b4e,0x632d,0x632d,0x6b4e,0x6b4e,0x5aec,0x5b0d,0x632d,0x0000,
		0x0000,0x0000,0x8c52,0x8431,0x7c11,0x7c11,0x7c11,0x8c52,0x8431,0x8431,0x8431,0x8431,0x7c11,0x5b0d,0x5b0d,0x5b0d,0x5b0d,0x632d,0x5b0d,0x632d,0x632d,0x5b0d,0x632d,0x5b0d,0x0000,0x0000,
		0x0000,0x0000,0x0000,0x0000,0x8c52,0x8431,0x7c11,0x8431,0x8431,0x8c52,0x8c52,0x8c52,0x8431,0x5b0d,0x632d,0x5b0d,0x6b4e,0x6b4e,0x5b0d,0x6b90,0x5b0d,0x632d,0x0000,0x0000,0x0000,0x0000,
		0x0000,0x0000,0x0000,0x0000,0x0000,0x0000,0x8431,0x8431,0x8cb5,0x7c11,0x8431,0x7c11,0x8c52,0x5aec,0x5b0d,0x632d,0x5b0d,0x5b0d,0x632d,0x632d,0x0000,0x0000,0x0000,0x0000,0x0000,0x0000,
		0x0000,0x0000,0x0000,0x0000,0x0000,0x0000,0x0000,0x0000,0x8431,0x8431,0x7c11,0x73d0,0x7c11,0x632d,0x632d,0x6b4e,0x6b4e,0x632d,0x0000,0x0000,0x0000,0x0000,0x0000,0x0000,0x0000,0x0000,
		0x0000,0x0000,0x0000,0x0000,0x0000,0x0000,0x0000,0x0000,0x0000,0x0000,0x8431,0x8431,0x8431,0x632d,0x632d,0x5b0d,0x0000,0x0000,0x0000,0x0000,0x0000,0x0000,0x0000,0x0000,0x0000,0x0000,
		0x0000,0x0000,0x0000,0x0000,0x0000,0x0000,0x0000,0x0000,0x0000,0x0000,0x0000,0x0000,0x8431,0x6b90,0x0000,0x0000,0x0000,0x0000,0x0000,0x0000,0x0000,0x0000,0x0000,0x0000,0x0000,0x0000
	},
    { //clay ball 59
		0x0000,0x0000,0x0000,0x0000,0x0000,0x0000,0x0000,0x0000,0x0000,0x0000,0x0000,0x0000,0x0000,0x0000,0x0000,0x0000,0x0000,0x0000,0x0000,0x0000,0x0000,0x0000,0x0000,0x0000,0x0000,0x0000,
		0x0000,0x0000,0x0000,0x0000,0x0000,0x0000,0x0000,0x0000,0x0000,0x0000,0x0000,0x0000,0x0000,0x0000,0x0000,0x0000,0x0000,0x0000,0x0000,0x0000,0x0000,0x0000,0x0000,0x0000,0x0000,0x0000,
		0x0000,0x0000,0x0000,0x0000,0x0000,0x0000,0x0000,0x0000,0x0000,0x0000,0x0000,0x0000,0x0000,0x0000,0x0000,0x0000,0x0000,0x0000,0x0000,0x0000,0x0000,0x0000,0x0000,0x0000,0x0000,0x0000,
		0x0000,0x0000,0x0000,0x0000,0x0000,0x0000,0x0000,0x0000,0x0000,0x0000,0x0000,0x0000,0x0000,0x0000,0x0000,0x0000,0x0000,0x0000,0x0000,0x0000,0x0000,0x0000,0x0000,0x0000,0x0000,0x0000,
		0x0000,0x0000,0x0000,0x0000,0x0000,0x0000,0x0000,0x0000,0x0000,0x0000,0x0000,0x0000,0x0000,0x0000,0x0000,0x0000,0x0000,0x0000,0x0000,0x0000,0x0000,0x0000,0x0000,0x0000,0x0000,0x0000,
		0x0000,0x0000,0x0000,0x0000,0x0000,0x0000,0x0000,0x0000,0x0000,0x0000,0x422b,0x422b,0x422b,0x422b,0x422b,0x422b,0x0000,0x0000,0x0000,0x0000,0x0000,0x0000,0x0000,0x0000,0x0000,0x0000,
		0x0000,0x0000,0x0000,0x0000,0x0000,0x0000,0x0000,0x0000,0x422b,0x422b,0x73f2,0xa536,0xa536,0x73f2,0x73f2,0x73f2,0x422b,0x422b,0x0000,0x0000,0x0000,0x0000,0x0000,0x0000,0x0000,0x0000,
		0x0000,0x0000,0x0000,0x0000,0x0000,0x0000,0x0000,0x0000,0x422b,0x422b,0x73f2,0xa536,0xa536,0x73f2,0x73f2,0x73f2,0x422b,0x422b,0x0000,0x0000,0x0000,0x0000,0x0000,0x0000,0x0000,0x0000,
		0x0000,0x0000,0x0000,0x0000,0x0000,0x0000,0x422b,0x422b,0x94d4,0x94d4,0xa536,0x94d4,0x94d4,0xa536,0xa536,0x73f2,0x73f2,0x73f2,0x31c8,0x0000,0x0000,0x0000,0x0000,0x0000,0x0000,0x0000,
		0x0000,0x0000,0x0000,0x0000,0x0000,0x0000,0x422b,0x422b,0x94d4,0x94d4,0xa536,0x94d4,0x94d4,0xa536,0xa536,0x73f2,0x73f2,0x73f2,0x31c8,0x0000,0x0000,0x0000,0x0000,0x0000,0x0000,0x0000,
		0x0000,0x0000,0x0000,0x0000,0x0000,0x422b,0xa536,0xa536,0xadda,0xadda,0xa536,0xad77,0xad77,0xadda,0xadda,0xa536,0x5b71,0x5b71,0x73f2,0x31c8,0x31c8,0x0000,0x0000,0x0000,0x0000,0x0000,
		0x0000,0x0000,0x0000,0x0000,0x0000,0x422b,0xa536,0xa536,0xa536,0xa536,0x94d4,0xadda,0xadda,0xa536,0xa536,0xa536,0x5b71,0x5b71,0x73f2,0x31c8,0x31c8,0x0000,0x0000,0x0000,0x0000,0x0000,
		0x0000,0x0000,0x0000,0x0000,0x0000,0x422b,0xa536,0xa536,0xa536,0xa536,0x94d4,0xadda,0xadda,0xa536,0xa536,0xa536,0x5b71,0x5b71,0x73f2,0x31c8,0x31c8,0x0000,0x0000,0x0000,0x0000,0x0000,
		0x0000,0x0000,0x0000,0x422b,0x422b,0xa536,0x94d4,0x94d4,0xad77,0xad77,0xadda,0xadda,0xadda,0x94d4,0x94d4,0x73f2,0x73f2,0x73f2,0x5b71,0x73f2,0x73f2,0x31c8,0x31c8,0x0000,0x0000,0x0000,
		0x0000,0x0000,0x0000,0x422b,0x422b,0xa536,0x94d4,0x94d4,0xad77,0xad77,0xadda,0xadda,0xadda,0x94d4,0x94d4,0x73f2,0x73f2,0x73f2,0x5b71,0x73f2,0x73f2,0x31c8,0x31c8,0x0000,0x0000,0x0000,
		0x0000,0x0000,0x0000,0x422b,0x422b,0x94d4,0xa536,0xa536,0xa536,0xa536,0xa536,0x94d4,0x94d4,0xa536,0xa536,0xa536,0x73f2,0x73f2,0x5b71,0x73f2,0x73f2,0x31c8,0x31c8,0x0000,0x0000,0x0000,
		0x0000,0x0000,0x0000,0x422b,0x422b,0x73f2,0xa536,0xa536,0xa536,0xa536,0xadda,0xad77,0xad77,0xa536,0xa536,0x5b71,0x73f2,0x73f2,0x73f2,0x5b71,0x5b71,0x31c8,0x31c8,0x0000,0x0000,0x0000,
		0x0000,0x0000,0x0000,0x422b,0x422b,0x73f2,0xa536,0xa536,0xa536,0xa536,0xadda,0xad77,0xad77,0xa536,0xa536,0x5b71,0x73f2,0x73f2,0x73f2,0x5b71,0x5b71,0x31c8,0x31c8,0x0000,0x0000,0x0000,
		0x0000,0x0000,0x0000,0x0000,0x0000,0x422b,0x5b71,0x5b71,0xa536,0xa536,0xa536,0xa536,0xa536,0x73f2,0x73f2,0x73f2,0x73f2,0x73f2,0x5b71,0x31c8,0x31c8,0x0000,0x0000,0x0000,0x0000,0x0000,
		0x0000,0x0000,0x0000,0x0000,0x0000,0x0000,0x31c8,0x31c8,0x31c8,0x31c8,0x73f2,0x73f2,0x73f2,0x5b71,0x5b71,0x73f2,0x31c8,0x31c8,0x31c8,0x0000,0x0000,0x0000,0x0000,0x0000,0x0000,0x0000,
		0x0000,0x0000,0x0000,0x0000,0x0000,0x0000,0x31c8,0x31c8,0x31c8,0x31c8,0x73f2,0x73f2,0x73f2,0x5b71,0x5b71,0x73f2,0x31c8,0x31c8,0x31c8,0x0000,0x0000,0x0000,0x0000,0x0000,0x0000,0x0000,
		0x0000,0x0000,0x0000,0x0000,0x0000,0x0000,0x0000,0x0000,0x0000,0x0000,0x31c8,0x31c8,0x31c8,0x31c8,0x31c8,0x31c8,0x0000,0x0000,0x0000,0x0000,0x0000,0x0000,0x0000,0x0000,0x0000,0x0000,
		0x0000,0x0000,0x0000,0x0000,0x0000,0x0000,0x0000,0x0000,0x0000,0x0000,0x31c8,0x31c8,0x31c8,0x31c8,0x31c8,0x31c8,0x0000,0x0000,0x0000,0x0000,0x0000,0x0000,0x0000,0x0000,0x0000,0x0000,
		0x0000,0x0000,0x0000,0x0000,0x0000,0x0000,0x0000,0x0000,0x0000,0x0000,0x0000,0x0000,0x0000,0x0000,0x0000,0x0000,0x0000,0x0000,0x0000,0x0000,0x0000,0x0000,0x0000,0x0000,0x0000,0x0000,
		0x0000,0x0000,0x0000,0x0000,0x0000,0x0000,0x0000,0x0000,0x0000,0x0000,0x0000,0x0000,0x0000,0x0000,0x0000,0x0000,0x0000,0x0000,0x0000,0x0000,0x0000,0x0000,0x0000,0x0000,0x0000,0x0000,
		0x0000,0x0000,0x0000,0x0000,0x0000,0x0000,0x0000,0x0000,0x0000,0x0000,0x0000,0x0000,0x0000,0x0000,0x0000,0x0000,0x0000,0x0000,0x0000,0x0000,0x0000,0x0000,0x0000,0x0000,0x0000,0x0000
	},
    { //brick 60
		0x0000,0x0000,0x0000,0x0000,0x0000,0x0000,0x0000,0x0000,0x0000,0x0000,0x0000,0x0000,0x0000,0x0000,0x0000,0x0000,0x0000,0x0000,0x0000,0x0000,0x0000,0x0000,0x0000,0x0000,0x0000,0x0000,
		0x0000,0x0000,0x0000,0x0000,0x0000,0x0000,0x0000,0x0000,0x0000,0x0000,0x0000,0x0000,0x0000,0x0000,0x0000,0x0000,0x0000,0x0000,0x0000,0x0000,0x0000,0x0000,0x0000,0x0000,0x0000,0x0000,
		0x0000,0x0000,0x0000,0x0000,0x0000,0x0000,0x0000,0x0000,0x0000,0x0000,0x0000,0x0000,0x0000,0x0000,0x0000,0x0000,0x0000,0x0000,0x0000,0x0000,0x0000,0x0000,0x0000,0x0000,0x0000,0x0000,
		0x0000,0x0000,0x0000,0x0000,0x0000,0x0000,0x0000,0x0000,0x0000,0x0000,0x0000,0x0000,0x0000,0x0000,0x0000,0x0000,0x4903,0x4903,0x4903,0x0000,0x0000,0x0000,0x0000,0x0000,0x0000,0x0000,
		0x0000,0x0000,0x0000,0x0000,0x0000,0x0000,0x0000,0x0000,0x0000,0x0000,0x0000,0x0000,0x0000,0x0000,0x0000,0x0000,0x4903,0x4903,0x4903,0x0000,0x0000,0x0000,0x0000,0x0000,0x0000,0x0000,
		0x0000,0x0000,0x0000,0x0000,0x0000,0x0000,0x0000,0x0000,0x0000,0x0000,0x0000,0x4903,0x4903,0x4903,0x4903,0x4903,0x8a26,0x8a26,0xb2c8,0x79e5,0x79e5,0x0000,0x0000,0x0000,0x0000,0x0000,
		0x0000,0x0000,0x0000,0x0000,0x0000,0x0000,0x4903,0x4903,0x4903,0x4903,0x4903,0x8a26,0x8a26,0xb2c8,0xb2c8,0xb2c8,0xb2c8,0xb2c8,0xb2c8,0xb2c8,0xb2c8,0x79e5,0x79e5,0x0000,0x0000,0x0000,
		0x0000,0x0000,0x0000,0x0000,0x0000,0x0000,0x4903,0x4903,0x4903,0x4903,0x4903,0x8a26,0x8a26,0xb2c8,0xb2c8,0xb2c8,0xb2c8,0xb2c8,0xb2c8,0xb2c8,0xb2c8,0x79e5,0x79e5,0x0000,0x0000,0x0000,
		0x0000,0x0000,0x4903,0x4903,0x4903,0x4903,0x8a26,0x8a26,0xb2c8,0xb2c8,0xb2c8,0xb2c8,0xb2c8,0xb2c8,0xb2c8,0xb2c8,0xb2c8,0xb2c8,0xb2c8,0xb2c8,0xb2c8,0xb2c8,0xb2c8,0x79e5,0x0000,0x0000,
		0x0000,0x0000,0x4903,0x4903,0x4903,0x4903,0x8a26,0x8a26,0xb2c8,0xb2c8,0xb2c8,0xb2c8,0xb2c8,0xb2c8,0xb2c8,0xb2c8,0xb2c8,0xb2c8,0xb2c8,0xb2c8,0xb2c8,0xb2c8,0xb2c8,0x79e5,0x0000,0x0000,
		0x4903,0x4903,0xc308,0xb2c8,0xb2c8,0xb2c8,0xb2c8,0xb2c8,0xb2c8,0xb2c8,0xb2c8,0xb2c8,0xb2c8,0xb2c8,0xb2c8,0xb2c8,0xb2c8,0xb2c8,0xb2c8,0xc308,0xc308,0xc308,0xc308,0x8a26,0x79e5,0x79e5,
		0x4903,0x4903,0x8a26,0xc308,0xc308,0xb2c8,0xb2c8,0xb2c8,0xb2c8,0xb2c8,0xb2c8,0xb2c8,0xb2c8,0xb2c8,0xb2c8,0xc308,0xc308,0xc308,0xc308,0x8a26,0x8a26,0x79e5,0x79e5,0x79e5,0x28a2,0x28a2,
		0x4903,0x4903,0x8a26,0xc308,0xc308,0xb2c8,0xb2c8,0xb2c8,0xb2c8,0xb2c8,0xb2c8,0xb2c8,0xb2c8,0xb2c8,0xb2c8,0xc308,0xc308,0xc308,0xc308,0x8a26,0x8a26,0x79e5,0x79e5,0x79e5,0x28a2,0x28a2,
		0x4903,0x4903,0x8a26,0x8a26,0x8a26,0xc308,0xb2c8,0xb2c8,0xb2c8,0xb2c8,0xc308,0xc308,0xc308,0xc308,0xc308,0x8a26,0x79e5,0x79e5,0x79e5,0x79e5,0x79e5,0x79e5,0x79e5,0x79e5,0x28a2,0x28a2,
		0x4903,0x4903,0x8a26,0x8a26,0x8a26,0xc308,0xb2c8,0xb2c8,0xb2c8,0xb2c8,0xc308,0xc308,0xc308,0xc308,0xc308,0x8a26,0x79e5,0x79e5,0x79e5,0x79e5,0x79e5,0x79e5,0x79e5,0x79e5,0x28a2,0x28a2,
		0x4903,0x4903,0x8a26,0x8a26,0x8a26,0x8a26,0xc308,0xc308,0xc308,0xc308,0x8a26,0x79e5,0x79e5,0x79e5,0x79e5,0x79e5,0x79e5,0x79e5,0x79e5,0x79e5,0x79e5,0x79e5,0x79e5,0x6164,0x28a2,0x28a2,
		0x4903,0x4903,0x79e5,0x8a26,0x8a26,0x8a26,0xb2c8,0xb2c8,0x79e5,0x79e5,0x79e5,0x79e5,0x79e5,0x79e5,0x79e5,0x79e5,0x79e5,0x79e5,0x79e5,0x6164,0x6164,0x28a2,0x28a2,0x28a2,0x0000,0x0000,
		0x4903,0x4903,0x79e5,0x8a26,0x8a26,0x8a26,0xb2c8,0xb2c8,0x79e5,0x79e5,0x79e5,0x79e5,0x79e5,0x79e5,0x79e5,0x79e5,0x79e5,0x79e5,0x79e5,0x6164,0x6164,0x28a2,0x28a2,0x28a2,0x0000,0x0000,
		0x0000,0x0000,0x4903,0x79e5,0x79e5,0x8a26,0xb2c8,0xb2c8,0x79e5,0x79e5,0x79e5,0x79e5,0x79e5,0x79e5,0x79e5,0x6164,0x28a2,0x28a2,0x28a2,0x28a2,0x28a2,0x0000,0x0000,0x0000,0x0000,0x0000,
		0x0000,0x0000,0x0000,0x4903,0x4903,0x79e5,0xb2c8,0xb2c8,0x79e5,0x79e5,0x6164,0x28a2,0x28a2,0x28a2,0x28a2,0x28a2,0x0000,0x0000,0x0000,0x0000,0x0000,0x0000,0x0000,0x0000,0x0000,0x0000,
		0x0000,0x0000,0x0000,0x4903,0x4903,0x79e5,0xb2c8,0xb2c8,0x79e5,0x79e5,0x6164,0x28a2,0x28a2,0x28a2,0x28a2,0x28a2,0x0000,0x0000,0x0000,0x0000,0x0000,0x0000,0x0000,0x0000,0x0000,0x0000,
		0x0000,0x0000,0x0000,0x0000,0x0000,0x4903,0x4903,0x4903,0x28a2,0x28a2,0x28a2,0x0000,0x0000,0x0000,0x0000,0x0000,0x0000,0x0000,0x0000,0x0000,0x0000,0x0000,0x0000,0x0000,0x0000,0x0000,
		0x0000,0x0000,0x0000,0x0000,0x0000,0x4903,0x4903,0x4903,0x28a2,0x28a2,0x28a2,0x0000,0x0000,0x0000,0x0000,0x0000,0x0000,0x0000,0x0000,0x0000,0x0000,0x0000,0x0000,0x0000,0x0000,0x0000,
		0x0000,0x0000,0x0000,0x0000,0x0000,0x0000,0x0000,0x0000,0x0000,0x0000,0x0000,0x0000,0x0000,0x0000,0x0000,0x0000,0x0000,0x0000,0x0000,0x0000,0x0000,0x0000,0x0000,0x0000,0x0000,0x0000,
		0x0000,0x0000,0x0000,0x0000,0x0000,0x0000,0x0000,0x0000,0x0000,0x0000,0x0000,0x0000,0x0000,0x0000,0x0000,0x0000,0x0000,0x0000,0x0000,0x0000,0x0000,0x0000,0x0000,0x0000,0x0000,0x0000,
		0x0000,0x0000,0x0000,0x0000,0x0000,0x0000,0x0000,0x0000,0x0000,0x0000,0x0000,0x0000,0x0000,0x0000,0x0000,0x0000,0x0000,0x0000,0x0000,0x0000,0x0000,0x0000,0x0000,0x0000,0x0000,0x0000
	},
    { //bricks 61
		0x0000,0x0000,0x0000,0x0000,0x0000,0x0000,0x0000,0x0000,0x0000,0x0000,0x0000,0x0000,0xab09,0xab09,0x0000,0x0000,0x0000,0x0000,0x0000,0x0000,0x0000,0x0000,0x0000,0x0000,0x0000,0x0000,
		0x0000,0x0000,0x0000,0x0000,0x0000,0x0000,0x0000,0x0000,0x0000,0x0000,0x8b6c,0x7a26,0x71e6,0x8a67,0x9aa8,0x8b6c,0x0000,0x0000,0x0000,0x0000,0x0000,0x0000,0x0000,0x0000,0x0000,0x0000,
		0x0000,0x0000,0x0000,0x0000,0x0000,0x0000,0x0000,0x0000,0x7a26,0x7a26,0xc329,0xab09,0x9c0f,0xa491,0x71e6,0x7a26,0xc329,0xc329,0x0000,0x0000,0x0000,0x0000,0x0000,0x0000,0x0000,0x0000,
		0x0000,0x0000,0x0000,0x0000,0x0000,0x0000,0x9aa8,0xab09,0x8b6c,0x8b6c,0x9aa8,0x9aa8,0x9aa8,0xab09,0x8b6c,0x8a67,0x8a67,0x9aa8,0xab09,0xab09,0x0000,0x0000,0x0000,0x0000,0x0000,0x0000,
		0x0000,0x0000,0x0000,0x0000,0x8b6c,0x8b6c,0x7a26,0x8a67,0x8a67,0x9c0f,0x8b6c,0x8b6c,0x7a26,0x7a26,0x9c0f,0x9c0f,0x8b6c,0x71e6,0x71e6,0x8a67,0x9c0f,0x9c0f,0x0000,0x0000,0x0000,0x0000,
		0x0000,0x0000,0x71e6,0x7a26,0x9aa8,0xab09,0x9c0f,0xa491,0x7a26,0x9aa8,0x9aa8,0xc329,0xa491,0xa491,0x71e6,0x8a67,0x8a67,0xab09,0xa491,0x9c0f,0x71e6,0x9aa8,0xab09,0xab09,0x0000,0x0000,
		0x0000,0x8a67,0x8a67,0x8b6c,0x7a26,0x7a26,0x9aa8,0xab09,0x8b6c,0x8b6c,0x8a67,0x9aa8,0x9aa8,0xab09,0x9c0f,0x8b6c,0x8a67,0x8a67,0x8a67,0xab09,0x8b6c,0x7a26,0x7a26,0x69e5,0x69e5,0x0000,
		0x0000,0x7a26,0x7a26,0x7a26,0x9a88,0x8b6c,0x7a26,0x8a67,0x9c0f,0x8b6c,0x8b6c,0x8b6c,0x7a26,0x7a26,0x9c0f,0x9c0f,0x8b6c,0x8b6c,0x7a26,0x7a26,0x9c0f,0x6289,0x69e5,0x59a5,0x59a5,0x0000,
		0x0000,0x61a5,0x5984,0x7206,0x61a5,0x9a88,0x8a67,0xa491,0x71e6,0x7a26,0x9aa8,0xab09,0xa491,0xa491,0x7a26,0x9aa8,0x9aa8,0xab09,0xa491,0x69e5,0x59a5,0x6289,0x59a5,0x4944,0x4944,0x0000,
		0x0000,0x6aca,0x6aca,0x5984,0x5984,0x7206,0x7a26,0x8a67,0x8a67,0x8b6c,0x7a26,0x9aa8,0x9aa8,0xab09,0x8b6c,0x8b6c,0x8a67,0x79e6,0x69e5,0x59a5,0x5184,0x6289,0x5184,0x5207,0x5207,0x0000,
		0x0000,0x61a5,0x9a88,0x8a67,0x834c,0x5984,0x7206,0x7a26,0x7a26,0x834c,0x9a88,0x9c0f,0x71e6,0x71e6,0x9c0f,0x5207,0x79e6,0x59a5,0x59a5,0x4123,0x4123,0x62ca,0x69e5,0x59a5,0x6289,0x0000,
		0x0000,0x61a5,0x7a26,0x7a26,0x7a26,0x6aca,0x6aca,0x61a5,0x5984,0x834c,0x61a5,0x8a67,0x8a67,0x69e5,0x59a5,0x6289,0x4944,0x5184,0x5184,0x6289,0x6289,0x69e5,0x5184,0x4944,0x6289,0x0000,
		0x0000,0x834c,0x7206,0x7a26,0x7a26,0x7206,0x834c,0x9a88,0x834c,0x834c,0x5984,0x7a26,0x7a26,0x59a5,0x5184,0x62ca,0x4123,0x5207,0x6289,0x69e5,0x5184,0x5184,0x4944,0x4123,0x62ca,0x0000,
		0x0000,0x8a67,0x6aca,0x6aca,0x61a5,0x61a5,0x834c,0x61a5,0x8a67,0x83ae,0x834c,0x7206,0x61a5,0x4944,0x4123,0x62ca,0x6289,0x59a5,0x6289,0x5184,0x4944,0x5184,0x5207,0x6289,0x69e5,0x0000,
		0x0000,0x7a26,0x7a26,0x7a26,0x6aca,0x834c,0x83ae,0x5984,0x7206,0x7206,0x7a26,0x8a67,0x6aca,0x5207,0x69e5,0x69e5,0x59a5,0x4944,0x62ca,0x4123,0x5207,0x5207,0x79e6,0x59a5,0x59a5,0x0000,
		0x0000,0x61a5,0x61a5,0x7206,0x7206,0x9a88,0x83ae,0x834c,0x5984,0x7206,0x7206,0x7206,0x6aca,0x79e6,0x59a5,0x59a5,0x4944,0x4123,0x62ca,0x6289,0x59a5,0x6289,0x59a5,0x5184,0x5184,0x0000,
		0x0000,0x6aca,0x834c,0x5984,0x61a5,0x7a26,0x7a26,0x7a26,0x834c,0x6aca,0x7206,0x61a5,0x834c,0x4944,0x59a5,0x4944,0x5207,0x6289,0x69e5,0x59a5,0x4944,0x62ca,0x5184,0x5207,0x5207,0x0000,
		0x0000,0x7a26,0x8a67,0x834c,0x834c,0x61a5,0x7206,0x7a26,0x7a26,0x834c,0x6aca,0x6aca,0x834c,0x4944,0x5207,0x5207,0x79e6,0x59a5,0x59a5,0x4944,0x4123,0x62ca,0x5207,0x59a5,0x6289,0x0000,
		0x0000,0x5984,0x7a26,0x7a26,0x7a26,0x6aca,0x6aca,0x61a5,0x61a5,0x834c,0x7206,0x9a88,0x83ae,0x6289,0x59a5,0x6289,0x5184,0x5184,0x5184,0x5207,0x6289,0x69e5,0x59a5,0x4944,0x62ca,0x0000,
		0x0000,0x834c,0x61a5,0x61a5,0x7a26,0x7a26,0x6aca,0x6aca,0x6aca,0x83ae,0x61a5,0x7a26,0x7a26,0x59a5,0x5184,0x6289,0x4944,0x5207,0x5207,0x69e5,0x59a5,0x59a5,0x4944,0x4123,0x62ca,0x0000,
		0x0000,0x0000,0x6aca,0x6aca,0x61a5,0x61a5,0x834c,0x7206,0x8a67,0x83ae,0x834c,0x7206,0x7206,0x4944,0x4123,0x62ca,0x6289,0x59a5,0x6289,0x59a5,0x4944,0x4944,0x6289,0x62ca,0x0000,0x0000,
		0x0000,0x0000,0x0000,0x0000,0x6aca,0x6aca,0x83ae,0x5984,0x7a26,0x7a26,0x7a26,0x6aca,0x6aca,0x5207,0x6289,0x69e5,0x59a5,0x5184,0x62ca,0x4944,0x5207,0x5207,0x0000,0x0000,0x0000,0x0000,
		0x0000,0x0000,0x0000,0x0000,0x0000,0x0000,0x83ae,0x834c,0x61a5,0x61a5,0x7a26,0x7a26,0x834c,0x59a5,0x59a5,0x59a5,0x4944,0x4123,0x62ca,0x6289,0x0000,0x0000,0x0000,0x0000,0x0000,0x0000,
		0x0000,0x0000,0x0000,0x0000,0x0000,0x0000,0x0000,0x0000,0x834c,0x6aca,0x61a5,0x61a5,0x834c,0x4944,0x4944,0x4944,0x5207,0x6289,0x0000,0x0000,0x0000,0x0000,0x0000,0x0000,0x0000,0x0000,
		0x0000,0x0000,0x0000,0x0000,0x0000,0x0000,0x0000,0x0000,0x0000,0x0000,0x6aca,0x834c,0x83ae,0x4123,0x5207,0x5207,0x0000,0x0000,0x0000,0x0000,0x0000,0x0000,0x0000,0x0000,0x0000,0x0000,
		0x0000,0x0000,0x0000,0x0000,0x0000,0x0000,0x0000,0x0000,0x0000,0x0000,0x0000,0x0000,0x83ae,0x6289,0x0000,0x0000,0x0000,0x0000,0x0000,0x0000,0x0000,0x0000,0x0000,0x0000,0x0000,0x0000
	},
    { //torch 62
		0x0000,0x0000,0x0000,0x0000,0x0000,0x0000,0x0000,0x0000,0x0000,0x0000,0x0000,0x0000,0x0000,0x0000,0x0000,0x0000,0x0000,0x0000,0x0000,0x0000,0x0000,0x0000,0x0000,0x0000,0x0000,0x0000,
		0x0000,0x0000,0x0000,0x0000,0x0000,0x0000,0x0000,0x0000,0x0000,0x0000,0x0000,0x0000,0x0000,0x0000,0x0000,0x0000,0x0000,0x0000,0x0000,0x0000,0x0000,0x0000,0x0000,0x0000,0x0000,0x0000,
		0x0000,0x0000,0x0000,0x0000,0x0000,0x0000,0x0000,0x0000,0x0000,0x0000,0x0000,0x0000,0x0000,0x0000,0x0000,0x0000,0x0000,0x0000,0x0000,0x0000,0x0000,0x0000,0x0000,0x0000,0x0000,0x0000,
		0x0000,0x0000,0x0000,0x0000,0x0000,0x0000,0x0000,0x0000,0x0000,0x0000,0x0000,0x0000,0x0000,0x0000,0x0000,0x0000,0x0000,0x0000,0x0000,0x0000,0x0000,0x0000,0x0000,0x0000,0x0000,0x0000,
		0x0000,0x0000,0x0000,0x0000,0x0000,0x0000,0x0000,0x0000,0x0000,0x0000,0x0000,0x0000,0x0000,0x0000,0x0000,0x0000,0x0000,0x0000,0x0000,0x0000,0x0000,0x0000,0x0000,0x0000,0x0000,0x0000,
		0x0000,0x0000,0x0000,0x0000,0x0000,0x0000,0x0000,0x0000,0x0000,0x0000,0x0000,0x0000,0x0000,0x0000,0x0000,0x0000,0x0000,0x0000,0x0000,0x0000,0x0000,0x0000,0x0000,0x0000,0x0000,0x0000,
		0x0000,0x0000,0x0000,0x0000,0x0000,0x0000,0x0000,0x0000,0x0000,0x0000,0x0000,0x0000,0x0000,0x0000,0x0000,0x0000,0x0000,0x0000,0x0000,0x0000,0x0000,0x0000,0x0000,0x0000,0x0000,0x0000,
		0x0000,0x0000,0x0000,0x0000,0x0000,0x0000,0x0000,0x0000,0x0000,0x0000,0x0000,0x0000,0x0000,0x0000,0x0000,0x0000,0x0000,0x0000,0x0000,0x0000,0x0000,0x0000,0x0000,0x0000,0x0000,0x0000,
		0x0000,0x0000,0x0000,0x0000,0x0000,0x0000,0x0000,0x0000,0x0000,0x0000,0x0000,0x0000,0x0000,0x0000,0x0000,0x0000,0x0000,0x0000,0x0000,0x0000,0x0000,0x0000,0x0000,0x0000,0x0000,0x0000,
		0x0000,0x0000,0x0000,0x0000,0x0000,0x0000,0x0000,0x0000,0x0000,0x0000,0x0000,0x0000,0x0000,0x0000,0x0000,0x0000,0x0000,0x0000,0x0000,0x0000,0x0000,0x0000,0x0000,0x0000,0x0000,0x0000,
		0x0000,0x0000,0x0000,0x0000,0x0000,0x0000,0x0000,0x0000,0x0000,0x0000,0x0000,0xfec0,0xfec0,0xfc60,0xfc60,0x0000,0x0000,0x0000,0x0000,0x0000,0x0000,0x0000,0x0000,0x0000,0x0000,0x0000,
		0x0000,0x0000,0x0000,0x0000,0x0000,0x0000,0x0000,0x0000,0x0000,0x0000,0x0000,0xfff2,0xfff2,0xffff,0xffff,0x0000,0x0000,0x0000,0x0000,0x0000,0x0000,0x0000,0x0000,0x0000,0x0000,0x0000,
		0x0000,0x0000,0x0000,0x0000,0x0000,0x0000,0x0000,0x0000,0x0000,0x0000,0x0000,0xfff2,0xfff2,0xffff,0xffff,0x0000,0x0000,0x0000,0x0000,0x0000,0x0000,0x0000,0x0000,0x0000,0x0000,0x0000,
		0x0000,0x0000,0x0000,0x0000,0x0000,0x0000,0x0000,0x0000,0x0000,0x0000,0x0000,0x9bea,0x9bea,0x6aa6,0x6aa6,0x0000,0x0000,0x0000,0x0000,0x0000,0x0000,0x0000,0x0000,0x0000,0x0000,0x0000,
		0x0000,0x0000,0x0000,0x0000,0x0000,0x0000,0x0000,0x0000,0x0000,0x0000,0x0000,0x9bea,0x9bea,0x6aa6,0x6aa6,0x0000,0x0000,0x0000,0x0000,0x0000,0x0000,0x0000,0x0000,0x0000,0x0000,0x0000,
		0x0000,0x0000,0x0000,0x0000,0x0000,0x0000,0x0000,0x0000,0x0000,0x0000,0x0000,0x93a8,0x93a8,0x5225,0x5225,0x0000,0x0000,0x0000,0x0000,0x0000,0x0000,0x0000,0x0000,0x0000,0x0000,0x0000,
		0x0000,0x0000,0x0000,0x0000,0x0000,0x0000,0x0000,0x0000,0x0000,0x0000,0x0000,0x9bea,0x9bea,0x41a4,0x41a4,0x0000,0x0000,0x0000,0x0000,0x0000,0x0000,0x0000,0x0000,0x0000,0x0000,0x0000,
		0x0000,0x0000,0x0000,0x0000,0x0000,0x0000,0x0000,0x0000,0x0000,0x0000,0x0000,0x9bea,0x9bea,0x41a4,0x41a4,0x0000,0x0000,0x0000,0x0000,0x0000,0x0000,0x0000,0x0000,0x0000,0x0000,0x0000,
		0x0000,0x0000,0x0000,0x0000,0x0000,0x0000,0x0000,0x0000,0x0000,0x0000,0x0000,0x9bea,0x9bea,0x5225,0x5225,0x0000,0x0000,0x0000,0x0000,0x0000,0x0000,0x0000,0x0000,0x0000,0x0000,0x0000,
		0x0000,0x0000,0x0000,0x0000,0x0000,0x0000,0x0000,0x0000,0x0000,0x0000,0x0000,0x93a8,0x93a8,0x5225,0x5225,0x0000,0x0000,0x0000,0x0000,0x0000,0x0000,0x0000,0x0000,0x0000,0x0000,0x0000,
		0x0000,0x0000,0x0000,0x0000,0x0000,0x0000,0x0000,0x0000,0x0000,0x0000,0x0000,0x93a8,0x93a8,0x5225,0x5225,0x0000,0x0000,0x0000,0x0000,0x0000,0x0000,0x0000,0x0000,0x0000,0x0000,0x0000,
		0x0000,0x0000,0x0000,0x0000,0x0000,0x0000,0x0000,0x0000,0x0000,0x0000,0x0000,0x6aa6,0x6aa6,0x3983,0x3983,0x0000,0x0000,0x0000,0x0000,0x0000,0x0000,0x0000,0x0000,0x0000,0x0000,0x0000,
		0x0000,0x0000,0x0000,0x0000,0x0000,0x0000,0x0000,0x0000,0x0000,0x0000,0x0000,0x6aa6,0x6aa6,0x3983,0x3983,0x0000,0x0000,0x0000,0x0000,0x0000,0x0000,0x0000,0x0000,0x0000,0x0000,0x0000,
		0x0000,0x0000,0x0000,0x0000,0x0000,0x0000,0x0000,0x0000,0x0000,0x0000,0x0000,0x9bea,0x9bea,0x3963,0x3963,0x0000,0x0000,0x0000,0x0000,0x0000,0x0000,0x0000,0x0000,0x0000,0x0000,0x0000,
		0x0000,0x0000,0x0000,0x0000,0x0000,0x0000,0x0000,0x0000,0x0000,0x0000,0x0000,0x6aa6,0x6aa6,0x3142,0x3142,0x0000,0x0000,0x0000,0x0000,0x0000,0x0000,0x0000,0x0000,0x0000,0x0000,0x0000,
		0x0000,0x0000,0x0000,0x0000,0x0000,0x0000,0x0000,0x0000,0x0000,0x0000,0x0000,0x6aa6,0x6aa6,0x3142,0x3142,0x0000,0x0000,0x0000,0x0000,0x0000,0x0000,0x0000,0x0000,0x0000,0x0000,0x0000
	},
    { //dry farmland 63
		0x0000,0x0000,0x0000,0x0000,0x0000,0x0000,0x0000,0x0000,0x0000,0x0000,0x0000,0x0000,0x0000,0x0000,0x0000,0x0000,0x0000,0x0000,0x0000,0x0000,0x0000,0x0000,0x0000,0x0000,0x0000,0x0000,
		0x0000,0x0000,0x0000,0x0000,0x0000,0x0000,0x0000,0x0000,0x0000,0x0000,0x0000,0x0000,0xb40b,0x9349,0x0000,0x0000,0x0000,0x0000,0x0000,0x0000,0x0000,0x0000,0x0000,0x0000,0x0000,0x0000,
		0x0000,0x0000,0x0000,0x0000,0x0000,0x0000,0x0000,0x0000,0x0000,0x0000,0xb40b,0xb40b,0xb40b,0x9349,0x59e5,0x59e5,0x0000,0x0000,0x0000,0x0000,0x0000,0x0000,0x0000,0x0000,0x0000,0x0000,
		0x0000,0x0000,0x0000,0x0000,0x0000,0x0000,0x0000,0x0000,0xb40b,0x9349,0x9349,0x72a7,0x59e5,0x59e5,0x72a7,0x72a7,0x72a7,0x9349,0x0000,0x0000,0x0000,0x0000,0x0000,0x0000,0x0000,0x0000,
		0x0000,0x0000,0x0000,0x0000,0x0000,0x0000,0x9349,0xb40b,0x9349,0x9349,0x72a7,0x72a7,0x59e5,0x72a7,0x72a7,0x9349,0x9349,0xb40b,0x9349,0x9349,0x0000,0x0000,0x0000,0x0000,0x0000,0x0000,
		0x0000,0x0000,0x0000,0x0000,0xb40b,0x9349,0x9349,0x72a7,0x59e5,0x59e5,0x59e5,0x9349,0x9349,0x9349,0x9349,0x9349,0xb40b,0x9349,0x9349,0x9349,0x72a7,0x72a7,0x0000,0x0000,0x0000,0x0000,
		0x0000,0x0000,0x9349,0xb40b,0xb40b,0x72a7,0x59e5,0x72a7,0x59e5,0x72a7,0x72a7,0x9349,0x9349,0x9349,0x6b6d,0xb40b,0x72a7,0x9349,0x72a7,0x72a7,0x59e5,0x9349,0x9349,0xb40b,0x0000,0x0000,
		0x0000,0x6226,0x7ac7,0x72a7,0x72a7,0x72a7,0x72a7,0x9349,0x9349,0xb40b,0x9349,0x9349,0xb40b,0x72a7,0x9349,0x9349,0x59e5,0x72a7,0x72a7,0x72a7,0xb40b,0xb40b,0x9349,0x3123,0x3123,0x0000,
		0x0000,0x9369,0x6226,0x4984,0x6226,0x72a7,0x9349,0xb40b,0xb40b,0xb40b,0xb40b,0xb40b,0x72a7,0x72a7,0x59e5,0x72a7,0x72a7,0x9349,0x9349,0xb40b,0xb40b,0x49a4,0x5a05,0x7287,0x49a4,0x0000,
		0x0000,0x7ac7,0x5acb,0x6226,0x9369,0x7ac7,0x4984,0x9349,0xb40b,0xb40b,0x9349,0x9349,0x72a7,0x59e5,0x59e5,0x9349,0xb40b,0xb40b,0x72a7,0x7287,0x5a05,0x49a4,0x3123,0x5a05,0x49a4,0x0000,
		0x0000,0x6226,0x6226,0x7ac7,0x7ac7,0x6226,0x6226,0x6226,0x9369,0x72a7,0x59e5,0x72a7,0x72a7,0x52aa,0x9349,0x9349,0xb40b,0x528a,0x3123,0x49a4,0x49a4,0x5a05,0x5a05,0x3123,0x7287,0x0000,
		0x0000,0x9369,0x4984,0x7ac7,0x4984,0x4984,0x9369,0x9369,0x6226,0x6226,0x9369,0xb40b,0xb40b,0xb40b,0x9349,0x49a4,0x49a4,0x49a4,0x49a4,0x5a05,0x49a4,0x4208,0x49a4,0x49a4,0x5a05,0x0000,
		0x0000,0x6226,0x6226,0x6226,0x6226,0x7ac7,0x6226,0x7ac7,0x7ac7,0x6226,0x4984,0x7ac7,0x4984,0x49a4,0x3123,0x3123,0x7287,0x49a4,0x49a4,0x3123,0x49a4,0x3123,0x5a05,0x49a4,0x5a05,0x0000,
		0x0000,0x7ac7,0x6226,0x9369,0x6b6d,0x6226,0x4984,0x4984,0x4984,0x7ac7,0x6226,0x4984,0x6226,0x7287,0x49a4,0x49a4,0x5a05,0x49a4,0x3123,0x49a4,0x7287,0x7287,0x49a4,0x5a05,0x49a4,0x0000,
		0x0000,0x6226,0x7ac7,0x6226,0x7ac7,0x7ac7,0x9369,0x9369,0x6226,0x4984,0x6226,0x7ac7,0x6226,0x5a05,0x5a05,0x7287,0x49a4,0x3123,0x7287,0x49a4,0x5a05,0x5a05,0x49a4,0x49a4,0x5a05,0x0000,
		0x0000,0x6226,0x7ac7,0x4984,0x6226,0x7ac7,0x6226,0x7ac7,0x6226,0x9369,0x6226,0x6226,0x6226,0x5a05,0x5a05,0x5a05,0x528a,0x49a4,0x49a4,0x3123,0x5a05,0x49a4,0x7287,0x528a,0x49a4,0x0000,
		0x0000,0x7ac7,0x6226,0x6226,0x9369,0x4984,0x6226,0x6226,0x4984,0x7ac7,0x6226,0x7ac7,0x9369,0x49a4,0x49a4,0x49a4,0x5a05,0x49a4,0x3123,0x49a4,0x49a4,0x3123,0x5a05,0x49a4,0x3123,0x0000,
		0x0000,0x6226,0x4984,0x6226,0x7ac7,0x6226,0x7ac7,0x6226,0x7ac7,0x6226,0x6226,0x6226,0x7ac7,0x7287,0x7287,0x7287,0x49a4,0x49a4,0x49a4,0x7287,0x7287,0x49a4,0x5a05,0x7287,0x7287,0x0000,
		0x0000,0x7ac7,0x7ac7,0x7ac7,0x7ac7,0x9369,0x7ac7,0x4984,0x9369,0x6226,0x9369,0x6226,0x7ac7,0x49a4,0x49a4,0x49a4,0x49a4,0x7287,0x5a05,0x5a05,0x5a05,0x49a4,0x49a4,0x5a05,0x5a05,0x0000,
		0x0000,0x7ac7,0x6226,0x4984,0x5a47,0x6226,0x6226,0x5acb,0x7ac7,0x4984,0x7ac7,0x9369,0x7ac7,0x49a4,0x3123,0x7287,0x7287,0x49a4,0x5a05,0x49a4,0x7287,0x3123,0x49a4,0x5a05,0x3123,0x0000,
		0x0000,0x0000,0x6226,0x9369,0x6226,0x4984,0x7ac7,0x6226,0x6226,0x6226,0x4984,0x7ac7,0x6226,0x49a4,0x49a4,0x5a05,0x5a05,0x7287,0x49a4,0x3123,0x49a4,0x5a05,0x5a05,0x49a4,0x0000,0x0000,
		0x0000,0x0000,0x0000,0x0000,0x7ac7,0x6226,0x4984,0x9369,0x4984,0x4984,0x6226,0x7ac7,0x4984,0x5a05,0x49a4,0x49a4,0x41a5,0x5a05,0x3123,0x7287,0x49a4,0x49a4,0x0000,0x0000,0x0000,0x0000,
		0x0000,0x0000,0x0000,0x0000,0x0000,0x0000,0x6226,0x7ac7,0x9369,0x7ac7,0x6226,0x6226,0x9369,0x49a4,0x5a05,0x49a4,0x49a4,0x49a4,0x49a4,0x5a05,0x0000,0x0000,0x0000,0x0000,0x0000,0x0000,
		0x0000,0x0000,0x0000,0x0000,0x0000,0x0000,0x0000,0x0000,0x7ac7,0x6226,0x6226,0x6226,0x7ac7,0x49a4,0x3123,0x7287,0x5a05,0x528a,0x0000,0x0000,0x0000,0x0000,0x0000,0x0000,0x0000,0x0000,
		0x0000,0x0000,0x0000,0x0000,0x0000,0x0000,0x0000,0x0000,0x0000,0x0000,0x7ac7,0x7ac7,0x7ac7,0x5a05,0x7287,0x5a05,0x0000,0x0000,0x0000,0x0000,0x0000,0x0000,0x0000,0x0000,0x0000,0x0000,
		0x0000,0x0000,0x0000,0x0000,0x0000,0x0000,0x0000,0x0000,0x0000,0x0000,0x0000,0x0000,0x4984,0x5a05,0x0000,0x0000,0x0000,0x0000,0x0000,0x0000,0x0000,0x0000,0x0000,0x0000,0x0000,0x0000
	},
    { //wet farmland 64
		0x0000,0x0000,0x0000,0x0000,0x0000,0x0000,0x0000,0x0000,0x0000,0x0000,0x0000,0x0000,0x0000,0x0000,0x0000,0x0000,0x0000,0x0000,0x0000,0x0000,0x0000,0x0000,0x0000,0x0000,0x0000,0x0000,
		0x0000,0x0000,0x0000,0x0000,0x0000,0x0000,0x0000,0x0000,0x0000,0x0000,0x0000,0x0000,0x69c2,0x5161,0x0000,0x0000,0x0000,0x0000,0x0000,0x0000,0x0000,0x0000,0x0000,0x0000,0x0000,0x0000,
		0x0000,0x0000,0x0000,0x0000,0x0000,0x0000,0x0000,0x0000,0x0000,0x0000,0x69c2,0x69c2,0x69c2,0x5161,0x30c0,0x30c0,0x0000,0x0000,0x0000,0x0000,0x0000,0x0000,0x0000,0x0000,0x0000,0x0000,
		0x0000,0x0000,0x0000,0x0000,0x0000,0x0000,0x0000,0x0000,0x69c2,0x5161,0x5161,0x3901,0x30c0,0x30c0,0x3901,0x3901,0x3901,0x5161,0x0000,0x0000,0x0000,0x0000,0x0000,0x0000,0x0000,0x0000,
		0x0000,0x0000,0x0000,0x0000,0x0000,0x0000,0x5161,0x69c2,0x5161,0x5161,0x5161,0x3901,0x30c0,0x3901,0x3901,0x5161,0x5161,0x69c2,0x5161,0x5161,0x0000,0x0000,0x0000,0x0000,0x0000,0x0000,
		0x0000,0x0000,0x0000,0x0000,0x69c2,0x5161,0x5161,0x3901,0x30c0,0x30c0,0x30c0,0x5161,0x5161,0x5161,0x5161,0x5161,0x69c2,0x5161,0x5161,0x5161,0x3901,0x3901,0x0000,0x0000,0x0000,0x0000,
		0x0000,0x0000,0x5161,0x69c2,0x69c2,0x3901,0x30c0,0x3901,0x30c0,0x3901,0x3901,0x5161,0x5161,0x5161,0x6b6d,0x69c2,0x3901,0x5161,0x3901,0x3901,0x30c0,0x5161,0x5161,0x69c2,0x0000,0x0000,
		0x0000,0x6226,0x7ac7,0x3901,0x3901,0x3901,0x3901,0x5161,0x5161,0x69c2,0x5161,0x5161,0x69c2,0x3901,0x5161,0x5161,0x30c0,0x3901,0x3901,0x3901,0x69c2,0x69c2,0x5161,0x3123,0x3123,0x0000,
		0x0000,0x9369,0x6226,0x4984,0x6226,0x3901,0x5161,0x69c2,0x69c2,0x69c2,0x69c2,0x69c2,0x3901,0x3901,0x30c0,0x3901,0x3901,0x5161,0x5161,0x69c2,0x69c2,0x49a4,0x5a05,0x7287,0x49a4,0x0000,
		0x0000,0x7ac7,0x5acb,0x6226,0x9369,0x7ac7,0x4984,0x5161,0x69c2,0x69c2,0x5161,0x5161,0x3901,0x30c0,0x30c0,0x5161,0x69c2,0x69c2,0x3901,0x7287,0x5a05,0x49a4,0x3123,0x5a05,0x49a4,0x0000,
		0x0000,0x6226,0x6226,0x7ac7,0x7ac7,0x6226,0x6226,0x6226,0x9369,0x3901,0x30c0,0x3901,0x3901,0x52aa,0x5161,0x5161,0x69c2,0x528a,0x3123,0x49a4,0x49a4,0x5a05,0x5a05,0x3123,0x7287,0x0000,
		0x0000,0x9369,0x4984,0x7ac7,0x4984,0x4984,0x9369,0x9369,0x6226,0x6226,0x9369,0x69c2,0x69c2,0x69c2,0x5161,0x49a4,0x49a4,0x49a4,0x49a4,0x5a05,0x49a4,0x4208,0x49a4,0x49a4,0x5a05,0x0000,
		0x0000,0x6226,0x6226,0x6226,0x6226,0x7ac7,0x6226,0x7ac7,0x7ac7,0x6226,0x4984,0x7ac7,0x4984,0x49a4,0x3123,0x3123,0x7287,0x49a4,0x49a4,0x3123,0x49a4,0x3123,0x5a05,0x49a4,0x5a05,0x0000,
		0x0000,0x7ac7,0x6226,0x9369,0x6b6d,0x6226,0x4984,0x4984,0x4984,0x7ac7,0x6226,0x4984,0x6226,0x7287,0x49a4,0x49a4,0x5a05,0x49a4,0x3123,0x49a4,0x7287,0x7287,0x49a4,0x5a05,0x49a4,0x0000,
		0x0000,0x6226,0x7ac7,0x6226,0x7ac7,0x7ac7,0x9369,0x9369,0x6226,0x4984,0x6226,0x7ac7,0x6226,0x5a05,0x5a05,0x7287,0x49a4,0x3123,0x7287,0x49a4,0x5a05,0x5a05,0x49a4,0x49a4,0x5a05,0x0000,
		0x0000,0x6226,0x7ac7,0x4984,0x6226,0x7ac7,0x6226,0x7ac7,0x6226,0x9369,0x6226,0x6226,0x6226,0x5a05,0x5a05,0x5a05,0x528a,0x49a4,0x49a4,0x3123,0x5a05,0x49a4,0x7287,0x528a,0x49a4,0x0000,
		0x0000,0x7ac7,0x6226,0x6226,0x9369,0x4984,0x6226,0x6226,0x4984,0x7ac7,0x6226,0x7ac7,0x9369,0x49a4,0x49a4,0x49a4,0x5a05,0x49a4,0x3123,0x49a4,0x49a4,0x3123,0x5a05,0x49a4,0x3123,0x0000,
		0x0000,0x6226,0x4984,0x6226,0x7ac7,0x6226,0x7ac7,0x6226,0x7ac7,0x6226,0x6226,0x6226,0x7ac7,0x7287,0x7287,0x7287,0x49a4,0x49a4,0x49a4,0x7287,0x7287,0x49a4,0x5a05,0x7287,0x7287,0x0000,
		0x0000,0x7ac7,0x7ac7,0x7ac7,0x7ac7,0x9369,0x7ac7,0x4984,0x9369,0x6226,0x9369,0x6226,0x7ac7,0x49a4,0x49a4,0x49a4,0x49a4,0x7287,0x5a05,0x5a05,0x5a05,0x49a4,0x49a4,0x5a05,0x5a05,0x0000,
		0x0000,0x7ac7,0x6226,0x4984,0x5a47,0x6226,0x6226,0x5acb,0x7ac7,0x4984,0x7ac7,0x9369,0x7ac7,0x49a4,0x3123,0x7287,0x7287,0x49a4,0x5a05,0x49a4,0x7287,0x3123,0x49a4,0x5a05,0x3123,0x0000,
		0x0000,0x0000,0x6226,0x9369,0x6226,0x4984,0x7ac7,0x6226,0x6226,0x6226,0x4984,0x7ac7,0x6226,0x49a4,0x49a4,0x5a05,0x5a05,0x7287,0x49a4,0x3123,0x49a4,0x5a05,0x5a05,0x49a4,0x0000,0x0000,
		0x0000,0x0000,0x0000,0x0000,0x7ac7,0x6226,0x4984,0x9369,0x4984,0x4984,0x6226,0x7ac7,0x4984,0x5a05,0x49a4,0x49a4,0x41a5,0x5a05,0x3123,0x7287,0x49a4,0x49a4,0x0000,0x0000,0x0000,0x0000,
		0x0000,0x0000,0x0000,0x0000,0x0000,0x0000,0x6226,0x7ac7,0x9369,0x7ac7,0x6226,0x6226,0x9369,0x49a4,0x5a05,0x49a4,0x49a4,0x49a4,0x49a4,0x5a05,0x0000,0x0000,0x0000,0x0000,0x0000,0x0000,
		0x0000,0x0000,0x0000,0x0000,0x0000,0x0000,0x0000,0x0000,0x7ac7,0x6226,0x6226,0x6226,0x7ac7,0x49a4,0x3123,0x7287,0x5a05,0x528a,0x0000,0x0000,0x0000,0x0000,0x0000,0x0000,0x0000,0x0000,
		0x0000,0x0000,0x0000,0x0000,0x0000,0x0000,0x0000,0x0000,0x0000,0x0000,0x7ac7,0x7ac7,0x7ac7,0x5a05,0x7287,0x5a05,0x0000,0x0000,0x0000,0x0000,0x0000,0x0000,0x0000,0x0000,0x0000,0x0000,
		0x0000,0x0000,0x0000,0x0000,0x0000,0x0000,0x0000,0x0000,0x0000,0x0000,0x0000,0x0000,0x4984,0x5a05,0x0000,0x0000,0x0000,0x0000,0x0000,0x0000,0x0000,0x0000,0x0000,0x0000,0x0000,0x0000
	},
    { //wheat seed 65
		0x0000,0x0000,0x0000,0x0000,0x0000,0x0000,0x0000,0x0000,0x0000,0x0000,0x0000,0x0000,0x0000,0x0000,0x0000,0x0000,0x0000,0x0000,0x0000,0x0000,0x0000,0x0000,0x0000,0x0000,0x0000,0x0000,
		0x0000,0x0000,0x0000,0x0000,0x0000,0x0000,0x0000,0x0000,0x0000,0x0000,0x0000,0x0000,0x0000,0x0000,0x0000,0x0000,0x0000,0x0000,0x0000,0x0000,0x0000,0x0000,0x0000,0x0000,0x0000,0x0000,
		0x0000,0x0000,0x0000,0x0000,0x0000,0x0000,0x0000,0x0000,0x0000,0x0000,0x0000,0x0000,0x0000,0x0000,0x0000,0x0000,0x0000,0x0000,0x0000,0x0000,0x0000,0x0000,0x0000,0x0000,0x0000,0x0000,
		0x0000,0x0000,0x0000,0x0000,0x0000,0x0000,0x0000,0x0000,0x0000,0x0000,0x0000,0x0000,0x0000,0x0000,0x0000,0x0000,0x0000,0x0000,0x0000,0x0000,0x0000,0x0000,0x0000,0x0000,0x0000,0x0000,
		0x0000,0x0000,0x0000,0x0000,0x0000,0x0000,0x0000,0x0000,0x0000,0x0000,0x0000,0x0000,0x0000,0x0000,0x0000,0x0000,0x0000,0x0000,0x0000,0x0000,0x0000,0x0000,0x0000,0x0000,0x0000,0x0000,
		0x0000,0x0000,0x0000,0x0000,0x0000,0x0000,0x0000,0x0000,0x0000,0x0000,0x0000,0x0000,0x0000,0x0000,0x0000,0x0000,0x0000,0x0000,0x0000,0x0000,0x0000,0x0000,0x0000,0x0000,0x0000,0x0000,
		0x0000,0x0000,0x0000,0x0000,0x0000,0x0000,0x0000,0x0000,0x0702,0x0702,0x0000,0x0000,0x0000,0x0000,0x0000,0x0000,0x0000,0x0000,0x0702,0x0000,0x0000,0x0000,0x0000,0x0000,0x0000,0x0000,
		0x0000,0x0000,0x0000,0x0000,0x0000,0x0000,0x0000,0x0000,0x0702,0x0702,0x0000,0x0000,0x0000,0x0000,0x0000,0x0000,0x0000,0x0000,0x0702,0x0000,0x0000,0x0000,0x0000,0x0000,0x0000,0x0000,
		0x0000,0x0000,0x0000,0x0000,0x0000,0x0000,0x0000,0x0000,0x6d87,0x6d87,0x0000,0x0000,0x0000,0x0000,0x0000,0x0000,0x0000,0x0000,0x0000,0x0702,0x0702,0x0000,0x0000,0x0000,0x0000,0x0000,
		0x0000,0x0000,0x0000,0x0000,0x0000,0x0000,0x0000,0x0000,0x6d87,0x6d87,0x0000,0x0000,0x0000,0x0000,0x0000,0x0000,0x0000,0x0000,0x0000,0x0702,0x0702,0x0000,0x0000,0x0000,0x0000,0x0000,
		0x0000,0x0000,0x0000,0x0000,0x0000,0x0000,0x0000,0x0000,0x2a01,0x2a01,0x0000,0x0000,0x0000,0x0000,0x0000,0x0000,0x0000,0x0000,0x0000,0x6d87,0x6d87,0x6d87,0x6d87,0x0000,0x0000,0x0000,
		0x0000,0x0000,0x0000,0x0000,0x0000,0x0000,0x0702,0x0702,0x0000,0x0000,0x0000,0x0000,0x0000,0x6d87,0x6d87,0x4384,0x0000,0x0000,0x0000,0x2a01,0x2a01,0x2a01,0x2a01,0x0000,0x0000,0x0000,
		0x0000,0x0000,0x0000,0x0000,0x0000,0x0000,0x0702,0x0702,0x0000,0x0000,0x0000,0x0000,0x0000,0x6d87,0x6d87,0x4384,0x0000,0x0000,0x0000,0x2a01,0x2a01,0x2a01,0x2a01,0x0000,0x0000,0x0000,
		0x0000,0x0000,0x0000,0x0000,0x0000,0x0000,0x0702,0x0702,0x0000,0x0000,0xad87,0x0000,0x0000,0x2a01,0x2a01,0x2a01,0x0000,0x0000,0x0000,0x0000,0x0000,0x0000,0x0000,0x0000,0x0000,0x0000,
		0x0000,0x0000,0x0000,0x0000,0x0000,0x0000,0x0702,0x0702,0x0000,0x0000,0xad87,0x0000,0x0000,0x2a01,0x2a01,0x2a01,0x0000,0x0000,0x0000,0x0000,0x0000,0x0000,0x0000,0x0000,0x0000,0x0000,
		0x0000,0x0000,0x0000,0x0000,0x0000,0x6d87,0x4384,0x4384,0x0000,0x0000,0x2a01,0x0000,0x0000,0x0000,0x0000,0x0000,0x0000,0x0000,0x0000,0x0000,0x0000,0x0000,0x0000,0x0000,0x0000,0x0000,
		0x0000,0x0000,0x0000,0x0000,0x0000,0x2a01,0x2a01,0x2a01,0x0000,0x0000,0x0000,0x0000,0x0000,0x0702,0x0702,0x0000,0x0000,0x0000,0xad87,0x6b84,0x6b84,0x0000,0x0000,0x0000,0x0000,0x0000,
		0x0000,0x0000,0x0000,0x0000,0x0000,0x2a01,0x2a01,0x2a01,0x0000,0x0000,0x0000,0x0000,0x0000,0x0702,0x0702,0x0000,0x0000,0x0000,0xad87,0x6b84,0x6b84,0x0000,0x0000,0x0000,0x0000,0x0000,
		0x0000,0x0000,0x0000,0x0000,0x0000,0x0000,0x0000,0x0000,0x0000,0x0000,0x0000,0x6d87,0x6d87,0x4384,0x4384,0x0000,0x0000,0x0000,0x2a01,0x2a01,0x2a01,0x0000,0x0000,0x0000,0x0000,0x0000,
		0x0000,0x0000,0x0000,0x0000,0x0000,0x0000,0x0000,0x0000,0x0000,0x0000,0x0000,0x2a01,0x2a01,0x2a01,0x2a01,0x0000,0x0000,0x0000,0x0000,0x0000,0x0000,0x0000,0x0000,0x0000,0x0000,0x0000,
		0x0000,0x0000,0x0000,0x0000,0x0000,0x0000,0x0000,0x0000,0x0000,0x0000,0x0000,0x2a01,0x2a01,0x2a01,0x2a01,0x0000,0x0000,0x0000,0x0000,0x0000,0x0000,0x0000,0x0000,0x0000,0x0000,0x0000,
		0x0000,0x0000,0x0000,0x0000,0x0000,0x0000,0x0000,0x0000,0x0000,0x0000,0x0000,0x0000,0x0000,0x0000,0x0000,0x0000,0x0000,0x0000,0x0000,0x0000,0x0000,0x0000,0x0000,0x0000,0x0000,0x0000,
		0x0000,0x0000,0x0000,0x0000,0x0000,0x0000,0x0000,0x0000,0x0000,0x0000,0x0000,0x0000,0x0000,0x0000,0x0000,0x0000,0x0000,0x0000,0x0000,0x0000,0x0000,0x0000,0x0000,0x0000,0x0000,0x0000,
		0x0000,0x0000,0x0000,0x0000,0x0000,0x0000,0x0000,0x0000,0x0000,0x0000,0x0000,0x0000,0x0000,0x0000,0x0000,0x0000,0x0000,0x0000,0x0000,0x0000,0x0000,0x0000,0x0000,0x0000,0x0000,0x0000,
		0x0000,0x0000,0x0000,0x0000,0x0000,0x0000,0x0000,0x0000,0x0000,0x0000,0x0000,0x0000,0x0000,0x0000,0x0000,0x0000,0x0000,0x0000,0x0000,0x0000,0x0000,0x0000,0x0000,0x0000,0x0000,0x0000,
		0x0000,0x0000,0x0000,0x0000,0x0000,0x0000,0x0000,0x0000,0x0000,0x0000,0x0000,0x0000,0x0000,0x0000,0x0000,0x0000,0x0000,0x0000,0x0000,0x0000,0x0000,0x0000,0x0000,0x0000,0x0000,0x0000
	},
    { //wheat 66
		0x0000,0x0000,0x0000,0x0000,0x0000,0x0000,0x0000,0x0000,0x0000,0x0000,0x0000,0x0000,0x0000,0x0000,0x0000,0x0000,0x8ba7,0x8ba7,0x0000,0x0000,0x0000,0x0000,0x0000,0x0000,0x0000,0x0000,
		0x0000,0x0000,0x0000,0x0000,0x0000,0x0000,0x0000,0x0000,0x0000,0x0000,0x0000,0x0000,0x0000,0x0000,0x0000,0x0000,0x8ba7,0x8ba7,0x0000,0x0000,0x0000,0x0000,0x0000,0x0000,0x0000,0x0000,
		0x0000,0x0000,0x0000,0x0000,0x0000,0x0000,0x0000,0x0000,0x0000,0x0000,0x0000,0x0000,0x0000,0x5287,0x5287,0x7b46,0xa4aa,0xa4aa,0x0000,0x8ba7,0x8ba7,0x0000,0x0000,0x0000,0x0000,0x0000,
		0x0000,0x0000,0x0000,0x0000,0x0000,0x0000,0x0000,0x0000,0x0000,0x0000,0x5287,0x0000,0x0000,0x7b46,0x7b46,0xa4aa,0x8ba7,0x8ba7,0x7b46,0x0000,0x0000,0x0000,0x0000,0x0000,0x8ba7,0x8ba7,
		0x0000,0x0000,0x0000,0x0000,0x0000,0x0000,0x0000,0x0000,0x0000,0x0000,0x5287,0x0000,0x0000,0x7b46,0x7b46,0xa4aa,0x8ba7,0x8ba7,0x7b46,0x0000,0x0000,0x0000,0x0000,0x0000,0x8ba7,0x8ba7,
		0x0000,0x0000,0x0000,0x0000,0x0000,0x0000,0x0000,0x0000,0x0000,0x0000,0x5287,0x7b46,0x7b46,0x8ba7,0x8ba7,0xcd8b,0x8ba7,0x8ba7,0xa4aa,0x7b46,0x7b46,0xa4aa,0xa4aa,0x8ba7,0x0000,0x0000,
		0x0000,0x0000,0x0000,0x0000,0x0000,0x0000,0x0000,0x0000,0x0000,0x0000,0x7b46,0x8ba7,0x8ba7,0xcd8b,0xcd8b,0x8ba7,0xa4aa,0xa4aa,0x8ba7,0xa4aa,0xa4aa,0x8ba7,0x8ba7,0x0000,0x0000,0x0000,
		0x0000,0x0000,0x0000,0x0000,0x0000,0x0000,0x0000,0x0000,0x0000,0x0000,0x7b46,0x8ba7,0x8ba7,0xcd8b,0xcd8b,0x8ba7,0xa4aa,0xa4aa,0x8ba7,0xa4aa,0xa4aa,0x8ba7,0x8ba7,0x0000,0x0000,0x0000,
		0x0000,0x0000,0x0000,0x0000,0x0000,0x0000,0x0000,0x0000,0x0000,0x0000,0xa4aa,0x8ba7,0x8ba7,0xddcc,0xddcc,0x8ba7,0xcd8b,0xcd8b,0x8ba7,0xcd8b,0xcd8b,0x8ba7,0x8ba7,0x8ba7,0x5287,0x5287,
		0x0000,0x0000,0x0000,0x0000,0x0000,0x0000,0x0000,0x0000,0x0000,0x0000,0xa4aa,0x8ba7,0x8ba7,0xddcc,0xddcc,0x8ba7,0xcd8b,0xcd8b,0x8ba7,0xcd8b,0xcd8b,0x8ba7,0x8ba7,0x8ba7,0x5287,0x5287,
		0x0000,0x0000,0x0000,0x0000,0x0000,0x0000,0x0000,0x0000,0x0000,0x0000,0xa4aa,0xcd8b,0xcd8b,0xddcc,0xddcc,0xa4aa,0x8ba7,0x8ba7,0xcd8b,0x8ba7,0x8ba7,0x8ba7,0x8ba7,0x5287,0x0000,0x0000,
		0x0000,0x0000,0x0000,0x0000,0x0000,0x0000,0x0000,0x0000,0x7b46,0x7b46,0xa4aa,0xddcc,0xddcc,0xa4aa,0xa4aa,0xcd8b,0x8ba7,0x8ba7,0xcd8b,0xa4aa,0xa4aa,0xa4aa,0xa4aa,0x7b46,0x5287,0x5287,
		0x0000,0x0000,0x0000,0x0000,0x0000,0x0000,0x0000,0x0000,0x7b46,0x7b46,0xa4aa,0xddcc,0xddcc,0xa4aa,0xa4aa,0xcd8b,0x8ba7,0x8ba7,0xcd8b,0xa4aa,0xa4aa,0xa4aa,0xa4aa,0x7b46,0x5287,0x5287,
		0x0000,0x0000,0x0000,0x0000,0x0000,0x0000,0x0000,0x0000,0xa4aa,0xa4aa,0xcd8b,0xddcc,0xddcc,0xddcc,0xddcc,0xa4aa,0xcd8b,0xcd8b,0x8ba7,0x7b46,0x7b46,0x5287,0x5287,0x5287,0x0000,0x0000,
		0x0000,0x0000,0x0000,0x0000,0x0000,0x0000,0x0000,0x0000,0xa4aa,0xa4aa,0xcd8b,0xddcc,0xddcc,0xddcc,0xddcc,0xa4aa,0xcd8b,0xcd8b,0x8ba7,0x7b46,0x7b46,0x5287,0x5287,0x5287,0x0000,0x0000,
		0x0000,0x0000,0x0000,0x0000,0x0000,0x0000,0x7b46,0x7b46,0x5287,0x5287,0xddcc,0xddcc,0xddcc,0xa4aa,0xa4aa,0x8ba7,0x7b46,0x7b46,0x5287,0x5287,0x5287,0x0000,0x0000,0x0000,0x0000,0x0000,
		0x0000,0x0000,0x0000,0x0000,0x0000,0x7b46,0x5287,0x5287,0x7b46,0x7b46,0x5287,0xa4aa,0xa4aa,0x7b46,0x7b46,0x5287,0x5287,0x5287,0x8ba7,0x7b46,0x7b46,0x0000,0x0000,0x0000,0x0000,0x0000,
		0x0000,0x0000,0x0000,0x0000,0x0000,0x7b46,0x5287,0x5287,0x7b46,0x7b46,0x5287,0xa4aa,0xa4aa,0x7b46,0x7b46,0x5287,0x5287,0x5287,0x8ba7,0x7b46,0x7b46,0x0000,0x0000,0x0000,0x0000,0x0000,
		0x0000,0x0000,0x5287,0x7b46,0x7b46,0xcd8b,0xa4aa,0xa4aa,0x5287,0x5287,0x5287,0x5287,0x5287,0x5287,0x5287,0x0000,0x0000,0x0000,0x5287,0x5287,0x5287,0x5287,0x5287,0x0000,0x0000,0x0000,
		0x0000,0x0000,0x7b46,0xcd8b,0xcd8b,0xa4aa,0xcd8b,0xcd8b,0x5287,0x5287,0x5287,0x0000,0x0000,0x0000,0x0000,0x0000,0x0000,0x0000,0x0000,0x0000,0x0000,0x0000,0x0000,0x0000,0x0000,0x0000,
		0x0000,0x0000,0x7b46,0xcd8b,0xcd8b,0xa4aa,0xcd8b,0xcd8b,0x5287,0x5287,0x5287,0x0000,0x0000,0x0000,0x0000,0x0000,0x0000,0x0000,0x0000,0x0000,0x0000,0x0000,0x0000,0x0000,0x0000,0x0000,
		0x0000,0x0000,0x8ba7,0xa4aa,0xa4aa,0x7b46,0x7b46,0x7b46,0x5287,0x5287,0x0000,0x0000,0x0000,0x0000,0x0000,0x0000,0x0000,0x0000,0x0000,0x0000,0x0000,0x0000,0x0000,0x0000,0x0000,0x0000,
		0x0000,0x0000,0x8ba7,0xa4aa,0xa4aa,0x7b46,0x7b46,0x7b46,0x5287,0x5287,0x0000,0x0000,0x0000,0x0000,0x0000,0x0000,0x0000,0x0000,0x0000,0x0000,0x0000,0x0000,0x0000,0x0000,0x0000,0x0000,
		0x0000,0x0000,0x8ba7,0x5287,0x5287,0x5287,0x7b46,0x7b46,0x5287,0x5287,0x0000,0x0000,0x0000,0x0000,0x0000,0x0000,0x0000,0x0000,0x0000,0x0000,0x0000,0x0000,0x0000,0x0000,0x0000,0x0000,
		0x0000,0x0000,0x5287,0x0000,0x0000,0x0000,0x5287,0x5287,0x0000,0x0000,0x0000,0x0000,0x0000,0x0000,0x0000,0x0000,0x0000,0x0000,0x0000,0x0000,0x0000,0x0000,0x0000,0x0000,0x0000,0x0000,
		0x0000,0x0000,0x5287,0x0000,0x0000,0x0000,0x5287,0x5287,0x0000,0x0000,0x0000,0x0000,0x0000,0x0000,0x0000,0x0000,0x0000,0x0000,0x0000,0x0000,0x0000,0x0000,0x0000,0x0000,0x0000,0x0000
	},
    { //short grass 67
		0x0000,0x0000,0x0000,0x0000,0x0000,0x0000,0x0000,0x0000,0x0000,0x0000,0x0000,0x0000,0x0000,0x0000,0x0000,0x0000,0x0000,0x0000,0x0000,0x0000,0x0000,0x0000,0x0000,0x0000,0x0000,0x0000,
		0x0000,0x0000,0x0000,0x0000,0x0000,0x0000,0x0000,0x0000,0x0000,0x0000,0x0000,0x0000,0x0000,0x0000,0x0000,0x0000,0x0000,0x0000,0x0000,0x0000,0x0000,0x0000,0x0000,0x0000,0x0000,0x0000,
		0x0000,0x0000,0x0000,0x0000,0x0000,0x0000,0x0000,0x0000,0x0000,0x0000,0x0000,0x0000,0x0000,0x0000,0x0000,0x0000,0x0000,0x0000,0x0000,0x0000,0x0000,0x0000,0x0000,0x0000,0x0000,0x0000,
		0x0000,0x0000,0x0000,0x0000,0x0000,0x0000,0x0000,0x0000,0x0000,0x0000,0x0000,0x0000,0x0000,0x0000,0x0000,0x0000,0x0000,0x0000,0x0000,0x0000,0x0000,0x0000,0x0000,0x0000,0x0000,0x0000,
		0x0000,0x0000,0x0000,0x0000,0x0000,0x0000,0x0000,0x0000,0x0000,0x0000,0x0000,0x0000,0x0000,0x0000,0x0000,0x0000,0x0000,0x0000,0x0000,0x0000,0x0000,0x0000,0x0000,0x0000,0x0000,0x0000,
		0x0000,0x0000,0x0000,0x0000,0x0000,0x0000,0x0000,0x0000,0x0000,0x0000,0x0000,0x0000,0x0000,0x0000,0x0000,0x0000,0x0000,0x5368,0x0000,0x0000,0x0000,0x0000,0x0000,0x0000,0x0000,0x0000,
		0x0000,0x0000,0x0000,0x0000,0x0000,0x0000,0x0000,0x0000,0x0000,0x5368,0x0000,0x0000,0x0000,0x0000,0x0000,0x5be9,0x5368,0x0000,0x0000,0x0000,0x0000,0x0000,0x0000,0x0000,0x0000,0x0000,
		0x0000,0x0000,0x0000,0x0000,0x0000,0x0000,0x5368,0x0000,0x5368,0x0000,0x5368,0x0000,0x5368,0x0000,0x0000,0x5be9,0x5be9,0x0000,0x5be9,0x0000,0x0000,0x0000,0x0000,0x0000,0x0000,0x0000,
		0x0000,0x0000,0x0000,0x0000,0x0000,0x0000,0x0000,0x5be9,0x0000,0x0000,0x5be9,0x0000,0x5be9,0x0000,0x42a6,0x5368,0x0000,0x0000,0x0000,0x0000,0x0000,0x0000,0x0000,0x0000,0x0000,0x0000,
		0x0000,0x0000,0x0000,0x0000,0x0000,0x0000,0x0000,0x5be9,0x0000,0x5368,0x5be9,0x0000,0x5be9,0x0000,0x5368,0x5be9,0x0000,0x5be9,0x0000,0x0000,0x0000,0x0000,0x0000,0x0000,0x0000,0x0000,
		0x0000,0x0000,0x0000,0x0000,0x0000,0x5368,0x0000,0x5be9,0x0000,0x0000,0x5be9,0x0000,0x5368,0x0000,0x42a6,0x5be9,0x5368,0x5368,0x0000,0x0000,0x0000,0x0000,0x0000,0x0000,0x0000,0x0000,
		0x0000,0x0000,0x0000,0x0000,0x0000,0x5368,0x0000,0x5368,0x5368,0x0000,0x5be9,0x4b07,0x5368,0x42a6,0x5368,0x5368,0x5be9,0x0000,0x3a86,0x5368,0x0000,0x0000,0x0000,0x0000,0x0000,0x0000,
		0x0000,0x0000,0x0000,0x0000,0x0000,0x5368,0x42a6,0x4b07,0x4b07,0x5368,0x5368,0x5368,0x0000,0x4b07,0x5be9,0x5368,0x5be9,0x0000,0x3a86,0x4b07,0x0000,0x0000,0x0000,0x0000,0x0000,0x0000,
		0x0000,0x0000,0x0000,0x0000,0x0000,0x4b07,0x5368,0x0000,0x5368,0x3a86,0x5368,0x4b07,0x3a86,0x42a6,0x5be9,0x4b07,0x5368,0x5be9,0x5be9,0x42a6,0x0000,0x0000,0x0000,0x0000,0x0000,0x0000,
		0x0000,0x0000,0x0000,0x0000,0x0000,0x4b07,0x4b07,0x5be9,0x4b07,0x5368,0x4b07,0x3a86,0x3a86,0x5368,0x4b07,0x5be9,0x4b07,0x5be9,0x4b07,0x0000,0x0000,0x0000,0x0000,0x0000,0x0000,0x0000,
		0x0000,0x0000,0x0000,0x0000,0x0000,0x0000,0x42a6,0x5be9,0x3a86,0x3a86,0x5be9,0x3a86,0x0000,0x5368,0x42a6,0x5368,0x42a6,0x5368,0x42a6,0x42a6,0x0000,0x0000,0x0000,0x0000,0x0000,0x0000,
		0x0000,0x0000,0x0000,0x0000,0x0000,0x0000,0x42a6,0x5368,0x4b07,0x3a86,0x5368,0x3a86,0x4b07,0x4b07,0x42a6,0x4b07,0x5be9,0x42a6,0x42a6,0x3a86,0x0000,0x0000,0x0000,0x0000,0x0000,0x0000,
		0x0000,0x0000,0x0000,0x0000,0x0000,0x5368,0x0000,0x4b07,0x5368,0x5368,0x4b07,0x3a86,0x4b07,0x3a86,0x42a6,0x5368,0x4b07,0x3a45,0x3a86,0x0000,0x0000,0x0000,0x0000,0x0000,0x0000,0x0000,
		0x0000,0x0000,0x0000,0x0000,0x0000,0x5368,0x0000,0x0000,0x5368,0x3a86,0x4b07,0x42a6,0x5368,0x42a6,0x3a86,0x5368,0x42a6,0x5368,0x0000,0x5368,0x0000,0x0000,0x0000,0x0000,0x0000,0x0000,
		0x0000,0x0000,0x0000,0x0000,0x0000,0x5368,0x0000,0x42a6,0x42a6,0x3a86,0x42a6,0x3a86,0x5368,0x42a6,0x3a45,0x5368,0x42a6,0x4b07,0x4b07,0x4b07,0x0000,0x0000,0x0000,0x0000,0x0000,0x0000,
		0x0000,0x0000,0x0000,0x0000,0x0000,0x4b07,0x4b07,0x42a6,0x5368,0x3a45,0x42a6,0x3a45,0x0000,0x0000,0x3a45,0x42a6,0x5368,0x42a6,0x4b07,0x42a6,0x0000,0x0000,0x0000,0x0000,0x0000,0x0000,
		0x0000,0x0000,0x0000,0x0000,0x0000,0x4b07,0x42a6,0x3a86,0x5368,0x3a45,0x0000,0x0000,0x0000,0x0000,0x0000,0x0000,0x5368,0x3a45,0x42a6,0x0000,0x0000,0x0000,0x0000,0x0000,0x0000,0x0000,
		0x0000,0x0000,0x0000,0x0000,0x0000,0x0000,0x42a6,0x3a45,0x0000,0x0000,0x0000,0x0000,0x0000,0x0000,0x0000,0x0000,0x0000,0x0000,0x42a6,0x42a6,0x0000,0x0000,0x0000,0x0000,0x0000,0x0000,
		0x0000,0x0000,0x0000,0x0000,0x0000,0x4b07,0x0000,0x0000,0x0000,0x0000,0x0000,0x0000,0x0000,0x0000,0x0000,0x0000,0x0000,0x0000,0x0000,0x0000,0x0000,0x0000,0x0000,0x0000,0x0000,0x0000,
		0x0000,0x0000,0x0000,0x0000,0x0000,0x0000,0x0000,0x0000,0x0000,0x0000,0x0000,0x0000,0x0000,0x0000,0x0000,0x0000,0x0000,0x0000,0x0000,0x0000,0x0000,0x0000,0x0000,0x0000,0x0000,0x0000,
		0x0000,0x0000,0x0000,0x0000,0x0000,0x0000,0x0000,0x0000,0x0000,0x0000,0x0000,0x0000,0x0000,0x0000,0x0000,0x0000,0x0000,0x0000,0x0000,0x0000,0x0000,0x0000,0x0000,0x0000,0x0000,0x0000
	},
    { //bread 68
		0x0000,0x0000,0x0000,0x0000,0x0000,0x0000,0x0000,0x0000,0x0000,0x0000,0x0000,0x0000,0x0000,0x0000,0x0000,0x0000,0x0000,0x0000,0x0000,0x0000,0x0000,0x0000,0x0000,0x0000,0x0000,0x0000,
		0x0000,0x0000,0x0000,0x0000,0x0000,0x0000,0x0000,0x0000,0x0000,0x0000,0x0000,0x0000,0x0000,0x0000,0x0000,0x0000,0x0000,0x0000,0x0000,0x0000,0x0000,0x0000,0x0000,0x0000,0x0000,0x0000,
		0x0000,0x0000,0x0000,0x0000,0x0000,0x0000,0x0000,0x0000,0x0000,0x0000,0x0000,0x0000,0x0000,0x0000,0x0000,0x6242,0x6242,0x6242,0x6242,0x6242,0x6242,0x0000,0x0000,0x0000,0x0000,0x0000,
		0x0000,0x0000,0x0000,0x0000,0x0000,0x0000,0x0000,0x0000,0x0000,0x0000,0x0000,0x6242,0x6242,0x6242,0x6242,0x8b23,0xa3c4,0xa3c4,0xa3c4,0x8b23,0x8b23,0x6242,0x6242,0x0000,0x0000,0x0000,
		0x0000,0x0000,0x0000,0x0000,0x0000,0x0000,0x0000,0x0000,0x0000,0x0000,0x0000,0x6242,0x6242,0x6242,0x6242,0x8b23,0xa3c4,0xa3c4,0xa3c4,0x8b23,0x8b23,0x6242,0x6242,0x0000,0x0000,0x0000,
		0x0000,0x0000,0x0000,0x0000,0x0000,0x0000,0x0000,0x0000,0x0000,0x0000,0x6242,0x8b23,0x8b23,0xbc44,0xbc44,0xbc44,0xbc44,0xbc44,0xbc44,0xa3c4,0xa3c4,0x8b23,0x8b23,0x3961,0x0000,0x0000,
		0x0000,0x0000,0x0000,0x0000,0x0000,0x0000,0x0000,0x0000,0x6242,0x6242,0xbc44,0xa3c4,0xa3c4,0x8b23,0x8b23,0x8b23,0xbc44,0xbc44,0xbc44,0xbc44,0xbc44,0x8b23,0x8b23,0x3961,0x0000,0x0000,
		0x0000,0x0000,0x0000,0x0000,0x0000,0x0000,0x0000,0x0000,0x6242,0x6242,0xbc44,0xa3c4,0xa3c4,0x8b23,0x8b23,0x8b23,0xbc44,0xbc44,0xbc44,0xbc44,0xbc44,0x8b23,0x8b23,0x3961,0x0000,0x0000,
		0x0000,0x0000,0x0000,0x0000,0x0000,0x0000,0x6242,0x6242,0xbc44,0xbc44,0xbc44,0xbc44,0xbc44,0xbc44,0xbc44,0xa3c4,0x8b23,0x8b23,0xbc44,0xa3c4,0xa3c4,0x8b23,0x8b23,0x3961,0x0000,0x0000,
		0x0000,0x0000,0x0000,0x0000,0x0000,0x0000,0x6242,0x6242,0xbc44,0xbc44,0xbc44,0xbc44,0xbc44,0xbc44,0xbc44,0xa3c4,0x8b23,0x8b23,0xbc44,0xa3c4,0xa3c4,0x8b23,0x8b23,0x3961,0x0000,0x0000,
		0x0000,0x0000,0x0000,0x0000,0x0000,0x6242,0xbc44,0xbc44,0xbc44,0xbc44,0xbc44,0xbc44,0xbc44,0xbc44,0xbc44,0xbc44,0xa3c4,0xa3c4,0xbc44,0x8b23,0x8b23,0x6242,0x6242,0x3961,0x0000,0x0000,
		0x0000,0x0000,0x0000,0x6242,0x6242,0x8b23,0xa3c4,0xa3c4,0x8b23,0x8b23,0x8b23,0xbc44,0xbc44,0xbc44,0xbc44,0xbc44,0xbc44,0xbc44,0x8b23,0x8b23,0x8b23,0x49c2,0x49c2,0x3961,0x0000,0x0000,
		0x0000,0x0000,0x0000,0x6242,0x6242,0x8b23,0xa3c4,0xa3c4,0x8b23,0x8b23,0x8b23,0xbc44,0xbc44,0xbc44,0xbc44,0xbc44,0xbc44,0xbc44,0x8b23,0x8b23,0x8b23,0x49c2,0x49c2,0x3961,0x0000,0x0000,
		0x0000,0x0000,0x0000,0x6242,0x6242,0xbc44,0xbc44,0xbc44,0xbc44,0xbc44,0xa3c4,0x8b23,0x8b23,0xbc44,0xbc44,0xbc44,0x8b23,0x8b23,0x8b23,0x6242,0x6242,0x3961,0x3961,0x0000,0x0000,0x0000,
		0x0000,0x0000,0x0000,0x6242,0x6242,0xbc44,0xbc44,0xbc44,0xbc44,0xbc44,0xa3c4,0x8b23,0x8b23,0xbc44,0xbc44,0xbc44,0x8b23,0x8b23,0x8b23,0x6242,0x6242,0x3961,0x3961,0x0000,0x0000,0x0000,
		0x0000,0x0000,0x6242,0x8b23,0x8b23,0xbc44,0xbc44,0xbc44,0xbc44,0xbc44,0xbc44,0xa3c4,0xa3c4,0xbc44,0xbc44,0x8b23,0x8b23,0x8b23,0x6242,0x3961,0x3961,0x0000,0x0000,0x0000,0x0000,0x0000,
		0x0000,0x0000,0x6242,0xa3c4,0xa3c4,0xbc44,0xbc44,0xbc44,0xbc44,0xbc44,0xbc44,0xbc44,0xbc44,0x8b23,0x8b23,0x8b23,0x6242,0x6242,0x3961,0x0000,0x0000,0x0000,0x0000,0x0000,0x0000,0x0000,
		0x0000,0x0000,0x6242,0xa3c4,0xa3c4,0xbc44,0xbc44,0xbc44,0xbc44,0xbc44,0xbc44,0xbc44,0xbc44,0x8b23,0x8b23,0x8b23,0x6242,0x6242,0x3961,0x0000,0x0000,0x0000,0x0000,0x0000,0x0000,0x0000,
		0x0000,0x0000,0x6242,0xa3c4,0xa3c4,0xa3c4,0xbc44,0xbc44,0xbc44,0xbc44,0xbc44,0x8b23,0x8b23,0x8b23,0x8b23,0x6242,0x3961,0x3961,0x0000,0x0000,0x0000,0x0000,0x0000,0x0000,0x0000,0x0000,
		0x0000,0x0000,0x5202,0x8b23,0x8b23,0xa3c4,0xa3c4,0xa3c4,0x8b23,0x8b23,0x8b23,0x8b23,0x8b23,0x6242,0x6242,0x3961,0x0000,0x0000,0x0000,0x0000,0x0000,0x0000,0x0000,0x0000,0x0000,0x0000,
		0x0000,0x0000,0x5202,0x8b23,0x8b23,0xa3c4,0xa3c4,0xa3c4,0x8b23,0x8b23,0x8b23,0x8b23,0x8b23,0x6242,0x6242,0x3961,0x0000,0x0000,0x0000,0x0000,0x0000,0x0000,0x0000,0x0000,0x0000,0x0000,
		0x0000,0x0000,0x5202,0x6242,0x6242,0x8b23,0x8b23,0x8b23,0x8b23,0x8b23,0x8b23,0x6242,0x6242,0x3961,0x3961,0x0000,0x0000,0x0000,0x0000,0x0000,0x0000,0x0000,0x0000,0x0000,0x0000,0x0000,
		0x0000,0x0000,0x5202,0x6242,0x6242,0x8b23,0x8b23,0x8b23,0x8b23,0x8b23,0x8b23,0x6242,0x6242,0x3961,0x3961,0x0000,0x0000,0x0000,0x0000,0x0000,0x0000,0x0000,0x0000,0x0000,0x0000,0x0000,
		0x0000,0x0000,0x0000,0x49c2,0x49c2,0x6242,0x6242,0x6242,0x6242,0x6242,0x49c2,0x3961,0x3961,0x0000,0x0000,0x0000,0x0000,0x0000,0x0000,0x0000,0x0000,0x0000,0x0000,0x0000,0x0000,0x0000,
		0x0000,0x0000,0x0000,0x0000,0x0000,0x49c2,0x3961,0x3961,0x3961,0x3961,0x3961,0x0000,0x0000,0x0000,0x0000,0x0000,0x0000,0x0000,0x0000,0x0000,0x0000,0x0000,0x0000,0x0000,0x0000,0x0000,
		0x0000,0x0000,0x0000,0x0000,0x0000,0x49c2,0x3961,0x3961,0x3961,0x3961,0x3961,0x0000,0x0000,0x0000,0x0000,0x0000,0x0000,0x0000,0x0000,0x0000,0x0000,0x0000,0x0000,0x0000,0x0000,0x0000
	},
    { //wooden stair 69
		0x0000,0x0000,0x0000,0x0000,0x0000,0x0000,0x0000,0x0000,0x0000,0x0000,0x0000,0x0000,0xb48b,0xb48b,0x0000,0x0000,0x0000,0x0000,0x0000,0x0000,0x0000,0x0000,0x0000,0x0000,0x0000,0x0000,
		0x0000,0x0000,0x0000,0x0000,0x0000,0x0000,0x0000,0x0000,0x0000,0x0000,0x9388,0x9388,0xb48b,0xac6a,0xbccc,0xbccc,0x0000,0x0000,0x0000,0x0000,0x0000,0x0000,0x0000,0x0000,0x0000,0x0000,
		0x0000,0x0000,0x0000,0x0000,0x0000,0x0000,0x0000,0x0000,0x9c09,0xac6a,0xb48b,0x9c09,0x7b06,0xb48b,0xac6a,0x9c09,0xbccc,0xbccc,0x0000,0x0000,0x0000,0x0000,0x0000,0x0000,0x0000,0x0000,
		0x0000,0x0000,0x0000,0x0000,0x0000,0x0000,0x0000,0x93c9,0x6265,0x7b06,0xb48b,0xac6a,0x9c09,0xbccc,0x7b06,0x6265,0x9c09,0xb48b,0xb48b,0xbccc,0x0000,0x0000,0x0000,0x0000,0x0000,0x0000,
		0x0000,0x0000,0x0000,0x0000,0x0000,0x0000,0x0000,0x93c9,0x8ba8,0x9c0a,0x9388,0x7b06,0xac6a,0x9c09,0x9388,0x9c09,0x7b06,0x9c09,0x9c09,0xac6a,0xbccc,0xbccc,0x0000,0x0000,0x0000,0x0000,
		0x0000,0x0000,0x0000,0x0000,0x0000,0x0000,0x0000,0x8ba8,0x93c9,0x8ba8,0x9c0a,0x9c0a,0x6265,0x6265,0xb48b,0xac6a,0xac6a,0xbccc,0x7b06,0xac6a,0xac6a,0xb48b,0xb48b,0xb48b,0x0000,0x0000,
		0x0000,0x0000,0x0000,0x0000,0x0000,0x0000,0x0000,0x7ae6,0x6285,0x93c9,0x8ba8,0x8368,0x93c9,0x93c9,0x6265,0x7b06,0xac6a,0xb48b,0xb48b,0xac6a,0x7b06,0x7b06,0x9388,0x72c7,0x5a25,0x0000,
		0x0000,0x0000,0x0000,0x0000,0x0000,0x0000,0x0000,0x93c9,0x9c0a,0x7ae6,0x7ae6,0x93c9,0x8368,0x93c9,0x9c0a,0x9c0a,0x7b06,0x9388,0x9c09,0xb48b,0xac6a,0x7307,0x7307,0x6286,0x6286,0x0000,
		0x0000,0x0000,0x0000,0x0000,0x0000,0x0000,0x0000,0x8368,0x93c9,0x9c0a,0x9c0a,0x6285,0x5204,0x8368,0x8368,0x8ba8,0x93c9,0x93c9,0x6265,0x7307,0x7307,0x6aa6,0x72c7,0x72c7,0x5a25,0x0000,
		0x0000,0x0000,0x0000,0x0000,0x0000,0x0000,0x0000,0x5204,0x8368,0x93c9,0x8368,0x9c0a,0x8368,0x6285,0x5204,0x8ba8,0x8ba8,0x8368,0x7ae6,0x72c7,0x6aa6,0x6aa6,0x72c7,0x49e4,0x3983,0x0000,
		0x0000,0x0000,0x0000,0x0000,0x0000,0x0000,0xb48b,0xb48b,0x5204,0x6285,0x8ba8,0x8ba8,0x7ae6,0x9c0a,0x9c0a,0x6285,0x5204,0x93c9,0x7ae6,0x6286,0x6286,0x49e4,0x6aa6,0x6286,0x6aa6,0x0000,
		0x0000,0x0000,0x0000,0x0000,0x6265,0x6265,0xb48b,0xb48b,0xbccc,0xb48b,0x7ae6,0x6285,0x7ae6,0x93c9,0x8ba8,0x93c9,0x8ba8,0x6285,0x5204,0x49e4,0x3983,0x72c7,0x72c7,0x72c7,0x6286,0x0000,
		0x0000,0x0000,0xac6a,0xac6a,0xac6a,0xb48b,0x7b06,0x9388,0x9c09,0xb48b,0xb48b,0xbccc,0x5204,0x5204,0x93c9,0x8ba8,0x93c9,0x8368,0x93c9,0x7307,0x6aa6,0x72c7,0x6286,0x6286,0x3983,0x0000,
		0x0000,0x93c9,0x7b06,0x7b06,0x9c09,0xb48b,0x9c09,0xbccc,0x7b06,0x6265,0x9c09,0x9c09,0xbccc,0xbccc,0x6285,0x6285,0x8ba8,0x8368,0x8ba8,0x6aa6,0x72c7,0x6aa6,0x5a25,0x49e4,0x6286,0x0000,
		0x0000,0x93c9,0x8ba8,0x9c0a,0x6265,0x6265,0xac6a,0xac6a,0x9c09,0x9c09,0x6265,0x7b06,0xac6a,0xac6a,0x9c09,0xbccc,0x6285,0x6285,0x8368,0x72c7,0x49e4,0x49e4,0x7307,0x6286,0x5a25,0x0000,
		0x0000,0x9c0a,0x93c9,0x93c9,0x93c9,0x8ba8,0x9388,0x9388,0xb48b,0x9c09,0xb48b,0xbccc,0x7b06,0x7b06,0x9c09,0x9c09,0xbccc,0xb48b,0x5204,0x3983,0x7307,0x6286,0x6286,0x72c7,0x6286,0x0000,
		0x0000,0x5204,0x5204,0x8ba8,0x8368,0x93c9,0x8368,0x9c0a,0x7b06,0x6265,0x9c09,0xac6a,0xb48b,0xb48b,0x6265,0x6265,0x9c09,0x9388,0x7307,0x6286,0x6aa6,0x6aa6,0x6286,0x3983,0x3983,0x0000,
		0x0000,0x9c0a,0x8368,0x6285,0x7ae6,0x8368,0x8368,0x8368,0x9c0a,0x9c0a,0x6265,0x6265,0x9c09,0xac6a,0xac6a,0xbccc,0x6aa6,0x7307,0x6286,0x6aa6,0x6aa6,0x49e4,0x3983,0x7307,0x7307,0x0000,
		0x0000,0x8ba8,0x8ba8,0x93c9,0x9c0a,0x6285,0x5204,0x8ba8,0x8ba8,0x8368,0x8ba8,0x9c0a,0x6265,0x6265,0x7307,0x72c7,0x72c7,0x6286,0x6286,0x49e4,0x5a25,0x6286,0x72c7,0x6aa6,0x6286,0x0000,
		0x0000,0x5204,0x8368,0x8368,0x8368,0x8368,0x8368,0x5204,0x6285,0x8ba8,0x8368,0x8368,0x7ae6,0x72c7,0x72c7,0x6aa6,0x6286,0x3983,0x3983,0x7307,0x72c7,0x6aa6,0x6286,0x6286,0x3983,0x0000,
		0x0000,0x0000,0x6285,0x6285,0x93c9,0x8ba8,0x8368,0x9c0a,0x9c0a,0x6285,0x6285,0x8368,0x8368,0x7307,0x6aa6,0x5a25,0x5a25,0x72c7,0x6286,0x72c7,0x6aa6,0x6286,0x3983,0x3983,0x0000,0x0000,
		0x0000,0x0000,0x0000,0x0000,0x5204,0x6285,0x7ae6,0x93c9,0x93c9,0x8ba8,0x9c0a,0x5204,0x5204,0x3983,0x49e4,0x7307,0x6286,0x6aa6,0x5a25,0x72c7,0x3983,0x49e4,0x0000,0x0000,0x0000,0x0000,
		0x0000,0x0000,0x0000,0x0000,0x0000,0x0000,0x7ae6,0x7ae6,0x93c9,0x8368,0x93c9,0x93c9,0x9c0a,0x7307,0x72c7,0x72c7,0x72c7,0x6286,0x5a25,0x49e4,0x0000,0x0000,0x0000,0x0000,0x0000,0x0000,
		0x0000,0x0000,0x0000,0x0000,0x0000,0x0000,0x0000,0x0000,0x6285,0x6285,0x8368,0x8368,0x8ba8,0x6aa6,0x6286,0x6aa6,0x3983,0x5a25,0x0000,0x0000,0x0000,0x0000,0x0000,0x0000,0x0000,0x0000,
		0x0000,0x0000,0x0000,0x0000,0x0000,0x0000,0x0000,0x0000,0x0000,0x0000,0x5204,0x5204,0x8368,0x6aa6,0x49e4,0x3983,0x0000,0x0000,0x0000,0x0000,0x0000,0x0000,0x0000,0x0000,0x0000,0x0000,
		0x0000,0x0000,0x0000,0x0000,0x0000,0x0000,0x0000,0x0000,0x0000,0x0000,0x0000,0x0000,0x5204,0x3983,0x0000,0x0000,0x0000,0x0000,0x0000,0x0000,0x0000,0x0000,0x0000,0x0000,0x0000,0x0000
	},
    { //cobblestone stair 70
		0x0000,0x0000,0x0000,0x0000,0x0000,0x0000,0x0000,0x0000,0x0000,0x0000,0x0000,0x0000,0x6b4d,0x6b4d,0x0000,0x0000,0x0000,0x0000,0x0000,0x0000,0x0000,0x0000,0x0000,0x0000,0x0000,0x0000,
		0x0000,0x0000,0x0000,0x0000,0x0000,0x0000,0x0000,0x0000,0x0000,0x0000,0x630c,0x630c,0xa534,0xb596,0xa534,0xa534,0x0000,0x0000,0x0000,0x0000,0x0000,0x0000,0x0000,0x0000,0x0000,0x0000,
		0x0000,0x0000,0x0000,0x0000,0x0000,0x0000,0x0000,0x0000,0xa534,0xb596,0x6b4d,0x630c,0x8430,0xa534,0x6b4d,0x528a,0x630c,0x630c,0x0000,0x0000,0x0000,0x0000,0x0000,0x0000,0x0000,0x0000,
		0x0000,0x0000,0x0000,0x0000,0x0000,0x0000,0x0000,0x5acb,0x8430,0x6b4d,0x8430,0xb596,0x8430,0xa534,0x630c,0x8430,0x8430,0xb596,0xb596,0xa534,0x0000,0x0000,0x0000,0x0000,0x0000,0x0000,
		0x0000,0x0000,0x0000,0x0000,0x0000,0x0000,0x0000,0x4a6a,0x4a6a,0x8c51,0x8430,0x8430,0x8430,0x6b4d,0x630c,0x8430,0x8430,0xa534,0xa534,0x8430,0x630c,0x630c,0x0000,0x0000,0x0000,0x0000,
		0x0000,0x0000,0x0000,0x0000,0x0000,0x0000,0x0000,0x4a6a,0x8c51,0x6b6e,0x4208,0x4a6a,0x630c,0x630c,0x630c,0x8430,0x8430,0xb596,0x8430,0x630c,0x528a,0x8430,0xa534,0xa534,0x0000,0x0000,
		0x0000,0x0000,0x0000,0x0000,0x0000,0x0000,0x0000,0x4a6a,0x4a6a,0x8c51,0x5acb,0x4208,0x94b2,0x94b2,0xb596,0xa534,0xa534,0xb596,0xa534,0xa534,0x630c,0x630c,0x6b4d,0x632c,0x528a,0x0000,
		0x0000,0x0000,0x0000,0x0000,0x0000,0x0000,0x0000,0x4208,0x5acb,0x5acb,0x4a6a,0x4a6a,0x6b6e,0x8c51,0x6b6e,0x4a6a,0x6b4d,0x8430,0x630c,0x6b4d,0x8430,0x39c7,0x6b6e,0x4208,0x528a,0x0000,
		0x0000,0x0000,0x0000,0x0000,0x0000,0x0000,0x0000,0x8c51,0x5acb,0x6b6e,0x94b2,0x4a6a,0x5acb,0x6b6e,0x5acb,0x4208,0x4a6a,0x8c51,0x8430,0x632c,0x528a,0x3186,0x528a,0x528a,0x4208,0x0000,
		0x0000,0x0000,0x0000,0x0000,0x0000,0x0000,0x0000,0x6b6e,0x6b6e,0x6b6e,0x6b6e,0x8c51,0x6b6e,0x6b6e,0x4a6a,0x4a6a,0x4208,0x5acb,0x6b6e,0x528a,0x528a,0x39c7,0x39c7,0x39c7,0x3186,0x0000,
		0x0000,0x0000,0x0000,0x0000,0x0000,0x0000,0x630c,0x6b4d,0x6b6e,0x5acb,0x8c51,0x6b6e,0x4a6a,0x4a6a,0x94b2,0x6b6e,0x8c51,0x6b6e,0x5acb,0x632c,0x4208,0x528a,0x632c,0x528a,0x528a,0x0000,
		0x0000,0x0000,0x0000,0x0000,0x8430,0x8430,0x6b4d,0xa534,0xb596,0xa534,0x6b6e,0x6b6e,0x5acb,0x4a6a,0x6b6e,0x8c51,0x8c51,0x4a6a,0x4208,0x4208,0x39c7,0x632c,0x528a,0x4208,0x6b6e,0x0000,
		0x0000,0x0000,0xa534,0x630c,0xb596,0xb596,0x6b4d,0x630c,0x8430,0x6b4d,0x8430,0x630c,0x4a6a,0x6b6e,0x5acb,0x8c51,0x8c51,0x6b6e,0x4a6a,0x39c7,0x528a,0x6b6e,0x4208,0x39c7,0x528a,0x0000,
		0x0000,0x5acb,0x8430,0x630c,0x8430,0x8430,0x8430,0x6b4d,0x6b4d,0x8430,0x630c,0x6b4d,0xb596,0xb596,0x8c51,0x4a6a,0x6b6e,0x4a6a,0x6b6e,0x528a,0x4208,0x632c,0x528a,0x39c7,0x4208,0x0000,
		0x0000,0x4a6a,0x94b2,0x94b2,0x6b4d,0x6b4d,0x6b4d,0xa534,0x8430,0xa534,0xa534,0x630c,0x6b4d,0x630c,0x6b4d,0x8430,0x5acb,0x4a6a,0x94b2,0x39c7,0x632c,0x39c7,0x39c7,0x632c,0x39c7,0x0000,
		0x0000,0x6b6e,0x5acb,0x8c51,0x5acb,0x5acb,0x6b4d,0x630c,0x8430,0x6b4d,0x8430,0x6b4d,0x528a,0x528a,0x528a,0x8430,0x630c,0x528a,0x6b6e,0x6b6e,0x528a,0x4208,0x528a,0x632c,0x6b6e,0x0000,
		0x0000,0x6b6e,0x5acb,0x6b6e,0x6b6e,0x6b6e,0x5acb,0x94b2,0x630c,0x630c,0x630c,0x6b4d,0x630c,0x8430,0xb596,0xb596,0xb596,0x630c,0x528a,0x528a,0x39c7,0x39c7,0x632c,0x6b6e,0x528a,0x0000,
		0x0000,0x5acb,0x6b6e,0x5acb,0x4a6a,0x4a6a,0x4208,0x6b6e,0x6b6e,0x6b6e,0xb596,0xa534,0x8430,0x8430,0x6b4d,0x8430,0x4208,0x39c7,0x4208,0x4208,0x4208,0x3186,0x6b6e,0x4208,0x528a,0x0000,
		0x0000,0x8c51,0x94b2,0x94b2,0x5acb,0x5acb,0x94b2,0x4a6a,0x5acb,0x5acb,0x4a6a,0x4a6a,0x6b4d,0x6b4d,0x6b6e,0x528a,0x4208,0x39c7,0x3186,0x39c7,0x39c7,0x39c7,0x528a,0x528a,0x39c7,0x0000,
		0x0000,0x4a6a,0x8c51,0x6b6e,0x6b6e,0x4a6a,0x8c51,0x8c51,0x4a6a,0x4a6a,0x4208,0x6b6e,0x4a6a,0x39c7,0x632c,0x4208,0x528a,0x528a,0x6b6e,0x632c,0x528a,0x4208,0x528a,0x39c7,0x4208,0x0000,
		0x0000,0x0000,0x6b6e,0x4a6a,0x6b6e,0x5acb,0x6b6e,0x6b6e,0x8c51,0x4208,0x6b6e,0x8c51,0x94b2,0x528a,0x528a,0x39c7,0x39c7,0x6b6e,0x632c,0x528a,0x4208,0x39c7,0x632c,0x528a,0x0000,0x0000,
		0x0000,0x0000,0x0000,0x0000,0x5acb,0x6b6e,0x5acb,0x6b6e,0x6b6e,0x5acb,0x6b6e,0x94b2,0x6b6e,0x528a,0x4208,0x632c,0x528a,0x632c,0x4208,0x528a,0x39c7,0x528a,0x0000,0x0000,0x0000,0x0000,
		0x0000,0x0000,0x0000,0x0000,0x0000,0x0000,0x4a6a,0x5acb,0x6b6e,0x4a6a,0x4a6a,0x6b6e,0x6b6e,0x4208,0x6b6e,0x528a,0x528a,0x39c7,0x39c7,0x39c7,0x0000,0x0000,0x0000,0x0000,0x0000,0x0000,
		0x0000,0x0000,0x0000,0x0000,0x0000,0x0000,0x0000,0x0000,0x4a6a,0x6b6e,0x8c51,0x6b6e,0x5acb,0x39c7,0x528a,0x4208,0x4208,0x4208,0x0000,0x0000,0x0000,0x0000,0x0000,0x0000,0x0000,0x0000,
		0x0000,0x0000,0x0000,0x0000,0x0000,0x0000,0x0000,0x0000,0x0000,0x0000,0x94b2,0x8c51,0x4a6a,0x632c,0x39c7,0x39c7,0x0000,0x0000,0x0000,0x0000,0x0000,0x0000,0x0000,0x0000,0x0000,0x0000,
		0x0000,0x0000,0x0000,0x0000,0x0000,0x0000,0x0000,0x0000,0x0000,0x0000,0x0000,0x0000,0x5acb,0x39c7,0x0000,0x0000,0x0000,0x0000,0x0000,0x0000,0x0000,0x0000,0x0000,0x0000,0x0000,0x0000
	},
    { //stone stair 71
		0x0000,0x0000,0x0000,0x0000,0x0000,0x0000,0x0000,0x0000,0x0000,0x0000,0x0000,0x0000,0x8c71,0x8c71,0x0000,0x0000,0x0000,0x0000,0x0000,0x0000,0x0000,0x0000,0x0000,0x0000,0x0000,0x0000,
		0x0000,0x0000,0x0000,0x0000,0x0000,0x0000,0x0000,0x0000,0x0000,0x0000,0x7bef,0x7bef,0x738e,0x738e,0x8c71,0x8c71,0x0000,0x0000,0x0000,0x0000,0x0000,0x0000,0x0000,0x0000,0x0000,0x0000,
		0x0000,0x0000,0x0000,0x0000,0x0000,0x0000,0x0000,0x0000,0x738e,0x7bef,0x7bef,0x7bef,0x8c71,0x632c,0x738e,0x738e,0x738e,0x738e,0x0000,0x0000,0x0000,0x0000,0x0000,0x0000,0x0000,0x0000,
		0x0000,0x0000,0x0000,0x0000,0x0000,0x0000,0x0000,0x738e,0x738e,0x632c,0x7bef,0x7bef,0x7bef,0x738e,0x8c71,0x738e,0x632c,0x7bef,0x738e,0x632c,0x0000,0x0000,0x0000,0x0000,0x0000,0x0000,
		0x0000,0x0000,0x0000,0x0000,0x0000,0x0000,0x0000,0x632c,0x738e,0x738e,0x738e,0x738e,0x8c71,0x7bef,0x738e,0x738e,0x8c71,0x738e,0x738e,0x7bef,0x738e,0x738e,0x0000,0x0000,0x0000,0x0000,
		0x0000,0x0000,0x0000,0x0000,0x0000,0x0000,0x0000,0x632c,0x5aeb,0x632c,0x632c,0x5aeb,0x738e,0x738e,0x8c71,0x738e,0x738e,0x8c71,0x7bef,0x7bef,0x7bef,0x738e,0x7bef,0x7bef,0x0000,0x0000,
		0x0000,0x0000,0x0000,0x0000,0x0000,0x0000,0x0000,0x632c,0x632c,0x528a,0x5aeb,0x632c,0x632c,0x5aeb,0x7bef,0x738e,0x738e,0x632c,0x738e,0x738e,0x738e,0x7bef,0x7bef,0x4a69,0x4a69,0x0000,
		0x0000,0x0000,0x0000,0x0000,0x0000,0x0000,0x0000,0x5aeb,0x632c,0x738e,0x632c,0x5aeb,0x528a,0x632c,0x5aeb,0x5aeb,0x738e,0x7bef,0x7bef,0x738e,0x8c71,0x4228,0x4a69,0x4a69,0x4228,0x0000,
		0x0000,0x0000,0x0000,0x0000,0x0000,0x0000,0x0000,0x5aeb,0x738e,0x5aeb,0x5aeb,0x738e,0x632c,0x5aeb,0x5aeb,0x528a,0x632c,0x632c,0x7bef,0x39e7,0x4228,0x39e7,0x4228,0x4a69,0x4a69,0x0000,
		0x0000,0x0000,0x0000,0x0000,0x0000,0x0000,0x0000,0x5aeb,0x632c,0x738e,0x632c,0x5aeb,0x5aeb,0x738e,0x632c,0x632c,0x632c,0x632c,0x632c,0x4a69,0x4a69,0x4a69,0x4a69,0x4228,0x4228,0x0000,
		0x0000,0x0000,0x0000,0x0000,0x0000,0x0000,0x7bef,0x8c71,0x5aeb,0x528a,0x738e,0x738e,0x632c,0x632c,0x738e,0x632c,0x632c,0x632c,0x632c,0x4228,0x4228,0x4a69,0x4228,0x4a69,0x52aa,0x0000,
		0x0000,0x0000,0x0000,0x0000,0x7bef,0x7bef,0x7bef,0x8c71,0x8c71,0x7bef,0x5aeb,0x528a,0x738e,0x738e,0x5aeb,0x738e,0x738e,0x5aeb,0x5aeb,0x52aa,0x4a69,0x52aa,0x39e7,0x4228,0x4a69,0x0000,
		0x0000,0x0000,0x7bef,0x8c71,0x8c71,0x738e,0x7bef,0x7bef,0x738e,0x7bef,0x7bef,0x7bef,0x5aeb,0x632c,0x5aeb,0x5aeb,0x5aeb,0x632c,0x632c,0x52aa,0x4228,0x39e7,0x4a69,0x4a69,0x4a69,0x0000,
		0x0000,0x738e,0x7bef,0x7bef,0x738e,0x738e,0x738e,0x7bef,0x8c71,0x8c71,0x632c,0x8c71,0x8c71,0x8c71,0x5aeb,0x5aeb,0x632c,0x632c,0x738e,0x4228,0x4228,0x4228,0x4a69,0x4a69,0x4228,0x0000,
		0x0000,0x632c,0x632c,0x738e,0x7bef,0x7bef,0x7bef,0x7bef,0x738e,0x738e,0x7bef,0x7bef,0x7bef,0x7bef,0x8c71,0x7bef,0x5aeb,0x632c,0x632c,0x4228,0x4228,0x4228,0x4a69,0x52aa,0x4a69,0x0000,
		0x0000,0x528a,0x632c,0x738e,0x632c,0x632c,0x738e,0x738e,0x7bef,0x738e,0x738e,0x7bef,0x7bef,0x7bef,0x7bef,0x8c71,0x7bef,0x7bef,0x632c,0x4a69,0x4a69,0x52aa,0x52aa,0x4228,0x4228,0x0000,
		0x0000,0x632c,0x632c,0x5aeb,0x5aeb,0x632c,0x738e,0x738e,0x8c71,0x8c71,0x7bef,0x7bef,0x738e,0x738e,0x8c71,0x7bef,0x738e,0x7bef,0x52aa,0x4a69,0x4a69,0x4a69,0x4228,0x4a69,0x52aa,0x0000,
		0x0000,0x632c,0x5aeb,0x632c,0x632c,0x5aeb,0x528a,0x738e,0x632c,0x632c,0x7bef,0x738e,0x8c71,0x738e,0x8c71,0x738e,0x52aa,0x52aa,0x52aa,0x4a69,0x4228,0x4a69,0x52aa,0x39e7,0x4228,0x0000,
		0x0000,0x632c,0x738e,0x632c,0x632c,0x738e,0x632c,0x5aeb,0x632c,0x738e,0x738e,0x632c,0x7bef,0x7bef,0x52aa,0x4a69,0x4a69,0x39e7,0x39e7,0x4a69,0x4a69,0x39e7,0x4228,0x4228,0x52aa,0x0000,
		0x0000,0x632c,0x5aeb,0x5aeb,0x5aeb,0x632c,0x5aeb,0x632c,0x632c,0x632c,0x632c,0x738e,0x632c,0x4a69,0x52aa,0x4a69,0x4228,0x52aa,0x4a69,0x4a69,0x4a69,0x4a69,0x52aa,0x52aa,0x4a69,0x0000,
		0x0000,0x0000,0x632c,0x632c,0x632c,0x632c,0x5aeb,0x5aeb,0x632c,0x632c,0x738e,0x5aeb,0x5aeb,0x39e7,0x4228,0x4a69,0x4a69,0x4a69,0x4228,0x4228,0x4a69,0x4a69,0x4228,0x4a69,0x0000,0x0000,
		0x0000,0x0000,0x0000,0x0000,0x632c,0x632c,0x632c,0x632c,0x5aeb,0x632c,0x528a,0x738e,0x738e,0x4a69,0x4a69,0x4228,0x4228,0x4a69,0x4a69,0x4a69,0x52aa,0x4a69,0x0000,0x0000,0x0000,0x0000,
		0x0000,0x0000,0x0000,0x0000,0x0000,0x0000,0x5aeb,0x632c,0x632c,0x632c,0x5aeb,0x5aeb,0x5aeb,0x4a69,0x4a69,0x4228,0x4a69,0x4a69,0x4228,0x52aa,0x0000,0x0000,0x0000,0x0000,0x0000,0x0000,
		0x0000,0x0000,0x0000,0x0000,0x0000,0x0000,0x0000,0x0000,0x738e,0x632c,0x738e,0x738e,0x738e,0x52aa,0x4228,0x4a69,0x4a69,0x4228,0x0000,0x0000,0x0000,0x0000,0x0000,0x0000,0x0000,0x0000,
		0x0000,0x0000,0x0000,0x0000,0x0000,0x0000,0x0000,0x0000,0x0000,0x0000,0x632c,0x5aeb,0x738e,0x4a69,0x4a69,0x4a69,0x0000,0x0000,0x0000,0x0000,0x0000,0x0000,0x0000,0x0000,0x0000,0x0000,
		0x0000,0x0000,0x0000,0x0000,0x0000,0x0000,0x0000,0x0000,0x0000,0x0000,0x0000,0x0000,0x632c,0x4a69,0x0000,0x0000,0x0000,0x0000,0x0000,0x0000,0x0000,0x0000,0x0000,0x0000,0x0000,0x0000
	},
    { //brick stair 72
		0x0000,0x0000,0x0000,0x0000,0x0000,0x0000,0x0000,0x0000,0x0000,0x0000,0x0000,0x0000,0xab09,0xab09,0x0000,0x0000,0x0000,0x0000,0x0000,0x0000,0x0000,0x0000,0x0000,0x0000,0x0000,0x0000,
		0x0000,0x0000,0x0000,0x0000,0x0000,0x0000,0x0000,0x0000,0x0000,0x0000,0x8b6c,0x8b6c,0x71e6,0x8a67,0x8b6c,0x8b6c,0x0000,0x0000,0x0000,0x0000,0x0000,0x0000,0x0000,0x0000,0x0000,0x0000,
		0x0000,0x0000,0x0000,0x0000,0x0000,0x0000,0x0000,0x0000,0x7a26,0x7a26,0x9aa8,0xab09,0xa42f,0xa491,0x71e6,0x8a67,0xc32a,0xc32a,0x0000,0x0000,0x0000,0x0000,0x0000,0x0000,0x0000,0x0000,
		0x0000,0x0000,0x0000,0x0000,0x0000,0x0000,0x0000,0x9288,0x8b6c,0x8b6c,0x7a26,0x9aa8,0x9aa8,0xab09,0x8b6c,0x8b6c,0x8a67,0x9aa8,0xab09,0xab09,0x0000,0x0000,0x0000,0x0000,0x0000,0x0000,
		0x0000,0x0000,0x0000,0x0000,0x0000,0x0000,0x0000,0x7a26,0x9288,0x72ca,0x8b6c,0xa42f,0x7a26,0x7a26,0xa42f,0xa42f,0x8b6c,0x71e6,0x71e6,0x8a67,0xa42f,0xa42f,0x0000,0x0000,0x0000,0x0000,
		0x0000,0x0000,0x0000,0x0000,0x0000,0x0000,0x0000,0x61c5,0x59a5,0x836c,0xa2a8,0xa2a8,0xa491,0xa491,0x71e6,0x8a67,0x8a67,0xab09,0xa491,0xa42f,0x71e6,0x9aa8,0xab09,0xab09,0x0000,0x0000,
		0x0000,0x0000,0x0000,0x0000,0x0000,0x0000,0x0000,0x72ca,0x72ca,0x8bce,0x59a5,0x7206,0x7a26,0x9288,0xa42f,0x8b6c,0x8a67,0x8a67,0x8a67,0xab09,0x8b6c,0x8b6c,0x7a26,0x69e6,0x69e6,0x0000,
		0x0000,0x0000,0x0000,0x0000,0x0000,0x0000,0x0000,0xa2a8,0xa2a8,0x8bce,0x836c,0x59a5,0x7206,0x7a26,0x7a26,0x836c,0x8b6c,0x8b6c,0x71e6,0x7a26,0xa42f,0x6289,0x69e6,0x59a5,0x59a5,0x0000,
		0x0000,0x0000,0x0000,0x0000,0x0000,0x0000,0x0000,0x61c5,0x7a26,0x9288,0x7a26,0x72ca,0x72ca,0x61c5,0x59a5,0x836c,0x61c5,0x9288,0xa491,0x69e6,0x59a5,0x6289,0x59a5,0x4944,0x4944,0x0000,
		0x0000,0x0000,0x0000,0x0000,0x0000,0x0000,0x0000,0x836c,0x7206,0x61c5,0x7a26,0x9288,0x836c,0x72ca,0x836c,0x836c,0x59a5,0x7a26,0x9288,0x59a5,0x5184,0x6289,0x5184,0x5208,0x5208,0x0000,
		0x0000,0x0000,0x0000,0x0000,0x0000,0x0000,0x9aa8,0xab09,0x72ca,0x72ca,0x61c5,0x61c5,0x836c,0xa2a8,0x9288,0x8bce,0x836c,0x61c5,0x61c5,0x4123,0x4123,0x62ca,0x69e6,0x59a5,0x6289,0x0000,
		0x0000,0x0000,0x0000,0x0000,0x8b6c,0x8b6c,0x7a26,0x8a67,0x9aa8,0xa42f,0x72ca,0x836c,0x8bce,0x59a5,0x7206,0x9288,0x7a26,0x72ca,0x72ca,0x6289,0x6289,0x69e6,0x5184,0x4944,0x6289,0x0000,
		0x0000,0x0000,0x71e6,0x7a26,0x9aa8,0xab09,0xa42f,0xa491,0x7a26,0x8a67,0x9aa8,0xc32a,0x8bce,0x836c,0x61c5,0x7206,0x7206,0x7a26,0x72ca,0x69e6,0x5184,0x5184,0x4944,0x4123,0x62ca,0x0000,
		0x0000,0x9288,0x8b6c,0x8b6c,0x7a26,0x9aa8,0x9aa8,0x9aa8,0x8b6c,0x8b6c,0x8a67,0x9aa8,0x9aa8,0x9aa8,0x72ca,0x72ca,0x7206,0x59a5,0x836c,0x5184,0x4944,0x5184,0x5208,0x6289,0x69e6,0x0000,
		0x0000,0x7a26,0x7a26,0x7a26,0x8b6c,0x8b6c,0x7a26,0x8a67,0xa42f,0x8b6c,0x8b6c,0x8b6c,0x7a26,0x7a26,0xa42f,0xa42f,0x72ca,0x836c,0x836c,0x4123,0x5208,0x5208,0x7a06,0x59a5,0x59a5,0x0000,
		0x0000,0x61c5,0x61c5,0x7206,0x7206,0xa2a8,0xa42f,0xa491,0x71e6,0x8a67,0x9aa8,0xab09,0xa491,0xa491,0x7a26,0x9aa8,0xc32a,0xab09,0x8bce,0x6289,0x59a5,0x6289,0x59a5,0x5184,0x5184,0x0000,
		0x0000,0x72ca,0x836c,0x59a5,0x61c5,0x7a26,0x7a26,0x7a26,0xa42f,0x8b6c,0x7a26,0x9aa8,0x9aa8,0xab09,0x8b6c,0x8b6c,0x8a67,0x9aa8,0x69e6,0x59a5,0x4944,0x62ca,0x5184,0x5208,0x5208,0x0000,
		0x0000,0x7a26,0x9288,0x836c,0x836c,0x61c5,0x7206,0x7a26,0x9288,0x836c,0x8b6c,0xa42f,0x7a26,0x7a26,0xa42f,0xa42f,0x7a06,0x7a06,0x59a5,0x4944,0x4123,0x62ca,0x5208,0x59a5,0x6289,0x0000,
		0x0000,0x59a5,0x7a26,0x9288,0x7a26,0x72ca,0x72ca,0x61c5,0x61c5,0x836c,0x7206,0xa2a8,0xa491,0xa491,0x59a5,0x6289,0x5184,0x5184,0x5184,0x5208,0x6289,0x69e6,0x69e6,0x4944,0x62ca,0x0000,
		0x0000,0x836c,0x61c5,0x61c5,0x7a26,0x7a26,0x72ca,0x72ca,0x72ca,0x8bce,0x61c5,0x7a26,0x7a26,0x59a5,0x5184,0x6289,0x4944,0x5208,0x5208,0x69e6,0x59a5,0x59a5,0x4944,0x4123,0x62ca,0x0000,
		0x0000,0x0000,0x72ca,0x72ca,0x61c5,0x61c5,0x836c,0xa2a8,0x9288,0x8bce,0x836c,0x7206,0x7206,0x4944,0x4123,0x62ca,0x6289,0x59a5,0x5208,0x59a5,0x4944,0x4944,0x6289,0x62ca,0x0000,0x0000,
		0x0000,0x0000,0x0000,0x0000,0x72ca,0x72ca,0x8bce,0x59a5,0x7a26,0x7a26,0x7a26,0x72ca,0x72ca,0x5208,0x6289,0x69e6,0x59a5,0x5184,0x62ca,0x4944,0x5208,0x5208,0x0000,0x0000,0x0000,0x0000,
		0x0000,0x0000,0x0000,0x0000,0x0000,0x0000,0x8bce,0x836c,0x61c5,0x61c5,0x7a26,0x9288,0x836c,0x59a5,0x69e6,0x59a5,0x4944,0x4123,0x62ca,0x6289,0x0000,0x0000,0x0000,0x0000,0x0000,0x0000,
		0x0000,0x0000,0x0000,0x0000,0x0000,0x0000,0x0000,0x0000,0x836c,0x72ca,0x61c5,0x61c5,0x836c,0x4944,0x4944,0x4944,0x5208,0x6289,0x0000,0x0000,0x0000,0x0000,0x0000,0x0000,0x0000,0x0000,
		0x0000,0x0000,0x0000,0x0000,0x0000,0x0000,0x0000,0x0000,0x0000,0x0000,0x72ca,0x836c,0x8bce,0x4123,0x5208,0x5208,0x0000,0x0000,0x0000,0x0000,0x0000,0x0000,0x0000,0x0000,0x0000,0x0000,
		0x0000,0x0000,0x0000,0x0000,0x0000,0x0000,0x0000,0x0000,0x0000,0x0000,0x0000,0x0000,0x8bce,0x6289,0x0000,0x0000,0x0000,0x0000,0x0000,0x0000,0x0000,0x0000,0x0000,0x0000,0x0000,0x0000
	},
    { //wooden slab 73
		0x0000,0x0000,0x0000,0x0000,0x0000,0x0000,0x0000,0x0000,0x0000,0x0000,0x0000,0x0000,0x0000,0x0000,0x0000,0x0000,0x0000,0x0000,0x0000,0x0000,0x0000,0x0000,0x0000,0x0000,0x0000,0x0000,
		0x0000,0x0000,0x0000,0x0000,0x0000,0x0000,0x0000,0x0000,0x0000,0x0000,0x0000,0x0000,0x0000,0x0000,0x0000,0x0000,0x0000,0x0000,0x0000,0x0000,0x0000,0x0000,0x0000,0x0000,0x0000,0x0000,
		0x0000,0x0000,0x0000,0x0000,0x0000,0x0000,0x0000,0x0000,0x0000,0x0000,0x0000,0x0000,0x0000,0x0000,0x0000,0x0000,0x0000,0x0000,0x0000,0x0000,0x0000,0x0000,0x0000,0x0000,0x0000,0x0000,
		0x0000,0x0000,0x0000,0x0000,0x0000,0x0000,0x0000,0x0000,0x0000,0x0000,0x0000,0x0000,0x0000,0x0000,0x0000,0x0000,0x0000,0x0000,0x0000,0x0000,0x0000,0x0000,0x0000,0x0000,0x0000,0x0000,
		0x0000,0x0000,0x0000,0x0000,0x0000,0x0000,0x0000,0x0000,0x0000,0x0000,0x0000,0x0000,0x0000,0x0000,0x0000,0x0000,0x0000,0x0000,0x0000,0x0000,0x0000,0x0000,0x0000,0x0000,0x0000,0x0000,
		0x0000,0x0000,0x0000,0x0000,0x0000,0x0000,0x0000,0x0000,0x0000,0x0000,0x0000,0x0000,0x0000,0x0000,0x0000,0x0000,0x0000,0x0000,0x0000,0x0000,0x0000,0x0000,0x0000,0x0000,0x0000,0x0000,
		0x0000,0x0000,0x0000,0x0000,0x0000,0x0000,0x0000,0x0000,0x0000,0x0000,0x0000,0x0000,0x0000,0x0000,0x0000,0x0000,0x0000,0x0000,0x0000,0x0000,0x0000,0x0000,0x0000,0x0000,0x0000,0x0000,
		0x0000,0x0000,0x0000,0x0000,0x0000,0x0000,0x0000,0x0000,0x0000,0x0000,0x0000,0x0000,0xb48b,0xb48b,0x0000,0x0000,0x0000,0x0000,0x0000,0x0000,0x0000,0x0000,0x0000,0x0000,0x0000,0x0000,
		0x0000,0x0000,0x0000,0x0000,0x0000,0x0000,0x0000,0x0000,0x0000,0x0000,0x9388,0xac6a,0xb48b,0xac6a,0xb48b,0xbccc,0x0000,0x0000,0x0000,0x0000,0x0000,0x0000,0x0000,0x0000,0x0000,0x0000,
		0x0000,0x0000,0x0000,0x0000,0x0000,0x0000,0x0000,0x0000,0x9c09,0xac6a,0xbccc,0x9c09,0x7b06,0xb48b,0xac6a,0x9388,0xbccc,0xbccc,0x0000,0x0000,0x0000,0x0000,0x0000,0x0000,0x0000,0x0000,
		0x0000,0x0000,0x0000,0x0000,0x0000,0x0000,0xb48b,0xb48b,0x6265,0x7b06,0xac6a,0xac6a,0xbccc,0xbccc,0x7b06,0xac6a,0x9c09,0xb48b,0xb48b,0xbccc,0x0000,0x0000,0x0000,0x0000,0x0000,0x0000,
		0x0000,0x0000,0x0000,0x0000,0x6265,0x6265,0xb48b,0xb48b,0xbccc,0xb48b,0x9388,0xac6a,0xac6a,0x9c09,0xbccc,0x9c09,0x7b06,0x9c09,0x9c09,0xac6a,0xbccc,0xbccc,0x0000,0x0000,0x0000,0x0000,
		0x0000,0x0000,0xac6a,0xac6a,0xac6a,0xb48b,0x7b06,0x9388,0x9c09,0xb48b,0xb48b,0xbccc,0x6265,0x6265,0xb48b,0xac6a,0xbccc,0xbccc,0x7b06,0xac6a,0xac6a,0xb48b,0xbccc,0xb48b,0x0000,0x0000,
		0x0000,0x93c9,0x7b06,0x7b06,0x9c09,0xb48b,0x9c09,0xbccc,0x7b06,0x6265,0x9c09,0x9c09,0xbccc,0xbccc,0x6265,0xb48b,0xac6a,0xb48b,0xac6a,0xac6a,0x6265,0xb48b,0x9388,0x9c09,0x6286,0x0000,
		0x0000,0x93c9,0x8ba8,0x9c0a,0x6265,0x6265,0xac6a,0xac6a,0x9c09,0x9c09,0x6265,0x7b06,0xac6a,0xac6a,0x9c09,0xbccc,0x7b06,0x9388,0x9c09,0xb48b,0xb48b,0xb48b,0x7307,0x6286,0x5a25,0x0000,
		0x0000,0x9c0a,0x93c9,0x93c9,0x93c9,0x8ba8,0x9388,0x9388,0xb48b,0x9c09,0xb48b,0xbccc,0x7b06,0x7b06,0x9c09,0x9c09,0xbccc,0xb48b,0x6265,0x9c09,0x7307,0x6286,0x6286,0x72c7,0x6286,0x0000,
		0x0000,0x5204,0x5204,0x8ba8,0x8368,0x93c9,0x8368,0x9c0a,0x7b06,0x6265,0x9c09,0xac6a,0xb48b,0xb48b,0x6265,0x6265,0x9c09,0x9388,0x7307,0x6286,0x6aa6,0x6aa6,0x6286,0x3983,0x3983,0x0000,
		0x0000,0x9c0a,0x8368,0x6285,0x7ae6,0x8368,0x8368,0x8368,0x9c0a,0x9c0a,0x6265,0x6265,0x9c09,0xac6a,0xac6a,0xbccc,0x6aa6,0x7307,0x6286,0x6aa6,0x6aa6,0x49e4,0x3983,0x7307,0x7307,0x0000,
		0x0000,0x8ba8,0x8ba8,0x93c9,0x9c0a,0x6285,0x5204,0x8ba8,0x8ba8,0x8368,0x8ba8,0x9c0a,0x6265,0x6265,0x7307,0x72c7,0x72c7,0x6286,0x6286,0x49e4,0x5a25,0x6286,0x72c7,0x6aa6,0x6286,0x0000,
		0x0000,0x5204,0x8368,0x8368,0x8368,0x8368,0x8368,0x5204,0x6285,0x8ba8,0x8368,0x8368,0x7ae6,0x72c7,0x72c7,0x6aa6,0x6286,0x3983,0x3983,0x7307,0x72c7,0x6aa6,0x6286,0x6286,0x3983,0x0000,
		0x0000,0x0000,0x6285,0x6285,0x93c9,0x8ba8,0x8368,0x9c0a,0x9c0a,0x6285,0x6285,0x8368,0x8368,0x7307,0x6aa6,0x5a25,0x5a25,0x72c7,0x6286,0x72c7,0x6aa6,0x6286,0x3983,0x3983,0x0000,0x0000,
		0x0000,0x0000,0x0000,0x0000,0x5204,0x6285,0x7ae6,0x93c9,0x93c9,0x8ba8,0x9c0a,0x5204,0x5204,0x3983,0x49e4,0x7307,0x6286,0x6aa6,0x5a25,0x72c7,0x3983,0x49e4,0x0000,0x0000,0x0000,0x0000,
		0x0000,0x0000,0x0000,0x0000,0x0000,0x0000,0x7ae6,0x7ae6,0x93c9,0x8368,0x93c9,0x93c9,0x9c0a,0x7307,0x72c7,0x72c7,0x72c7,0x6286,0x5a25,0x49e4,0x0000,0x0000,0x0000,0x0000,0x0000,0x0000,
		0x0000,0x0000,0x0000,0x0000,0x0000,0x0000,0x0000,0x0000,0x6285,0x6285,0x8368,0x8368,0x8ba8,0x6aa6,0x6286,0x6aa6,0x3983,0x5a25,0x0000,0x0000,0x0000,0x0000,0x0000,0x0000,0x0000,0x0000,
		0x0000,0x0000,0x0000,0x0000,0x0000,0x0000,0x0000,0x0000,0x0000,0x0000,0x5204,0x5204,0x8368,0x6aa6,0x49e4,0x3983,0x0000,0x0000,0x0000,0x0000,0x0000,0x0000,0x0000,0x0000,0x0000,0x0000,
		0x0000,0x0000,0x0000,0x0000,0x0000,0x0000,0x0000,0x0000,0x0000,0x0000,0x0000,0x0000,0x5204,0x3983,0x0000,0x0000,0x0000,0x0000,0x0000,0x0000,0x0000,0x0000,0x0000,0x0000,0x0000,0x0000
	},
    { //cobblestone slab 74
		0x0000,0x0000,0x0000,0x0000,0x0000,0x0000,0x0000,0x0000,0x0000,0x0000,0x0000,0x0000,0x0000,0x0000,0x0000,0x0000,0x0000,0x0000,0x0000,0x0000,0x0000,0x0000,0x0000,0x0000,0x0000,0x0000,
		0x0000,0x0000,0x0000,0x0000,0x0000,0x0000,0x0000,0x0000,0x0000,0x0000,0x0000,0x0000,0x0000,0x0000,0x0000,0x0000,0x0000,0x0000,0x0000,0x0000,0x0000,0x0000,0x0000,0x0000,0x0000,0x0000,
		0x0000,0x0000,0x0000,0x0000,0x0000,0x0000,0x0000,0x0000,0x0000,0x0000,0x0000,0x0000,0x0000,0x0000,0x0000,0x0000,0x0000,0x0000,0x0000,0x0000,0x0000,0x0000,0x0000,0x0000,0x0000,0x0000,
		0x0000,0x0000,0x0000,0x0000,0x0000,0x0000,0x0000,0x0000,0x0000,0x0000,0x0000,0x0000,0x0000,0x0000,0x0000,0x0000,0x0000,0x0000,0x0000,0x0000,0x0000,0x0000,0x0000,0x0000,0x0000,0x0000,
		0x0000,0x0000,0x0000,0x0000,0x0000,0x0000,0x0000,0x0000,0x0000,0x0000,0x0000,0x0000,0x0000,0x0000,0x0000,0x0000,0x0000,0x0000,0x0000,0x0000,0x0000,0x0000,0x0000,0x0000,0x0000,0x0000,
		0x0000,0x0000,0x0000,0x0000,0x0000,0x0000,0x0000,0x0000,0x0000,0x0000,0x0000,0x0000,0x0000,0x0000,0x0000,0x0000,0x0000,0x0000,0x0000,0x0000,0x0000,0x0000,0x0000,0x0000,0x0000,0x0000,
		0x0000,0x0000,0x0000,0x0000,0x0000,0x0000,0x0000,0x0000,0x0000,0x0000,0x0000,0x0000,0x0000,0x0000,0x0000,0x0000,0x0000,0x0000,0x0000,0x0000,0x0000,0x0000,0x0000,0x0000,0x0000,0x0000,
		0x0000,0x0000,0x0000,0x0000,0x0000,0x0000,0x0000,0x0000,0x0000,0x0000,0x0000,0x0000,0x6b4d,0x6b4d,0x0000,0x0000,0x0000,0x0000,0x0000,0x0000,0x0000,0x0000,0x0000,0x0000,0x0000,0x0000,
		0x0000,0x0000,0x0000,0x0000,0x0000,0x0000,0x0000,0x0000,0x0000,0x0000,0x630c,0x630c,0xa534,0xb596,0xa534,0xa534,0x0000,0x0000,0x0000,0x0000,0x0000,0x0000,0x0000,0x0000,0x0000,0x0000,
		0x0000,0x0000,0x0000,0x0000,0x0000,0x0000,0x0000,0x0000,0xa534,0xb596,0x6b4d,0x630c,0x8430,0xa534,0x6b4d,0x8430,0x630c,0x630c,0x0000,0x0000,0x0000,0x0000,0x0000,0x0000,0x0000,0x0000,
		0x0000,0x0000,0x0000,0x0000,0x0000,0x0000,0x630c,0x6b4d,0x8430,0x6b4d,0x630c,0xb596,0xb596,0xb596,0x630c,0xa534,0x8430,0xb596,0xb596,0xa534,0x0000,0x0000,0x0000,0x0000,0x0000,0x0000,
		0x0000,0x0000,0x0000,0x0000,0x8430,0x8430,0x6b4d,0xa534,0xb596,0xa534,0x8430,0xa534,0x8430,0x6b4d,0x630c,0x8430,0x8430,0x8430,0xa534,0x8430,0x630c,0x630c,0x0000,0x0000,0x0000,0x0000,
		0x0000,0x0000,0xa534,0x630c,0xb596,0xb596,0x6b4d,0x630c,0x8430,0x6b4d,0x8430,0x630c,0x630c,0x630c,0x630c,0x8430,0x630c,0xb596,0x8430,0x630c,0x528a,0x8430,0xb596,0xa534,0x0000,0x0000,
		0x0000,0x5acb,0x8430,0x630c,0x8430,0x8430,0x8430,0x6b4d,0x6b4d,0x8430,0x630c,0x6b4d,0xb596,0xb596,0xb596,0x6b4d,0xa534,0xb596,0xa534,0xa534,0x8430,0x8430,0x6b4d,0x8430,0x4208,0x0000,
		0x0000,0x4a6a,0x94b2,0x94b2,0x6b4d,0x6b4d,0x6b4d,0xa534,0x8430,0xa534,0xa534,0x630c,0x6b4d,0x630c,0x6b4d,0x8430,0x6b4d,0x8430,0x6b4d,0x6b4d,0x630c,0x630c,0x39c7,0x632c,0x39c7,0x0000,
		0x0000,0x6b6e,0x5acb,0x8c51,0x5acb,0x5acb,0x6b4d,0x630c,0x8430,0x6b4d,0x8430,0x6b4d,0x528a,0x528a,0x528a,0x8430,0x630c,0x528a,0x8430,0xb596,0x528a,0x4208,0x528a,0x632c,0x6b6e,0x0000,
		0x0000,0x6b6e,0x5acb,0x6b6e,0x6b6e,0x6b6e,0x5acb,0x94b2,0x630c,0x630c,0x630c,0x6b4d,0x630c,0x8430,0xb596,0xb596,0xb596,0x630c,0x528a,0x528a,0x39c7,0x39c7,0x632c,0x6b6e,0x528a,0x0000,
		0x0000,0x5acb,0x6b6e,0x5acb,0x4a6a,0x4a6a,0x4208,0x6b6e,0x6b6e,0x6b6e,0xb596,0xa534,0x8430,0x8430,0x6b4d,0x8430,0x4208,0x39c7,0x4208,0x4208,0x4208,0x3186,0x6b6e,0x4208,0x528a,0x0000,
		0x0000,0x8c51,0x94b2,0x94b2,0x5acb,0x5acb,0x94b2,0x4a6a,0x5acb,0x5acb,0x4a6a,0x4a6a,0x6b4d,0x6b4d,0x6b6e,0x528a,0x4208,0x39c7,0x3186,0x39c7,0x39c7,0x39c7,0x528a,0x528a,0x39c7,0x0000,
		0x0000,0x4a6a,0x8c51,0x6b6e,0x6b6e,0x4a6a,0x8c51,0x8c51,0x4a6a,0x4a6a,0x4208,0x6b6e,0x4a6a,0x39c7,0x632c,0x4208,0x528a,0x528a,0x6b6e,0x632c,0x528a,0x4208,0x528a,0x39c7,0x4208,0x0000,
		0x0000,0x0000,0x6b6e,0x4a6a,0x6b6e,0x5acb,0x6b6e,0x6b6e,0x8c51,0x4208,0x6b6e,0x8c51,0x94b2,0x528a,0x528a,0x39c7,0x39c7,0x6b6e,0x632c,0x528a,0x4208,0x39c7,0x632c,0x528a,0x0000,0x0000,
		0x0000,0x0000,0x0000,0x0000,0x5acb,0x6b6e,0x5acb,0x6b6e,0x6b6e,0x5acb,0x6b6e,0x94b2,0x6b6e,0x528a,0x4208,0x632c,0x528a,0x632c,0x4208,0x528a,0x39c7,0x528a,0x0000,0x0000,0x0000,0x0000,
		0x0000,0x0000,0x0000,0x0000,0x0000,0x0000,0x4a6a,0x5acb,0x6b6e,0x4a6a,0x4a6a,0x6b6e,0x6b6e,0x4208,0x6b6e,0x528a,0x528a,0x39c7,0x39c7,0x39c7,0x0000,0x0000,0x0000,0x0000,0x0000,0x0000,
		0x0000,0x0000,0x0000,0x0000,0x0000,0x0000,0x0000,0x0000,0x4a6a,0x6b6e,0x8c51,0x6b6e,0x5acb,0x39c7,0x528a,0x4208,0x4208,0x4208,0x0000,0x0000,0x0000,0x0000,0x0000,0x0000,0x0000,0x0000,
		0x0000,0x0000,0x0000,0x0000,0x0000,0x0000,0x0000,0x0000,0x0000,0x0000,0x94b2,0x8c51,0x4a6a,0x632c,0x39c7,0x39c7,0x0000,0x0000,0x0000,0x0000,0x0000,0x0000,0x0000,0x0000,0x0000,0x0000,
		0x0000,0x0000,0x0000,0x0000,0x0000,0x0000,0x0000,0x0000,0x0000,0x0000,0x0000,0x0000,0x5acb,0x39c7,0x0000,0x0000,0x0000,0x0000,0x0000,0x0000,0x0000,0x0000,0x0000,0x0000,0x0000,0x0000
	},
    { //stone slab 75
		0x0000,0x0000,0x0000,0x0000,0x0000,0x0000,0x0000,0x0000,0x0000,0x0000,0x0000,0x0000,0x0000,0x0000,0x0000,0x0000,0x0000,0x0000,0x0000,0x0000,0x0000,0x0000,0x0000,0x0000,0x0000,0x0000,
		0x0000,0x0000,0x0000,0x0000,0x0000,0x0000,0x0000,0x0000,0x0000,0x0000,0x0000,0x0000,0x0000,0x0000,0x0000,0x0000,0x0000,0x0000,0x0000,0x0000,0x0000,0x0000,0x0000,0x0000,0x0000,0x0000,
		0x0000,0x0000,0x0000,0x0000,0x0000,0x0000,0x0000,0x0000,0x0000,0x0000,0x0000,0x0000,0x0000,0x0000,0x0000,0x0000,0x0000,0x0000,0x0000,0x0000,0x0000,0x0000,0x0000,0x0000,0x0000,0x0000,
		0x0000,0x0000,0x0000,0x0000,0x0000,0x0000,0x0000,0x0000,0x0000,0x0000,0x0000,0x0000,0x0000,0x0000,0x0000,0x0000,0x0000,0x0000,0x0000,0x0000,0x0000,0x0000,0x0000,0x0000,0x0000,0x0000,
		0x0000,0x0000,0x0000,0x0000,0x0000,0x0000,0x0000,0x0000,0x0000,0x0000,0x0000,0x0000,0x0000,0x0000,0x0000,0x0000,0x0000,0x0000,0x0000,0x0000,0x0000,0x0000,0x0000,0x0000,0x0000,0x0000,
		0x0000,0x0000,0x0000,0x0000,0x0000,0x0000,0x0000,0x0000,0x0000,0x0000,0x0000,0x0000,0x0000,0x0000,0x0000,0x0000,0x0000,0x0000,0x0000,0x0000,0x0000,0x0000,0x0000,0x0000,0x0000,0x0000,
		0x0000,0x0000,0x0000,0x0000,0x0000,0x0000,0x0000,0x0000,0x0000,0x0000,0x0000,0x0000,0x0000,0x0000,0x0000,0x0000,0x0000,0x0000,0x0000,0x0000,0x0000,0x0000,0x0000,0x0000,0x0000,0x0000,
		0x0000,0x0000,0x0000,0x0000,0x0000,0x0000,0x0000,0x0000,0x0000,0x0000,0x0000,0x0000,0x8c71,0x8c71,0x0000,0x0000,0x0000,0x0000,0x0000,0x0000,0x0000,0x0000,0x0000,0x0000,0x0000,0x0000,
		0x0000,0x0000,0x0000,0x0000,0x0000,0x0000,0x0000,0x0000,0x0000,0x0000,0x7bef,0x7bef,0x738e,0x738e,0x8c71,0x8c71,0x0000,0x0000,0x0000,0x0000,0x0000,0x0000,0x0000,0x0000,0x0000,0x0000,
		0x0000,0x0000,0x0000,0x0000,0x0000,0x0000,0x0000,0x0000,0x738e,0x7bef,0x7bef,0x7bef,0x8c71,0x632c,0x738e,0x738e,0x738e,0x738e,0x0000,0x0000,0x0000,0x0000,0x0000,0x0000,0x0000,0x0000,
		0x0000,0x0000,0x0000,0x0000,0x0000,0x0000,0x7bef,0x8c71,0x738e,0x632c,0x7bef,0x7bef,0x738e,0x738e,0x8c71,0x738e,0x632c,0x7bef,0x738e,0x632c,0x0000,0x0000,0x0000,0x0000,0x0000,0x0000,
		0x0000,0x0000,0x0000,0x0000,0x7bef,0x7bef,0x7bef,0x8c71,0x8c71,0x7bef,0x738e,0x8c71,0x8c71,0x7bef,0x7bef,0x738e,0x8c71,0x738e,0x738e,0x7bef,0x738e,0x738e,0x0000,0x0000,0x0000,0x0000,
		0x0000,0x0000,0x7bef,0x8c71,0x8c71,0x738e,0x7bef,0x7bef,0x738e,0x7bef,0x7bef,0x7bef,0x738e,0x738e,0x8c71,0x738e,0x8c71,0x8c71,0x7bef,0x7bef,0x7bef,0x738e,0x7bef,0x7bef,0x0000,0x0000,
		0x0000,0x73ae,0x7bef,0x7bef,0x738e,0x738e,0x738e,0x7bef,0x8c71,0x8c71,0x632c,0x8c71,0x8c71,0x8c71,0x7bef,0x738e,0x738e,0x632c,0x8c71,0x738e,0x738e,0x7bef,0x7bef,0x738e,0x4229,0x0000,
		0x0000,0x6b4d,0x6b4d,0x73ae,0x7bef,0x7bef,0x7bef,0x7bef,0x738e,0x738e,0x7bef,0x7bef,0x7bef,0x7bef,0x8c71,0x7bef,0x738e,0x7bef,0x7bef,0x738e,0x7bef,0x7bef,0x4a69,0x52ab,0x4a69,0x0000,
		0x0000,0x52aa,0x6b4d,0x73ae,0x6b4d,0x6b4d,0x738e,0x738e,0x7bef,0x738e,0x738e,0x7bef,0x7bef,0x7bef,0x7bef,0x8c71,0x7bef,0x7bef,0x7bef,0x7bef,0x4a69,0x52ab,0x52ab,0x4229,0x4229,0x0000,
		0x0000,0x6b4d,0x6b4d,0x5aec,0x5aec,0x6b4d,0x73ae,0x73ae,0x8c71,0x8c71,0x7bef,0x7bef,0x738e,0x738e,0x8c71,0x7bef,0x738e,0x7bef,0x52ab,0x4a69,0x4a69,0x4a69,0x4229,0x4a69,0x52ab,0x0000,
		0x0000,0x6b4d,0x5aec,0x6b4d,0x6b4d,0x5aec,0x52aa,0x73ae,0x73ae,0x6b4d,0x7bef,0x738e,0x8c71,0x738e,0x8c71,0x738e,0x52ab,0x4a69,0x52ab,0x4a69,0x4229,0x4a69,0x52ab,0x4208,0x4229,0x0000,
		0x0000,0x6b4d,0x73ae,0x5aec,0x6b4d,0x73ae,0x6b4d,0x5aec,0x6b4d,0x73ae,0x73ae,0x6b4d,0x7bef,0x7bef,0x52ab,0x4a69,0x4a69,0x4208,0x4208,0x4a69,0x4a69,0x4208,0x4229,0x4229,0x52ab,0x0000,
		0x0000,0x6b4d,0x5aec,0x5aec,0x5aec,0x6b4d,0x5aec,0x6b4d,0x6b4d,0x6b4d,0x6b4d,0x73ae,0x6b4d,0x4a69,0x52ab,0x4a69,0x4229,0x52ab,0x4a69,0x4a69,0x4a69,0x4a69,0x52ab,0x52ab,0x4a69,0x0000,
		0x0000,0x0000,0x6b4d,0x6b4d,0x6b4d,0x6b4d,0x5aec,0x5aec,0x6b4d,0x6b4d,0x73ae,0x5aec,0x5aec,0x4208,0x4229,0x4a69,0x4a69,0x4a69,0x4229,0x4229,0x4a69,0x4a69,0x4229,0x4a69,0x0000,0x0000,
		0x0000,0x0000,0x0000,0x0000,0x6b4d,0x6b4d,0x6b4d,0x6b4d,0x5aec,0x6b4d,0x52aa,0x73ae,0x73ae,0x4a69,0x4a69,0x4229,0x4229,0x4a69,0x4a69,0x4a69,0x52ab,0x4a69,0x0000,0x0000,0x0000,0x0000,
		0x0000,0x0000,0x0000,0x0000,0x0000,0x0000,0x5aec,0x6b4d,0x6b4d,0x6b4d,0x5aec,0x5aec,0x5aec,0x4a69,0x4229,0x4229,0x4a69,0x4a69,0x4229,0x52ab,0x0000,0x0000,0x0000,0x0000,0x0000,0x0000,
		0x0000,0x0000,0x0000,0x0000,0x0000,0x0000,0x0000,0x0000,0x73ae,0x6b4d,0x73ae,0x73ae,0x73ae,0x52ab,0x4229,0x4a69,0x4a69,0x4229,0x0000,0x0000,0x0000,0x0000,0x0000,0x0000,0x0000,0x0000,
		0x0000,0x0000,0x0000,0x0000,0x0000,0x0000,0x0000,0x0000,0x0000,0x0000,0x6b4d,0x5aec,0x73ae,0x4a69,0x4a69,0x4a69,0x0000,0x0000,0x0000,0x0000,0x0000,0x0000,0x0000,0x0000,0x0000,0x0000,
		0x0000,0x0000,0x0000,0x0000,0x0000,0x0000,0x0000,0x0000,0x0000,0x0000,0x0000,0x0000,0x6b4d,0x4a69,0x0000,0x0000,0x0000,0x0000,0x0000,0x0000,0x0000,0x0000,0x0000,0x0000,0x0000,0x0000
	},
    { //brick slab 76
		0x0000,0x0000,0x0000,0x0000,0x0000,0x0000,0x0000,0x0000,0x0000,0x0000,0x0000,0x0000,0x0000,0x0000,0x0000,0x0000,0x0000,0x0000,0x0000,0x0000,0x0000,0x0000,0x0000,0x0000,0x0000,0x0000,
		0x0000,0x0000,0x0000,0x0000,0x0000,0x0000,0x0000,0x0000,0x0000,0x0000,0x0000,0x0000,0x0000,0x0000,0x0000,0x0000,0x0000,0x0000,0x0000,0x0000,0x0000,0x0000,0x0000,0x0000,0x0000,0x0000,
		0x0000,0x0000,0x0000,0x0000,0x0000,0x0000,0x0000,0x0000,0x0000,0x0000,0x0000,0x0000,0x0000,0x0000,0x0000,0x0000,0x0000,0x0000,0x0000,0x0000,0x0000,0x0000,0x0000,0x0000,0x0000,0x0000,
		0x0000,0x0000,0x0000,0x0000,0x0000,0x0000,0x0000,0x0000,0x0000,0x0000,0x0000,0x0000,0x0000,0x0000,0x0000,0x0000,0x0000,0x0000,0x0000,0x0000,0x0000,0x0000,0x0000,0x0000,0x0000,0x0000,
		0x0000,0x0000,0x0000,0x0000,0x0000,0x0000,0x0000,0x0000,0x0000,0x0000,0x0000,0x0000,0x0000,0x0000,0x0000,0x0000,0x0000,0x0000,0x0000,0x0000,0x0000,0x0000,0x0000,0x0000,0x0000,0x0000,
		0x0000,0x0000,0x0000,0x0000,0x0000,0x0000,0x0000,0x0000,0x0000,0x0000,0x0000,0x0000,0x0000,0x0000,0x0000,0x0000,0x0000,0x0000,0x0000,0x0000,0x0000,0x0000,0x0000,0x0000,0x0000,0x0000,
		0x0000,0x0000,0x0000,0x0000,0x0000,0x0000,0x0000,0x0000,0x0000,0x0000,0x0000,0x0000,0x0000,0x0000,0x0000,0x0000,0x0000,0x0000,0x0000,0x0000,0x0000,0x0000,0x0000,0x0000,0x0000,0x0000,
		0x0000,0x0000,0x0000,0x0000,0x0000,0x0000,0x0000,0x0000,0x0000,0x0000,0x0000,0x0000,0xab09,0xab09,0x0000,0x0000,0x0000,0x0000,0x0000,0x0000,0x0000,0x0000,0x0000,0x0000,0x0000,0x0000,
		0x0000,0x0000,0x0000,0x0000,0x0000,0x0000,0x0000,0x0000,0x0000,0x0000,0x8b6c,0x7a26,0x71e6,0x8a67,0x9aa8,0x8b6c,0x0000,0x0000,0x0000,0x0000,0x0000,0x0000,0x0000,0x0000,0x0000,0x0000,
		0x0000,0x0000,0x0000,0x0000,0x0000,0x0000,0x0000,0x0000,0x7a26,0x7a26,0xc32a,0xab09,0xa42f,0xa491,0x71e6,0x7a26,0xc32a,0xc32a,0x0000,0x0000,0x0000,0x0000,0x0000,0x0000,0x0000,0x0000,
		0x0000,0x0000,0x0000,0x0000,0x0000,0x0000,0x9aa8,0xab09,0x8b6c,0x8b6c,0x9aa8,0x9aa8,0x9aa8,0x9aa8,0x8b6c,0x8a67,0x8a67,0x9aa8,0xab09,0xab09,0x0000,0x0000,0x0000,0x0000,0x0000,0x0000,
		0x0000,0x0000,0x0000,0x0000,0x8b6c,0x8b6c,0x7a26,0x8a67,0x9aa8,0xa42f,0x8b6c,0x7a26,0x7a26,0x7a26,0x9aa8,0xa42f,0x8b6c,0x7a26,0x71e6,0x8a67,0xa42f,0xa42f,0x0000,0x0000,0x0000,0x0000,
		0x0000,0x0000,0x71e6,0x7a26,0x9aa8,0xab09,0xa42f,0xa491,0x7a26,0x8a67,0x9aa8,0xc32a,0xa491,0xa491,0x71e6,0x8a67,0xab09,0xab09,0xa491,0xa42f,0x71e6,0x9aa8,0xab09,0xab09,0x0000,0x0000,
		0x0000,0x9288,0x8b6c,0x8b6c,0x7a26,0x9aa8,0x9aa8,0x9aa8,0x8b6c,0x8b6c,0x8a67,0x9aa8,0x9aa8,0x9aa8,0xa42f,0x7a26,0x8a67,0x8a67,0x9aa8,0xab09,0x8b6c,0x7a26,0x7a26,0x9aa8,0x69e6,0x0000,
		0x0000,0x7a26,0x7a26,0x7a26,0x8b6c,0x8b6c,0x7a26,0x8a67,0xa42f,0x8b6c,0x8b6c,0x8b6c,0x7a26,0x7a26,0xa42f,0xa42f,0x8b6c,0x8b6c,0x7a26,0x7a26,0x8b6c,0x8b6c,0x7a06,0x59a5,0x59a5,0x0000,
		0x0000,0x61c5,0x61c5,0x7206,0x7206,0xa2a8,0xa42f,0xa491,0x71e6,0x8a67,0x9aa8,0xab09,0xa491,0xa491,0x7a26,0x9aa8,0xc32a,0xab09,0xa491,0xa42f,0x59a5,0x6289,0x59a5,0x5184,0x5184,0x0000,
		0x0000,0x72ca,0x836c,0x5985,0x61c5,0x7a26,0x7a26,0x7a26,0xa42f,0x8b6c,0x7a26,0x9aa8,0x9aa8,0xab09,0x8b6c,0x8b6c,0x8a67,0x9aa8,0x69e6,0x59a5,0x4944,0x62ca,0x5184,0x5208,0x5208,0x0000,
		0x0000,0x7a26,0x9288,0x836c,0x836c,0x61c5,0x7206,0x7a26,0x9288,0x836c,0x8b6c,0xa42f,0x7a26,0x7a26,0xa42f,0xa42f,0x7a06,0x7a06,0x59a5,0x4944,0x4123,0x62ca,0x5208,0x59a5,0x6289,0x0000,
		0x0000,0x5985,0x7a26,0x9288,0x7a26,0x72ca,0x72ca,0x61c5,0x61c5,0x836c,0x7206,0xa2a8,0xa491,0xa491,0x59a5,0x6289,0x5184,0x5184,0x5184,0x5208,0x6289,0x69e6,0x69e6,0x4944,0x62ca,0x0000,
		0x0000,0x836c,0x61c5,0x61c5,0x7a26,0x7a26,0x72ca,0x72ca,0x72ca,0x8bce,0x61c5,0x7a26,0x7a26,0x59a5,0x5184,0x6289,0x4944,0x5208,0x5208,0x69e6,0x59a5,0x59a5,0x4944,0x4123,0x62ca,0x0000,
		0x0000,0x0000,0x72ca,0x72ca,0x61c5,0x61c5,0x836c,0xa2a8,0x9288,0x8bce,0x836c,0x7206,0x7206,0x4944,0x4123,0x62ca,0x6289,0x59a5,0x5208,0x59a5,0x4944,0x4944,0x6289,0x62ca,0x0000,0x0000,
		0x0000,0x0000,0x0000,0x0000,0x72ca,0x72ca,0x8bce,0x5985,0x7a26,0x7a26,0x7a26,0x72ca,0x72ca,0x5208,0x6289,0x69e6,0x59a5,0x5184,0x62ca,0x4944,0x5208,0x5208,0x0000,0x0000,0x0000,0x0000,
		0x0000,0x0000,0x0000,0x0000,0x0000,0x0000,0x8bce,0x836c,0x61c5,0x61c5,0x7a26,0x9288,0x836c,0x59a5,0x69e6,0x59a5,0x4944,0x4123,0x62ca,0x6289,0x0000,0x0000,0x0000,0x0000,0x0000,0x0000,
		0x0000,0x0000,0x0000,0x0000,0x0000,0x0000,0x0000,0x0000,0x836c,0x72ca,0x61c5,0x61c5,0x836c,0x4944,0x4944,0x4944,0x5208,0x6289,0x0000,0x0000,0x0000,0x0000,0x0000,0x0000,0x0000,0x0000,
		0x0000,0x0000,0x0000,0x0000,0x0000,0x0000,0x0000,0x0000,0x0000,0x0000,0x72ca,0x836c,0x8bce,0x4123,0x5208,0x5208,0x0000,0x0000,0x0000,0x0000,0x0000,0x0000,0x0000,0x0000,0x0000,0x0000,
		0x0000,0x0000,0x0000,0x0000,0x0000,0x0000,0x0000,0x0000,0x0000,0x0000,0x0000,0x0000,0x8bce,0x6289,0x0000,0x0000,0x0000,0x0000,0x0000,0x0000,0x0000,0x0000,0x0000,0x0000,0x0000,0x0000
	},
    { //wooden door 77
		0x0000,0x0000,0x0000,0x0000,0x0000,0x0000,0x0000,0x0000,0x0000,0x0000,0x0000,0x0000,0x0000,0x0000,0x0000,0x0000,0x0000,0x0000,0x0000,0x0000,0x0000,0x0000,0x0000,0x0000,0x0000,0x0000,
		0x0000,0x0000,0x0000,0x0000,0x0000,0x0000,0x0000,0x0000,0x0000,0x0000,0x0000,0x0000,0x0000,0x0000,0x0000,0x0000,0x0000,0x0000,0x0000,0x0000,0x0000,0x0000,0x0000,0x0000,0x0000,0x0000,
		0x0000,0x0000,0x0000,0x0000,0x0000,0x0000,0x0000,0x0000,0x0000,0x0000,0x0000,0x0000,0x0000,0x0000,0x0000,0x0000,0x0000,0x0000,0x0000,0x0000,0x0000,0x0000,0x0000,0x0000,0x0000,0x0000,
		0x0000,0x0000,0x0000,0x0000,0x0000,0x6aa6,0x9c29,0x9c29,0x9c29,0x9c29,0x9c29,0x9c29,0x9c29,0x9c29,0x9c29,0x9c29,0x9c29,0x9c29,0x9c29,0x9c29,0x9c29,0x0000,0x0000,0x0000,0x0000,0x0000,
		0x0000,0x0000,0x0000,0x0000,0x0000,0x6aa6,0x9c29,0x9c29,0x9c29,0x9c29,0x9c29,0x9c29,0x9c29,0x9c29,0x9c29,0x9c29,0x9c29,0x9c29,0x9c29,0x9c29,0x9c29,0x0000,0x0000,0x0000,0x0000,0x0000,
		0x0000,0x0000,0x0000,0x0000,0x0000,0x6aa6,0x9c29,0x9c29,0x0000,0x0000,0x0000,0x0000,0x0000,0x9c29,0x9c29,0x0000,0x0000,0x0000,0x0000,0x9c29,0x9c29,0x0000,0x0000,0x0000,0x0000,0x0000,
		0x0000,0x0000,0x0000,0x0000,0x0000,0x6b6f,0x9c29,0x9c29,0x0000,0x0000,0x0000,0x0000,0x0000,0x9c29,0x9c29,0x0000,0x0000,0x0000,0x0000,0x9c29,0x9c29,0x0000,0x0000,0x0000,0x0000,0x0000,
		0x0000,0x0000,0x0000,0x0000,0x0000,0x6b6f,0x9c29,0x9c29,0x0000,0x0000,0x0000,0x0000,0x0000,0x9c29,0x9c29,0x0000,0x0000,0x0000,0x0000,0x9c29,0x9c29,0x0000,0x0000,0x0000,0x0000,0x0000,
		0x0000,0x0000,0x0000,0x0000,0x0000,0x6aa6,0x9c29,0x9c29,0x9c29,0x9c29,0x9c29,0x9c29,0x9c29,0x9c29,0x9c29,0x9c29,0x9c29,0x9c29,0x9c29,0x9c29,0x9c29,0x0000,0x0000,0x0000,0x0000,0x0000,
		0x0000,0x0000,0x0000,0x0000,0x0000,0x6aa6,0x9c29,0x9c29,0x9c29,0x9c29,0x9c29,0x9c29,0x9c29,0x9c29,0x9c29,0x9c29,0x9c29,0x9c29,0x9c29,0x9c29,0x9c29,0x0000,0x0000,0x0000,0x0000,0x0000,
		0x0000,0x0000,0x0000,0x0000,0x0000,0x6aa6,0x9c29,0x9c29,0x0000,0x0000,0x0000,0x0000,0x0000,0x9c29,0x9c29,0x0000,0x0000,0x0000,0x0000,0x9c29,0x9c29,0x0000,0x0000,0x0000,0x0000,0x0000,
		0x0000,0x0000,0x0000,0x0000,0x0000,0x6aa6,0x9c29,0x9c29,0x0000,0x0000,0x0000,0x0000,0x0000,0x9c29,0x9c29,0x0000,0x0000,0x0000,0x0000,0x9c29,0x9c29,0x0000,0x0000,0x0000,0x0000,0x0000,
		0x0000,0x0000,0x0000,0x0000,0x0000,0x6aa6,0x9c29,0x9c29,0x0000,0x0000,0x0000,0x0000,0x0000,0x9c29,0x9c29,0x0000,0x0000,0x0000,0x0000,0x9c29,0x9c29,0x0000,0x0000,0x0000,0x0000,0x0000,
		0x0000,0x0000,0x0000,0x0000,0x0000,0x6b6f,0x9c29,0x9c29,0x9c29,0x9c29,0x9c29,0x9c29,0x9c29,0x9c29,0x9c29,0x9c29,0x8452,0x8452,0x6b6f,0x9c29,0x9c29,0x0000,0x0000,0x0000,0x0000,0x0000,
		0x0000,0x0000,0x0000,0x0000,0x0000,0x6b6f,0x9c29,0x9c29,0x9c29,0x9c29,0x9c29,0x9c29,0x9c29,0x9c29,0x9c29,0x9c29,0x8452,0x8452,0x6b6f,0x9c29,0x9c29,0x0000,0x0000,0x0000,0x0000,0x0000,
		0x0000,0x0000,0x0000,0x0000,0x0000,0x6aa6,0x9c29,0x9c29,0x7b06,0x7b06,0x7b06,0x7b06,0x7b06,0x9c29,0x9c29,0x7b06,0x7b06,0x7b06,0x7b06,0x9c29,0x9c29,0x0000,0x0000,0x0000,0x0000,0x0000,
		0x0000,0x0000,0x0000,0x0000,0x0000,0x6aa6,0x9c29,0x9c29,0x7b06,0x7b06,0x93a8,0x93a8,0x93a8,0x9c29,0x9c29,0x7b06,0x93a8,0x93a8,0x93a8,0x9c29,0x9c29,0x0000,0x0000,0x0000,0x0000,0x0000,
		0x0000,0x0000,0x0000,0x0000,0x0000,0x6aa6,0x9c29,0x9c29,0x7b06,0x7b06,0x93a8,0x93a8,0x93a8,0x9c29,0x9c29,0x7b06,0x93a8,0x93a8,0x93a8,0x9c29,0x9c29,0x0000,0x0000,0x0000,0x0000,0x0000,
		0x0000,0x0000,0x0000,0x0000,0x0000,0x6aa6,0x9c29,0x9c29,0x9c29,0x9c29,0x9c29,0x9c29,0x9c29,0x9c29,0x9c29,0x9c29,0x9c29,0x9c29,0x9c29,0x9c29,0x9c29,0x0000,0x0000,0x0000,0x0000,0x0000,
		0x0000,0x0000,0x0000,0x0000,0x0000,0x6b6f,0x9c29,0x9c29,0x7b06,0x7b06,0x7b06,0x7b06,0x7b06,0x9c29,0x9c29,0x7b06,0x7b06,0x7b06,0x7b06,0x9c29,0x9c29,0x0000,0x0000,0x0000,0x0000,0x0000,
		0x0000,0x0000,0x0000,0x0000,0x0000,0x6b6f,0x9c29,0x9c29,0x7b06,0x7b06,0x7b06,0x7b06,0x7b06,0x9c29,0x9c29,0x7b06,0x7b06,0x7b06,0x7b06,0x9c29,0x9c29,0x0000,0x0000,0x0000,0x0000,0x0000,
		0x0000,0x0000,0x0000,0x0000,0x0000,0x6aa6,0x9c29,0x9c29,0x7b06,0x7b06,0x93a8,0x93a8,0x93a8,0x9c29,0x9c29,0x7b06,0x93a8,0x93a8,0x93a8,0x9c29,0x9c29,0x0000,0x0000,0x0000,0x0000,0x0000,
		0x0000,0x0000,0x0000,0x0000,0x0000,0x6aa6,0x9c29,0x9c29,0x7b06,0x7b06,0x93a8,0x93a8,0x93a8,0x9c29,0x9c29,0x7b06,0x93a8,0x93a8,0x93a8,0x9c29,0x9c29,0x0000,0x0000,0x0000,0x0000,0x0000,
		0x0000,0x0000,0x0000,0x0000,0x0000,0x6aa6,0x9c29,0x9c29,0x9c29,0x9c29,0x9c29,0x9c29,0x9c29,0x9c29,0x9c29,0x9c29,0x9c29,0x9c29,0x9c29,0x9c29,0x9c29,0x0000,0x0000,0x0000,0x0000,0x0000,
		0x0000,0x0000,0x0000,0x0000,0x0000,0x6aa6,0x6aa6,0x6aa6,0x6aa6,0x6aa6,0x6aa6,0x6aa6,0x6aa6,0x6aa6,0x6aa6,0x6aa6,0x6aa6,0x6aa6,0x6aa6,0x6aa6,0x6aa6,0x0000,0x0000,0x0000,0x0000,0x0000,
		0x0000,0x0000,0x0000,0x0000,0x0000,0x6aa6,0x6aa6,0x6aa6,0x6aa6,0x6aa6,0x6aa6,0x6aa6,0x6aa6,0x6aa6,0x6aa6,0x6aa6,0x6aa6,0x6aa6,0x6aa6,0x6aa6,0x6aa6,0x0000,0x0000,0x0000,0x0000,0x0000
	},
    { //bed 78
		0x0000,0x0000,0x0000,0x0000,0x0000,0x0000,0x0000,0x0000,0x0000,0x0000,0x0000,0x0000,0x0000,0x0000,0x0000,0x0000,0x0000,0x0000,0x0000,0x0000,0x0000,0x0000,0x0000,0x0000,0x0000,0x0000,
		0x0000,0x0000,0x0000,0x0000,0x0000,0x0000,0x0000,0x0000,0x0000,0x0000,0x0000,0x0000,0x0000,0x0000,0x0000,0x0000,0x0000,0x0000,0x0000,0x0000,0x0000,0x0000,0x0000,0x0000,0x0000,0x0000,
		0x0000,0x0000,0x0000,0x0000,0x0000,0x0000,0x0000,0x0000,0x0000,0x0000,0x0000,0x0000,0x0000,0x0000,0x0000,0x738e,0x738e,0x738e,0x738e,0x0000,0x0000,0x0000,0x0000,0x0000,0x0000,0x0000,
		0x0000,0x0000,0x0000,0x0000,0x0000,0x0000,0x0000,0x0000,0x0000,0x0000,0x0000,0x7000,0x7000,0x7000,0x7000,0xbdf7,0xef5d,0xef5d,0xef5d,0x738e,0x738e,0x0000,0x0000,0x0000,0x0000,0x0000,
		0x0000,0x0000,0x0000,0x0000,0x0000,0x0000,0x0000,0x0000,0x0000,0x0000,0x0000,0x7000,0x7000,0x7000,0x7000,0xbdf7,0xef5d,0xef5d,0xef5d,0x738e,0x738e,0x0000,0x0000,0x0000,0x0000,0x0000,
		0x0000,0x0000,0x0000,0x0000,0x0000,0x0000,0x0000,0x0000,0x7000,0x7000,0x7000,0x9924,0x9924,0x9924,0x9924,0x7000,0xbdf7,0xbdf7,0xef5d,0xef5d,0xef5d,0x738e,0x738e,0x0000,0x0000,0x0000,
		0x0000,0x0000,0x0000,0x0000,0x0000,0x7000,0x7000,0x7000,0x88a2,0x88a2,0x88a2,0x88a2,0x88a2,0x9924,0x9924,0x9924,0x7000,0x7000,0xbdf7,0xef5d,0xef5d,0xef5d,0xef5d,0x738e,0x0000,0x0000,
		0x0000,0x0000,0x0000,0x0000,0x0000,0x7000,0x7000,0x7000,0x88a2,0x88a2,0x88a2,0x88a2,0x88a2,0x9924,0x9924,0x9924,0x7000,0x7000,0xbdf7,0xef5d,0xef5d,0xef5d,0xef5d,0x738e,0x0000,0x0000,
		0x0000,0x0000,0x0000,0x7000,0x7000,0x88a2,0x88a2,0x88a2,0x9924,0x9924,0x88a2,0x88a2,0x88a2,0x88a2,0x88a2,0x9924,0x9924,0x9924,0x7000,0xbdf7,0xbdf7,0xef5d,0xef5d,0x738e,0x0000,0x0000,
		0x0000,0x0000,0x0000,0x7000,0x7000,0x88a2,0x88a2,0x88a2,0x9924,0x9924,0x88a2,0x88a2,0x88a2,0x88a2,0x88a2,0x9924,0x9924,0x9924,0x7000,0xbdf7,0xbdf7,0xef5d,0xef5d,0x738e,0x0000,0x0000,
		0x0000,0x0000,0x7000,0x88a2,0x88a2,0x9924,0x9924,0x9924,0x88a2,0x88a2,0x88a2,0x88a2,0x88a2,0x88a2,0x88a2,0x88a2,0x88a2,0x88a2,0x8020,0x7000,0x7000,0x738e,0x738e,0x41a4,0x0000,0x0000,
		0x0000,0x0000,0x7000,0x88a2,0x88a2,0x9924,0x88a2,0x88a2,0x88a2,0x88a2,0x88a2,0x88a2,0x88a2,0x88a2,0x88a2,0x8020,0x7000,0x7000,0x7000,0x7000,0x7000,0x6aa6,0x6aa6,0x41a4,0x0000,0x0000,
		0x0000,0x0000,0x7000,0x88a2,0x88a2,0x9924,0x88a2,0x88a2,0x88a2,0x88a2,0x88a2,0x88a2,0x88a2,0x88a2,0x88a2,0x8020,0x7000,0x7000,0x7000,0x7000,0x7000,0x6aa6,0x6aa6,0x41a4,0x0000,0x0000,
		0x0000,0x0000,0x7000,0x7000,0x7000,0x88a2,0x88a2,0x88a2,0x88a2,0x88a2,0x88a2,0x8020,0x8020,0x7000,0x7000,0x7000,0x7000,0x7000,0x7000,0x41a4,0x41a4,0x6aa6,0x6aa6,0x41a4,0x0000,0x0000,
		0x0000,0x0000,0x7000,0x7000,0x7000,0x88a2,0x88a2,0x88a2,0x88a2,0x88a2,0x88a2,0x8020,0x8020,0x7000,0x7000,0x7000,0x7000,0x7000,0x7000,0x41a4,0x41a4,0x6aa6,0x6aa6,0x41a4,0x0000,0x0000,
		0x0000,0x0000,0x41a4,0x7000,0x7000,0x7000,0x88a2,0x88a2,0x8020,0x8020,0x7000,0x7000,0x7000,0x7000,0x7000,0x7000,0x41a4,0x41a4,0x41a4,0x0000,0x0000,0x41a4,0x41a4,0x41a4,0x0000,0x0000,
		0x0000,0x0000,0x6aa6,0x41a4,0x41a4,0x7000,0x7000,0x7000,0x7000,0x7000,0x7000,0x7000,0x7000,0x41a4,0x41a4,0x41a4,0x0000,0x0000,0x0000,0x0000,0x0000,0x0000,0x0000,0x0000,0x0000,0x0000,
		0x0000,0x0000,0x6aa6,0x41a4,0x41a4,0x7000,0x7000,0x7000,0x7000,0x7000,0x7000,0x7000,0x7000,0x41a4,0x41a4,0x41a4,0x0000,0x0000,0x0000,0x0000,0x0000,0x0000,0x0000,0x0000,0x0000,0x0000,
		0x0000,0x0000,0x0000,0x0000,0x0000,0x41a4,0x7000,0x7000,0x7000,0x7000,0x41a4,0x41a4,0x41a4,0x0000,0x0000,0x0000,0x0000,0x0000,0x0000,0x0000,0x0000,0x0000,0x0000,0x0000,0x0000,0x0000,
		0x0000,0x0000,0x0000,0x0000,0x0000,0x0000,0x9c29,0x9c29,0x41a4,0x41a4,0x0000,0x0000,0x0000,0x0000,0x0000,0x0000,0x0000,0x0000,0x0000,0x0000,0x0000,0x0000,0x0000,0x0000,0x0000,0x0000,
		0x0000,0x0000,0x0000,0x0000,0x0000,0x0000,0x9c29,0x9c29,0x41a4,0x41a4,0x0000,0x0000,0x0000,0x0000,0x0000,0x0000,0x0000,0x0000,0x0000,0x0000,0x0000,0x0000,0x0000,0x0000,0x0000,0x0000,
		0x0000,0x0000,0x0000,0x0000,0x0000,0x0000,0x6aa6,0x6aa6,0x41a4,0x41a4,0x0000,0x0000,0x0000,0x0000,0x0000,0x0000,0x0000,0x0000,0x0000,0x0000,0x0000,0x0000,0x0000,0x0000,0x0000,0x0000,
		0x0000,0x0000,0x0000,0x0000,0x0000,0x0000,0x6aa6,0x6aa6,0x41a4,0x41a4,0x0000,0x0000,0x0000,0x0000,0x0000,0x0000,0x0000,0x0000,0x0000,0x0000,0x0000,0x0000,0x0000,0x0000,0x0000,0x0000,
		0x0000,0x0000,0x0000,0x0000,0x0000,0x0000,0x41a4,0x41a4,0x41a4,0x41a4,0x0000,0x0000,0x0000,0x0000,0x0000,0x0000,0x0000,0x0000,0x0000,0x0000,0x0000,0x0000,0x0000,0x0000,0x0000,0x0000,
		0x0000,0x0000,0x0000,0x0000,0x0000,0x0000,0x0000,0x0000,0x0000,0x0000,0x0000,0x0000,0x0000,0x0000,0x0000,0x0000,0x0000,0x0000,0x0000,0x0000,0x0000,0x0000,0x0000,0x0000,0x0000,0x0000,
		0x0000,0x0000,0x0000,0x0000,0x0000,0x0000,0x0000,0x0000,0x0000,0x0000,0x0000,0x0000,0x0000,0x0000,0x0000,0x0000,0x0000,0x0000,0x0000,0x0000,0x0000,0x0000,0x0000,0x0000,0x0000,0x0000
	},
    { //redstone ore 79
		0x0000,0x0000,0x0000,0x0000,0x0000,0x0000,0x0000,0x0000,0x0000,0x0000,0x0000,0x0000,0x8c71,0x8c71,0x0000,0x0000,0x0000,0x0000,0x0000,0x0000,0x0000,0x0000,0x0000,0x0000,0x0000,0x0000,
		0x0000,0x0000,0x0000,0x0000,0x0000,0x0000,0x0000,0x0000,0x0000,0x0000,0x8c71,0x7bef,0x738e,0x738e,0x7bef,0x8c71,0x0000,0x0000,0x0000,0x0000,0x0000,0x0000,0x0000,0x0000,0x0000,0x0000,
		0x0000,0x0000,0x0000,0x0000,0x0000,0x0000,0x0000,0x0000,0x738e,0x7bef,0x7bef,0x7bef,0x8c71,0x632c,0x9000,0x632c,0x738e,0x738e,0x0000,0x0000,0x0000,0x0000,0x0000,0x0000,0x0000,0x0000,
		0x0000,0x0000,0x0000,0x0000,0x0000,0x0000,0x7bef,0x8c71,0x632c,0x632c,0x7bef,0x7bef,0x632c,0x632c,0x7bef,0x7bef,0x632c,0x8c71,0x738e,0x632c,0x0000,0x0000,0x0000,0x0000,0x0000,0x0000,
		0x0000,0x0000,0x0000,0x0000,0x7bef,0x7bef,0x7bef,0x8c71,0x8c71,0x7bef,0x7bef,0x7bef,0x9000,0xa020,0x738e,0x738e,0x8800,0x738e,0x738e,0x7bef,0x738e,0x738e,0x0000,0x0000,0x0000,0x0000,
		0x0000,0x0000,0x7bef,0x8c71,0x8c71,0x738e,0x7bef,0x7bef,0x9000,0x7bef,0x7bef,0x738e,0x8c71,0x8c71,0x8c71,0x738e,0x738e,0x738e,0x7bef,0x7bef,0xf800,0x632c,0x8c71,0x8c71,0x0000,0x0000,
		0x0000,0x738e,0x632c,0x7bef,0x738e,0x7bef,0x8800,0x8c71,0x8c71,0x8c71,0x632c,0xa020,0x8800,0xa020,0x632c,0x632c,0x8800,0xa020,0x738e,0x738e,0x738e,0x7bef,0x7bef,0x52aa,0x52aa,0x0000,
		0x0000,0x632c,0x632c,0x632c,0x632c,0x7bef,0x8c71,0x7bef,0x7bef,0x738e,0x8c71,0x632c,0x8c71,0x8800,0x7bef,0x738e,0x738e,0x8c71,0x7bef,0x738e,0x8c71,0x4228,0x52aa,0x4a69,0x4228,0x0000,
		0x0000,0x632c,0x5aeb,0x5aeb,0x528a,0x5aeb,0x632c,0x8c71,0x7bef,0x8c71,0x8800,0xa020,0xf800,0xf800,0x632c,0x8c71,0x8c71,0x8c71,0x8c71,0x39e7,0x4228,0x39e7,0x39e7,0x4a69,0x4a69,0x0000,
		0x0000,0x738e,0x738e,0x528a,0x7800,0x738e,0x738e,0x5aeb,0x528a,0x7bef,0x7bef,0x7bef,0x738e,0x8800,0x8c71,0x8c71,0x738e,0x4228,0x4a69,0x4a69,0x4a69,0x4a69,0x5800,0x4228,0x4228,0x0000,
		0x0000,0x632c,0x632c,0x632c,0x738e,0x5aeb,0x528a,0x738e,0x632c,0x5aeb,0x632c,0x7bef,0x738e,0x738e,0x7bef,0x52aa,0x4a69,0x52aa,0x52aa,0x4228,0x4228,0x4a69,0x4228,0x4a69,0x52aa,0x0000,
		0x0000,0x5aeb,0x738e,0x632c,0x5aeb,0x632c,0xc800,0x528a,0x5aeb,0x528a,0x528a,0x738e,0x738e,0x52aa,0x4a69,0x4a69,0x39e7,0x4a69,0x39e7,0x4a69,0x52aa,0x4a69,0x39e7,0x4228,0x4a69,0x0000,
		0x0000,0x5aeb,0x632c,0x632c,0x528a,0xc800,0x5aeb,0x738e,0x632c,0x632c,0xc800,0x528a,0x5aeb,0x4a69,0x4228,0x39e7,0x5800,0x4a69,0x4228,0x4a69,0x9800,0x6000,0x4a69,0x4a69,0x52aa,0x0000,
		0x0000,0x738e,0x528a,0x528a,0x8800,0x7800,0x632c,0x632c,0x632c,0x632c,0x632c,0x7800,0x632c,0x4a69,0x39e7,0x4a69,0x52aa,0x39e7,0x4a69,0x4228,0x5800,0x5000,0x52aa,0x52aa,0x4228,0x0000,
		0x0000,0x632c,0x632c,0x7800,0x632c,0x738e,0x7000,0x738e,0x5aeb,0x8800,0x738e,0x5aeb,0x5aeb,0x52aa,0x4a69,0x4228,0x39e7,0x6000,0x5000,0x4a69,0x39e7,0x4228,0x4a69,0x52aa,0x4a69,0x0000,
		0x0000,0x528a,0x632c,0x738e,0x528a,0x632c,0x738e,0x528a,0x632c,0x7000,0x5aeb,0x528a,0x632c,0x4228,0x4a69,0x4a69,0x6000,0x5800,0x52aa,0x39e7,0x4a69,0x4a69,0x52aa,0x4228,0x4228,0x0000,
		0x0000,0x632c,0x632c,0x5aeb,0x7800,0x632c,0x8800,0xc800,0x528a,0x5aeb,0x632c,0x632c,0x738e,0x4a69,0x4a69,0x7000,0x4a69,0x52aa,0x39e7,0x5000,0x5000,0x39e7,0x4a69,0x52aa,0x4a69,0x0000,
		0x0000,0x632c,0x5aeb,0x632c,0x632c,0x5aeb,0x528a,0x7000,0x7000,0x5aeb,0x5aeb,0x738e,0x632c,0x4228,0x39e7,0x4a69,0x52aa,0x4228,0x6000,0x52aa,0x52aa,0x9800,0x52aa,0x4a69,0x4228,0x0000,
		0x0000,0x632c,0x738e,0x632c,0x528a,0x738e,0x738e,0x5aeb,0x738e,0x632c,0x738e,0x632c,0x738e,0x4228,0x5800,0x4a69,0x39e7,0x39e7,0x39e7,0x39e7,0x4228,0x5800,0x4a69,0x4a69,0x4a69,0x0000,
		0x0000,0x632c,0x5aeb,0x5aeb,0x7000,0x632c,0x5aeb,0x738e,0x528a,0x528a,0x528a,0x738e,0x632c,0x4a69,0x52aa,0x4a69,0x5800,0x52aa,0x52aa,0x9800,0x5000,0x4a69,0x4228,0x4228,0x52aa,0x0000,
		0x0000,0x0000,0x632c,0x632c,0x738e,0x738e,0x632c,0x738e,0xc800,0xc800,0x7000,0x632c,0x5aeb,0x39e7,0x4228,0x4a69,0x4a69,0x52aa,0x4a69,0x5000,0x52aa,0x4a69,0x4a69,0x52aa,0x0000,0x0000,
		0x0000,0x0000,0x0000,0x0000,0x632c,0x632c,0x632c,0x632c,0x7000,0x632c,0x7800,0x738e,0x632c,0x4a69,0x4a69,0x39e7,0x5000,0x4a69,0x4a69,0x52aa,0x4a69,0x4a69,0x0000,0x0000,0x0000,0x0000,
		0x0000,0x0000,0x0000,0x0000,0x0000,0x0000,0x738e,0x632c,0x738e,0x632c,0x5aeb,0x632c,0x5aeb,0x4a69,0x4a69,0x9800,0x52aa,0x52aa,0x52aa,0x4a69,0x0000,0x0000,0x0000,0x0000,0x0000,0x0000,
		0x0000,0x0000,0x0000,0x0000,0x0000,0x0000,0x0000,0x0000,0x632c,0x632c,0x5aeb,0x5aeb,0x632c,0x52aa,0x4228,0x4a69,0x4a69,0x4228,0x0000,0x0000,0x0000,0x0000,0x0000,0x0000,0x0000,0x0000,
		0x0000,0x0000,0x0000,0x0000,0x0000,0x0000,0x0000,0x0000,0x0000,0x0000,0x632c,0x632c,0x632c,0x4a69,0x4a69,0x4a69,0x0000,0x0000,0x0000,0x0000,0x0000,0x0000,0x0000,0x0000,0x0000,0x0000,
		0x0000,0x0000,0x0000,0x0000,0x0000,0x0000,0x0000,0x0000,0x0000,0x0000,0x0000,0x0000,0x738e,0x4a69,0x0000,0x0000,0x0000,0x0000,0x0000,0x0000,0x0000,0x0000,0x0000,0x0000,0x0000,0x0000
	},
    { //redstone dust 80
		0x0000,0x0000,0x0000,0x0000,0x0000,0x0000,0x0000,0x0000,0x0000,0x0000,0x0000,0x0000,0x0000,0x0000,0x0000,0x0000,0x0000,0x0000,0x0000,0x0000,0x0000,0x0000,0x0000,0x0000,0x0000,0x0000,
		0x0000,0x0000,0x0000,0x0000,0x0000,0x0000,0x0000,0x0000,0x0000,0x0000,0x0000,0x0000,0x0000,0x0000,0x0000,0x0000,0x0000,0x0000,0x0000,0x0000,0x0000,0x0000,0x0000,0x0000,0x0000,0x0000,
		0x0000,0x0000,0x0000,0x0000,0x0000,0x0000,0x0000,0x0000,0x0000,0x0000,0x0000,0x0000,0x0000,0x0000,0x0000,0x0000,0x0000,0x0000,0x0000,0x0000,0x0000,0x0000,0x0000,0x0000,0x0000,0x0000,
		0x0000,0x0000,0x0000,0x0000,0x0000,0x0000,0x0000,0x0000,0x0000,0x0000,0x0000,0x0000,0x0000,0x0000,0x0000,0x0000,0x0000,0x0000,0x0000,0x0000,0x0000,0x0000,0x0000,0x0000,0x0000,0x0000,
		0x0000,0x0000,0x0000,0x0000,0x0000,0x0000,0x0000,0x0000,0x0000,0x0000,0x0000,0x0000,0x0000,0x0000,0x0000,0x0000,0x0000,0x0000,0x0000,0x0000,0x0000,0x0000,0x0000,0x0000,0x0000,0x0000,
		0x0000,0x0000,0x0000,0x0000,0x0000,0x0000,0x0000,0x0000,0x0000,0x0000,0x0000,0x5820,0x5820,0x5820,0x5820,0x0000,0x0000,0x0000,0x0000,0x0000,0x0000,0x0000,0x0000,0x0000,0x0000,0x0000,
		0x0000,0x0000,0x0000,0x0000,0x0000,0x0000,0x0000,0x0000,0x0000,0x0000,0x5820,0x7000,0x7000,0xa860,0xa860,0x5820,0x0000,0x0000,0x0000,0x0000,0x0000,0x0000,0x0000,0x0000,0x0000,0x0000,
		0x0000,0x0000,0x0000,0x0000,0x0000,0x0000,0x0000,0x0000,0x0000,0x0000,0x5820,0x7000,0x7000,0xa860,0xa860,0x5820,0x0000,0x0000,0x0000,0x0000,0x0000,0x0000,0x0000,0x0000,0x0000,0x0000,
		0x0000,0x0000,0x0000,0x0000,0x0000,0x0000,0x0000,0x0000,0x5820,0x5820,0xa860,0xf800,0xf800,0xa860,0xa860,0x4020,0x2800,0x2800,0x0000,0x0000,0x0000,0x0000,0x0000,0x0000,0x0000,0x0000,
		0x0000,0x0000,0x0000,0x0000,0x0000,0x0000,0x0000,0x0000,0x5820,0x5820,0xa860,0xf800,0xf800,0xa860,0xa860,0x4020,0x2800,0x2800,0x0000,0x0000,0x0000,0x0000,0x0000,0x0000,0x0000,0x0000,
		0x0000,0x0000,0x0000,0x0000,0x0000,0x0000,0x5820,0x5820,0xa860,0xa860,0xf800,0xa860,0xa860,0x7000,0x7000,0xf800,0x4020,0x4020,0x2800,0x0000,0x0000,0x0000,0x0000,0x0000,0x0000,0x0000,
		0x0000,0x0000,0x0000,0x0000,0x0000,0x5820,0xa860,0xa860,0xa860,0xa860,0xa860,0xf800,0xf800,0xa860,0xa860,0x4020,0x5820,0x5820,0x4020,0x2800,0x2800,0x0000,0x0000,0x0000,0x0000,0x0000,
		0x0000,0x0000,0x0000,0x0000,0x0000,0x5820,0xa860,0xa860,0xa860,0xa860,0xa860,0xf800,0xf800,0xa860,0xa860,0x4020,0x5820,0x5820,0x4020,0x2800,0x2800,0x0000,0x0000,0x0000,0x0000,0x0000,
		0x0000,0x0000,0x0000,0x5820,0x5820,0x7000,0xf800,0xf800,0xa860,0xa860,0x7000,0x4020,0x4020,0xf800,0xf800,0x7000,0x4020,0x4020,0xa860,0x3020,0x3020,0x2800,0x2800,0x0000,0x0000,0x0000,
		0x0000,0x0000,0x0000,0x5820,0x5820,0x7000,0xf800,0xf800,0xa860,0xa860,0x7000,0x4020,0x4020,0xf800,0xf800,0x7000,0x4020,0x4020,0xa860,0x3020,0x3020,0x2800,0x2800,0x0000,0x0000,0x0000,
		0x0000,0x0000,0x0000,0x5820,0x5820,0xa860,0x7000,0x7000,0xa860,0xa860,0xf800,0xa860,0xa860,0x7000,0x7000,0x4020,0x4020,0x4020,0x5820,0x4020,0x4020,0x2800,0x2800,0x0000,0x0000,0x0000,
		0x0000,0x0000,0x0000,0x2800,0x2800,0x4020,0xa860,0xa860,0xf800,0xf800,0xa860,0x7000,0x7000,0x4020,0x4020,0xa860,0x4020,0x4020,0x4020,0x3020,0x3020,0x2800,0x2800,0x0000,0x0000,0x0000,
		0x0000,0x0000,0x0000,0x2800,0x2800,0x4020,0xa860,0xa860,0xf800,0xf800,0xa860,0x7000,0x7000,0x4020,0x4020,0xa860,0x4020,0x4020,0x4020,0x3020,0x3020,0x2800,0x2800,0x0000,0x0000,0x0000,
		0x0000,0x0000,0x0000,0x0000,0x0000,0x2800,0x4020,0x4020,0xa860,0xa860,0x7000,0x4020,0x4020,0x5820,0x5820,0x4020,0x4020,0x4020,0x3020,0x2800,0x2800,0x0000,0x0000,0x0000,0x0000,0x0000,
		0x0000,0x0000,0x0000,0x0000,0x0000,0x0000,0x2800,0x2800,0x2800,0x2800,0x3020,0x4020,0x4020,0x4020,0x4020,0x3020,0x2800,0x2800,0x2800,0x0000,0x0000,0x0000,0x0000,0x0000,0x0000,0x0000,
		0x0000,0x0000,0x0000,0x0000,0x0000,0x0000,0x2800,0x2800,0x2800,0x2800,0x3020,0x4020,0x4020,0x4020,0x4020,0x3020,0x2800,0x2800,0x2800,0x0000,0x0000,0x0000,0x0000,0x0000,0x0000,0x0000,
		0x0000,0x0000,0x0000,0x0000,0x0000,0x0000,0x0000,0x0000,0x0000,0x0000,0x2800,0x2800,0x2800,0x2800,0x2800,0x2800,0x0000,0x0000,0x0000,0x0000,0x0000,0x0000,0x0000,0x0000,0x0000,0x0000,
		0x0000,0x0000,0x0000,0x0000,0x0000,0x0000,0x0000,0x0000,0x0000,0x0000,0x2800,0x2800,0x2800,0x2800,0x2800,0x2800,0x0000,0x0000,0x0000,0x0000,0x0000,0x0000,0x0000,0x0000,0x0000,0x0000,
		0x0000,0x0000,0x0000,0x0000,0x0000,0x0000,0x0000,0x0000,0x0000,0x0000,0x0000,0x0000,0x0000,0x0000,0x0000,0x0000,0x0000,0x0000,0x0000,0x0000,0x0000,0x0000,0x0000,0x0000,0x0000,0x0000,
		0x0000,0x0000,0x0000,0x0000,0x0000,0x0000,0x0000,0x0000,0x0000,0x0000,0x0000,0x0000,0x0000,0x0000,0x0000,0x0000,0x0000,0x0000,0x0000,0x0000,0x0000,0x0000,0x0000,0x0000,0x0000,0x0000,
		0x0000,0x0000,0x0000,0x0000,0x0000,0x0000,0x0000,0x0000,0x0000,0x0000,0x0000,0x0000,0x0000,0x0000,0x0000,0x0000,0x0000,0x0000,0x0000,0x0000,0x0000,0x0000,0x0000,0x0000,0x0000,0x0000
	},
    { //redstone torch 81
		0x0000,0x0000,0x0000,0x0000,0x0000,0x0000,0x0000,0x0000,0x0000,0x0000,0x0000,0x0000,0x0000,0x0000,0x0000,0x0000,0x0000,0x0000,0x0000,0x0000,0x0000,0x0000,0x0000,0x0000,0x0000,0x0000,
		0x0000,0x0000,0x0000,0x0000,0x0000,0x0000,0x0000,0x0000,0x0000,0x0000,0x0000,0x0000,0x0000,0x0000,0x0000,0x0000,0x0000,0x0000,0x0000,0x0000,0x0000,0x0000,0x0000,0x0000,0x0000,0x0000,
		0x0000,0x0000,0x0000,0x0000,0x0000,0x0000,0x0000,0x0000,0x0000,0x0000,0x0000,0x0000,0x0000,0x0000,0x0000,0x0000,0x0000,0x0000,0x0000,0x0000,0x0000,0x0000,0x0000,0x0000,0x0000,0x0000,
		0x0000,0x0000,0x0000,0x0000,0x0000,0x0000,0x0000,0x0000,0x0000,0x0000,0x0000,0x0000,0x0000,0x0000,0x0000,0x0000,0x0000,0x0000,0x0000,0x0000,0x0000,0x0000,0x0000,0x0000,0x0000,0x0000,
		0x0000,0x0000,0x0000,0x0000,0x0000,0x0000,0x0000,0x0000,0x0000,0x0000,0x0000,0x0000,0x0000,0x0000,0x0000,0x0000,0x0000,0x0000,0x0000,0x0000,0x0000,0x0000,0x0000,0x0000,0x0000,0x0000,
		0x0000,0x0000,0x0000,0x0000,0x0000,0x0000,0x0000,0x0000,0x0000,0x0000,0x0000,0x0000,0x0000,0x0000,0x0000,0x0000,0x0000,0x0000,0x0000,0x0000,0x0000,0x0000,0x0000,0x0000,0x0000,0x0000,
		0x0000,0x0000,0x0000,0x0000,0x0000,0x0000,0x0000,0x0000,0x0000,0x0000,0x0000,0x0000,0x0000,0x0000,0x0000,0x0000,0x0000,0x0000,0x0000,0x0000,0x0000,0x0000,0x0000,0x0000,0x0000,0x0000,
		0x0000,0x0000,0x0000,0x0000,0x0000,0x0000,0x0000,0x0000,0x0000,0x0000,0x0000,0x0000,0x0000,0x0000,0x0000,0x0000,0x0000,0x0000,0x0000,0x0000,0x0000,0x0000,0x0000,0x0000,0x0000,0x0000,
		0x0000,0x0000,0x0000,0x0000,0x0000,0x0000,0x0000,0x0000,0x0000,0x0000,0x0000,0xf800,0xf800,0xf800,0xf800,0x0000,0x0000,0x0000,0x0000,0x0000,0x0000,0x0000,0x0000,0x0000,0x0000,0x0000,
		0x0000,0x0000,0x0000,0x0000,0x0000,0x0000,0x0000,0x0000,0x0000,0x0000,0x0000,0xf800,0xf800,0xf800,0xf800,0x0000,0x0000,0x0000,0x0000,0x0000,0x0000,0x0000,0x0000,0x0000,0x0000,0x0000,
		0x0000,0x0000,0x0000,0x0000,0x0000,0x0000,0x0000,0x0000,0x0000,0x0000,0xf800,0xfec0,0xfec0,0xfc60,0xfc60,0xf800,0x0000,0x0000,0x0000,0x0000,0x0000,0x0000,0x0000,0x0000,0x0000,0x0000,
		0x0000,0x0000,0x0000,0x0000,0x0000,0x0000,0x0000,0x0000,0x0000,0x0000,0xf800,0xfff2,0xfff2,0xffff,0xffff,0xf800,0x0000,0x0000,0x0000,0x0000,0x0000,0x0000,0x0000,0x0000,0x0000,0x0000,
		0x0000,0x0000,0x0000,0x0000,0x0000,0x0000,0x0000,0x0000,0x0000,0x0000,0xf800,0xfff2,0xfff2,0xffff,0xffff,0xf800,0x0000,0x0000,0x0000,0x0000,0x0000,0x0000,0x0000,0x0000,0x0000,0x0000,
		0x0000,0x0000,0x0000,0x0000,0x0000,0x0000,0x0000,0x0000,0x0000,0x0000,0x0000,0xf800,0xf800,0xa800,0xa800,0x0000,0x0000,0x0000,0x0000,0x0000,0x0000,0x0000,0x0000,0x0000,0x0000,0x0000,
		0x0000,0x0000,0x0000,0x0000,0x0000,0x0000,0x0000,0x0000,0x0000,0x0000,0x0000,0xf800,0xf800,0xa800,0xa800,0x0000,0x0000,0x0000,0x0000,0x0000,0x0000,0x0000,0x0000,0x0000,0x0000,0x0000,
		0x0000,0x0000,0x0000,0x0000,0x0000,0x0000,0x0000,0x0000,0x0000,0x0000,0x0000,0x9388,0x9388,0x3963,0x3963,0x0000,0x0000,0x0000,0x0000,0x0000,0x0000,0x0000,0x0000,0x0000,0x0000,0x0000,
		0x0000,0x0000,0x0000,0x0000,0x0000,0x0000,0x0000,0x0000,0x0000,0x0000,0x0000,0x93a8,0x93a8,0x41a4,0x41a4,0x0000,0x0000,0x0000,0x0000,0x0000,0x0000,0x0000,0x0000,0x0000,0x0000,0x0000,
		0x0000,0x0000,0x0000,0x0000,0x0000,0x0000,0x0000,0x0000,0x0000,0x0000,0x0000,0x93a8,0x93a8,0x41a4,0x41a4,0x0000,0x0000,0x0000,0x0000,0x0000,0x0000,0x0000,0x0000,0x0000,0x0000,0x0000,
		0x0000,0x0000,0x0000,0x0000,0x0000,0x0000,0x0000,0x0000,0x0000,0x0000,0x0000,0x9bea,0x9bea,0x4184,0x4184,0x0000,0x0000,0x0000,0x0000,0x0000,0x0000,0x0000,0x0000,0x0000,0x0000,0x0000,
		0x0000,0x0000,0x0000,0x0000,0x0000,0x0000,0x0000,0x0000,0x0000,0x0000,0x0000,0x93a9,0x93a9,0x3963,0x3963,0x0000,0x0000,0x0000,0x0000,0x0000,0x0000,0x0000,0x0000,0x0000,0x0000,0x0000,
		0x0000,0x0000,0x0000,0x0000,0x0000,0x0000,0x0000,0x0000,0x0000,0x0000,0x0000,0x93a9,0x93a9,0x3963,0x3963,0x0000,0x0000,0x0000,0x0000,0x0000,0x0000,0x0000,0x0000,0x0000,0x0000,0x0000,
		0x0000,0x0000,0x0000,0x0000,0x0000,0x0000,0x0000,0x0000,0x0000,0x0000,0x0000,0x6286,0x6286,0x3983,0x3983,0x0000,0x0000,0x0000,0x0000,0x0000,0x0000,0x0000,0x0000,0x0000,0x0000,0x0000,
		0x0000,0x0000,0x0000,0x0000,0x0000,0x0000,0x0000,0x0000,0x0000,0x0000,0x0000,0x6286,0x6286,0x3983,0x3983,0x0000,0x0000,0x0000,0x0000,0x0000,0x0000,0x0000,0x0000,0x0000,0x0000,0x0000,
		0x0000,0x0000,0x0000,0x0000,0x0000,0x0000,0x0000,0x0000,0x0000,0x0000,0x0000,0x9bc9,0x9bc9,0x3963,0x3963,0x0000,0x0000,0x0000,0x0000,0x0000,0x0000,0x0000,0x0000,0x0000,0x0000,0x0000,
		0x0000,0x0000,0x0000,0x0000,0x0000,0x0000,0x0000,0x0000,0x0000,0x0000,0x0000,0x6286,0x6286,0x3142,0x3142,0x0000,0x0000,0x0000,0x0000,0x0000,0x0000,0x0000,0x0000,0x0000,0x0000,0x0000,
		0x0000,0x0000,0x0000,0x0000,0x0000,0x0000,0x0000,0x0000,0x0000,0x0000,0x0000,0x6286,0x6286,0x3142,0x3142,0x0000,0x0000,0x0000,0x0000,0x0000,0x0000,0x0000,0x0000,0x0000,0x0000,0x0000
	},
    { //repeater 82
		0x0000,0x0000,0x0000,0x0000,0x0000,0x0000,0x0000,0x0000,0x0000,0x0000,0x0000,0x0000,0x0000,0x0000,0x0000,0x0000,0x0000,0x0000,0x0000,0x0000,0x0000,0x0000,0x0000,0x0000,0x0000,0x0000,
		0x0000,0x0000,0x0000,0x0000,0x0000,0x0000,0x0000,0x0000,0x0000,0x0000,0x0000,0x0000,0x0000,0x0000,0x0000,0x0000,0x0000,0x0000,0x0000,0x0000,0x0000,0x0000,0x0000,0x0000,0x0000,0x0000,
		0x0000,0x0000,0x0000,0x0000,0x0000,0x0000,0x0000,0x0000,0x0000,0x0000,0x0000,0x0000,0x0000,0x0000,0x0000,0x0000,0x0000,0x0000,0x0000,0x0000,0x0000,0x0000,0x0000,0x0000,0x0000,0x0000,
		0x0000,0x0000,0x0000,0x0000,0x0000,0x0000,0x0000,0x0000,0x0000,0x0000,0x0000,0x0000,0x0000,0x0000,0x0000,0x0000,0x0000,0x0000,0x0000,0x8020,0x8020,0x6000,0x6000,0x0000,0x0000,0x0000,
		0x0000,0x0000,0x0000,0x0000,0x0000,0x0000,0x0000,0x0000,0x0000,0x0000,0x0000,0x0000,0x0000,0x0000,0x0000,0x0000,0x0000,0x0000,0x0000,0x8020,0x8020,0x6000,0x6000,0x0000,0x0000,0x0000,
		0x0000,0x0000,0x0000,0x0000,0x0000,0x0000,0x0000,0x0000,0x0000,0x0000,0x0000,0x0000,0x0000,0x0000,0x0000,0x0000,0x0000,0x0000,0x0000,0x8020,0x8020,0x4021,0x4021,0x0000,0x0000,0x0000,
		0x0000,0x0000,0x0000,0x0000,0x0000,0x0000,0x0000,0x0000,0x0000,0x0000,0x0000,0x0000,0x0000,0x0000,0x0000,0x0000,0x0000,0x0000,0x0000,0x93a8,0x93a8,0x6286,0x6286,0x0000,0x0000,0x0000,
		0x0000,0x0000,0x0000,0x0000,0x0000,0x0000,0x0000,0x0000,0x0000,0x0000,0x0000,0x0000,0x0000,0x0000,0x0000,0x0000,0x0000,0x0000,0x0000,0x93a8,0x93a8,0x6286,0x6286,0x0000,0x0000,0x0000,
		0x0000,0x0000,0x0000,0x0000,0x0000,0x0000,0x0000,0x0000,0x0000,0x0000,0x0000,0x0000,0x0000,0x0000,0x0000,0x0000,0x0000,0x0000,0x0000,0x93a8,0x93a8,0x41a4,0x41a4,0x0000,0x0000,0x0000,
		0x0000,0x0000,0x0000,0x0000,0x0000,0x0000,0x0000,0x0000,0x0000,0x0000,0x0000,0x0000,0x0000,0x0000,0x0000,0x0000,0x0000,0x0000,0x0000,0x93a8,0x93a8,0x41a4,0x41a4,0x0000,0x0000,0x0000,
		0x0000,0x0000,0x0000,0x0000,0x0000,0x0000,0x0000,0x0000,0x0000,0x0000,0x0000,0x0000,0x0000,0x0000,0x0000,0x0000,0x0000,0x0000,0x0000,0x93a8,0x93a8,0x41a4,0x41a4,0x0000,0x0000,0x0000,
		0x0000,0x0000,0x0000,0x8020,0x8020,0x6000,0x0000,0x0000,0x0000,0x0000,0x0000,0x0000,0x0000,0xa533,0xa533,0xa533,0x632d,0x632d,0x0000,0x72e6,0x72e6,0x3142,0x3142,0x0000,0x0000,0x0000,
		0x0000,0x0000,0x0000,0x8020,0x8020,0x6000,0x0000,0x0000,0x0000,0x0000,0x0000,0x0000,0x0000,0xa533,0xa533,0xa533,0x632d,0x632d,0x0000,0x72e6,0x72e6,0x3142,0x3142,0x0000,0x0000,0x0000,
		0x0000,0x0000,0x0000,0x8020,0x8020,0x4021,0x0000,0x0000,0x0000,0x0000,0xa533,0xa533,0xa533,0x5000,0x5000,0x5000,0xa533,0xa533,0x0000,0x0000,0x0000,0x0000,0x0000,0x0000,0x0000,0x0000,
		0x0000,0x0000,0x0000,0x8020,0x8020,0x4021,0x0000,0x0000,0x0000,0x0000,0xa533,0xa533,0xa533,0x5000,0x5000,0x5000,0xa533,0xa533,0x0000,0x0000,0x0000,0x0000,0x0000,0x0000,0x0000,0x0000,
		0x0000,0x0000,0x0000,0x93a8,0x93a8,0x6286,0xbdf6,0xbdf6,0xa533,0xa533,0x8020,0x8020,0x8020,0x2000,0x2000,0x2000,0xa533,0xa533,0x0000,0x0000,0x0000,0x0000,0x0000,0x0000,0x0000,0x0000,
		0x0000,0x0000,0x0000,0x93a8,0x93a8,0x41a4,0x5000,0x5000,0x8020,0x8020,0x6000,0x2000,0x2000,0xa533,0xa533,0xa533,0x632d,0x632d,0x0000,0x0000,0x0000,0x0000,0x0000,0x0000,0x0000,0x0000,
		0x0000,0x0000,0x0000,0x93a8,0x93a8,0x41a4,0x5000,0x5000,0x8020,0x8020,0x6000,0x2000,0x2000,0xa533,0xa533,0xa533,0x632d,0x632d,0x0000,0x0000,0x0000,0x0000,0x0000,0x0000,0x0000,0x0000,
		0x0000,0x0000,0xbdf6,0x93a8,0x93a8,0x41a4,0x2000,0x2000,0x2000,0x2000,0xbdf6,0xbdf6,0xbdf6,0x632d,0x632d,0x0000,0x0000,0x0000,0x0000,0x0000,0x0000,0x0000,0x0000,0x0000,0x0000,0x0000,
		0x0000,0x0000,0xbdf6,0x72e6,0x72e6,0x3142,0xbdf6,0xbdf6,0xbdf6,0xbdf6,0xa533,0x0000,0x0000,0x0000,0x0000,0x0000,0x0000,0x0000,0x0000,0x0000,0x0000,0x0000,0x0000,0x0000,0x0000,0x0000,
		0x0000,0x0000,0xbdf6,0x72e6,0x72e6,0x3142,0xbdf6,0xbdf6,0xbdf6,0xbdf6,0xa533,0x0000,0x0000,0x0000,0x0000,0x0000,0x0000,0x0000,0x0000,0x0000,0x0000,0x0000,0x0000,0x0000,0x0000,0x0000,
		0x0000,0x0000,0xa533,0xbdf6,0xbdf6,0xbdf6,0xa533,0xa533,0x0000,0x0000,0x0000,0x0000,0x0000,0x0000,0x0000,0x0000,0x0000,0x0000,0x0000,0x0000,0x0000,0x0000,0x0000,0x0000,0x0000,0x0000,
		0x0000,0x0000,0xa533,0xbdf6,0xbdf6,0xbdf6,0xa533,0xa533,0x0000,0x0000,0x0000,0x0000,0x0000,0x0000,0x0000,0x0000,0x0000,0x0000,0x0000,0x0000,0x0000,0x0000,0x0000,0x0000,0x0000,0x0000,
		0x0000,0x0000,0x0000,0x0000,0x0000,0x0000,0x0000,0x0000,0x0000,0x0000,0x0000,0x0000,0x0000,0x0000,0x0000,0x0000,0x0000,0x0000,0x0000,0x0000,0x0000,0x0000,0x0000,0x0000,0x0000,0x0000,
		0x0000,0x0000,0x0000,0x0000,0x0000,0x0000,0x0000,0x0000,0x0000,0x0000,0x0000,0x0000,0x0000,0x0000,0x0000,0x0000,0x0000,0x0000,0x0000,0x0000,0x0000,0x0000,0x0000,0x0000,0x0000,0x0000,
		0x0000,0x0000,0x0000,0x0000,0x0000,0x0000,0x0000,0x0000,0x0000,0x0000,0x0000,0x0000,0x0000,0x0000,0x0000,0x0000,0x0000,0x0000,0x0000,0x0000,0x0000,0x0000,0x0000,0x0000,0x0000,0x0000
	},
    { //iron door 83
		0x0000,0x0000,0x0000,0x0000,0x0000,0x0000,0x0000,0x0000,0x0000,0x0000,0x0000,0x0000,0x0000,0x0000,0x0000,0x0000,0x0000,0x0000,0x0000,0x0000,0x0000,0x0000,0x0000,0x0000,0x0000,0x0000,
		0x0000,0x0000,0x0000,0x0000,0x0000,0x0000,0x0000,0x0000,0x0000,0x0000,0x0000,0x0000,0x0000,0x0000,0x0000,0x0000,0x0000,0x0000,0x0000,0x0000,0x0000,0x0000,0x0000,0x0000,0x0000,0x0000,
		0x0000,0x0000,0x0000,0x0000,0x0000,0x0000,0x0000,0x0000,0x0000,0x0000,0x0000,0x0000,0x0000,0x0000,0x0000,0x0000,0x0000,0x0000,0x0000,0x0000,0x0000,0x0000,0x0000,0x0000,0x0000,0x0000,
		0x0000,0x0000,0x0000,0x0000,0x0000,0x9492,0xce59,0xce59,0xce59,0xce59,0xce59,0xce59,0xce59,0xce59,0xce59,0xce59,0xce59,0xce59,0xce59,0xce59,0xce59,0x0000,0x0000,0x0000,0x0000,0x0000,
		0x0000,0x0000,0x0000,0x0000,0x0000,0x9492,0xce59,0xce59,0xce59,0xce59,0xce59,0xce59,0xce59,0xce59,0xce59,0xce59,0xce59,0xce59,0xce59,0xce59,0xce59,0x0000,0x0000,0x0000,0x0000,0x0000,
		0x0000,0x0000,0x0000,0x0000,0x0000,0x9492,0xce59,0xce59,0x0000,0x0000,0x0000,0x0000,0x0000,0xce59,0xce59,0x0000,0x0000,0x0000,0x0000,0xce59,0xce59,0x0000,0x0000,0x0000,0x0000,0x0000,
		0x0000,0x0000,0x0000,0x0000,0x0000,0x4a49,0xce59,0xce59,0x0000,0x0000,0x0000,0x0000,0x0000,0xce59,0xce59,0x0000,0x0000,0x0000,0x0000,0xce59,0xce59,0x0000,0x0000,0x0000,0x0000,0x0000,
		0x0000,0x0000,0x0000,0x0000,0x0000,0x4a49,0xce59,0xce59,0x0000,0x0000,0x0000,0x0000,0x0000,0xce59,0xce59,0x0000,0x0000,0x0000,0x0000,0xce59,0xce59,0x0000,0x0000,0x0000,0x0000,0x0000,
		0x0000,0x0000,0x0000,0x0000,0x0000,0x9492,0xce59,0xce59,0xce59,0xce59,0xce59,0xce59,0xce59,0xce59,0xce59,0xce59,0xce59,0xce59,0xce59,0xce59,0xce59,0x0000,0x0000,0x0000,0x0000,0x0000,
		0x0000,0x0000,0x0000,0x0000,0x0000,0x9492,0xce59,0xce59,0xce59,0xce59,0xce59,0xce59,0xce59,0xce59,0xce59,0xce59,0xce59,0xce59,0xce59,0xce59,0xce59,0x0000,0x0000,0x0000,0x0000,0x0000,
		0x0000,0x0000,0x0000,0x0000,0x0000,0x9492,0xce59,0xce59,0x0000,0x0000,0x0000,0x0000,0x0000,0xce59,0xce59,0x0000,0x0000,0x0000,0x0000,0xce59,0xce59,0x0000,0x0000,0x0000,0x0000,0x0000,
		0x0000,0x0000,0x0000,0x0000,0x0000,0x9492,0xce59,0xce59,0x0000,0x0000,0x0000,0x0000,0x0000,0xce59,0xce59,0x0000,0x0000,0x0000,0x0000,0xce59,0xce59,0x0000,0x0000,0x0000,0x0000,0x0000,
		0x0000,0x0000,0x0000,0x0000,0x0000,0x9492,0xce59,0xce59,0x0000,0x0000,0x0000,0x0000,0x0000,0xce59,0xce59,0x0000,0x0000,0x0000,0x0000,0xce59,0xce59,0x0000,0x0000,0x0000,0x0000,0x0000,
		0x0000,0x0000,0x0000,0x0000,0x0000,0x4a49,0xce59,0xce59,0xce59,0xce59,0xce59,0xce59,0xce59,0xce59,0xce59,0xce59,0x4208,0x4208,0x4208,0xce59,0xce59,0x0000,0x0000,0x0000,0x0000,0x0000,
		0x0000,0x0000,0x0000,0x0000,0x0000,0x4a49,0xce59,0xce59,0xce59,0xce59,0xce59,0xce59,0xce59,0xce59,0xce59,0xce59,0x4208,0x4208,0x4208,0xce59,0xce59,0x0000,0x0000,0x0000,0x0000,0x0000,
		0x0000,0x0000,0x0000,0x0000,0x0000,0x9492,0xce59,0xce59,0xad75,0xad75,0xad75,0xad75,0xad75,0xce59,0xce59,0xad75,0xad75,0xad75,0xad75,0xce59,0xce59,0x0000,0x0000,0x0000,0x0000,0x0000,
		0x0000,0x0000,0x0000,0x0000,0x0000,0x9492,0xce59,0xce59,0xad75,0xad75,0xbdf7,0xbdf7,0xbdf7,0xce59,0xce59,0xad75,0xbdf7,0xbdf7,0xbdf7,0xce59,0xce59,0x0000,0x0000,0x0000,0x0000,0x0000,
		0x0000,0x0000,0x0000,0x0000,0x0000,0x9492,0xce59,0xce59,0xad75,0xad75,0xbdf7,0xbdf7,0xbdf7,0xce59,0xce59,0xad75,0xbdf7,0xbdf7,0xbdf7,0xce59,0xce59,0x0000,0x0000,0x0000,0x0000,0x0000,
		0x0000,0x0000,0x0000,0x0000,0x0000,0x9492,0xce59,0xce59,0xce59,0xce59,0xce59,0xce59,0xce59,0xce59,0xce59,0xce59,0xce59,0xce59,0xce59,0xce59,0xce59,0x0000,0x0000,0x0000,0x0000,0x0000,
		0x0000,0x0000,0x0000,0x0000,0x0000,0x4a49,0xce59,0xce59,0xad75,0xad75,0xad75,0xad75,0xad75,0xce59,0xce59,0xad75,0xad75,0xad75,0xad75,0xce59,0xce59,0x0000,0x0000,0x0000,0x0000,0x0000,
		0x0000,0x0000,0x0000,0x0000,0x0000,0x4a49,0xce59,0xce59,0xad75,0xad75,0xad75,0xad75,0xad75,0xce59,0xce59,0xad75,0xad75,0xad75,0xad75,0xce59,0xce59,0x0000,0x0000,0x0000,0x0000,0x0000,
		0x0000,0x0000,0x0000,0x0000,0x0000,0x9492,0xce59,0xce59,0xad75,0xad75,0xbdf7,0xbdf7,0xbdf7,0xce59,0xce59,0xad75,0xbdf7,0xbdf7,0xbdf7,0xce59,0xce59,0x0000,0x0000,0x0000,0x0000,0x0000,
		0x0000,0x0000,0x0000,0x0000,0x0000,0x9492,0xce59,0xce59,0xad75,0xad75,0xbdf7,0xbdf7,0xbdf7,0xce59,0xce59,0xad75,0xbdf7,0xbdf7,0xbdf7,0xce59,0xce59,0x0000,0x0000,0x0000,0x0000,0x0000,
		0x0000,0x0000,0x0000,0x0000,0x0000,0x9492,0xce59,0xce59,0xce59,0xce59,0xce59,0xce59,0xce59,0xce59,0xce59,0xce59,0xce59,0xce59,0xce59,0xce59,0xce59,0x0000,0x0000,0x0000,0x0000,0x0000,
		0x0000,0x0000,0x0000,0x0000,0x0000,0x9492,0x9492,0x9492,0x9492,0x9492,0x9492,0x9492,0x9492,0x9492,0x9492,0x9492,0x9492,0x9492,0x9492,0x9492,0x9492,0x0000,0x0000,0x0000,0x0000,0x0000,
		0x0000,0x0000,0x0000,0x0000,0x0000,0x9492,0x9492,0x9492,0x9492,0x9492,0x9492,0x9492,0x9492,0x9492,0x9492,0x9492,0x9492,0x9492,0x9492,0x9492,0x9492,0x0000,0x0000,0x0000,0x0000,0x0000
	},
    { //redstone lamp 84
		0x0000,0x0000,0x0000,0x0000,0x0000,0x0000,0x0000,0x0000,0x0000,0x0000,0x0000,0x0000,0x30c2,0x30c2,0x0000,0x0000,0x0000,0x0000,0x0000,0x0000,0x0000,0x0000,0x0000,0x0000,0x0000,0x0000,
		0x0000,0x0000,0x0000,0x0000,0x0000,0x0000,0x0000,0x0000,0x0000,0x0000,0x30c2,0x30c2,0x30c2,0x30c2,0x30c2,0x30c2,0x0000,0x0000,0x0000,0x0000,0x0000,0x0000,0x0000,0x0000,0x0000,0x0000,
		0x0000,0x0000,0x0000,0x0000,0x0000,0x0000,0x0000,0x0000,0x30c2,0x30c2,0x5982,0x9ae6,0x8265,0x8265,0x92a6,0x8265,0x30c2,0x30c2,0x0000,0x0000,0x0000,0x0000,0x0000,0x0000,0x0000,0x0000,
		0x0000,0x0000,0x0000,0x0000,0x0000,0x0000,0x30c2,0x30c2,0x30c2,0x4143,0x8265,0xab27,0x5982,0x5982,0x9ae6,0x8265,0x4143,0x30c2,0x30c2,0x30c2,0x0000,0x0000,0x0000,0x0000,0x0000,0x0000,
		0x0000,0x0000,0x0000,0x0000,0x30c2,0x30c2,0x92a6,0x5982,0x5982,0x30c2,0x5982,0x5982,0x8a85,0x8a85,0x5982,0x5982,0x30c2,0x8265,0x8265,0x9ae6,0x30c2,0x30c2,0x0000,0x0000,0x0000,0x0000,
		0x0000,0x0000,0x30c2,0x30c2,0x30c2,0x8a85,0x8265,0x92a6,0x4143,0x8a85,0x8a85,0x8265,0x8265,0x8265,0x92a6,0x8a85,0x8a85,0x5982,0x8265,0x8265,0x8a85,0x30c2,0x30c2,0x30c2,0x0000,0x0000,
		0x0000,0x20a1,0x20a1,0x30c2,0x30c2,0x4143,0xab27,0x8265,0x4143,0x30c2,0x92a6,0x8265,0x9ae6,0xab27,0x8265,0x8a85,0x30c2,0x5982,0x8265,0x8265,0x4143,0x30c2,0x30c2,0x1881,0x1881,0x0000,
		0x0000,0x20a1,0x3902,0x20a1,0x20a1,0x30c2,0x92a6,0x5982,0x4143,0x30c2,0x5982,0x30c2,0x5982,0x8a85,0x30c2,0x8a85,0x30c2,0x4143,0x9ae6,0xab27,0x30c2,0x1881,0x1881,0x28c2,0x1881,0x0000,
		0x0000,0x20a1,0x20a1,0x20a1,0x69e4,0x20a1,0x20a1,0x30c2,0x30c2,0x5982,0x92a6,0x8265,0x8265,0x8265,0x8265,0x8265,0x5982,0x30c2,0x30c2,0x1881,0x1881,0x6a04,0x1881,0x1881,0x1881,0x0000,
		0x0000,0x20a1,0x3902,0x4942,0x7224,0x69e4,0x20a1,0x20a1,0x20a1,0x30c2,0x5982,0x8a85,0xab27,0x8a85,0x92a6,0x8265,0x30c2,0x1881,0x1881,0x38e1,0x61c4,0x5163,0x38e1,0x28c2,0x1881,0x0000,
		0x0000,0x20a1,0x4942,0x8265,0x7224,0x7224,0x3902,0x20a1,0x4942,0x20a1,0x20a1,0x30c2,0x4143,0x4143,0x30c2,0x1881,0x1881,0x38e1,0x1881,0x5163,0x5163,0x5163,0x5163,0x38e1,0x1881,0x0000,
		0x0000,0x20a1,0x7224,0x7224,0x8aa5,0x8265,0x20a1,0x20a1,0x69e4,0x8aa5,0x4942,0x20a1,0x20a1,0x1881,0x1881,0x38e1,0x5163,0x5163,0x28c2,0x38e1,0x59a3,0x61c4,0x6a04,0x6a04,0x1881,0x0000,
		0x0000,0x20a1,0x4942,0x69e4,0x4942,0x20a1,0x4942,0x7224,0x4942,0x69e4,0x7224,0x20a1,0x20a1,0x1881,0x1881,0x5163,0x59a3,0x38e1,0x38e1,0x1881,0x1881,0x38e1,0x61c4,0x38e1,0x1881,0x0000,
		0x0000,0x20a1,0x20a1,0x3902,0x20a1,0x7224,0x7224,0x8265,0x20a1,0x69e4,0x69e4,0x4942,0x20a1,0x1881,0x38e1,0x61c4,0x59a3,0x1881,0x59a3,0x59a3,0x5163,0x1881,0x28c2,0x1881,0x1881,0x0000,
		0x0000,0x20a1,0x8265,0x20a1,0x4942,0x8265,0x69e4,0x7224,0x7224,0x4942,0x69e4,0x69e4,0x20a1,0x1881,0x61c4,0x6a04,0x38e1,0x59a3,0x5163,0x5163,0x59a3,0x38e1,0x1881,0x38e1,0x1881,0x0000,
		0x0000,0x20a1,0x7224,0x4942,0x20a1,0x7224,0x69e4,0x69e4,0x69e4,0x20a1,0x69e4,0x8aa5,0x20a1,0x1881,0x59a3,0x6a04,0x1881,0x61c4,0x5163,0x5163,0x6a04,0x1881,0x5163,0x5163,0x1881,0x0000,
		0x0000,0x20a1,0x69e4,0x69e4,0x3902,0x7224,0x69e4,0x7224,0x69e4,0x4942,0x4942,0x8265,0x20a1,0x1881,0x5163,0x38e1,0x38e1,0x5163,0x5163,0x6a04,0x59a3,0x28c2,0x5163,0x5163,0x1881,0x0000,
		0x0000,0x20a1,0x4942,0x69e4,0x69e4,0x20a1,0x7224,0x8265,0x8aa5,0x7224,0x20a1,0x3902,0x20a1,0x1881,0x28c2,0x1881,0x5163,0x61c4,0x5163,0x38e1,0x1881,0x5163,0x59a3,0x38e1,0x1881,0x0000,
		0x0000,0x20a1,0x20a1,0x4942,0x69e4,0x3902,0x4942,0x69e4,0x4942,0x20a1,0x3902,0x20a1,0x20a1,0x1881,0x1881,0x28c2,0x1881,0x38e1,0x59a3,0x1881,0x28c2,0x5163,0x38e1,0x1881,0x1881,0x0000,
		0x0000,0x20a1,0x3902,0x20a1,0x8aa5,0x69e4,0x20a1,0x4942,0x20a1,0x3902,0x69e4,0x69e4,0x20a1,0x1881,0x38e1,0x61c4,0x28c2,0x1881,0x38e1,0x28c2,0x5163,0x59a3,0x1881,0x28c2,0x1881,0x0000,
		0x0000,0x0000,0x20a1,0x20a1,0x4942,0x7224,0x3902,0x20a1,0x3902,0x69e4,0x69e4,0x69e4,0x20a1,0x1881,0x5163,0x59a3,0x5163,0x28c2,0x28c2,0x59a3,0x5163,0x38e1,0x1881,0x1881,0x0000,0x0000,
		0x0000,0x0000,0x0000,0x0000,0x20a1,0x20a1,0x20a1,0x20a1,0x7224,0x7224,0x8aa5,0x7224,0x20a1,0x1881,0x5163,0x61c4,0x6a04,0x38e1,0x1881,0x38e1,0x1881,0x1881,0x0000,0x0000,0x0000,0x0000,
		0x0000,0x0000,0x0000,0x0000,0x0000,0x0000,0x20a1,0x20a1,0x4942,0x4942,0x8aa5,0x4942,0x20a1,0x1881,0x38e1,0x6a04,0x38e1,0x5163,0x1881,0x1881,0x0000,0x0000,0x0000,0x0000,0x0000,0x0000,
		0x0000,0x0000,0x0000,0x0000,0x0000,0x0000,0x0000,0x0000,0x20a1,0x20a1,0x3902,0x20a1,0x20a1,0x1881,0x1881,0x28c2,0x1881,0x1881,0x0000,0x0000,0x0000,0x0000,0x0000,0x0000,0x0000,0x0000,
		0x0000,0x0000,0x0000,0x0000,0x0000,0x0000,0x0000,0x0000,0x0000,0x0000,0x20a1,0x20a1,0x20a1,0x1881,0x1881,0x1881,0x0000,0x0000,0x0000,0x0000,0x0000,0x0000,0x0000,0x0000,0x0000,0x0000,
		0x0000,0x0000,0x0000,0x0000,0x0000,0x0000,0x0000,0x0000,0x0000,0x0000,0x0000,0x0000,0x20a1,0x1881,0x0000,0x0000,0x0000,0x0000,0x0000,0x0000,0x0000,0x0000,0x0000,0x0000,0x0000,0x0000
	},
	{ //lever 85
		0x0000,0x0000,0x0000,0x0000,0x0000,0x0000,0x0000,0x0000,0x0000,0x0000,0x0000,0x0000,0x0000,0x0000,0x0000,0x0000,0x0000,0x0000,0x0000,0x0000,0x0000,0x0000,0x0000,0x0000,0x0000,0x0000,
		0x0000,0x0000,0x0000,0x0000,0x0000,0x0000,0x0000,0x0000,0x0000,0x0000,0x0000,0x0000,0x0000,0x0000,0x0000,0x0000,0x0000,0x0000,0x0000,0x0000,0x0000,0x0000,0x0000,0x0000,0x0000,0x0000,
		0x0000,0x0000,0x0000,0x0000,0x0000,0x0000,0x0000,0x0000,0x0000,0x0000,0x0000,0x0000,0x0000,0x0000,0x0000,0x0000,0x0000,0x0000,0x0000,0x0000,0x0000,0x0000,0x0000,0x0000,0x0000,0x0000,
		0x0000,0x0000,0x0000,0x0000,0x0000,0x0000,0x0000,0x0000,0x0000,0x0000,0x0000,0x0000,0x0000,0x0000,0x0000,0x0000,0x0000,0x0000,0x0000,0x0000,0x0000,0x0000,0x0000,0x0000,0x0000,0x0000,
		0x0000,0x0000,0x0000,0x0000,0x0000,0x0000,0x0000,0x0000,0x0000,0x0000,0x0000,0x0000,0x0000,0x0000,0x0000,0x0000,0x0000,0x0000,0x0000,0x0000,0x0000,0x0000,0x0000,0x0000,0x0000,0x0000,
		0x0000,0x0000,0x0000,0x0000,0x0000,0x0000,0x0000,0x0000,0x0000,0x0000,0x0000,0x0000,0x0000,0x0000,0x0000,0x0000,0x0000,0x0000,0x0000,0x0000,0x0000,0x0000,0x0000,0x0000,0x0000,0x0000,
		0x0000,0x0000,0x0000,0x0000,0x0000,0x0000,0x0000,0x0000,0x0000,0x0000,0x0000,0x0000,0x0000,0x0000,0x0000,0x0000,0x0000,0x0000,0x0000,0x0000,0x0000,0x0000,0x0000,0x0000,0x0000,0x0000,
		0x0000,0x0000,0x0000,0x0000,0x0000,0x0000,0x0000,0x0000,0x0000,0x0000,0x0000,0x0000,0x0000,0x0000,0x0000,0x0000,0x0000,0x0000,0x0000,0x0000,0x0000,0x0000,0x0000,0x0000,0x0000,0x0000,
		0x0000,0x0000,0x0000,0x0000,0x0000,0x0000,0x0000,0x0000,0x0000,0x0000,0x0000,0x0000,0x0000,0x0000,0x0000,0x0000,0x0000,0x0000,0x0000,0x0000,0x0000,0x0000,0x0000,0x0000,0x0000,0x0000,
		0x0000,0x0000,0x0000,0x0000,0x0000,0x0000,0x0000,0x0000,0x0000,0x0000,0x0000,0x0000,0x0000,0x0000,0x0000,0x0000,0x0000,0x0000,0x0000,0x0000,0x0000,0x0000,0x0000,0x0000,0x0000,0x0000,
		0x0000,0x0000,0x0000,0x0000,0x0000,0x0000,0x0000,0x0000,0x0000,0x0000,0x0000,0x7bef,0x7bef,0x6b6d,0x6b6d,0x0000,0x0000,0x0000,0x0000,0x0000,0x0000,0x0000,0x0000,0x0000,0x0000,0x0000,
		0x0000,0x0000,0x0000,0x0000,0x0000,0x0000,0x0000,0x0000,0x0000,0x0000,0x0000,0x7bef,0x7bef,0x738e,0x738e,0x0000,0x0000,0x0000,0x0000,0x0000,0x0000,0x0000,0x0000,0x0000,0x0000,0x0000,
		0x0000,0x0000,0x0000,0x0000,0x0000,0x0000,0x0000,0x0000,0x0000,0x0000,0x0000,0x7bef,0x7bef,0x738e,0x738e,0x0000,0x0000,0x0000,0x0000,0x0000,0x0000,0x0000,0x0000,0x0000,0x0000,0x0000,
		0x0000,0x0000,0x0000,0x0000,0x0000,0x0000,0x0000,0x0000,0x0000,0x0000,0x0000,0x93a8,0x93a8,0x6aa6,0x6aa6,0x0000,0x0000,0x0000,0x0000,0x0000,0x0000,0x0000,0x0000,0x0000,0x0000,0x0000,
		0x0000,0x0000,0x0000,0x0000,0x0000,0x0000,0x0000,0x0000,0x0000,0x0000,0x0000,0x93a8,0x93a8,0x6aa6,0x6aa6,0x0000,0x0000,0x0000,0x0000,0x0000,0x0000,0x0000,0x0000,0x0000,0x0000,0x0000,
		0x0000,0x0000,0x0000,0x0000,0x0000,0x0000,0x0000,0x0000,0x0000,0x0000,0x0000,0x9be9,0x9be9,0x41a4,0x41a4,0x0000,0x0000,0x0000,0x0000,0x0000,0x0000,0x0000,0x0000,0x0000,0x0000,0x0000,
		0x0000,0x0000,0x0000,0x0000,0x0000,0x0000,0x0000,0x0000,0x0000,0x0000,0x0000,0x9be9,0x9be9,0x5225,0x5225,0x0000,0x0000,0x0000,0x0000,0x0000,0x0000,0x0000,0x0000,0x0000,0x0000,0x0000,
		0x0000,0x0000,0x0000,0x0000,0x0000,0x0000,0x0000,0x0000,0x0000,0x0000,0x0000,0x9be9,0x9be9,0x5225,0x5225,0x0000,0x0000,0x0000,0x0000,0x0000,0x0000,0x0000,0x0000,0x0000,0x0000,0x0000,
		0x0000,0x0000,0x0000,0x0000,0x0000,0x0000,0x0000,0x0000,0x0000,0x0000,0x0000,0x93a8,0x93a8,0x5225,0x5225,0x0000,0x0000,0x0000,0x0000,0x0000,0x0000,0x0000,0x0000,0x0000,0x0000,0x0000,
		0x0000,0x0000,0x0000,0x0000,0x0000,0x0000,0x0000,0x0000,0x0000,0x0000,0x0000,0x93a8,0x93a8,0x5225,0x5225,0x0000,0x0000,0x0000,0x0000,0x0000,0x0000,0x0000,0x0000,0x0000,0x0000,0x0000,
		0x0000,0x0000,0x0000,0x0000,0x0000,0x0000,0x0000,0x0000,0x0000,0x0000,0x0000,0x93a8,0x93a8,0x5225,0x5225,0x0000,0x0000,0x0000,0x0000,0x0000,0x0000,0x0000,0x0000,0x0000,0x0000,0x0000,
		0x0000,0x0000,0x0000,0x0000,0x0000,0x0000,0x0000,0x0000,0x0000,0x0000,0x0000,0x6aa6,0x6aa6,0x3963,0x3963,0x0000,0x0000,0x0000,0x0000,0x0000,0x0000,0x0000,0x0000,0x0000,0x0000,0x0000,
		0x0000,0x0000,0x0000,0x0000,0x0000,0x0000,0x0000,0x0000,0x0000,0x0000,0x0000,0x6aa6,0x6aa6,0x3963,0x3963,0x0000,0x0000,0x0000,0x0000,0x0000,0x0000,0x0000,0x0000,0x0000,0x0000,0x0000,
		0x0000,0x0000,0x0000,0x0000,0x0000,0x0000,0x0000,0x0000,0x0000,0x0000,0x0000,0x9be9,0x9be9,0x3963,0x3963,0x0000,0x0000,0x0000,0x0000,0x0000,0x0000,0x0000,0x0000,0x0000,0x0000,0x0000,
		0x0000,0x0000,0x0000,0x0000,0x0000,0x0000,0x0000,0x0000,0x0000,0x0000,0x0000,0x6aa6,0x6aa6,0x3142,0x3142,0x0000,0x0000,0x0000,0x0000,0x0000,0x0000,0x0000,0x0000,0x0000,0x0000,0x0000,
		0x0000,0x0000,0x0000,0x0000,0x0000,0x0000,0x0000,0x0000,0x0000,0x0000,0x0000,0x6aa6,0x6aa6,0x3142,0x3142,0x0000,0x0000,0x0000,0x0000,0x0000,0x0000,0x0000,0x0000,0x0000,0x0000,0x0000
	},
	{ //wooden button 86
		0x0000,0x0000,0x0000,0x0000,0x0000,0x0000,0x0000,0x0000,0x0000,0x0000,0x0000,0x0000,0x0000,0x0000,0x0000,0x0000,0x0000,0x0000,0x0000,0x0000,0x0000,0x0000,0x0000,0x0000,0x0000,0x0000,
		0x0000,0x0000,0x0000,0x0000,0x0000,0x0000,0x0000,0x0000,0x0000,0x0000,0x0000,0x0000,0x0000,0x0000,0x0000,0x0000,0x0000,0x0000,0x0000,0x0000,0x0000,0x0000,0x0000,0x0000,0x0000,0x0000,
		0x0000,0x0000,0x0000,0x0000,0x0000,0x0000,0x0000,0x0000,0x0000,0x0000,0x0000,0x0000,0x0000,0x0000,0x0000,0x0000,0x0000,0x0000,0x0000,0x0000,0x0000,0x0000,0x0000,0x0000,0x0000,0x0000,
		0x0000,0x0000,0x0000,0x0000,0x0000,0x0000,0x0000,0x0000,0x0000,0x0000,0x0000,0x0000,0x0000,0x0000,0x0000,0x0000,0x0000,0x0000,0x0000,0x0000,0x0000,0x0000,0x0000,0x0000,0x0000,0x0000,
		0x0000,0x0000,0x0000,0x0000,0x0000,0x0000,0x0000,0x0000,0x0000,0x0000,0x0000,0x0000,0x0000,0x0000,0x0000,0x0000,0x0000,0x0000,0x0000,0x0000,0x0000,0x0000,0x0000,0x0000,0x0000,0x0000,
		0x0000,0x0000,0x0000,0x0000,0x0000,0x0000,0x0000,0x0000,0x0000,0x0000,0x0000,0x0000,0x0000,0x0000,0x0000,0x0000,0x0000,0x0000,0x0000,0x0000,0x0000,0x0000,0x0000,0x0000,0x0000,0x0000,
		0x0000,0x0000,0x0000,0x0000,0x0000,0x0000,0x0000,0x0000,0x0000,0x0000,0x0000,0x0000,0x0000,0x0000,0x0000,0x0000,0x0000,0x0000,0x0000,0x0000,0x0000,0x0000,0x0000,0x0000,0x0000,0x0000,
		0x0000,0x0000,0x0000,0x0000,0x0000,0x0000,0x0000,0x0000,0x0000,0x0000,0x0000,0x0000,0x0000,0x0000,0x0000,0x0000,0x0000,0x0000,0x0000,0x0000,0x0000,0x0000,0x0000,0x0000,0x0000,0x0000,
		0x0000,0x0000,0x0000,0x0000,0x0000,0x0000,0x0000,0x0000,0x0000,0x0000,0x0000,0x0000,0x0000,0x0000,0x0000,0x0000,0x0000,0x0000,0x0000,0x0000,0x0000,0x0000,0x0000,0x0000,0x0000,0x0000,
		0x0000,0x0000,0x0000,0x0000,0x0000,0x0000,0x0000,0x0000,0x0000,0x0000,0x0000,0x0000,0x0000,0x0000,0x0000,0x0000,0x0000,0x0000,0x0000,0x0000,0x0000,0x0000,0x0000,0x0000,0x0000,0x0000,
		0x0000,0x0000,0x0000,0x0000,0x0000,0x0000,0x0000,0x0000,0x0000,0x0000,0x0000,0x0000,0xac6a,0xac6a,0x7b06,0x0000,0x0000,0x0000,0x0000,0x0000,0x0000,0x0000,0x0000,0x0000,0x0000,0x0000,
		0x0000,0x0000,0x0000,0x0000,0x0000,0x0000,0x0000,0x0000,0x0000,0x0000,0xb48b,0x6265,0xc4cc,0x9c09,0x9c09,0x49e4,0x0000,0x0000,0x0000,0x0000,0x0000,0x0000,0x0000,0x0000,0x0000,0x0000,
		0x0000,0x0000,0x0000,0x0000,0x0000,0x0000,0x0000,0x0000,0x0000,0x0000,0x62a6,0xac6a,0xac6a,0x49c4,0x39a3,0x49c4,0x0000,0x0000,0x0000,0x0000,0x0000,0x0000,0x0000,0x0000,0x0000,0x0000,
		0x0000,0x0000,0x0000,0x0000,0x0000,0x0000,0x0000,0x0000,0x0000,0x0000,0x62a6,0x7b27,0x49c4,0x41c4,0x39a3,0x49c4,0x0000,0x0000,0x0000,0x0000,0x0000,0x0000,0x0000,0x0000,0x0000,0x0000,
		0x0000,0x0000,0x0000,0x0000,0x0000,0x0000,0x0000,0x0000,0x0000,0x0000,0x6245,0x72e7,0x39a3,0x41c4,0x3963,0x3122,0x0000,0x0000,0x0000,0x0000,0x0000,0x0000,0x0000,0x0000,0x0000,0x0000,
		0x0000,0x0000,0x0000,0x0000,0x0000,0x0000,0x0000,0x0000,0x0000,0x0000,0x0000,0x51e4,0x3122,0x3963,0x0000,0x0000,0x0000,0x0000,0x0000,0x0000,0x0000,0x0000,0x0000,0x0000,0x0000,0x0000,
		0x0000,0x0000,0x0000,0x0000,0x0000,0x0000,0x0000,0x0000,0x0000,0x0000,0x0000,0x0000,0x0000,0x0000,0x0000,0x0000,0x0000,0x0000,0x0000,0x0000,0x0000,0x0000,0x0000,0x0000,0x0000,0x0000,
		0x0000,0x0000,0x0000,0x0000,0x0000,0x0000,0x0000,0x0000,0x0000,0x0000,0x0000,0x0000,0x0000,0x0000,0x0000,0x0000,0x0000,0x0000,0x0000,0x0000,0x0000,0x0000,0x0000,0x0000,0x0000,0x0000,
		0x0000,0x0000,0x0000,0x0000,0x0000,0x0000,0x0000,0x0000,0x0000,0x0000,0x0000,0x0000,0x0000,0x0000,0x0000,0x0000,0x0000,0x0000,0x0000,0x0000,0x0000,0x0000,0x0000,0x0000,0x0000,0x0000,
		0x0000,0x0000,0x0000,0x0000,0x0000,0x0000,0x0000,0x0000,0x0000,0x0000,0x0000,0x0000,0x0000,0x0000,0x0000,0x0000,0x0000,0x0000,0x0000,0x0000,0x0000,0x0000,0x0000,0x0000,0x0000,0x0000,
		0x0000,0x0000,0x0000,0x0000,0x0000,0x0000,0x0000,0x0000,0x0000,0x0000,0x0000,0x0000,0x0000,0x0000,0x0000,0x0000,0x0000,0x0000,0x0000,0x0000,0x0000,0x0000,0x0000,0x0000,0x0000,0x0000,
		0x0000,0x0000,0x0000,0x0000,0x0000,0x0000,0x0000,0x0000,0x0000,0x0000,0x0000,0x0000,0x0000,0x0000,0x0000,0x0000,0x0000,0x0000,0x0000,0x0000,0x0000,0x0000,0x0000,0x0000,0x0000,0x0000,
		0x0000,0x0000,0x0000,0x0000,0x0000,0x0000,0x0000,0x0000,0x0000,0x0000,0x0000,0x0000,0x0000,0x0000,0x0000,0x0000,0x0000,0x0000,0x0000,0x0000,0x0000,0x0000,0x0000,0x0000,0x0000,0x0000,
		0x0000,0x0000,0x0000,0x0000,0x0000,0x0000,0x0000,0x0000,0x0000,0x0000,0x0000,0x0000,0x0000,0x0000,0x0000,0x0000,0x0000,0x0000,0x0000,0x0000,0x0000,0x0000,0x0000,0x0000,0x0000,0x0000,
		0x0000,0x0000,0x0000,0x0000,0x0000,0x0000,0x0000,0x0000,0x0000,0x0000,0x0000,0x0000,0x0000,0x0000,0x0000,0x0000,0x0000,0x0000,0x0000,0x0000,0x0000,0x0000,0x0000,0x0000,0x0000,0x0000,
		0x0000,0x0000,0x0000,0x0000,0x0000,0x0000,0x0000,0x0000,0x0000,0x0000,0x0000,0x0000,0x0000,0x0000,0x0000,0x0000,0x0000,0x0000,0x0000,0x0000,0x0000,0x0000,0x0000,0x0000,0x0000,0x0000
	},
	{ //stone button 87
		0x0000,0x0000,0x0000,0x0000,0x0000,0x0000,0x0000,0x0000,0x0000,0x0000,0x0000,0x0000,0x0000,0x0000,0x0000,0x0000,0x0000,0x0000,0x0000,0x0000,0x0000,0x0000,0x0000,0x0000,0x0000,0x0000,
		0x0000,0x0000,0x0000,0x0000,0x0000,0x0000,0x0000,0x0000,0x0000,0x0000,0x0000,0x0000,0x0000,0x0000,0x0000,0x0000,0x0000,0x0000,0x0000,0x0000,0x0000,0x0000,0x0000,0x0000,0x0000,0x0000,
		0x0000,0x0000,0x0000,0x0000,0x0000,0x0000,0x0000,0x0000,0x0000,0x0000,0x0000,0x0000,0x0000,0x0000,0x0000,0x0000,0x0000,0x0000,0x0000,0x0000,0x0000,0x0000,0x0000,0x0000,0x0000,0x0000,
		0x0000,0x0000,0x0000,0x0000,0x0000,0x0000,0x0000,0x0000,0x0000,0x0000,0x0000,0x0000,0x0000,0x0000,0x0000,0x0000,0x0000,0x0000,0x0000,0x0000,0x0000,0x0000,0x0000,0x0000,0x0000,0x0000,
		0x0000,0x0000,0x0000,0x0000,0x0000,0x0000,0x0000,0x0000,0x0000,0x0000,0x0000,0x0000,0x0000,0x0000,0x0000,0x0000,0x0000,0x0000,0x0000,0x0000,0x0000,0x0000,0x0000,0x0000,0x0000,0x0000,
		0x0000,0x0000,0x0000,0x0000,0x0000,0x0000,0x0000,0x0000,0x0000,0x0000,0x0000,0x0000,0x0000,0x0000,0x0000,0x0000,0x0000,0x0000,0x0000,0x0000,0x0000,0x0000,0x0000,0x0000,0x0000,0x0000,
		0x0000,0x0000,0x0000,0x0000,0x0000,0x0000,0x0000,0x0000,0x0000,0x0000,0x0000,0x0000,0x0000,0x0000,0x0000,0x0000,0x0000,0x0000,0x0000,0x0000,0x0000,0x0000,0x0000,0x0000,0x0000,0x0000,
		0x0000,0x0000,0x0000,0x0000,0x0000,0x0000,0x0000,0x0000,0x0000,0x0000,0x0000,0x0000,0x0000,0x0000,0x0000,0x0000,0x0000,0x0000,0x0000,0x0000,0x0000,0x0000,0x0000,0x0000,0x0000,0x0000,
		0x0000,0x0000,0x0000,0x0000,0x0000,0x0000,0x0000,0x0000,0x0000,0x0000,0x0000,0x0000,0x0000,0x0000,0x0000,0x0000,0x0000,0x0000,0x0000,0x0000,0x0000,0x0000,0x0000,0x0000,0x0000,0x0000,
		0x0000,0x0000,0x0000,0x0000,0x0000,0x0000,0x0000,0x0000,0x0000,0x0000,0x0000,0x0000,0x0000,0x0000,0x0000,0x0000,0x0000,0x0000,0x0000,0x0000,0x0000,0x0000,0x0000,0x0000,0x0000,0x0000,
		0x0000,0x0000,0x0000,0x0000,0x0000,0x0000,0x0000,0x0000,0x0000,0x0000,0x0000,0x0000,0x738e,0x738e,0x632c,0x0000,0x0000,0x0000,0x0000,0x0000,0x0000,0x0000,0x0000,0x0000,0x0000,0x0000,
		0x0000,0x0000,0x0000,0x0000,0x0000,0x0000,0x0000,0x0000,0x0000,0x0000,0x738e,0x7bef,0x8c71,0x8c71,0x8c71,0x3186,0x0000,0x0000,0x0000,0x0000,0x0000,0x0000,0x0000,0x0000,0x0000,0x0000,
		0x0000,0x0000,0x0000,0x0000,0x0000,0x0000,0x0000,0x0000,0x0000,0x0000,0x4a49,0x7bef,0x7bef,0x3186,0x2965,0x2965,0x0000,0x0000,0x0000,0x0000,0x0000,0x0000,0x0000,0x0000,0x0000,0x0000,
		0x0000,0x0000,0x0000,0x0000,0x0000,0x0000,0x0000,0x0000,0x0000,0x0000,0x4a49,0x528a,0x39c7,0x3186,0x2965,0x3186,0x0000,0x0000,0x0000,0x0000,0x0000,0x0000,0x0000,0x0000,0x0000,0x0000,
		0x0000,0x0000,0x0000,0x0000,0x0000,0x0000,0x0000,0x0000,0x0000,0x0000,0x528a,0x4a49,0x3186,0x3186,0x3186,0x39c7,0x0000,0x0000,0x0000,0x0000,0x0000,0x0000,0x0000,0x0000,0x0000,0x0000,
		0x0000,0x0000,0x0000,0x0000,0x0000,0x0000,0x0000,0x0000,0x0000,0x0000,0x0000,0x5aeb,0x3186,0x2965,0x0000,0x0000,0x0000,0x0000,0x0000,0x0000,0x0000,0x0000,0x0000,0x0000,0x0000,0x0000,
		0x0000,0x0000,0x0000,0x0000,0x0000,0x0000,0x0000,0x0000,0x0000,0x0000,0x0000,0x0000,0x0000,0x0000,0x0000,0x0000,0x0000,0x0000,0x0000,0x0000,0x0000,0x0000,0x0000,0x0000,0x0000,0x0000,
		0x0000,0x0000,0x0000,0x0000,0x0000,0x0000,0x0000,0x0000,0x0000,0x0000,0x0000,0x0000,0x0000,0x0000,0x0000,0x0000,0x0000,0x0000,0x0000,0x0000,0x0000,0x0000,0x0000,0x0000,0x0000,0x0000,
		0x0000,0x0000,0x0000,0x0000,0x0000,0x0000,0x0000,0x0000,0x0000,0x0000,0x0000,0x0000,0x0000,0x0000,0x0000,0x0000,0x0000,0x0000,0x0000,0x0000,0x0000,0x0000,0x0000,0x0000,0x0000,0x0000,
		0x0000,0x0000,0x0000,0x0000,0x0000,0x0000,0x0000,0x0000,0x0000,0x0000,0x0000,0x0000,0x0000,0x0000,0x0000,0x0000,0x0000,0x0000,0x0000,0x0000,0x0000,0x0000,0x0000,0x0000,0x0000,0x0000,
		0x0000,0x0000,0x0000,0x0000,0x0000,0x0000,0x0000,0x0000,0x0000,0x0000,0x0000,0x0000,0x0000,0x0000,0x0000,0x0000,0x0000,0x0000,0x0000,0x0000,0x0000,0x0000,0x0000,0x0000,0x0000,0x0000,
		0x0000,0x0000,0x0000,0x0000,0x0000,0x0000,0x0000,0x0000,0x0000,0x0000,0x0000,0x0000,0x0000,0x0000,0x0000,0x0000,0x0000,0x0000,0x0000,0x0000,0x0000,0x0000,0x0000,0x0000,0x0000,0x0000,
		0x0000,0x0000,0x0000,0x0000,0x0000,0x0000,0x0000,0x0000,0x0000,0x0000,0x0000,0x0000,0x0000,0x0000,0x0000,0x0000,0x0000,0x0000,0x0000,0x0000,0x0000,0x0000,0x0000,0x0000,0x0000,0x0000,
		0x0000,0x0000,0x0000,0x0000,0x0000,0x0000,0x0000,0x0000,0x0000,0x0000,0x0000,0x0000,0x0000,0x0000,0x0000,0x0000,0x0000,0x0000,0x0000,0x0000,0x0000,0x0000,0x0000,0x0000,0x0000,0x0000,
		0x0000,0x0000,0x0000,0x0000,0x0000,0x0000,0x0000,0x0000,0x0000,0x0000,0x0000,0x0000,0x0000,0x0000,0x0000,0x0000,0x0000,0x0000,0x0000,0x0000,0x0000,0x0000,0x0000,0x0000,0x0000,0x0000,
		0x0000,0x0000,0x0000,0x0000,0x0000,0x0000,0x0000,0x0000,0x0000,0x0000,0x0000,0x0000,0x0000,0x0000,0x0000,0x0000,0x0000,0x0000,0x0000,0x0000,0x0000,0x0000,0x0000,0x0000,0x0000,0x0000
	},
	{ //coal block 88
		0x0000,0x0000,0x0000,0x0000,0x0000,0x0000,0x0000,0x0000,0x0000,0x0000,0x0000,0x0000,0x0000,0x0000,0x0000,0x0000,0x0000,0x0000,0x0000,0x0000,0x0000,0x0000,0x0000,0x0000,0x0000,0x0000,
		0x0000,0x0000,0x0000,0x0000,0x0000,0x0000,0x0000,0x0000,0x0000,0x0000,0x0000,0x10a2,0x0020,0x0020,0x0020,0x0000,0x0000,0x0000,0x0000,0x0000,0x0000,0x0000,0x0000,0x0000,0x0000,0x0000,
		0x0000,0x0000,0x0000,0x0000,0x0000,0x0000,0x0000,0x0000,0x10a2,0x0861,0x10a2,0x10a2,0x10a2,0x10a2,0x0861,0x0861,0x0020,0x0020,0x0000,0x0000,0x0000,0x0000,0x0000,0x0000,0x0000,0x0000,
		0x0000,0x0000,0x0000,0x0000,0x0000,0x0000,0x10a2,0x0020,0x0020,0x10a2,0x2924,0x0861,0x0861,0x10a2,0x0861,0x0861,0x0861,0x10a2,0x10a2,0x0000,0x0000,0x0000,0x0000,0x0000,0x0000,0x0000,
		0x0000,0x0000,0x0000,0x0000,0x0000,0x10a2,0x10a2,0x0020,0x0020,0x18e3,0x2924,0x10a2,0x10a2,0x10a2,0x10a2,0x0861,0x10a2,0x18e3,0x18e3,0x0020,0x0020,0x0000,0x0000,0x0000,0x0000,0x0000,
		0x0000,0x0000,0x0000,0x0020,0x10a2,0x10a2,0x18e3,0x0861,0x0861,0x0861,0x0020,0x10a2,0x10a2,0x10a2,0x10a2,0x0861,0x10a2,0x10a2,0x10a2,0x0861,0x0020,0x0020,0x10a2,0x0000,0x0000,0x0000,
		0x0000,0x0000,0x1082,0x0020,0x10a2,0x10a2,0x0861,0x10a2,0x18e3,0x0020,0x10a2,0x2924,0x0861,0x0861,0x0020,0x10a2,0x10a2,0x18e3,0x2924,0x10a2,0x0861,0x10a2,0x10a2,0x0020,0x0000,0x0000,
		0x0000,0x0000,0x0861,0x0861,0x0841,0x10a2,0x0020,0x0020,0x0020,0x0861,0x10a2,0x10a2,0x0020,0x0020,0x0861,0x10a2,0x10a2,0x10a2,0x0020,0x10a2,0x10a2,0x0020,0x0001,0x0861,0x0000,0x0000,
		0x0000,0x0000,0x0841,0x0841,0x0861,0x0861,0x0020,0x0020,0x0861,0x10a2,0x10a2,0x0020,0x0020,0x0020,0x10a2,0x0020,0x10a2,0x0020,0x0020,0x0841,0x0841,0x0001,0x0020,0x0841,0x0000,0x0000,
		0x0000,0x0000,0x0001,0x0001,0x0001,0x0841,0x0001,0x0001,0x10a2,0x10a2,0x10a2,0x0861,0x10a2,0x10a2,0x0020,0x0861,0x10a2,0x10a2,0x0001,0x0841,0x0020,0x0001,0x0841,0x0020,0x0000,0x0000,
		0x0000,0x0000,0x0001,0x0841,0x0861,0x0841,0x0001,0x0001,0x0861,0x0861,0x0020,0x0861,0x10a2,0x10a2,0x0861,0x0861,0x0841,0x0841,0x0001,0x0001,0x0001,0x0001,0x0841,0x0001,0x0000,0x0000,
		0x0000,0x0000,0x0001,0x0861,0x1082,0x1082,0x0861,0x0861,0x0001,0x0001,0x0841,0x0841,0x0861,0x0861,0x0861,0x0020,0x0020,0x0841,0x0841,0x0020,0x0001,0x0001,0x0001,0x0841,0x0000,0x0000,
		0x0000,0x0000,0x0841,0x0861,0x0861,0x0861,0x0861,0x0861,0x0861,0x0861,0x0861,0x1082,0x1082,0x0841,0x0841,0x0001,0x1082,0x0861,0x0841,0x0020,0x0001,0x0001,0x0841,0x0841,0x0000,0x0000,
		0x0000,0x0000,0x0861,0x0861,0x0861,0x0841,0x0841,0x0861,0x0841,0x0001,0x0861,0x0861,0x0861,0x0841,0x0020,0x0020,0x0861,0x0841,0x0841,0x0001,0x0020,0x0841,0x0841,0x0020,0x0000,0x0000,
		0x0000,0x0000,0x0861,0x0841,0x0841,0x0001,0x0001,0x0001,0x0001,0x0001,0x0861,0x0841,0x0001,0x0020,0x0001,0x0841,0x0861,0x0841,0x0020,0x0020,0x1082,0x0861,0x0020,0x0001,0x0000,0x0000,
		0x0000,0x0000,0x0841,0x0841,0x0841,0x0861,0x1082,0x0861,0x1082,0x0841,0x0861,0x0861,0x0001,0x0001,0x0001,0x0841,0x0020,0x0020,0x0841,0x0841,0x0020,0x0001,0x0841,0x0020,0x0000,0x0000,
		0x0000,0x0000,0x0861,0x0841,0x0861,0x0861,0x0861,0x1082,0x0861,0x18c3,0x0861,0x0861,0x0861,0x0841,0x0020,0x0841,0x0001,0x0841,0x0861,0x0020,0x0001,0x0841,0x0841,0x0841,0x0000,0x0000,
		0x0000,0x0000,0x0001,0x0001,0x0861,0x0861,0x0841,0x0861,0x0841,0x0861,0x0841,0x0841,0x0861,0x0001,0x0841,0x0020,0x0020,0x0861,0x0841,0x0001,0x0001,0x0001,0x0020,0x0841,0x0000,0x0000,
		0x0000,0x0000,0x0001,0x0861,0x0841,0x0841,0x0841,0x0001,0x0001,0x0841,0x1082,0x0001,0x0001,0x0001,0x0841,0x0841,0x0841,0x0841,0x0020,0x0020,0x0001,0x0841,0x0861,0x0020,0x0000,0x0000,
		0x0000,0x0000,0x0861,0x0861,0x1082,0x1082,0x18c3,0x1082,0x0841,0x0001,0x0861,0x0841,0x0001,0x0001,0x0020,0x0020,0x0020,0x0020,0x1082,0x0001,0x0841,0x0841,0x0841,0x0000,0x0000,0x0000,
		0x0000,0x0000,0x0000,0x0861,0x0861,0x0861,0x0861,0x0001,0x0861,0x0841,0x0841,0x0841,0x0861,0x0841,0x0020,0x0001,0x0020,0x0861,0x0841,0x0020,0x0841,0x0841,0x0020,0x0000,0x0000,0x0000,
		0x0000,0x0000,0x0000,0x0000,0x0000,0x0841,0x0001,0x0001,0x0001,0x0861,0x1082,0x0861,0x1082,0x0861,0x0841,0x0841,0x0861,0x1082,0x0001,0x0841,0x0841,0x0000,0x0000,0x0000,0x0000,0x0000,
		0x0000,0x0000,0x0000,0x0000,0x0000,0x0000,0x0861,0x0841,0x0841,0x0861,0x0861,0x0861,0x0861,0x0001,0x0001,0x0020,0x0841,0x0020,0x0841,0x0000,0x0000,0x0000,0x0000,0x0000,0x0000,0x0000,
		0x0000,0x0000,0x0000,0x0000,0x0000,0x0000,0x0000,0x0000,0x0861,0x0861,0x0861,0x0841,0x0001,0x0001,0x0001,0x0841,0x0020,0x0841,0x0000,0x0000,0x0000,0x0000,0x0000,0x0000,0x0000,0x0000,
		0x0000,0x0000,0x0000,0x0000,0x0000,0x0000,0x0000,0x0000,0x0000,0x0000,0x0000,0x0001,0x0001,0x0020,0x0841,0x0000,0x0000,0x0000,0x0000,0x0000,0x0000,0x0000,0x0000,0x0000,0x0000,0x0000,
		0x0000,0x0000,0x0000,0x0000,0x0000,0x0000,0x0000,0x0000,0x0000,0x0000,0x0000,0x0000,0x0000,0x0000,0x0000,0x0000,0x0000,0x0000,0x0000,0x0000,0x0000,0x0000,0x0000,0x0000,0x0000,0x0000
	},
	{ //iron ingot 89
		0x0000,0x0000,0x0000,0x0000,0x0000,0x0000,0x0000,0x0000,0x0000,0x0000,0x0000,0x0000,0x0000,0x0000,0x0000,0x0000,0x0000,0x0000,0x0000,0x0000,0x0000,0x0000,0x0000,0x0000,0x0000,0x0000,
		0x0000,0x0000,0x0000,0x0000,0x0000,0x0000,0x0000,0x0000,0x0000,0x0000,0x0000,0xbdf7,0xe71c,0xe71c,0xbdf7,0x0000,0x0000,0x0000,0x0000,0x0000,0x0000,0x0000,0x0000,0x0000,0x0000,0x0000,
		0x0000,0x0000,0x0000,0x0000,0x0000,0x0000,0x0000,0x0000,0xbdf7,0xe71c,0xe71c,0xef7d,0xdedb,0xdedb,0xe71c,0xef7d,0xdedb,0xad75,0x0000,0x0000,0x0000,0x0000,0x0000,0x0000,0x0000,0x0000,
		0x0000,0x0000,0x0000,0x0000,0x0000,0x0000,0xbdf7,0xe71c,0xe71c,0xef5d,0xef5d,0xdedb,0xe71c,0xef7d,0xef7d,0xdedb,0xe71c,0xe71c,0xef7d,0x0000,0x0000,0x0000,0x0000,0x0000,0x0000,0x0000,
		0x0000,0x0000,0x0000,0x0000,0x0000,0xb5b6,0xe71c,0xe71c,0xe71c,0xdefb,0xdefb,0xef7d,0xef7d,0xdedb,0xdedb,0xe71c,0xef5d,0xdedb,0xdedb,0xe71c,0xbdf7,0x0000,0x0000,0x0000,0x0000,0x0000,
		0x0000,0x0000,0x0000,0xb5b6,0xe71c,0xe71c,0xe71c,0xdefb,0xdefb,0xe71c,0xef5d,0xdedb,0xdedb,0xe71c,0xe71c,0xdedb,0xdedb,0xe71c,0xe71c,0xef7d,0xdedb,0xdedb,0xbdf7,0x0000,0x0000,0x0000,
		0x0000,0x0000,0x7bef,0xb5b6,0xad75,0xd69a,0xe71c,0xe71c,0xd69a,0xdefb,0xe71c,0xe71c,0xdefb,0xdefb,0xe71c,0xef5d,0xef7d,0xdedb,0xdedb,0xef7d,0xef7d,0xce79,0xbdf7,0x4a69,0x0000,0x0000,
		0x0000,0x0000,0x9cd3,0x8430,0x8430,0xb5b6,0xd69a,0xd69a,0xe71c,0xe71c,0xe71c,0xd69a,0xe71c,0xe71c,0xef5d,0xdefb,0xdedb,0xe71c,0xef5d,0xce79,0xce79,0x4a69,0x4a69,0x5acb,0x0000,0x0000,
		0x0000,0x0000,0x9492,0x9cd3,0x9cd3,0x8430,0xb5b6,0xb5b6,0xe71c,0xd69a,0xd69a,0xe71c,0xe71c,0xe71c,0xdefb,0xe71c,0xe73c,0xef5d,0xce79,0x528a,0x528a,0x5acb,0x5acb,0x5acb,0x0000,0x0000,
		0x0000,0x0000,0x8c71,0x9492,0x9492,0x9cd3,0x8430,0x8430,0xad75,0xb5b6,0xe71c,0xe71c,0xd69a,0xd69a,0xe71c,0xe71c,0xce79,0xce79,0x528a,0x5aeb,0x5acb,0x5acb,0x5acb,0x52aa,0x0000,0x0000,
		0x0000,0x0000,0x9cd3,0x8c71,0x8c71,0x9492,0x94b2,0x94b2,0x8430,0x8430,0xb5b6,0xd69a,0xe71c,0xe71c,0xe71c,0xbdf7,0x528a,0x528a,0x5aeb,0x5acb,0x5acb,0x52aa,0x52aa,0x5acb,0x0000,0x0000,
		0x0000,0x0000,0x9492,0x9492,0x9cd3,0x9cd3,0x8c71,0x9492,0x9492,0x9492,0x9492,0x7bef,0x8430,0x528a,0x4a69,0x630c,0x5acb,0x5acb,0x52aa,0x5aeb,0x5acb,0x5acb,0x5acb,0x5acb,0x0000,0x0000,
		0x0000,0x0000,0x8c71,0x8c71,0x9492,0x9492,0x94b2,0x94b2,0x9492,0x9492,0x9492,0x9492,0x7bef,0x4a69,0x630c,0x5acb,0x52aa,0x52aa,0x5aeb,0x5aeb,0x5acb,0x5acb,0x52aa,0x52aa,0x0000,0x0000,
		0x0000,0x0000,0x9cd3,0x94b2,0x8c71,0x8c71,0x9492,0x94b2,0x94b2,0x9492,0x8c51,0x9492,0x73ae,0x4a69,0x5acb,0x52aa,0x630c,0x630c,0x5aeb,0x5acb,0x52aa,0x52aa,0x5acb,0x5acb,0x0000,0x0000,
		0x0000,0x0000,0x9492,0x9492,0x94b2,0x94b2,0x9492,0x9492,0x9492,0x9492,0x9492,0x8c51,0x738e,0x4228,0x52aa,0x630c,0x630c,0x5acb,0x5acb,0x5acb,0x5acb,0x5acb,0x5acb,0x5acb,0x0000,0x0000,
		0x0000,0x0000,0x9cd3,0x9cd3,0x8c71,0x8c71,0x9492,0x9492,0x9492,0x8c51,0x8c51,0x9492,0x73ae,0x4a69,0x5acb,0x52aa,0x52aa,0x5aeb,0x5aeb,0x5acb,0x5acb,0x5acb,0x5acb,0x5acb,0x0000,0x0000,
		0x0000,0x0000,0x9492,0x9cd3,0x9cd3,0x9cd3,0x8c71,0x9492,0x9492,0x9492,0x9492,0x8c51,0x73ae,0x4a69,0x52aa,0x5aeb,0x5aeb,0x5acb,0x5acb,0x5acb,0x5aeb,0x5acb,0x5acb,0x5acb,0x0000,0x0000,
		0x0000,0x0000,0x8c71,0x9492,0x9492,0x9cd3,0x94b2,0x8c71,0x9492,0x9492,0x9492,0x9492,0x738e,0x4228,0x630c,0x5acb,0x5acb,0x52aa,0x52aa,0x5aeb,0x5aeb,0x5acb,0x5acb,0x52aa,0x0000,0x0000,
		0x0000,0x0000,0x9cd3,0x8c71,0x8c71,0x9492,0x94b2,0x94b2,0x94b2,0x9492,0x8c51,0x9492,0x73ae,0x4a69,0x5acb,0x52aa,0x52aa,0x630c,0x5aeb,0x5acb,0x5acb,0x52aa,0x52aa,0x5acb,0x0000,0x0000,
		0x0000,0x0000,0x7bef,0x9492,0x9492,0x94b2,0x9492,0x9492,0x9492,0x9492,0x9492,0x9492,0x738e,0x4228,0x630c,0x630c,0x5acb,0x5acb,0x5acb,0x5acb,0x5acb,0x5acb,0x5acb,0x4a49,0x0000,0x0000,
		0x0000,0x0000,0x0000,0x7bef,0x7bef,0x9492,0x94b2,0x94b2,0x9492,0x9492,0x9492,0x9492,0x73ae,0x4a69,0x630c,0x5acb,0x52aa,0x52aa,0x5aeb,0x5acb,0x5acb,0x4a49,0x4a49,0x0000,0x0000,0x0000,
		0x0000,0x0000,0x0000,0x0000,0x0000,0x7bef,0x9492,0x9492,0x9492,0x9492,0x8c51,0x9492,0x73ae,0x4a69,0x5acb,0x52aa,0x5aeb,0x5aeb,0x5acb,0x4a69,0x4a49,0x0000,0x0000,0x0000,0x0000,0x0000,
		0x0000,0x0000,0x0000,0x0000,0x0000,0x0000,0x73ae,0x73ae,0x9492,0x9492,0x9492,0x8c51,0x738e,0x4228,0x52aa,0x630c,0x5acb,0x5acb,0x4a49,0x0000,0x0000,0x0000,0x0000,0x0000,0x0000,0x0000,
		0x0000,0x0000,0x0000,0x0000,0x0000,0x0000,0x0000,0x0000,0x7bef,0x73ae,0x9492,0x9492,0x73ae,0x4a69,0x630c,0x5acb,0x4a69,0x4a69,0x0000,0x0000,0x0000,0x0000,0x0000,0x0000,0x0000,0x0000,
		0x0000,0x0000,0x0000,0x0000,0x0000,0x0000,0x0000,0x0000,0x0000,0x0000,0x0000,0x73ae,0x73ae,0x4a69,0x4a69,0x0000,0x0000,0x0000,0x0000,0x0000,0x0000,0x0000,0x0000,0x0000,0x0000,0x0000,
		0x0000,0x0000,0x0000,0x0000,0x0000,0x0000,0x0000,0x0000,0x0000,0x0000,0x0000,0x0000,0x0000,0x0000,0x0000,0x0000,0x0000,0x0000,0x0000,0x0000,0x0000,0x0000,0x0000,0x0000,0x0000,0x0000
	},
	{ //gold block 90
		0x0000,0x0000,0x0000,0x0000,0x0000,0x0000,0x0000,0x0000,0x0000,0x0000,0x0000,0x0000,0xd565,0xd565,0x0000,0x0000,0x0000,0x0000,0x0000,0x0000,0x0000,0x0000,0x0000,0x0000,0x0000,0x0000,
		0x0000,0x0000,0x0000,0x0000,0x0000,0x0000,0x0000,0x0000,0x0000,0x0000,0xe668,0xe668,0xffcd,0xff2b,0xd565,0xdda5,0x0000,0x0000,0x0000,0x0000,0x0000,0x0000,0x0000,0x0000,0x0000,0x0000,
		0x0000,0x0000,0x0000,0x0000,0x0000,0x0000,0x0000,0x0000,0xe667,0xe668,0xffca,0xffcd,0xffcd,0xffcd,0xffcd,0xff8b,0xe647,0xe667,0x0000,0x0000,0x0000,0x0000,0x0000,0x0000,0x0000,0x0000,
		0x0000,0x0000,0x0000,0x0000,0x0000,0x0000,0xe669,0xe688,0xffcc,0xffab,0xf7aa,0xff68,0xff68,0xffc9,0xffc9,0xf7aa,0xf7aa,0xff8a,0xe626,0xe606,0x0000,0x0000,0x0000,0x0000,0x0000,0x0000,
		0x0000,0x0000,0x0000,0x0000,0xe66a,0xe66a,0xffae,0xffcd,0xffcd,0xffa9,0xff68,0xff68,0xff88,0xffa9,0xffaa,0xffaa,0xffaa,0xf78a,0xf78a,0xff8a,0xe688,0xe688,0x0000,0x0000,0x0000,0x0000,
		0x0000,0x0000,0xe688,0xe689,0xffcc,0xffad,0xffce,0xffce,0xffcd,0xffab,0xffab,0xff68,0xff68,0xff68,0xffa9,0xffa9,0xffa9,0xff89,0xff88,0xffa9,0xff89,0xff69,0xeec9,0xeeca,0x0000,0x0000,
		0x0000,0xac64,0xac44,0xee87,0xffaa,0xff89,0xffcc,0xffce,0xffce,0xffcd,0xffcc,0xffab,0xffcb,0xff68,0xff68,0xf788,0xf7c8,0xffa9,0xffa9,0xff88,0xff88,0xf767,0xe645,0x9426,0x8be4,0x0000,
		0x0000,0xbd06,0xcdca,0xac64,0xb4e5,0xee67,0xff8a,0xffcc,0xffac,0xffad,0xffad,0xffac,0xffcc,0xf7ca,0xffca,0xff68,0xffa8,0xff87,0xff88,0xf789,0xe667,0x8c05,0x9425,0x9ca5,0x8be4,0x0000,
		0x0000,0xbd26,0xce4b,0xcdc9,0xce29,0xbd05,0xbd25,0xee46,0xff6a,0xff69,0xf76a,0xff6a,0xff8a,0xff8a,0xffcb,0xffaa,0xff89,0xf726,0xe646,0x8bc4,0x8c04,0x9ca6,0x9ca6,0x9c84,0x8be3,0x0000,
		0x0000,0xbd46,0xce4b,0xce4b,0xce4b,0xce28,0xce28,0xbd05,0xbce5,0xfe46,0xf686,0xf6e7,0xf6c7,0xee87,0xf6e8,0xf6c7,0xe5e6,0x8be4,0x8be4,0x9ca6,0x9ca6,0x9ca6,0x9ca5,0x9ca5,0x8be3,0x0000,
		0x0000,0xbd46,0xce48,0xce4b,0xce4b,0xce48,0xce48,0xce08,0xce09,0xbd46,0xbd67,0xfe06,0xf625,0xf625,0xe5a5,0x8b83,0x8ba3,0x9ca6,0x9ca6,0x9ca6,0x9cc6,0x9ca5,0x9ca5,0x9ca5,0x8be4,0x0000,
		0x0000,0xbd46,0xce49,0xce48,0xce47,0xce48,0xce48,0xce48,0xce28,0xce28,0xce28,0xbd87,0xbd05,0x8343,0x8363,0x9c86,0x9ca6,0x9cc6,0x9cc6,0x9ca6,0x9ca5,0x9ca5,0x9ca5,0x9ca5,0x8be4,0x0000,
		0x0000,0xbd46,0xce49,0xce48,0xce06,0xce27,0xce48,0xce48,0xce28,0xce27,0xce27,0xce08,0xbd05,0x8bc5,0x9c67,0x9cc8,0x9cc8,0x9cc6,0x9cc6,0x9cc6,0x9cc6,0x9cc5,0x9ca5,0x9ca5,0x8be4,0x0000,
		0x0000,0xbd46,0xce49,0xce49,0xce27,0xce27,0xce27,0xce28,0xce48,0xce27,0xce27,0xce06,0xbd24,0x8be5,0x9cc8,0x9cc8,0x9cc8,0x9cc5,0x9ca5,0x9ca6,0x94c5,0x94c5,0x9ca4,0x9c84,0x8bc3,0x0000,
		0x0000,0xbd47,0xce4a,0xce4a,0xce06,0xce06,0xce27,0xce27,0xce28,0xce47,0xce27,0xce26,0xbd25,0x8c05,0x9cc8,0x9cc6,0x9c85,0x9ca5,0x9ca5,0x9cc5,0x9ca4,0x9cc4,0x9c84,0x9ca6,0x8be4,0x0000,
		0x0000,0xbd47,0xce4b,0xce4a,0xce4a,0xce06,0xce06,0xce06,0xce47,0xc647,0xce47,0xce27,0xbd45,0x8be5,0x9cc6,0x9c85,0x9ca5,0x9ca5,0x9c85,0x9ca5,0x9c85,0x9cc6,0x9cc6,0x9c85,0x8ba3,0x0000,
		0x0000,0xbd48,0xce4c,0xce4b,0xce4b,0xce49,0xce49,0xce06,0xce06,0xce46,0xce47,0xce27,0xbd25,0x8c05,0x9cc6,0x9ca5,0x9c85,0x9c85,0x9c85,0x9cc6,0x9cc6,0x9cc7,0x9ca6,0x9424,0x8b83,0x0000,
		0x0000,0xbd48,0xce4b,0xce4c,0xce4b,0xce4a,0xce6a,0xce49,0xce48,0xce06,0xce46,0xce26,0xbd25,0x8c04,0x9cc6,0x9ca5,0x9cc8,0x9cc7,0x9cc6,0x9cc7,0x9cc7,0x9ca6,0x9445,0x9404,0x8b83,0x0000,
		0x0000,0xbd46,0xce6a,0xce49,0xce4b,0xce4b,0xce4b,0xce6a,0xce49,0xce68,0xce48,0xcde5,0xbd25,0x8c04,0x9cc7,0x9ca5,0x9cc7,0x9cc8,0x9cc7,0x9cc8,0x9cc7,0x9c65,0x9c04,0x9c04,0x8b63,0x0000,
		0x0000,0xbd66,0xce48,0xce48,0xce4a,0xce4a,0xce4a,0xce4a,0xce4a,0xce49,0xce49,0xce48,0xbd25,0x8c05,0x9cc8,0x9cc8,0x9cc8,0x9cc8,0x9cc8,0x9ca7,0x9c65,0x9c44,0x93e3,0x93c3,0x9ba3,0x0000,
		0x0000,0x0000,0xbd66,0xbd46,0xce28,0xce28,0xce49,0xce29,0xce2a,0xce28,0xcde7,0xce28,0xbce5,0x8c06,0x9cc8,0x9cc9,0x9cc8,0x9cc8,0x9cc7,0x9ca6,0x9c44,0x9c04,0x9bc3,0x9ba3,0x0000,0x0000,
		0x0000,0x0000,0x0000,0x0000,0xbd45,0xbd25,0xce28,0xce08,0xce08,0xcd86,0xc586,0xc5a7,0xbca4,0x8c06,0x9cc9,0x9cc8,0x9cc7,0x9cc7,0x9ca6,0x9c86,0x9be4,0x9be4,0x0000,0x0000,0x0000,0x0000,
		0x0000,0x0000,0x0000,0x0000,0x0000,0x0000,0xbd25,0xbd25,0xce08,0xcd65,0xcd85,0xcd65,0xbca4,0x8c06,0x9cc7,0x9cc7,0x9ca6,0x9ca6,0x93e4,0x93e4,0x0000,0x0000,0x0000,0x0000,0x0000,0x0000,
		0x0000,0x0000,0x0000,0x0000,0x0000,0x0000,0x0000,0x0000,0xc525,0xcd05,0xc524,0xc504,0xbca4,0x8c05,0x9cc6,0x9ca6,0x9404,0x93e4,0x0000,0x0000,0x0000,0x0000,0x0000,0x0000,0x0000,0x0000,
		0x0000,0x0000,0x0000,0x0000,0x0000,0x0000,0x0000,0x0000,0x0000,0x0000,0xcd05,0xcce5,0xbc84,0x8c05,0x9404,0x9404,0x0000,0x0000,0x0000,0x0000,0x0000,0x0000,0x0000,0x0000,0x0000,0x0000,
		0x0000,0x0000,0x0000,0x0000,0x0000,0x0000,0x0000,0x0000,0x0000,0x0000,0x0000,0x0000,0xccc4,0x9404,0x0000,0x0000,0x0000,0x0000,0x0000,0x0000,0x0000,0x0000,0x0000,0x0000,0x0000,0x0000
	},
	{ //diamond block 91
		0x0000,0x0000,0x0000,0x0000,0x0000,0x0000,0x0000,0x0000,0x0000,0x0000,0x0000,0x0000,0x042e,0x042e,0x0000,0x0000,0x0000,0x0000,0x0000,0x0000,0x0000,0x0000,0x0000,0x0000,0x0000,0x0000,
		0x0000,0x0000,0x0000,0x0000,0x0000,0x0000,0x0000,0x0000,0x0000,0x0000,0x0617,0x05f6,0x8f1b,0x66da,0x044e,0x04d1,0x0000,0x0000,0x0000,0x0000,0x0000,0x0000,0x0000,0x0000,0x0000,0x0000,
		0x0000,0x0000,0x0000,0x0000,0x0000,0x0000,0x0000,0x0000,0x0616,0x0616,0x973c,0x8f1b,0x8f1b,0x8f1b,0x8f1b,0x7efb,0x05d5,0x05f6,0x0000,0x0000,0x0000,0x0000,0x0000,0x0000,0x0000,0x0000,
		0x0000,0x0000,0x0000,0x0000,0x0000,0x0000,0x0617,0x0617,0x9f3c,0x8f1b,0x871b,0x66da,0x66da,0x973c,0x8f1b,0x8f1b,0x8f1b,0x7efb,0x05d5,0x05d5,0x0000,0x0000,0x0000,0x0000,0x0000,0x0000,
		0x0000,0x0000,0x0000,0x0000,0x0617,0x0617,0xa73c,0xa73c,0xa73c,0x7efb,0x66da,0x66da,0x76fb,0x7efb,0x8f1b,0x8f1b,0x8f1b,0x871b,0x871b,0x7efb,0x0617,0x0617,0x0000,0x0000,0x0000,0x0000,
		0x0000,0x0000,0x0617,0x0617,0xa73c,0x9f3c,0xa75c,0xa75c,0xa73c,0x973c,0x973c,0x66da,0x66da,0x66da,0x871b,0x871b,0x871b,0x7efb,0x7efb,0x871b,0x76fb,0x76fb,0x1e58,0x1e58,0x0000,0x0000,
		0x0000,0x036b,0x034b,0x5eda,0x8f1b,0x7efb,0x9f3c,0xa75c,0xa75c,0xa75c,0xa73c,0x973c,0x973c,0x66da,0x6efa,0x76fb,0x871b,0x871b,0x871b,0x76fb,0x7efb,0x5eda,0x05d6,0x13ef,0x240f,0x0000,
		0x0000,0x04b1,0x5595,0x036c,0x0450,0x1e58,0x871b,0x9f3c,0x9f3c,0x9f3c,0x9f3c,0x9f3c,0x9f3c,0x9f3c,0x9f3c,0x66da,0x7efb,0x76fb,0x7efb,0x7efb,0x05f6,0x03ce,0x0bef,0x4450,0x03ad,0x0000,
		0x0000,0x04f2,0x75d6,0x5595,0x6db6,0x04b1,0x04d2,0x05f6,0x76fb,0x6efa,0x76fb,0x76fb,0x871b,0x871b,0x9f3c,0x8f1b,0x7efb,0x3e99,0x05d6,0x038d,0x03ae,0x4c51,0x4c50,0x3430,0x03ad,0x0000,
		0x0000,0x04f2,0x75d6,0x75d6,0x75d6,0x6db6,0x6db6,0x04b1,0x04b1,0x0617,0x0e37,0x2e78,0x1e58,0x0637,0x3e99,0x2678,0x05b5,0x03ae,0x03ad,0x4c51,0x4c51,0x5451,0x4450,0x4c51,0x03ad,0x0000,
		0x0000,0x04f2,0x7dd6,0x75d6,0x75d6,0x75d6,0x75d6,0x65b6,0x65b6,0x04f3,0x0d13,0x05f6,0x05f6,0x05f6,0x0574,0x02ea,0x034c,0x4c51,0x4c51,0x5451,0x5471,0x4c51,0x4450,0x4450,0x03ae,0x0000,
		0x0000,0x04f2,0x7dd7,0x75d6,0x6db6,0x75d6,0x7dd6,0x6db6,0x6db6,0x6db6,0x65b6,0x1533,0x3554,0x0288,0x02a9,0x4450,0x4c51,0x5471,0x5471,0x5451,0x4c51,0x4c51,0x4c51,0x4c51,0x03ad,0x0000,
		0x0000,0x04f2,0x75d6,0x6db6,0x5595,0x6db6,0x75d6,0x75d6,0x6db6,0x6db6,0x65b6,0x65b6,0x04d2,0x038d,0x3c30,0x5471,0x5c71,0x5c71,0x5c71,0x5c71,0x5451,0x5451,0x4c51,0x4450,0x03ad,0x0000,
		0x0000,0x04f2,0x7dd7,0x75d6,0x6db6,0x5db6,0x6db6,0x6db6,0x75d6,0x6db6,0x65b6,0x5595,0x04d2,0x03ae,0x5471,0x5471,0x5471,0x5c71,0x5451,0x5451,0x4c51,0x5451,0x4450,0x3c30,0x038d,0x0000,
		0x0000,0x04f2,0x7dd6,0x85f7,0x5595,0x5595,0x6db6,0x6db6,0x6db6,0x6db6,0x65b6,0x5db6,0x04d2,0x03ce,0x5471,0x5c71,0x4450,0x4c51,0x4c51,0x5451,0x4450,0x4c51,0x3430,0x4c51,0x03ad,0x0000,
		0x0000,0x04f2,0x85f7,0x85f7,0x7dd6,0x5595,0x5595,0x5595,0x6db6,0x6db6,0x6db6,0x65b6,0x04f2,0x03ae,0x5c71,0x4450,0x4c51,0x4c51,0x4450,0x4450,0x4450,0x5c71,0x5471,0x3c30,0x038d,0x0000,
		0x0000,0x04f3,0x8df7,0x8df7,0x85f7,0x7dd6,0x7dd6,0x5595,0x5d95,0x65b6,0x6db6,0x65b6,0x04f2,0x03ae,0x5451,0x4c51,0x4450,0x4450,0x4450,0x5c71,0x5c71,0x6471,0x5451,0x13ef,0x036c,0x0000,
		0x0000,0x04f3,0x8df7,0x8df7,0x8df7,0x85f7,0x85f7,0x7dd6,0x7dd6,0x5595,0x6db6,0x5db6,0x04d2,0x03ae,0x5471,0x4c51,0x6471,0x5c71,0x5c71,0x6471,0x5c71,0x5451,0x240f,0x03ce,0x036c,0x0000,
		0x0000,0x04f2,0x85f7,0x7dd6,0x85f7,0x8df7,0x85f7,0x85f7,0x85f7,0x7dd7,0x7dd6,0x4575,0x04d2,0x03ae,0x6471,0x4c51,0x5c71,0x6471,0x6471,0x5c71,0x5c71,0x3430,0x0bce,0x0bce,0x034c,0x0000,
		0x0000,0x65b6,0x7dd6,0x75d6,0x85f7,0x85f7,0x85f7,0x85f7,0x7dd7,0x85f7,0x7dd7,0x75d6,0x04d2,0x03ce,0x6471,0x6491,0x6471,0x6491,0x6471,0x5471,0x2c0f,0x1c0f,0x03ae,0x03ad,0x038d,0x0000,
		0x0000,0x0000,0x5595,0x4d95,0x6db6,0x6db6,0x7dd7,0x75d6,0x75d6,0x6db6,0x4d95,0x6db6,0x0491,0x03ce,0x6491,0x6491,0x6491,0x6491,0x5c71,0x4c50,0x1c0f,0x0bce,0x03ae,0x038d,0x0000,0x0000,
		0x0000,0x0000,0x0000,0x0000,0x2534,0x1533,0x65b6,0x65b6,0x65b6,0x2554,0x1533,0x3554,0x0470,0x03ce,0x6491,0x6471,0x6471,0x6471,0x4c51,0x4450,0x03ce,0x03ce,0x0000,0x0000,0x0000,0x0000,
		0x0000,0x0000,0x0000,0x0000,0x0000,0x0000,0x04d2,0x04d2,0x5d95,0x0d13,0x1d33,0x0d13,0x0470,0x03ce,0x5c71,0x5c71,0x4c51,0x4c51,0x03ad,0x03ce,0x0000,0x0000,0x0000,0x0000,0x0000,0x0000,
		0x0000,0x0000,0x0000,0x0000,0x0000,0x0000,0x0000,0x0000,0x0513,0x04f2,0x04f2,0x04d2,0x0470,0x03ce,0x5471,0x4c51,0x1bef,0x03ce,0x0000,0x0000,0x0000,0x0000,0x0000,0x0000,0x0000,0x0000,
		0x0000,0x0000,0x0000,0x0000,0x0000,0x0000,0x0000,0x0000,0x0000,0x0000,0x04f2,0x04d2,0x044f,0x03ce,0x3430,0x2c10,0x0000,0x0000,0x0000,0x0000,0x0000,0x0000,0x0000,0x0000,0x0000,0x0000,
		0x0000,0x0000,0x0000,0x0000,0x0000,0x0000,0x0000,0x0000,0x0000,0x0000,0x0000,0x0000,0x04b1,0x4c50,0x0000,0x0000,0x0000,0x0000,0x0000,0x0000,0x0000,0x0000,0x0000,0x0000,0x0000,0x0000
	}, 
	{ //redstone block 92
		0x0000,0x0000,0x0000,0x0000,0x0000,0x0000,0x0000,0x0000,0x0000,0x0000,0x0000,0x0000,0xe0e1,0xe0e1,0x0000,0x0000,0x0000,0x0000,0x0000,0x0000,0x0000,0x0000,0x0000,0x0000,0x0000,0x0000,
		0x0000,0x0000,0x0000,0x0000,0x0000,0x0000,0x0000,0x0000,0x0000,0x0000,0xe0e1,0xd8e1,0xb8e1,0xb8e1,0xd8e1,0xe0e1,0x0000,0x0000,0x0000,0x0000,0x0000,0x0000,0x0000,0x0000,0x0000,0x0000,
		0x0000,0x0000,0x0000,0x0000,0x0000,0x0000,0x0000,0xf9e7,0xe0e1,0xd8e1,0xc0e1,0xb0e1,0xa8c1,0xc0c1,0x98a1,0xb8e1,0xe0e1,0xe0e1,0xf9e7,0x0000,0x0000,0x0000,0x0000,0x0000,0x0000,0x0000,
		0x0000,0x0000,0x0000,0x0000,0x0000,0xf9e7,0xe0e1,0xc0c1,0xa0a0,0x8880,0x8880,0x9080,0x7860,0x90a0,0x90a0,0x8080,0xa0a0,0xa0a1,0xc0c1,0xe0e1,0xf9e7,0x0000,0x0000,0x0000,0x0000,0x0000,
		0x0000,0x0000,0x0000,0x0000,0xe101,0xe0e0,0xb8e1,0x98a1,0xa0c1,0xb8e0,0x6840,0x8080,0x7040,0x7060,0x7060,0x90a0,0x7060,0x98a0,0x98a1,0xb8e1,0xe0e0,0xe101,0x0000,0x0000,0x0000,0x0000,
		0x0000,0x0000,0xe0e1,0xd8e1,0xe0e1,0xa0a1,0xb0e1,0xa0c1,0x90a0,0x90a0,0x8880,0x7060,0x7060,0x7060,0x7060,0x7060,0x6840,0x9080,0xa0c1,0x98a0,0xb8e0,0xb8e1,0xd8e1,0xe0e1,0x0000,0x0000,
		0x0000,0xb0c0,0xc0c0,0xe0e1,0xb0e1,0xa0c0,0xa0c1,0x90a0,0x9080,0x7040,0x7060,0x98a0,0x8880,0x7060,0x7060,0x7060,0x90a0,0x7860,0xd0e0,0xe0e1,0xa8c1,0xb0e1,0xe0e1,0xa0a0,0x8880,0x0000,
		0x0000,0xb8c0,0x90c0,0xb0c0,0xb0c0,0xe0e0,0xe0e1,0xa8c1,0x90a0,0x90a0,0x8080,0x6840,0x7060,0x8880,0x90a0,0x9080,0x90a0,0xa0c1,0xa0c0,0xb0e1,0xd8e0,0x8080,0x8880,0x7080,0x8880,0x0000,
		0x0000,0xb8c0,0x90c0,0xa0c0,0x98c0,0xb8c0,0xb0c0,0xd8e0,0x98a1,0x98a0,0x7860,0x8880,0x98a0,0x90a0,0xa0c1,0xa0a0,0xb8e1,0xb0e1,0xd8e0,0x8080,0x8880,0x8880,0x7080,0x7080,0x8880,0x0000,
		0x0000,0xb8c0,0x90c0,0xa8c0,0x8080,0x90c0,0x8080,0xb0c0,0xd0e0,0xe0e1,0xb8e1,0xa0c1,0xb8e1,0xa0a0,0x7060,0xb0e1,0xe0e1,0xc8c0,0x8880,0x6880,0x7080,0x6060,0x6880,0x7080,0x8880,0x0000,
		0x0000,0xb8c0,0xb0c0,0x88a0,0x90c0,0x8080,0x6860,0x8080,0x90c0,0xb0c0,0xc0c0,0xe0e1,0xb8e1,0xb8e1,0xe0e1,0xa0a0,0x8880,0x6060,0x6060,0x6060,0x6060,0x6060,0x5860,0x8880,0x8880,0x0000,
		0x0000,0xb8c0,0x90c0,0x7880,0x7080,0x7080,0x6860,0x8080,0x8080,0xb8c0,0x90c0,0xb0c0,0xc0c0,0xa0a0,0x8880,0x8880,0x7080,0x4020,0x6060,0x5040,0x5860,0x5860,0x7080,0x7080,0x8880,0x0000,
		0x0000,0xb8c0,0x90c0,0x6860,0x5840,0x5840,0x6860,0x7880,0x7080,0x8080,0x90c0,0x90c0,0xb8c0,0x8880,0x7080,0x8880,0x6880,0x5840,0x5040,0x5040,0x4020,0x4820,0x5840,0x7080,0x8880,0x0000,
		0x0000,0xb8c0,0x8080,0x7060,0x7880,0x5840,0x5840,0x6060,0x5840,0x7880,0x5840,0x88a0,0xb8c0,0x8880,0x7080,0x6060,0x6880,0x4020,0x4840,0x4020,0x4020,0x5860,0x5860,0x6060,0x8880,0x0000,
		0x0000,0xb8c0,0x90c0,0x88a0,0x6040,0x5840,0x5840,0x5840,0x5840,0x5840,0x8080,0x98c0,0xb8c0,0x8880,0x7080,0x6060,0x4020,0x4020,0x4020,0x4020,0x4020,0x4840,0x5860,0x7080,0x8880,0x0000,
		0x0000,0xb8c0,0x90c0,0x98a0,0x7880,0x5840,0x5840,0x5840,0x5840,0x7060,0xb0c0,0x88a0,0xb0c0,0x8880,0x6880,0x5840,0x5840,0x4020,0x4020,0x4020,0x4020,0x5860,0x5860,0x8880,0x8880,0x0000,
		0x0000,0xb8c0,0x90c0,0x7880,0x7080,0x7080,0x6860,0x5840,0x5840,0x5840,0x7060,0x80a0,0xb8c0,0x8880,0x5860,0x6060,0x4020,0x4020,0x4020,0x5040,0x5860,0x5860,0x6060,0x7080,0x8880,0x0000,
		0x0000,0xb8c0,0x90c0,0x88a0,0x7080,0x5840,0x5840,0x7080,0x5840,0x7060,0x7080,0x8080,0xb8c0,0x8880,0x5860,0x5840,0x5840,0x4020,0x6060,0x6060,0x4020,0x5860,0x4840,0x6060,0x8880,0x0000,
		0x0000,0xb8c0,0xb0c0,0x80a0,0x8080,0x7080,0x6860,0xb0c0,0x5840,0x7060,0x7060,0x80a0,0xb8c0,0x8880,0x6060,0x8080,0x5840,0x4020,0x4020,0x4020,0x5860,0x6060,0x6060,0x7080,0x8880,0x0000,
		0x0000,0xb8c0,0x90c0,0x90c0,0x8080,0xa0a0,0x7060,0x5840,0x5840,0x7060,0x8080,0x88a0,0xb8c0,0x8880,0x6880,0x5040,0x5840,0x4020,0x5840,0x5840,0x6060,0x6060,0x7080,0x7080,0x8880,0x0000,
		0x0000,0x0000,0xb8c0,0xb8c0,0xb0c0,0xb8c0,0x7880,0x7080,0x7060,0x7880,0x7060,0xa0a0,0xb0c0,0x8880,0x6880,0x6060,0x5860,0x5840,0x5840,0x5040,0x7080,0x7080,0x8880,0x8880,0x0000,0x0000,
		0x0000,0x0000,0x0000,0x0000,0xb8c0,0xb0c0,0x90c0,0x8080,0x5840,0x8080,0x8080,0x7880,0xb8c0,0x8880,0x6880,0x6060,0x6060,0x6060,0x7080,0x6060,0x8880,0x88a0,0x0000,0x0000,0x0000,0x0000,
		0x0000,0x0000,0x0000,0x0000,0x0000,0xb9e7,0xb0c0,0xb8c0,0x8080,0x90c0,0x90c0,0x8080,0xb8c0,0x8880,0x6880,0x5860,0x8880,0x7080,0x8880,0x8880,0xb9e7,0x0000,0x0000,0x0000,0x0000,0x0000,
		0x0000,0x0000,0x0000,0x0000,0x0000,0x0000,0x0000,0xb9e7,0xb0c0,0xb8c0,0x90c0,0x90c0,0xb8c0,0x8880,0x7080,0x7080,0x8880,0x8880,0xb9e7,0x0000,0x0000,0x0000,0x0000,0x0000,0x0000,0x0000,
		0x0000,0x0000,0x0000,0x0000,0x0000,0x0000,0x0000,0x0000,0x0000,0x0000,0xb8c0,0xb8c0,0xb8c0,0x8880,0x8880,0x8880,0x0000,0x0000,0x0000,0x0000,0x0000,0x0000,0x0000,0x0000,0x0000,0x0000,
		0x0000,0x0000,0x0000,0x0000,0x0000,0x0000,0x0000,0x0000,0x0000,0x0000,0x0000,0x0000,0xb0c0,0x8880,0x0000,0x0000,0x0000,0x0000,0x0000,0x0000,0x0000,0x0000,0x0000,0x0000,0x0000,0x0000
	},
	{ //emerald block 93
		0x0000,0x0000,0x0000,0x0000,0x0000,0x0000,0x0000,0x0000,0x0000,0x0000,0x0000,0x0000,0x8f55,0x8f55,0x0000,0x0000,0x0000,0x0000,0x0000,0x0000,0x0000,0x0000,0x0000,0x0000,0x0000,0x0000,
		0x0000,0x0000,0x0000,0x0000,0x0000,0x0000,0x0000,0x0000,0x0000,0x0000,0x6f32,0x8753,0x4eee,0x4eee,0x8753,0x7732,0x0000,0x0000,0x0000,0x0000,0x0000,0x0000,0x0000,0x0000,0x0000,0x0000,
		0x0000,0x0000,0x0000,0x0000,0x0000,0x0000,0x0000,0x0000,0x8f55,0x2e2a,0x3e2b,0x8f55,0x3e2b,0x3e2b,0x8f55,0x3e2b,0x2e2a,0x8f55,0x0000,0x0000,0x0000,0x0000,0x0000,0x0000,0x0000,0x0000,
		0x0000,0x0000,0x0000,0x0000,0x0000,0x0000,0x2e2a,0x8753,0x572f,0x572f,0x6730,0x6f31,0x5f30,0x6731,0x7732,0x5f10,0x4eee,0x570f,0x8f55,0x2e2a,0x0000,0x0000,0x0000,0x0000,0x0000,0x0000,
		0x0000,0x0000,0x0000,0x0000,0x8f55,0x8f55,0x2e2a,0x5f30,0x5f30,0x572f,0x4f0f,0x4f0f,0x5f30,0x5f10,0x4eee,0x4eee,0x46ee,0x4eee,0x4eee,0x2e2a,0x8f34,0x8f34,0x0000,0x0000,0x0000,0x0000,
		0x0000,0x0000,0x66f0,0x66f0,0x56ef,0x6f31,0x2e2a,0x4ead,0x5eef,0x572f,0x572f,0x6f31,0x6730,0x6730,0x7732,0x46ee,0x46ee,0x468d,0x3e2b,0x2e2a,0x570f,0x4eee,0x7f32,0x7f32,0x0000,0x0000,
		0x0000,0x75f1,0x75f1,0x35ca,0x4ece,0x4ece,0x2e2a,0x4ead,0x5ef0,0x4eee,0x4e8d,0x5f30,0x5f30,0x570f,0x572f,0x46ad,0x46ad,0x468d,0x468d,0x2e2a,0x4eae,0x4ece,0x2d89,0x4c6b,0x4c4b,0x0000,
		0x0000,0x75f1,0x3dac,0x6df0,0x5dee,0x35ca,0x2e2a,0x4e8d,0x468c,0x468d,0x468d,0x3e2b,0x3e4c,0x3e4c,0x3e2b,0x3e8c,0x3e8c,0x366b,0x3e6b,0x2e2a,0x2d89,0x546c,0x4c6b,0x3469,0x23c7,0x0000,
		0x0000,0x6df0,0x3dac,0x3dab,0x2d09,0x2508,0x75f1,0x2d69,0x366b,0x3e4b,0x3e2b,0x360b,0x3dca,0x3dca,0x3e0b,0x3e2b,0x3e6b,0x3e6b,0x2d69,0x1bc6,0x546c,0x3c6a,0x3449,0x2c48,0x1b65,0x0000,
		0x0000,0x5dee,0x3d8b,0x3d8b,0x75f1,0x75f1,0x45cc,0x75f1,0x2508,0x3e0c,0x8733,0x2d69,0x8734,0x8f54,0x2d69,0x8754,0x3e0c,0x5c8d,0x5c8d,0x3469,0x1bc6,0x1bc6,0x2c49,0x2c28,0x1b65,0x0000,
		0x0000,0x2508,0x2d09,0x75f1,0x5dee,0x5dee,0x3dab,0x45cc,0x45cc,0x75f0,0x75f0,0x35ca,0x3e4b,0x3e4b,0x35ca,0x446b,0x446b,0x546c,0x3469,0x2c49,0x2c08,0x23c7,0x1bc6,0x2c28,0x1b65,0x0000,
		0x0000,0x75f1,0x75f1,0x5def,0x5dee,0x5def,0x3dac,0x3dab,0x3dab,0x4dcd,0x45ac,0x65cf,0x65af,0x5c8d,0x548c,0x2c28,0x23c7,0x346a,0x2c49,0x2c28,0x2c08,0x23e7,0x23c7,0x1bc6,0x1b65,0x0000,
		0x0000,0x75f1,0x45cc,0x4dcd,0x4dcd,0x4dcd,0x3dab,0x3d8b,0x3d8b,0x2508,0x45cc,0x45ac,0x2ce9,0x5c8d,0x2c49,0x23c7,0x5c8d,0x3c6a,0x2c49,0x2c28,0x2c08,0x2c08,0x23e7,0x23e7,0x1b65,0x0000,
		0x0000,0x6df0,0x45cc,0x45cc,0x4dcd,0x4dcd,0x3dab,0x3d8b,0x3d8b,0x2d09,0x2508,0x3d8b,0x2487,0x548c,0x2c28,0x5c8d,0x446b,0x3c6a,0x2c49,0x2c48,0x2c08,0x2c08,0x23e7,0x23e7,0x1b65,0x0000,
		0x0000,0x2508,0x4dad,0x4dcd,0x3dcc,0x3dcc,0x6df0,0x5def,0x3d8b,0x354a,0x2d09,0x2508,0x2487,0x446b,0x5c8d,0x446b,0x3c6a,0x346a,0x548c,0x3c6a,0x2c08,0x2407,0x23e7,0x23e7,0x1b65,0x0000,
		0x0000,0x75f1,0x2508,0x4dcd,0x45cd,0x3dcc,0x55cd,0x55cd,0x55ee,0x3d6a,0x354a,0x2d09,0x2487,0x446b,0x446b,0x446b,0x3c6a,0x548c,0x3c6a,0x3469,0x2408,0x23c7,0x23c7,0x1b65,0x23c7,0x0000,
		0x0000,0x75f1,0x6df0,0x4dad,0x4dad,0x45cd,0x4dcd,0x4dcd,0x45cc,0x354a,0x354a,0x2d29,0x2487,0x1bc6,0x3c6a,0x3c6a,0x3469,0x446b,0x3c6a,0x3c6a,0x23e7,0x23c7,0x1ba6,0x548c,0x1ba6,0x0000,
		0x0000,0x65ef,0x5dee,0x2508,0x3d6b,0x458c,0x3d6b,0x4dcd,0x4dcd,0x354a,0x354a,0x2d29,0x2487,0x5c8d,0x3469,0x3c6a,0x346a,0x446b,0x3c6a,0x23e7,0x23a6,0x23a6,0x1b65,0x2c49,0x1ba6,0x0000,
		0x0000,0x4dad,0x45ac,0x3dac,0x3d6b,0x4dad,0x3d6b,0x3d6b,0x3529,0x3509,0x3509,0x3529,0x2467,0x5c8d,0x346a,0x3c4a,0x3469,0x2c49,0x2c08,0x23c7,0x23c7,0x1ba6,0x2c49,0x23e7,0x1b86,0x0000,
		0x0000,0x4dad,0x45ac,0x3d8b,0x2508,0x3d6b,0x354a,0x354a,0x3509,0x34e9,0x34e9,0x3509,0x2467,0x1bc6,0x3c6a,0x3469,0x3c49,0x2c49,0x2c08,0x23e7,0x1ba6,0x1b65,0x2c49,0x23e7,0x1b86,0x0000,
		0x0000,0x0000,0x2d09,0x2cc8,0x3d6a,0x2508,0x354a,0x2d29,0x2d29,0x2cc8,0x24a7,0x2cc8,0x34e9,0x5c8d,0x3c4a,0x2c28,0x2c28,0x2c49,0x2c07,0x23c7,0x1b65,0x546c,0x1b86,0x1b86,0x0000,0x0000,
		0x0000,0x0000,0x0000,0x0000,0x2cc8,0x2cc8,0x354a,0x2d29,0x2d09,0x2467,0x2467,0x2467,0x2cc8,0x5c8d,0x1bc6,0x1bc6,0x1bc6,0x2c08,0x2407,0x23e7,0x23c7,0x1ba6,0x0000,0x0000,0x0000,0x0000,
		0x0000,0x0000,0x0000,0x0000,0x0000,0x0000,0x2467,0x2467,0x2d29,0x6df0,0x6df0,0x3dac,0x2cc8,0x4c6b,0x3449,0x2c28,0x2c08,0x2c08,0x1b65,0x1b65,0x0000,0x0000,0x0000,0x0000,0x0000,0x0000,
		0x0000,0x0000,0x0000,0x0000,0x0000,0x0000,0x0000,0x0000,0x2467,0x2cc8,0x3dab,0x3dab,0x2ca8,0x3c4a,0x2c28,0x2c28,0x1b86,0x1b65,0x0000,0x0000,0x0000,0x0000,0x0000,0x0000,0x0000,0x0000,
		0x0000,0x0000,0x0000,0x0000,0x0000,0x0000,0x0000,0x0000,0x0000,0x0000,0x2cc8,0x2cc8,0x24a8,0x3c4a,0x1ba6,0x1ba6,0x0000,0x0000,0x0000,0x0000,0x0000,0x0000,0x0000,0x0000,0x0000,0x0000,
		0x0000,0x0000,0x0000,0x0000,0x0000,0x0000,0x0000,0x0000,0x0000,0x0000,0x0000,0x0000,0x2ca8,0x3c4a,0x0000,0x0000,0x0000,0x0000,0x0000,0x0000,0x0000,0x0000,0x0000,0x0000,0x0000,0x0000
	},
	{ //shears 94
		0x0000,0x0000,0x0000,0x0000,0x0000,0x0000,0x0000,0x0000,0x0000,0x0000,0x0000,0x0000,0x0000,0x0000,0x0000,0x0000,0x0000,0x0000,0x0000,0x0000,0x0000,0x0000,0x0000,0x0000,0x0000,0x0000,
		0x0000,0x0000,0x0000,0x0000,0x0000,0x0000,0x0000,0x0000,0x0000,0x0000,0x0000,0x0000,0x0000,0x0000,0x0000,0x0000,0x0000,0x0000,0x0000,0x0000,0x0000,0x0000,0x0000,0x0000,0x0000,0x0000,
		0x0000,0x0000,0x0000,0x0000,0x0000,0x0000,0x0000,0x0000,0x0000,0x0000,0x0000,0x0000,0x0000,0x0000,0x0000,0x0000,0x0000,0x0000,0x0000,0x0000,0x0000,0x0000,0x0000,0x0000,0x0000,0x0000,
		0x0000,0x0000,0x0000,0x0000,0x0000,0x0000,0x0000,0x0000,0x0000,0x0000,0x0000,0x0000,0x0000,0x69a5,0x69a5,0xad55,0xd6ba,0xd6ba,0xd6ba,0xad55,0xad55,0x0000,0x0000,0x0000,0x0000,0x0000,
		0x0000,0x0000,0x0000,0x0000,0x0000,0x0000,0x0000,0x0000,0x0000,0x0000,0x0000,0x0000,0x0000,0x69a5,0x69a5,0xad55,0xd6ba,0xd6ba,0xd6ba,0xad55,0xad55,0x0000,0x0000,0x0000,0x0000,0x0000,
		0x0000,0x0000,0x0000,0x0000,0x0000,0x0000,0x0000,0x0000,0x0000,0x0000,0x0000,0x69a5,0x69a5,0x738e,0x738e,0xd6ba,0xd6ba,0xd6ba,0xad55,0x0000,0x0000,0xad55,0xad55,0x0000,0x0000,0x0000,
		0x0000,0x0000,0x0000,0x0000,0x0000,0x0000,0x0000,0x0000,0x0000,0x0000,0x69a5,0x8a06,0x8a06,0xad55,0xad55,0xd6ba,0xad55,0xad55,0x0000,0xad55,0xad55,0xd6ba,0xd6ba,0x0000,0x0000,0x0000,
		0x0000,0x0000,0x0000,0x0000,0x0000,0x0000,0x0000,0x0000,0x0000,0x0000,0x69a5,0x8a06,0x8a06,0xad55,0xad55,0xd6ba,0xad55,0xad55,0x0000,0xad55,0xad55,0xd6ba,0xd6ba,0x0000,0x0000,0x0000,
		0x0000,0x0000,0x0000,0x0000,0x0000,0x0000,0x0000,0x0000,0x69a5,0x69a5,0xa267,0xad55,0xad55,0xd6ba,0xd6ba,0xad55,0x0000,0x0000,0xad55,0xd6ba,0xd6ba,0xd6ba,0xd6ba,0x0000,0x0000,0x0000,
		0x0000,0x0000,0x0000,0x0000,0x0000,0x0000,0x0000,0x0000,0x69a5,0x69a5,0xa267,0xad55,0xad55,0xd6ba,0xd6ba,0xad55,0x0000,0x0000,0xad55,0xd6ba,0xd6ba,0xd6ba,0xd6ba,0x0000,0x0000,0x0000,
		0x0000,0x0000,0x0000,0x0000,0x0000,0x0000,0x69a5,0x69a5,0xa267,0xa267,0x5963,0x738e,0x738e,0xad55,0xad55,0x0000,0xad55,0xad55,0xd6ba,0xd6ba,0xd6ba,0xad55,0xad55,0x0000,0x0000,0x0000,
		0x0000,0x0000,0x0000,0x0000,0x0000,0x0000,0x69a5,0x69a5,0xa267,0xa267,0x5963,0x0000,0x0000,0x0000,0x0000,0xad55,0xd6ba,0xd6ba,0xad55,0x738e,0x738e,0x5963,0x5963,0x0000,0x0000,0x0000,
		0x0000,0x0000,0x0000,0x0000,0x0000,0x0000,0x69a5,0x69a5,0xa267,0xa267,0x5963,0x0000,0x0000,0x0000,0x0000,0xad55,0xd6ba,0xd6ba,0xad55,0x738e,0x738e,0x5963,0x5963,0x0000,0x0000,0x0000,
		0x0000,0x0000,0x0000,0x0000,0x0000,0x69a5,0xa267,0xa267,0x5963,0x5963,0x0000,0x0000,0x0000,0x0000,0x0000,0x738e,0xad55,0xad55,0x69a5,0x5963,0x5963,0x0000,0x0000,0x0000,0x0000,0x0000,
		0x0000,0x0000,0x0000,0x0000,0x0000,0x69a5,0xa267,0xa267,0x5963,0x5963,0x0000,0x0000,0x0000,0x0000,0x0000,0x738e,0xad55,0xad55,0x69a5,0x5963,0x5963,0x0000,0x0000,0x0000,0x0000,0x0000,
		0x0000,0x0000,0x0000,0x0000,0x0000,0x69a5,0x8a06,0x8a06,0x5963,0x5963,0x0000,0x0000,0x0000,0x69a5,0x69a5,0x69a5,0x69a5,0x69a5,0x5963,0x0000,0x0000,0x0000,0x0000,0x0000,0x0000,0x0000,
		0x0000,0x0000,0x0000,0x0000,0x0000,0xad55,0xad55,0xad55,0x69a5,0x69a5,0x69a5,0x69a5,0x69a5,0x8a06,0x8a06,0x8a06,0x5963,0x5963,0x0000,0x0000,0x0000,0x0000,0x0000,0x0000,0x0000,0x0000,
		0x0000,0x0000,0x0000,0x0000,0x0000,0xad55,0xad55,0xad55,0x69a5,0x69a5,0x69a5,0x69a5,0x69a5,0x8a06,0x8a06,0x8a06,0x5963,0x5963,0x0000,0x0000,0x0000,0x0000,0x0000,0x0000,0x0000,0x0000,
		0x0000,0x0000,0x0000,0xad55,0xad55,0x0000,0x0000,0x0000,0x738e,0x738e,0x8a06,0x8a06,0x8a06,0x5963,0x5963,0x5963,0x0000,0x0000,0x0000,0x0000,0x0000,0x0000,0x0000,0x0000,0x0000,0x0000,
		0x0000,0x0000,0x0000,0x738e,0x738e,0x0000,0x0000,0x0000,0x4208,0x4208,0x5963,0x5963,0x5963,0x0000,0x0000,0x0000,0x0000,0x0000,0x0000,0x0000,0x0000,0x0000,0x0000,0x0000,0x0000,0x0000,
		0x0000,0x0000,0x0000,0x738e,0x738e,0x0000,0x0000,0x0000,0x4208,0x4208,0x5963,0x5963,0x5963,0x0000,0x0000,0x0000,0x0000,0x0000,0x0000,0x0000,0x0000,0x0000,0x0000,0x0000,0x0000,0x0000,
		0x0000,0x0000,0x0000,0x0000,0x0000,0x4208,0x4208,0x4208,0x0000,0x0000,0x0000,0x0000,0x0000,0x0000,0x0000,0x0000,0x0000,0x0000,0x0000,0x0000,0x0000,0x0000,0x0000,0x0000,0x0000,0x0000,
		0x0000,0x0000,0x0000,0x0000,0x0000,0x4208,0x4208,0x4208,0x0000,0x0000,0x0000,0x0000,0x0000,0x0000,0x0000,0x0000,0x0000,0x0000,0x0000,0x0000,0x0000,0x0000,0x0000,0x0000,0x0000,0x0000,
		0x0000,0x0000,0x0000,0x0000,0x0000,0x0000,0x0000,0x0000,0x0000,0x0000,0x0000,0x0000,0x0000,0x0000,0x0000,0x0000,0x0000,0x0000,0x0000,0x0000,0x0000,0x0000,0x0000,0x0000,0x0000,0x0000,
		0x0000,0x0000,0x0000,0x0000,0x0000,0x0000,0x0000,0x0000,0x0000,0x0000,0x0000,0x0000,0x0000,0x0000,0x0000,0x0000,0x0000,0x0000,0x0000,0x0000,0x0000,0x0000,0x0000,0x0000,0x0000,0x0000,
		0x0000,0x0000,0x0000,0x0000,0x0000,0x0000,0x0000,0x0000,0x0000,0x0000,0x0000,0x0000,0x0000,0x0000,0x0000,0x0000,0x0000,0x0000,0x0000,0x0000,0x0000,0x0000,0x0000,0x0000,0x0000,0x0000
	},
	{ //wool 95
		0x0000,0x0000,0x0000,0x0000,0x0000,0x0000,0x0000,0x0000,0x0000,0x0000,0x0000,0xf79e,0xd6db,0xd6db,0xd6db,0x0000,0x0000,0x0000,0x0000,0x0000,0x0000,0x0000,0x0000,0x0000,0x0000,0x0000,
		0x0000,0x0000,0x0000,0x0000,0x0000,0x0000,0x0000,0x0000,0x0000,0xe73c,0xe73c,0xf79e,0xf7be,0xffdf,0xd6db,0xd6db,0xe75d,0x0000,0x0000,0x0000,0x0000,0x0000,0x0000,0x0000,0x0000,0x0000,
		0x0000,0x0000,0x0000,0x0000,0x0000,0x0000,0x0000,0xdefb,0xffdf,0xce9a,0xd6db,0xd6db,0xf79e,0xef7d,0xffdf,0xef9e,0xf79e,0xd6db,0xdefb,0x0000,0x0000,0x0000,0x0000,0x0000,0x0000,0x0000,
		0x0000,0x0000,0x0000,0x0000,0x0000,0xf7be,0xdefb,0xef7d,0xdefb,0xffdf,0xf79e,0xf7be,0xdf1c,0xef9e,0xdefc,0xe75d,0xdf1c,0xdf1c,0xdf1c,0xef7e,0xce9a,0x0000,0x0000,0x0000,0x0000,0x0000,
		0x0000,0x0000,0x0000,0xef7d,0xd6db,0xd6bb,0xf7be,0xdefc,0xdefb,0xdefb,0xef7d,0xe75d,0xe73c,0xd6db,0xd6ba,0xce9a,0xd6db,0xf79e,0xf7be,0xdefb,0xd6db,0xd6db,0xe75d,0x0000,0x0000,0x0000,
		0x0000,0xc659,0xffdf,0xef7d,0xef7d,0xce9a,0xe75d,0xef5d,0xffdf,0xce9a,0xd6ba,0xd6db,0xf7be,0xf79e,0xf7be,0xce9a,0xe71c,0xdedb,0xf7be,0xef7d,0xffdf,0xd6db,0xe73c,0xd6db,0xb5d7,0x0000,
		0x0000,0xad96,0xbdf7,0xf7be,0xe73c,0xef7d,0xf7be,0xf7be,0xe71c,0xf79e,0xef7d,0xe75d,0xd6fb,0xdf1c,0xdefb,0xef9e,0xdf1c,0xdefb,0xdefb,0xf79e,0xef5d,0xef7e,0xef7d,0x9cf3,0x8430,0x0000,
		0x0000,0xbdf7,0xbe18,0xad96,0xb5d7,0xdefb,0xe75d,0xef5d,0xdf1c,0xce9a,0xdf1c,0xd6db,0xef7d,0xf79e,0xffdf,0xdefb,0xef7d,0xef5d,0xf79e,0xd6db,0xdefb,0x7c10,0x8c92,0x8c51,0x8c71,0x0000,
		0x0000,0xc618,0xc638,0xce79,0xc638,0xc638,0xad96,0xf79e,0xffdf,0xf7be,0xe73c,0xe75d,0xef7d,0xdf1c,0xef7d,0xef7d,0xffdf,0xd6bb,0xef7d,0x8c72,0x7c10,0x8c51,0x7c10,0x9492,0x94b2,0x0000,
		0x0000,0xbdf7,0xb5b6,0xb5b7,0xce59,0xc618,0xb5d7,0xbe18,0xd6ba,0xef7d,0xdefb,0xf79e,0xdf1c,0xffdf,0xd6ba,0xdf1c,0xe73c,0xdefb,0x8451,0x8430,0x8451,0x94b2,0x9cd3,0x9cd3,0x9492,0x0000,
		0x0000,0xad75,0xb5d7,0xc618,0xb5d7,0xc638,0xbdd7,0xad96,0xad75,0xad96,0xc638,0xd6db,0xe73c,0xef5d,0xffdf,0x94d3,0x8c71,0x8c71,0x8c51,0x94b2,0x94b2,0x94b2,0x8c71,0x8430,0x8c51,0x0000,
		0x0000,0xce59,0xa575,0xbdf7,0xc638,0xbe18,0xc618,0xc618,0xce59,0xb5b7,0xa555,0xb5b7,0xbe18,0xa514,0x8451,0x9cd3,0x94b2,0x8c92,0x8c71,0x8c51,0x8c71,0x8430,0x8430,0x8430,0x8c92,0x0000,
		0x0000,0xb5b6,0xce59,0xc638,0xad96,0xa555,0xad75,0xb5b6,0xb5d7,0xc638,0xce59,0xad96,0xb5d7,0x8c71,0x94b2,0x8c71,0x9492,0x8c71,0x8451,0x8c71,0x8c51,0x8c51,0x9cd3,0x94b2,0x94b2,0x0000,
		0x0000,0xc618,0xb5b6,0xce59,0xbdd7,0xbdf7,0xb5b6,0xad96,0xbdf7,0xc618,0xbdf7,0xc639,0xbe18,0x94b2,0x9492,0x94b2,0x8c71,0x8430,0x8451,0x8430,0x9492,0x8c51,0x9492,0x9cd3,0x8430,0x0000,
		0x0000,0xb5b6,0xbdd7,0xad96,0xc638,0xbe18,0xbdd7,0xc659,0xad75,0xb5d7,0xc638,0xc618,0xc638,0x8c71,0x8c71,0x8c71,0x8431,0x8430,0x8c92,0x9cd3,0x94b2,0x9492,0x8c71,0x94b2,0x9cd3,0x0000,
		0x0000,0xce59,0xce59,0xbdf7,0xa575,0xbe18,0xc618,0xad96,0xce79,0xb5d7,0xad75,0xad96,0xad75,0x9492,0x8430,0x94b2,0x8c71,0x8c71,0x94b2,0x8451,0x8451,0x9cd3,0x8c92,0x8430,0x8c71,0x0000,
		0x0000,0xb596,0xad96,0xc618,0xce59,0xad75,0xbdf7,0xb5b6,0xb5b6,0xc638,0xce59,0xc638,0xb5b6,0x8430,0x9cd3,0x94b2,0x9492,0x9492,0x8c51,0x8c71,0x9cd3,0x8c92,0x9492,0x8c51,0x8c51,0x0000,
		0x0000,0xb5d7,0xb5b6,0xbe18,0xb5b6,0xce59,0xc618,0xad96,0xbdd7,0xad75,0xbe18,0xc638,0xbdf7,0x9cd3,0x9492,0x9cd3,0x94b2,0x8451,0x9492,0x94b2,0x8c51,0x9492,0x7c10,0x9492,0x8451,0x0000,
		0x0000,0xce59,0xc618,0xb5b6,0xc638,0xb5b6,0xc638,0xce59,0xc638,0xce59,0xbdd7,0xb5b6,0xce59,0x8451,0x8c71,0x9492,0x7c10,0x9492,0x9492,0x8431,0x8451,0x94b2,0x94b2,0x94b2,0x8430,0x0000,
		0x0000,0xad75,0xce59,0xb5d7,0xc659,0xc638,0xad75,0xad96,0xad96,0xbdf7,0xbe18,0xc638,0xc618,0x8c51,0x8c51,0x9492,0x9cd3,0x94b2,0x9492,0x9492,0x9492,0x94b2,0x9492,0x8c51,0x9cd3,0x0000,
		0x0000,0xad75,0xad96,0xc618,0xce59,0xbdf7,0xbdd7,0xad96,0xc638,0xc618,0xad75,0xb5b6,0xbdd7,0x9cd3,0x94b2,0x9492,0x8c92,0x8430,0x8451,0x8451,0x8451,0x8451,0x8431,0x94b2,0x94b2,0x0000,
		0x0000,0x0000,0x0000,0xc618,0xad96,0xb5b6,0xc618,0xce79,0xbdd7,0xc638,0xce59,0xbdf7,0xbe18,0x8430,0x8451,0x8430,0x94b2,0x8c92,0x94b2,0x9cd3,0x9492,0x94b2,0x8431,0x0000,0x0000,0x0000,
		0x0000,0x0000,0x0000,0x0000,0x0000,0xb5b7,0xce59,0xb5d7,0xc638,0xb5b6,0xb5d7,0xc618,0xad75,0x8c51,0x8c71,0x9cd3,0x94b2,0x9492,0x9cd3,0x8c71,0x9492,0x0000,0x0000,0x0000,0x0000,0x0000,
		0x0000,0x0000,0x0000,0x0000,0x0000,0x0000,0x0000,0xb5d7,0xb5b6,0xc658,0xbdf7,0xbdf7,0xce59,0x94b2,0x9492,0x8c71,0x8430,0x94b2,0x9cd3,0x0000,0x0000,0x0000,0x0000,0x0000,0x0000,0x0000,
		0x0000,0x0000,0x0000,0x0000,0x0000,0x0000,0x0000,0x0000,0x0000,0xc638,0xad96,0xbdf7,0xad96,0x9cd3,0x8c72,0x8c92,0x8431,0x0000,0x0000,0x0000,0x0000,0x0000,0x0000,0x0000,0x0000,0x0000,
		0x0000,0x0000,0x0000,0x0000,0x0000,0x0000,0x0000,0x0000,0x0000,0x0000,0x0000,0xbdf8,0xc638,0x8430,0x8c71,0x0000,0x0000,0x0000,0x0000,0x0000,0x0000,0x0000,0x0000,0x0000,0x0000,0x0000
	},
	{ //sheep spawn egg 96
		0x0000,0x0000,0x0000,0x0000,0x0000,0x0000,0x0000,0x0000,0x0000,0x0000,0x0000,0x0000,0x0000,0x0000,0x0000,0x0000,0x0000,0x0000,0x0000,0x0000,0x0000,0x0000,0x0000,0x0000,0x0000,0x0000,
		0x0000,0x0000,0x0000,0x0000,0x0000,0x0000,0x0000,0x0000,0x0000,0x0000,0x0000,0x0000,0x0000,0x0000,0x0000,0x0000,0x0000,0x0000,0x0000,0x0000,0x0000,0x0000,0x0000,0x0000,0x0000,0x0000,
		0x0000,0x0000,0x0000,0x0000,0x0000,0x0000,0x0000,0x0000,0x0000,0x0000,0x0000,0x0000,0x0000,0x0000,0x0000,0x0000,0x0000,0x0000,0x0000,0x0000,0x0000,0x0000,0x0000,0x0000,0x0000,0x0000,
		0x0000,0x0000,0x0000,0x0000,0x0000,0x0000,0x0000,0x0000,0x0000,0x0000,0x0000,0x738e,0x738e,0x630c,0x630c,0x0000,0x0000,0x0000,0x0000,0x0000,0x0000,0x0000,0x0000,0x0000,0x0000,0x0000,
		0x0000,0x0000,0x0000,0x0000,0x0000,0x0000,0x0000,0x0000,0x0000,0x0000,0x0000,0x738e,0x738e,0x630c,0x630c,0x0000,0x0000,0x0000,0x0000,0x0000,0x0000,0x0000,0x0000,0x0000,0x0000,0x0000,
		0x0000,0x0000,0x0000,0x0000,0x0000,0x0000,0x0000,0x0000,0x82cb,0x82cb,0x82cb,0xce59,0xce59,0xb5b6,0xb5b6,0x738e,0x7acb,0x7acb,0x0000,0x0000,0x0000,0x0000,0x0000,0x0000,0x0000,0x0000,
		0x0000,0x0000,0x0000,0x0000,0x0000,0x0000,0x82cb,0x82cb,0xa3ae,0xa3ae,0xa3ae,0xcc92,0xcc92,0xd69a,0xd69a,0xb5b6,0x8b2c,0x8b2c,0x7aaa,0x0000,0x0000,0x0000,0x0000,0x0000,0x0000,0x0000,
		0x0000,0x0000,0x0000,0x0000,0x0000,0x0000,0x82cb,0x82cb,0xa3ae,0xa3ae,0xa3ae,0xcc92,0xcc92,0xd69a,0xd69a,0xb5b6,0x8b2c,0x8b2c,0x7aaa,0x0000,0x0000,0x0000,0x0000,0x0000,0x0000,0x0000,
		0x0000,0x0000,0x0000,0x0000,0x0000,0x0000,0x7acb,0x7acb,0xa3ae,0xa3ae,0xb410,0xcc71,0xcc71,0xdedb,0xdedb,0xce79,0xabef,0xabef,0x630c,0x0000,0x0000,0x0000,0x0000,0x0000,0x0000,0x0000,
		0x0000,0x0000,0x0000,0x0000,0x0000,0x0000,0x7acb,0x7acb,0xa3ae,0xa3ae,0xb410,0xcc71,0xcc71,0xdedb,0xdedb,0xce79,0xabef,0xabef,0x630c,0x0000,0x0000,0x0000,0x0000,0x0000,0x0000,0x0000,
		0x0000,0x0000,0x0000,0x0000,0x0000,0x738e,0xc638,0xc638,0xcc92,0xcc92,0xcc92,0xdedb,0xdedb,0xdedb,0xdedb,0xce79,0xb5b6,0xb5b6,0xb5b6,0x630c,0x630c,0x0000,0x0000,0x0000,0x0000,0x0000,
		0x0000,0x0000,0x0000,0x0000,0x0000,0x738e,0xce79,0xce79,0xdedb,0xdedb,0xdefb,0xdedb,0xdedb,0xd69a,0xd69a,0xa3ae,0x82eb,0x82eb,0xb5b6,0x630c,0x630c,0x0000,0x0000,0x0000,0x0000,0x0000,
		0x0000,0x0000,0x0000,0x0000,0x0000,0x738e,0xce79,0xce79,0xdedb,0xdedb,0xdefb,0xdedb,0xdedb,0xd69a,0xd69a,0xa3ae,0x82eb,0x82eb,0xb5b6,0x630c,0x630c,0x0000,0x0000,0x0000,0x0000,0x0000,
		0x0000,0x0000,0x0000,0x738e,0x738e,0xce59,0xd69a,0xd69a,0xcc92,0xcc92,0xdcf3,0xd69a,0xd69a,0xc638,0xc638,0xbc30,0x82eb,0x82eb,0xb5b6,0xb5b6,0xb5b6,0x630c,0x630c,0x0000,0x0000,0x0000,
		0x0000,0x0000,0x0000,0x738e,0x738e,0xce59,0xd69a,0xd69a,0xcc92,0xcc92,0xdcf3,0xd69a,0xd69a,0xc638,0xc638,0xbc30,0x82eb,0x82eb,0xb5b6,0xb5b6,0xb5b6,0x630c,0x630c,0x0000,0x0000,0x0000,
		0x0000,0x0000,0x0000,0x7acb,0x7acb,0xa3ae,0xce79,0xce79,0xe514,0xe514,0xdedb,0xce59,0xce59,0xc638,0xc638,0xc638,0xb5b6,0xb5b6,0xb5b6,0xb5b6,0xb5b6,0x5acb,0x5acb,0x0000,0x0000,0x0000,
		0x0000,0x0000,0x0000,0x7acb,0x7acb,0x82eb,0xce59,0xce59,0xdedb,0xdedb,0xd69a,0xc451,0xc451,0xc638,0xc638,0xc638,0xb5b6,0xb5b6,0xb5b6,0x7acb,0x7acb,0x52aa,0x52aa,0x0000,0x0000,0x0000,
		0x0000,0x0000,0x0000,0x7acb,0x7acb,0x82eb,0xce59,0xce59,0xdedb,0xdedb,0xd69a,0xc451,0xc451,0xc638,0xc638,0xc638,0xb5b6,0xb5b6,0xb5b6,0x7acb,0x7acb,0x52aa,0x52aa,0x0000,0x0000,0x0000,
		0x0000,0x0000,0x0000,0x0000,0x0000,0x738e,0xc638,0xc638,0xce59,0xce59,0xabae,0xa3ae,0xa3ae,0x82eb,0x82eb,0xb5b6,0x82eb,0x82eb,0x82eb,0x6a69,0x6a69,0x0000,0x0000,0x0000,0x0000,0x0000,
		0x0000,0x0000,0x0000,0x0000,0x0000,0x738e,0xb596,0xb596,0xb5b6,0xb5b6,0xa3ae,0x82eb,0x82eb,0x82cb,0x82cb,0xb5b6,0x82eb,0x82eb,0x728a,0x6a69,0x6a69,0x0000,0x0000,0x0000,0x0000,0x0000,
		0x0000,0x0000,0x0000,0x0000,0x0000,0x738e,0xb596,0xb596,0xb5b6,0xb5b6,0xa3ae,0x82eb,0x82eb,0x82cb,0x82cb,0xb5b6,0x82eb,0x82eb,0x728a,0x6a69,0x6a69,0x0000,0x0000,0x0000,0x0000,0x0000,
		0x0000,0x0000,0x0000,0x0000,0x0000,0x0000,0x630c,0x630c,0x630c,0x630c,0xb5b6,0xb5b6,0xb5b6,0xb5b6,0xb5b6,0xb5b6,0x5acb,0x5acb,0x6a69,0x0000,0x0000,0x0000,0x0000,0x0000,0x0000,0x0000,
		0x0000,0x0000,0x0000,0x0000,0x0000,0x0000,0x630c,0x630c,0x630c,0x630c,0xb5b6,0xb5b6,0xb5b6,0xb5b6,0xb5b6,0xb5b6,0x5acb,0x5acb,0x6a69,0x0000,0x0000,0x0000,0x0000,0x0000,0x0000,0x0000,
		0x0000,0x0000,0x0000,0x0000,0x0000,0x0000,0x0000,0x0000,0x0000,0x0000,0x630c,0x728a,0x728a,0x72aa,0x72aa,0x5acb,0x0000,0x0000,0x0000,0x0000,0x0000,0x0000,0x0000,0x0000,0x0000,0x0000,
		0x0000,0x0000,0x0000,0x0000,0x0000,0x0000,0x0000,0x0000,0x0000,0x0000,0x0000,0x0000,0x0000,0x0000,0x0000,0x0000,0x0000,0x0000,0x0000,0x0000,0x0000,0x0000,0x0000,0x0000,0x0000,0x0000,
		0x0000,0x0000,0x0000,0x0000,0x0000,0x0000,0x0000,0x0000,0x0000,0x0000,0x0000,0x0000,0x0000,0x0000,0x0000,0x0000,0x0000,0x0000,0x0000,0x0000,0x0000,0x0000,0x0000,0x0000,0x0000,0x0000
	},
	{ //pig spawn egg 97
		0x8410,0x8410,0x8410,0x8410,0x8410,0x8410,0x8410,0x8410,0x8410,0x8410,0x8410,0x8410,0x8410,0x8410,0x8410,0x8410,0x8410,0x8410,0x8410,0x8410,0x8410,0x8410,0x8410,0x8410,0x8410,0x8410,
		0x8410,0x8410,0x8410,0x8410,0x8410,0x8410,0x8410,0x8410,0x8410,0x8410,0x8410,0x8410,0x8410,0x8410,0x8410,0x8410,0x8410,0x8410,0x8410,0x8410,0x8410,0x8410,0x8410,0x8410,0x8410,0x8410,
		0x8410,0x8410,0x8410,0x8410,0x8410,0x8410,0x8410,0x8410,0x8410,0x8410,0x8410,0x8410,0x8410,0x8410,0x8410,0x8410,0x8410,0x8410,0x8410,0x8410,0x8410,0x8410,0x8410,0x8410,0x8410,0x8410,
		0x8410,0x8410,0x8410,0x8410,0x8410,0x8410,0x8410,0x8410,0x8410,0x8410,0x5aeb,0x72aa,0x728a,0x6228,0x6248,0x4a89,0x7c10,0x7c0f,0x8410,0x8410,0x8410,0x8410,0x8410,0x8410,0x8410,0x8410,
		0x8410,0x8410,0x8410,0x8410,0x8410,0x8410,0x8410,0x8410,0x4228,0x4228,0x5aeb,0x72aa,0x728a,0x6228,0x6249,0x5aec,0x4a69,0x4208,0x8410,0x8410,0x8410,0x8410,0x8410,0x8410,0x8410,0x8410,
		0x8410,0x8410,0x8410,0x8410,0x8410,0x8410,0x8410,0x8410,0x6985,0x6985,0x6985,0xcc71,0xd471,0xbc10,0xbc0f,0x728a,0x6985,0x6986,0x8410,0x8410,0x8410,0x8410,0x8410,0x8410,0x8410,0x8410,
		0x8410,0x8410,0x8410,0x8410,0x8410,0x8410,0x59c6,0x61a6,0x8a08,0x8a08,0x8a27,0xaaaa,0xaa89,0xdcd2,0xd4d2,0xbc30,0x79a6,0x71c6,0x5986,0x8bef,0x8410,0x8410,0x8410,0x8410,0x8410,0x8410,
		0x8410,0x8410,0x8410,0x8410,0x8410,0x8410,0x61a6,0x6985,0x8a07,0x8a07,0x8a07,0xaa89,0xaa89,0xdcb2,0xdcd2,0xbc10,0x79a6,0x79a6,0x6985,0x8bef,0x8410,0x8410,0x8410,0x8410,0x8410,0x8410,
		0x8410,0x8410,0x8410,0x8410,0x8410,0x8410,0x61a6,0x6985,0x8a07,0x91e7,0x9a28,0xaa69,0xaa69,0xe4f3,0xe4f3,0xd492,0x9227,0x9228,0x6228,0x83ef,0x7c10,0x8410,0x8410,0x8410,0x8410,0x8410,
		0x8410,0x8410,0x8410,0x8410,0x5aeb,0x5aeb,0x61a6,0x6985,0x91e7,0x91e7,0x9a28,0xaa69,0xaa69,0xe4f3,0xe513,0xd491,0x9228,0x9228,0x6228,0x5269,0x4a69,0x4a69,0x8410,0x8410,0x8410,0x8410,
		0x8410,0x8410,0x8410,0x8410,0x5aeb,0x728a,0xcc91,0xcc71,0xaa89,0xb289,0xaa69,0xecd3,0xe4f3,0xe4d2,0xdcd3,0xd491,0xbc10,0xbc10,0xbc10,0x6a28,0x6228,0x4a69,0x8410,0x8410,0x8410,0x8410,
		0x8410,0x8410,0x8410,0x8410,0x5aeb,0x7289,0xccb2,0xd491,0xe4d2,0xe4b2,0xecf3,0xe4d3,0xe4d3,0xdcb2,0xdcb2,0x8a08,0x7186,0x69a6,0xbc10,0x6a28,0x6228,0x4a69,0x8410,0x8410,0x8410,0x8410,
		0x8410,0x8410,0x8410,0x8410,0x5aeb,0x728a,0xccb2,0xd491,0xe4d2,0xe4d2,0xecf3,0xe4f3,0xe4d3,0xdcb2,0xdcb2,0x89e7,0x71a6,0x7186,0xbc10,0x6a28,0x6228,0x4a89,0x8410,0x8410,0x8410,0x8410,
		0x8410,0x8410,0x8410,0x728a,0x7289,0xd471,0xdcb2,0xdcb2,0xaa6a,0xaa69,0xbaca,0xe492,0xdcb2,0xcc71,0xd471,0xa248,0x71a6,0x71a6,0xbc10,0xbc10,0xbc10,0x6228,0x6228,0x8410,0x8410,0x8410,
		0x8410,0x8410,0x8410,0x7a8a,0x7a8a,0xd471,0xdcb2,0xdcb2,0xb269,0xaa69,0xbacb,0xdc92,0xdcb2,0xcc71,0xcc50,0xa269,0x71a6,0x71a6,0xbc10,0xbc10,0xbc10,0x6228,0x6228,0x8410,0x8410,0x8410,
		0x8410,0x8410,0x8410,0x6985,0x6986,0x89e7,0xdc92,0xdcb2,0xc2aa,0xc2ca,0xdcd2,0xd491,0xd491,0xcc71,0xcc71,0xcc71,0xbc10,0xbc10,0xbc10,0xbc10,0xbc10,0x5a07,0x5a07,0x8410,0x8410,0x8410,
		0x8410,0x8410,0x8410,0x6985,0x6985,0x71a6,0xd491,0xd491,0xe4d3,0xe4d3,0xdcb2,0xa249,0xaa49,0xcc71,0xcc71,0xcc71,0xbc0f,0xbc10,0xbc10,0x6985,0x6985,0x59e7,0x59e7,0x8410,0x8410,0x8410,
		0x8410,0x8410,0x8410,0x6985,0x6986,0x71a6,0xd491,0xd491,0xe4d3,0xe4d3,0xdcb2,0xa269,0xaa48,0xcc71,0xcc71,0xcc71,0xbc0f,0xbc10,0xbc10,0x6985,0x6985,0x59e8,0x59e7,0x8410,0x8410,0x8410,
		0x8410,0x8410,0x8410,0x83f0,0x5aeb,0x728a,0xcc91,0xcc71,0xd491,0xd491,0x9207,0x8a07,0x89e7,0x71a6,0x71a6,0xbc10,0x71a6,0x71a6,0x71a6,0x6145,0x5945,0x39c7,0x8410,0x8410,0x8410,0x8410,
		0x8410,0x8410,0x8410,0x8410,0x5aeb,0x728a,0xb40f,0xbbef,0xbc10,0xbc0f,0x89e7,0x7986,0x7186,0x6985,0x6985,0xbc10,0x71a6,0x71a6,0x6165,0x6145,0x5945,0x39c7,0x8410,0x8410,0x8410,0x8410,
		0x8410,0x8410,0x8410,0x8410,0x5aeb,0x728a,0xb410,0xbc0f,0xbc10,0xbc0f,0x89e8,0x79a6,0x71a6,0x6985,0x6985,0xbc10,0x71a6,0x71a6,0x6165,0x5945,0x5945,0x39c7,0x8410,0x8410,0x8410,0x8410,
		0x8410,0x8410,0x8410,0x8410,0x5aeb,0x5aeb,0x6248,0x6228,0x6228,0x6228,0xbc10,0xbc10,0xbc10,0xbc10,0xbc10,0xbc0f,0x59e8,0x59e7,0x6145,0x41a6,0x39c7,0x39c7,0x8410,0x8410,0x8410,0x8410,
		0x8410,0x8410,0x8410,0x8410,0x8410,0x8410,0x6248,0x6228,0x6228,0x6228,0xbc10,0xbc2f,0xbc10,0xbc10,0xbc2f,0xbc0f,0x5a07,0x5a07,0x5945,0x8bef,0x8410,0x8410,0x8410,0x8410,0x8410,0x8410,
		0x8410,0x8410,0x8410,0x8410,0x8410,0x8410,0x8410,0x8410,0x8410,0x5269,0x6228,0x6185,0x6165,0x6165,0x6186,0x5a07,0x4a29,0x8410,0x8410,0x8410,0x8410,0x8410,0x8410,0x8410,0x8410,0x8410,
		0x8410,0x8410,0x8410,0x8410,0x8410,0x8410,0x8410,0x8410,0x8410,0x4a6a,0x5269,0x5228,0x41c7,0x49c7,0x4a07,0x4a28,0x4a49,0x8410,0x8410,0x8410,0x8410,0x8410,0x8410,0x8410,0x8410,0x8410,
		0x8410,0x8410,0x8410,0x8410,0x8410,0x8410,0x8410,0x8410,0x8410,0x8410,0x8410,0x8410,0x8410,0x8410,0x8410,0x8410,0x8410,0x8410,0x8410,0x8410,0x8410,0x8410,0x8410,0x8410,0x8410,0x8410
	},
	{ //raw pork 98
		0x0000,0x0000,0x0000,0x0000,0x0000,0x0000,0x0000,0x0000,0x0000,0x0000,0x0000,0x0000,0x0000,0x0000,0x0000,0x0000,0x0000,0x0000,0x0000,0x0000,0x0000,0x0000,0x0000,0x0000,0x0000,0x0000,
		0x0000,0x0000,0x0000,0x0000,0x0000,0x0000,0x0000,0x0000,0x0000,0x0000,0x0000,0x0000,0x0000,0x0000,0x0000,0x0000,0x0000,0x0000,0x0000,0x0000,0x0000,0x0000,0x0000,0x0000,0x0000,0x0000,
		0x0000,0x0000,0x0000,0x0000,0x0000,0x0000,0x0000,0x0000,0x0000,0x0000,0x0000,0x0000,0x0000,0x0000,0x0000,0x0000,0x0000,0x0000,0x0000,0x0000,0x0000,0x0000,0x0000,0x0000,0x0000,0x0000,
		0x0000,0x0000,0x0000,0x0000,0x0000,0x0000,0x0000,0x0000,0x0000,0x0000,0x0000,0x0000,0x0000,0x0000,0x0000,0xa28a,0xa28a,0xa28a,0xa28a,0xa28a,0xa28a,0x0000,0x0000,0x0000,0x0000,0x0000,
		0x0000,0x0000,0x0000,0x0000,0x0000,0x0000,0x0000,0x0000,0x0000,0x0000,0x0000,0x0000,0x0000,0x0000,0x0000,0xa28a,0xa28a,0xa28a,0xa28a,0xa28a,0xa28a,0x0000,0x0000,0x0000,0x0000,0x0000,
		0x0000,0x0000,0x0000,0x0000,0x0000,0x0000,0x0000,0x0000,0x0000,0x0000,0x0000,0x0000,0x0000,0xa28a,0xa28a,0xeb8e,0xeb8e,0xeb8e,0xeb8e,0xfbae,0xfbae,0x81e7,0x81e7,0x0000,0x0000,0x0000,
		0x0000,0x0000,0x0000,0x0000,0x0000,0x0000,0x0000,0x0000,0x0000,0x0000,0x0000,0xa28a,0xa28a,0xeb8e,0xeb8e,0xeb8e,0xfbae,0xfbae,0xfc71,0xfc71,0xfc71,0xa28a,0xa28a,0x81e7,0x0000,0x0000,
		0x0000,0x0000,0x0000,0x0000,0x0000,0x0000,0x0000,0x0000,0x0000,0x0000,0x0000,0xa28a,0xa28a,0xeb8e,0xeb8e,0xeb8e,0xfbae,0xfbae,0xfc71,0xfc71,0xfc71,0xa28a,0xa28a,0x81e7,0x0000,0x0000,
		0x0000,0x0000,0x0000,0x0000,0x0000,0x0000,0x0000,0x0000,0x0000,0x0000,0xa28a,0xfd75,0xfd75,0xfc71,0xfc71,0xeb8e,0xeb8e,0xeb8e,0xfbae,0xfd75,0xfd75,0xeb8e,0xeb8e,0x81e7,0x0000,0x0000,
		0x0000,0x0000,0x0000,0x0000,0x0000,0x0000,0x0000,0x0000,0x0000,0x0000,0xa28a,0xfd75,0xfd75,0xfc71,0xfc71,0xeb8e,0xeb8e,0xeb8e,0xfbae,0xfd75,0xfd75,0xeb8e,0xeb8e,0x81e7,0x0000,0x0000,
		0x0000,0x0000,0x0000,0x0000,0x0000,0x0000,0xa28a,0xa28a,0xa28a,0xa28a,0xfbae,0xeb8e,0xeb8e,0xfc71,0xfc71,0xfbae,0xfbae,0xfbae,0xfc71,0xfd75,0xfd75,0xfbae,0xfbae,0x81e7,0x0000,0x0000,
		0x0000,0x0000,0x0000,0x0000,0x0000,0xa28a,0xfc71,0xfc71,0xfc71,0xfc71,0xeb8e,0xeb8e,0xeb8e,0xfbae,0xfbae,0xfbae,0xfbae,0xfbae,0xfc71,0xfd75,0xfd75,0xeb8e,0xeb8e,0x5124,0x0000,0x0000,
		0x0000,0x0000,0x0000,0x0000,0x0000,0xa28a,0xfc71,0xfc71,0xfc71,0xfc71,0xeb8e,0xeb8e,0xeb8e,0xfbae,0xfbae,0xfbae,0xfbae,0xfbae,0xfc71,0xfd75,0xfd75,0xeb8e,0xeb8e,0x5124,0x0000,0x0000,
		0x0000,0x0000,0x0000,0x0000,0x0000,0xa28a,0xfbae,0xfbae,0xfd75,0xfd75,0xfbae,0xeb8e,0xeb8e,0xeb8e,0xeb8e,0xfbae,0xfd75,0xfd75,0xfd75,0xfd75,0xfd75,0x81e7,0x81e7,0x5124,0x0000,0x0000,
		0x0000,0x0000,0x0000,0x0000,0x0000,0xa28a,0xfbae,0xfbae,0xfd75,0xfd75,0xfbae,0xeb8e,0xeb8e,0xeb8e,0xeb8e,0xfbae,0xfd75,0xfd75,0xfd75,0xfd75,0xfd75,0x81e7,0x81e7,0x5124,0x0000,0x0000,
		0x0000,0x0000,0x0000,0xa28a,0xa28a,0xeb8e,0xeb8e,0xeb8e,0xfc71,0xfc71,0xfd75,0xeb8e,0xeb8e,0xfbae,0xfbae,0xfd75,0xfe38,0xfe38,0xfd75,0xeb8e,0xeb8e,0x81e7,0x81e7,0x0000,0x0000,0x0000,
		0x0000,0x0000,0x0000,0xa28a,0xa28a,0xeb8e,0xeb8e,0xeb8e,0xfbae,0xfbae,0xfd75,0xfe38,0xfe38,0xfd75,0xfd75,0xfe38,0xfd75,0xfd75,0xeb8e,0x81e7,0x81e7,0x5124,0x5124,0x0000,0x0000,0x0000,
		0x0000,0x0000,0x0000,0xa28a,0xa28a,0xeb8e,0xeb8e,0xeb8e,0xfbae,0xfbae,0xfd75,0xfe38,0xfe38,0xfd75,0xfd75,0xfe38,0xfd75,0xfd75,0xeb8e,0x81e7,0x81e7,0x5124,0x5124,0x0000,0x0000,0x0000,
		0x0000,0x0000,0x0000,0xa28a,0xa28a,0xeb8e,0xfbae,0xfbae,0xfbae,0xfbae,0xfe38,0xfe38,0xfe38,0xfe38,0xfe38,0xfd75,0xeb8e,0xeb8e,0x81e7,0x5124,0x5124,0x0000,0x0000,0x0000,0x0000,0x0000,
		0x0000,0x0000,0x0000,0x0000,0x0000,0x81e7,0xa28a,0xa28a,0xfd75,0xfd75,0xfe38,0xfe38,0xfe38,0xfc71,0xfc71,0x81e7,0x5124,0x5124,0x5124,0x0000,0x0000,0x0000,0x0000,0x0000,0x0000,0x0000,
		0x0000,0x0000,0x0000,0x0000,0x0000,0x81e7,0xa28a,0xa28a,0xfd75,0xfd75,0xfe38,0xfe38,0xfe38,0xfc71,0xfc71,0x81e7,0x5124,0x5124,0x5124,0x0000,0x0000,0x0000,0x0000,0x0000,0x0000,0x0000,
		0x0000,0x0000,0x0000,0x0000,0x0000,0x81e7,0x81e7,0x81e7,0xa28a,0xa28a,0xfd75,0xfbae,0xfbae,0x81e7,0x81e7,0x5124,0x0000,0x0000,0x0000,0x0000,0x0000,0x0000,0x0000,0x0000,0x0000,0x0000,
		0x0000,0x0000,0x0000,0x0000,0x0000,0x81e7,0x81e7,0x81e7,0xa28a,0xa28a,0xfd75,0xfbae,0xfbae,0x81e7,0x81e7,0x5124,0x0000,0x0000,0x0000,0x0000,0x0000,0x0000,0x0000,0x0000,0x0000,0x0000,
		0x0000,0x0000,0x0000,0x0000,0x0000,0x0000,0x0000,0x0000,0x5124,0x5124,0x5124,0x5124,0x5124,0x5124,0x5124,0x0000,0x0000,0x0000,0x0000,0x0000,0x0000,0x0000,0x0000,0x0000,0x0000,0x0000,
		0x0000,0x0000,0x0000,0x0000,0x0000,0x0000,0x0000,0x0000,0x0000,0x0000,0x0000,0x0000,0x0000,0x0000,0x0000,0x0000,0x0000,0x0000,0x0000,0x0000,0x0000,0x0000,0x0000,0x0000,0x0000,0x0000,
		0x0000,0x0000,0x0000,0x0000,0x0000,0x0000,0x0000,0x0000,0x0000,0x0000,0x0000,0x0000,0x0000,0x0000,0x0000,0x0000,0x0000,0x0000,0x0000,0x0000,0x0000,0x0000,0x0000,0x0000,0x0000,0x0000
	},
	{ //cooked pork 99
		0x0000,0x0000,0x0000,0x0000,0x0000,0x0000,0x0000,0x0000,0x0000,0x0000,0x0000,0x0000,0x0000,0x0000,0x0000,0x0000,0x0000,0x0000,0x0000,0x0000,0x0000,0x0000,0x0000,0x0000,0x0000,0x0000,
		0x0000,0x0000,0x0000,0x0000,0x0000,0x0000,0x0000,0x0000,0x0000,0x0000,0x0000,0x0000,0x0000,0x0000,0x0000,0x0000,0x0000,0x0000,0x0000,0x0000,0x0000,0x0000,0x0000,0x0000,0x0000,0x0000,
		0x0000,0x0000,0x0000,0x0000,0x0000,0x0000,0x0000,0x0000,0x0000,0x0000,0x0000,0x0000,0x0000,0x0000,0x0000,0x0000,0x0000,0x0000,0x0000,0x0000,0x0000,0x0000,0x0000,0x0000,0x0000,0x0000,
		0x0000,0x0000,0x0000,0x0000,0x0000,0x0000,0x0000,0x0000,0x0000,0x0000,0x0000,0x0000,0x0000,0x0000,0x0000,0x0000,0x0000,0x0000,0x0000,0x0000,0x0000,0x0000,0x0000,0x0000,0x0000,0x0000,
		0x0000,0x0000,0x0000,0x0000,0x0000,0x0000,0x0000,0x0000,0x0000,0x0000,0x0000,0x0000,0x0000,0x0000,0x0000,0x0000,0x0000,0x0000,0x0000,0x0000,0x0000,0x0000,0x0000,0x0000,0x0000,0x0000,
		0x0000,0x0000,0x0000,0x0000,0x0000,0x0000,0x0000,0x0000,0x0000,0x0000,0x0000,0x0000,0x0000,0x0000,0x0000,0x8b46,0x9bc8,0x9bc8,0x9bc8,0x8b46,0x8b46,0x0000,0x0000,0x0000,0x0000,0x0000,
		0x0000,0x0000,0x0000,0x0000,0x0000,0x0000,0x0000,0x0000,0x0000,0x0000,0x0000,0x0000,0x0000,0x8b46,0x8b46,0xb4ef,0xb50f,0xb50f,0xa3c8,0xb469,0xb469,0x5a64,0x5a64,0x0000,0x0000,0x0000,
		0x0000,0x0000,0x0000,0x0000,0x0000,0x0000,0x0000,0x0000,0x0000,0x0000,0x0000,0x0000,0x0000,0x8b46,0x8b46,0xb4ef,0xb50f,0xb50f,0xa3c8,0xb469,0xb469,0x5a64,0x5a64,0x0000,0x0000,0x0000,
		0x0000,0x0000,0x0000,0x0000,0x0000,0x0000,0x0000,0x0000,0x0000,0x0000,0x0000,0x8b46,0x8b46,0x9bea,0x9bea,0xbd2e,0xde54,0xde54,0xbd0e,0xcdd0,0xcdd0,0xaccb,0xaccb,0x5a64,0x0000,0x0000,
		0x0000,0x0000,0x0000,0x0000,0x0000,0x0000,0x0000,0x0000,0x0000,0x0000,0x0000,0x8b46,0x8b46,0x9bea,0x9bea,0xbd2e,0xde54,0xde54,0xbd0e,0xcdd0,0xcdd0,0xaccb,0xaccb,0x5a64,0x0000,0x0000,
		0x0000,0x0000,0x0000,0x0000,0x0000,0x0000,0x0000,0x0000,0x0000,0x0000,0x8b46,0xa4ae,0xa4ae,0xcdd1,0xcdd1,0xc56f,0xc58f,0xc58f,0xe675,0xde33,0xde33,0xa48b,0xa48b,0x5a64,0x0000,0x0000,
		0x0000,0x0000,0x0000,0x0000,0x0000,0x0000,0x8b46,0x8b46,0x9bc8,0x9bc8,0xc56e,0xbd0e,0xbd0e,0xe695,0xe695,0xd5f2,0xcdb0,0xcdb0,0xcdb0,0xc590,0xc590,0xb50e,0xb50e,0x5a64,0x0000,0x0000,
		0x0000,0x0000,0x0000,0x0000,0x0000,0x0000,0x8b46,0x8b46,0x9bc8,0x9bc8,0xc56e,0xbd0e,0xbd0e,0xe695,0xe695,0xd5f2,0xcdb0,0xcdb0,0xcdb0,0xc590,0xc590,0xb50e,0xb50e,0x5a64,0x0000,0x0000,
		0x0000,0x0000,0x0000,0x0000,0x0000,0x8b46,0xacac,0xacac,0xcd8f,0xcd8f,0xde54,0xd612,0xd612,0xc56f,0xc56f,0xd633,0xde75,0xde75,0xc56f,0xb4ed,0xb4ed,0x8b87,0x8b87,0x5a64,0x0000,0x0000,
		0x0000,0x0000,0x0000,0x0000,0x0000,0x8b46,0xacac,0xacac,0xcd8f,0xcd8f,0xde54,0xd612,0xd612,0xc56f,0xc56f,0xd633,0xde75,0xde75,0xc56f,0xb4ed,0xb4ed,0x8b87,0x8b87,0x5a64,0x0000,0x0000,
		0x0000,0x0000,0x0000,0x0000,0x0000,0x9bc8,0xcdd2,0xcdd2,0xcdb1,0xcdb1,0xc54f,0xde75,0xde75,0xc56f,0xc56f,0xcdb0,0xd612,0xd612,0xde54,0xb4cd,0xb4cd,0x5a64,0x5a64,0x0000,0x0000,0x0000,
		0x0000,0x0000,0x0000,0x9bc8,0x9bc8,0xac6b,0xe6b5,0xe6b5,0xcd90,0xcd90,0xcd90,0xc58f,0xc58f,0xde74,0xde74,0xd5f2,0xc54f,0xc54f,0xb4ac,0x8b87,0x8b87,0x5a64,0x5a64,0x0000,0x0000,0x0000,
		0x0000,0x0000,0x0000,0x9bc8,0x9bc8,0xac6b,0xe6b5,0xe6b5,0xcd90,0xcd90,0xcd90,0xc58f,0xc58f,0xde74,0xde74,0xd5f2,0xc54f,0xc54f,0xb4ac,0x8b87,0x8b87,0x5a64,0x5a64,0x0000,0x0000,0x0000,
		0x0000,0x0000,0x0000,0x9bc8,0x9bc8,0xb4cc,0xde53,0xde53,0xe6b5,0xe6b5,0xde54,0xbd2e,0xbd2e,0xbd0d,0xbd0d,0xd633,0xc570,0xc570,0x8b46,0x5a64,0x5a64,0x0000,0x0000,0x0000,0x0000,0x0000,
		0x0000,0x0000,0x0000,0x0000,0x0000,0x8b88,0xc56e,0xc56e,0xc56e,0xc56e,0xde74,0xcdb1,0xcdb1,0xb50d,0xb50d,0x9366,0x8305,0x8305,0x5a64,0x0000,0x0000,0x0000,0x0000,0x0000,0x0000,0x0000,
		0x0000,0x0000,0x0000,0x0000,0x0000,0x8b88,0xc56e,0xc56e,0xc56e,0xc56e,0xde74,0xcdb1,0xcdb1,0xb50d,0xb50d,0x9366,0x8305,0x8305,0x5a64,0x0000,0x0000,0x0000,0x0000,0x0000,0x0000,0x0000,
		0x0000,0x0000,0x0000,0x0000,0x0000,0x72e6,0x9366,0x9366,0x9bc8,0x9bc8,0x9bc8,0x9bc7,0x9bc7,0x8b46,0x8b46,0x5a64,0x0000,0x0000,0x0000,0x0000,0x0000,0x0000,0x0000,0x0000,0x0000,0x0000,
		0x0000,0x0000,0x0000,0x0000,0x0000,0x72e6,0x9366,0x9366,0x9bc8,0x9bc8,0x9bc8,0x9bc7,0x9bc7,0x8b46,0x8b46,0x5a64,0x0000,0x0000,0x0000,0x0000,0x0000,0x0000,0x0000,0x0000,0x0000,0x0000,
		0x0000,0x0000,0x0000,0x0000,0x0000,0x0000,0x0000,0x0000,0x5a64,0x5a64,0x5a64,0x5a64,0x5a64,0x5a64,0x5a64,0x0000,0x0000,0x0000,0x0000,0x0000,0x0000,0x0000,0x0000,0x0000,0x0000,0x0000,
		0x0000,0x0000,0x0000,0x0000,0x0000,0x0000,0x0000,0x0000,0x0000,0x0000,0x0000,0x0000,0x0000,0x0000,0x0000,0x0000,0x0000,0x0000,0x0000,0x0000,0x0000,0x0000,0x0000,0x0000,0x0000,0x0000,
		0x0000,0x0000,0x0000,0x0000,0x0000,0x0000,0x0000,0x0000,0x0000,0x0000,0x0000,0x0000,0x0000,0x0000,0x0000,0x0000,0x0000,0x0000,0x0000,0x0000,0x0000,0x0000,0x0000,0x0000,0x0000,0x0000
	},

