/* data/skybox_colors.h - Skybox gradient colors (16 brightness levels x 128 entries) */
#pragma once
#include "types.h"

static const int skyboxColors[16][128] = {
	{
		0x949d949d,
		0x949d949d,
		0x949d949d,
		0x949d949d,
		0x949d949d,
		0x949d949d,
		0x949d949d,
		0x949d949d,
		0x949d949d,
		0x949d949d,
		0x949d949d,
		0x949d949d,
		0x949d949d,
		0x949d949d,
		0x949d949d,
		0x949d949d,
		0x949d949d,
		0x949d949d,
		0x949d949d,
		0x949d949d,
		0x949d949d,
		0x949d949d,
		0x949d949d,
		0x949d949d,
		0x949d949d,
		0x949d949d,
		0x949d949d,
		0x949d949d,
		0x949d949d,
		0x949d949d,
		0x949d949d,
		0x949d949d,
		0x949d949d,
		0x949d949d,
		0x949d949d,
		0x949d949d,
		0x949d949d,
		0x949d949d,
		0x949d949d,
		0x949d949d,
		0x949d949d,
		0x949d949d,
		0x949d949d,
		0x949d949d,
		0x949d949d,
		0x949d949d,
		0x949d949d,
		0x949d949d,
		0x949d949d,
		0x949d949d,
		0x949d949d,
		0x949d949d,
		0x949d949d,
		0x949d949d,
		0x949d949d,
		0x949d949d,
		0x949d949d,
		0x949d949d,
		0x949d949d,
		0x949d949d,
		0x94bd94bd,
		0x9cdd9cdd,
		0x9d1d9d1d,
		0xa55da55d,
		0xa57da57d,
		0xa5bda5bd,
		0xaddeadde,
		0xae1eae1e,
		0xae1eae1e,
		0xae1eae1e,
		0xae1eae1e,
		0xae1eae1e,
		0xae1eae1e,
		0xae1eae1e,
		0xae1eae1e,
		0xae1eae1e,
		0xae1eae1e,
		0xae1eae1e,
		0xae1eae1e,
		0xae1eae1e,
		0xae1eae1e,
		0xae1eae1e,
		0xae1eae1e,
		0xae1eae1e,
		0xae1eae1e,
		0xae1eae1e,
		0xae1eae1e,
		0xae1eae1e,
		0xae1eae1e,
		0xae1eae1e,
		0xae1eae1e,
		0xae1eae1e,
		0xae1eae1e,
		0xae1eae1e,
		0xae1eae1e,
		0xae1eae1e,
		0xae1eae1e,
		0xae1eae1e,
		0xae1eae1e,
		0xae1eae1e,
		0xae1eae1e,
		0xae1eae1e,
		0xae1eae1e,
		0xae1eae1e,
		0xae1eae1e,
		0xae1eae1e,
		0xae1eae1e,
		0xae1eae1e,
		0xae1eae1e,
		0xae1eae1e,
		0xae1eae1e,
		0xae1eae1e,
		0xae1eae1e,
		0xae1eae1e,
		0xae1eae1e,
		0xae1eae1e,
		0xae1eae1e,
		0xae1eae1e,
		0xae1eae1e,
		0xae1eae1e,
		0xae1eae1e,
		0xae1eae1e,
		0xae1eae1e,
		0xae1eae1e,
		0xae1eae1e,
		0xae1eae1e,
		0xae1eae1e,
		0xae1eae1e,
	},
	{
		0x843b843b,
		0x843b843b,
		0x843b843b,
		0x843b843b,
		0x843b843b,
		0x843b843b,
		0x843b843b,
		0x843b843b,
		0x843b843b,
		0x843b843b,
		0x843b843b,
		0x843b843b,
		0x843b843b,
		0x843b843b,
		0x843b843b,
		0x843b843b,
		0x843b843b,
		0x843b843b,
		0x843b843b,
		0x843b843b,
		0x843b843b,
		0x843b843b,
		0x843b843b,
		0x843b843b,
		0x843b843b,
		0x843b843b,
		0x843b843b,
		0x843b843b,
		0x843b843b,
		0x843b843b,
		0x843b843b,
		0x843b843b,
		0x843b843b,
		0x843b843b,
		0x843b843b,
		0x843b843b,
		0x843b843b,
		0x843b843b,
		0x843b843b,
		0x843b843b,
		0x843b843b,
		0x843b843b,
		0x843b843b,
		0x843b843b,
		0x843b843b,
		0x843b843b,
		0x843b843b,
		0x843b843b,
		0x843b843b,
		0x843b843b,
		0x843b843b,
		0x843b843b,
		0x843b843b,
		0x843b843b,
		0x843b843b,
		0x843b843b,
		0x843b843b,
		0x843b843b,
		0x843b843b,
		0x843b843b,
		0x8c5b8c5b,
		0x8c7b8c7b,
		0x94bb94bb,
		0x94db94db,
		0x951b951b,
		0x9d3b9d3b,
		0x9d7b9d7b,
		0xa59ba59b,
		0xa59ba59b,
		0xa59ba59b,
		0xa59ba59b,
		0xa59ba59b,
		0xa59ba59b,
		0xa59ba59b,
		0xa59ba59b,
		0xa59ba59b,
		0xa59ba59b,
		0xa59ba59b,
		0xa59ba59b,
		0xa59ba59b,
		0xa59ba59b,
		0xa59ba59b,
		0xa59ba59b,
		0xa59ba59b,
		0xa59ba59b,
		0xa59ba59b,
		0xa59ba59b,
		0xa59ba59b,
		0xa59ba59b,
		0xa59ba59b,
		0xa59ba59b,
		0xa59ba59b,
		0xa59ba59b,
		0xa59ba59b,
		0xa59ba59b,
		0xa59ba59b,
		0xa59ba59b,
		0xa59ba59b,
		0xa59ba59b,
		0xa59ba59b,
		0xa59ba59b,
		0xa59ba59b,
		0xa59ba59b,
		0xa59ba59b,
		0xa59ba59b,
		0xa59ba59b,
		0xa59ba59b,
		0xa59ba59b,
		0xa59ba59b,
		0xa59ba59b,
		0xa59ba59b,
		0xa59ba59b,
		0xa59ba59b,
		0xa59ba59b,
		0xa59ba59b,
		0xa59ba59b,
		0xa59ba59b,
		0xa59ba59b,
		0xa59ba59b,
		0xa59ba59b,
		0xa59ba59b,
		0xa59ba59b,
		0xa59ba59b,
		0xa59ba59b,
		0xa59ba59b,
		0xa59ba59b,
		0xa59ba59b,
		0xa59ba59b
	},
	{
		0x7bd97bd9,
		0x7bd97bd9,
		0x7bd97bd9,
		0x7bd97bd9,
		0x7bd97bd9,
		0x7bd97bd9,
		0x7bd97bd9,
		0x7bd97bd9,
		0x7bd97bd9,
		0x7bd97bd9,
		0x7bd97bd9,
		0x7bd97bd9,
		0x7bd97bd9,
		0x7bd97bd9,
		0x7bd97bd9,
		0x7bd97bd9,
		0x7bd97bd9,
		0x7bd97bd9,
		0x7bd97bd9,
		0x7bd97bd9,
		0x7bd97bd9,
		0x7bd97bd9,
		0x7bd97bd9,
		0x7bd97bd9,
		0x7bd97bd9,
		0x7bd97bd9,
		0x7bd97bd9,
		0x7bd97bd9,
		0x7bd97bd9,
		0x7bd97bd9,
		0x7bd97bd9,
		0x7bd97bd9,
		0x7bd97bd9,
		0x7bd97bd9,
		0x7bd97bd9,
		0x7bd97bd9,
		0x7bd97bd9,
		0x7bd97bd9,
		0x7bd97bd9,
		0x7bd97bd9,
		0x7bd97bd9,
		0x7bd97bd9,
		0x7bd97bd9,
		0x7bd97bd9,
		0x7bd97bd9,
		0x7bd97bd9,
		0x7bd97bd9,
		0x7bd97bd9,
		0x7bd97bd9,
		0x7bd97bd9,
		0x7bd97bd9,
		0x7bd97bd9,
		0x7bd97bd9,
		0x7bd97bd9,
		0x7bd97bd9,
		0x7bd97bd9,
		0x7bd97bd9,
		0x7bd97bd9,
		0x7bd97bd9,
		0x7bd97bd9,
		0x7bf97bf9,
		0x84398439,
		0x84598459,
		0x8c998c99,
		0x8cb98cb9,
		0x94d994d9,
		0x95199519,
		0x953a953a,
		0x953a953a,
		0x953a953a,
		0x953a953a,
		0x953a953a,
		0x953a953a,
		0x953a953a,
		0x953a953a,
		0x953a953a,
		0x953a953a,
		0x953a953a,
		0x953a953a,
		0x953a953a,
		0x953a953a,
		0x953a953a,
		0x953a953a,
		0x953a953a,
		0x953a953a,
		0x953a953a,
		0x953a953a,
		0x953a953a,
		0x953a953a,
		0x953a953a,
		0x953a953a,
		0x953a953a,
		0x953a953a,
		0x953a953a,
		0x953a953a,
		0x953a953a,
		0x953a953a,
		0x953a953a,
		0x953a953a,
		0x953a953a,
		0x953a953a,
		0x953a953a,
		0x953a953a,
		0x953a953a,
		0x953a953a,
		0x953a953a,
		0x953a953a,
		0x953a953a,
		0x953a953a,
		0x953a953a,
		0x953a953a,
		0x953a953a,
		0x953a953a,
		0x953a953a,
		0x953a953a,
		0x953a953a,
		0x953a953a,
		0x953a953a,
		0x953a953a,
		0x953a953a,
		0x953a953a,
		0x953a953a,
		0x953a953a,
		0x953a953a,
		0x953a953a,
		0x953a953a,
		0x953a953a,
		0x953a953a
	},
	{
		0x73767376,
		0x73767376,
		0x73767376,
		0x73767376,
		0x73767376,
		0x73767376,
		0x73767376,
		0x73767376,
		0x73767376,
		0x73767376,
		0x73767376,
		0x73767376,
		0x73767376,
		0x73767376,
		0x73767376,
		0x73767376,
		0x73767376,
		0x73767376,
		0x73767376,
		0x73767376,
		0x73767376,
		0x73767376,
		0x73767376,
		0x73767376,
		0x73767376,
		0x73767376,
		0x73767376,
		0x73767376,
		0x73767376,
		0x73767376,
		0x73767376,
		0x73767376,
		0x73767376,
		0x73767376,
		0x73767376,
		0x73767376,
		0x73767376,
		0x73767376,
		0x73767376,
		0x73767376,
		0x73767376,
		0x73767376,
		0x73767376,
		0x73767376,
		0x73767376,
		0x73767376,
		0x73767376,
		0x73767376,
		0x73767376,
		0x73767376,
		0x73767376,
		0x73767376,
		0x73767376,
		0x73767376,
		0x73767376,
		0x73767376,
		0x73767376,
		0x73767376,
		0x73767376,
		0x73767376,
		0x73967396,
		0x73d773d7,
		0x7bf77bf7,
		0x7c177c17,
		0x7c377c37,
		0x84778477,
		0x84978497,
		0x84b784b7,
		0x8cb78cb7,
		0x8cb78cb7,
		0x8cb78cb7,
		0x8cb78cb7,
		0x8cb78cb7,
		0x8cb78cb7,
		0x8cb78cb7,
		0x8cb78cb7,
		0x8cb78cb7,
		0x8cb78cb7,
		0x8cb78cb7,
		0x8cb78cb7,
		0x8cb78cb7,
		0x8cb78cb7,
		0x8cb78cb7,
		0x8cb78cb7,
		0x8cb78cb7,
		0x8cb78cb7,
		0x8cb78cb7,
		0x8cb78cb7,
		0x8cb78cb7,
		0x8cb78cb7,
		0x8cb78cb7,
		0x8cb78cb7,
		0x8cb78cb7,
		0x8cb78cb7,
		0x8cb78cb7,
		0x8cb78cb7,
		0x8cb78cb7,
		0x8cb78cb7,
		0x8cb78cb7,
		0x8cb78cb7,
		0x8cb78cb7,
		0x8cb78cb7,
		0x8cb78cb7,
		0x8cb78cb7,
		0x8cb78cb7,
		0x8cb78cb7,
		0x8cb78cb7,
		0x8cb78cb7,
		0x8cb78cb7,
		0x8cb78cb7,
		0x8cb78cb7,
		0x8cb78cb7,
		0x8cb78cb7,
		0x8cb78cb7,
		0x8cb78cb7,
		0x8cb78cb7,
		0x8cb78cb7,
		0x8cb78cb7,
		0x8cb78cb7,
		0x8cb78cb7,
		0x8cb78cb7,
		0x8cb78cb7,
		0x8cb78cb7,
		0x8cb78cb7,
		0x8cb78cb7,
		0x8cb78cb7,
		0x8cb78cb7,
		0x8cb78cb7
	},
	{
		0x63146314,
		0x63146314,
		0x63146314,
		0x63146314,
		0x63146314,
		0x63146314,
		0x63146314,
		0x63146314,
		0x63146314,
		0x63146314,
		0x63146314,
		0x63146314,
		0x63146314,
		0x63146314,
		0x63146314,
		0x63146314,
		0x63146314,
		0x63146314,
		0x63146314,
		0x63146314,
		0x63146314,
		0x63146314,
		0x63146314,
		0x63146314,
		0x63146314,
		0x63146314,
		0x63146314,
		0x63146314,
		0x63146314,
		0x63146314,
		0x63146314,
		0x63146314,
		0x63146314,
		0x63146314,
		0x63146314,
		0x63146314,
		0x63146314,
		0x63146314,
		0x63146314,
		0x63146314,
		0x63146314,
		0x63146314,
		0x63146314,
		0x63146314,
		0x63146314,
		0x63146314,
		0x63146314,
		0x63146314,
		0x63146314,
		0x63146314,
		0x63146314,
		0x63146314,
		0x63146314,
		0x63146314,
		0x63146314,
		0x63146314,
		0x63146314,
		0x63146314,
		0x63146314,
		0x63146314,
		0x6b346b34,
		0x6b746b74,
		0x6b946b94,
		0x73b573b5,
		0x73d573d5,
		0x74157415,
		0x7c357c35,
		0x7c557c55,
		0x7c557c55,
		0x7c557c55,
		0x7c557c55,
		0x7c557c55,
		0x7c557c55,
		0x7c557c55,
		0x7c557c55,
		0x7c557c55,
		0x7c557c55,
		0x7c557c55,
		0x7c557c55,
		0x7c557c55,
		0x7c557c55,
		0x7c557c55,
		0x7c557c55,
		0x7c557c55,
		0x7c557c55,
		0x7c557c55,
		0x7c557c55,
		0x7c557c55,
		0x7c557c55,
		0x7c557c55,
		0x7c557c55,
		0x7c557c55,
		0x7c557c55,
		0x7c557c55,
		0x7c557c55,
		0x7c557c55,
		0x7c557c55,
		0x7c557c55,
		0x7c557c55,
		0x7c557c55,
		0x7c557c55,
		0x7c557c55,
		0x7c557c55,
		0x7c557c55,
		0x7c557c55,
		0x7c557c55,
		0x7c557c55,
		0x7c557c55,
		0x7c557c55,
		0x7c557c55,
		0x7c557c55,
		0x7c557c55,
		0x7c557c55,
		0x7c557c55,
		0x7c557c55,
		0x7c557c55,
		0x7c557c55,
		0x7c557c55,
		0x7c557c55,
		0x7c557c55,
		0x7c557c55,
		0x7c557c55,
		0x7c557c55,
		0x7c557c55,
		0x7c557c55,
		0x7c557c55,
		0x7c557c55,
		0x7c557c55
	},
	{
		0x5ad25ad2,
		0x5ad25ad2,
		0x5ad25ad2,
		0x5ad25ad2,
		0x5ad25ad2,
		0x5ad25ad2,
		0x5ad25ad2,
		0x5ad25ad2,
		0x5ad25ad2,
		0x5ad25ad2,
		0x5ad25ad2,
		0x5ad25ad2,
		0x5ad25ad2,
		0x5ad25ad2,
		0x5ad25ad2,
		0x5ad25ad2,
		0x5ad25ad2,
		0x5ad25ad2,
		0x5ad25ad2,
		0x5ad25ad2,
		0x5ad25ad2,
		0x5ad25ad2,
		0x5ad25ad2,
		0x5ad25ad2,
		0x5ad25ad2,
		0x5ad25ad2,
		0x5ad25ad2,
		0x5ad25ad2,
		0x5ad25ad2,
		0x5ad25ad2,
		0x5ad25ad2,
		0x5ad25ad2,
		0x5ad25ad2,
		0x5ad25ad2,
		0x5ad25ad2,
		0x5ad25ad2,
		0x5ad25ad2,
		0x5ad25ad2,
		0x5ad25ad2,
		0x5ad25ad2,
		0x5ad25ad2,
		0x5ad25ad2,
		0x5ad25ad2,
		0x5ad25ad2,
		0x5ad25ad2,
		0x5ad25ad2,
		0x5ad25ad2,
		0x5ad25ad2,
		0x5ad25ad2,
		0x5ad25ad2,
		0x5ad25ad2,
		0x5ad25ad2,
		0x5ad25ad2,
		0x5ad25ad2,
		0x5ad25ad2,
		0x5ad25ad2,
		0x5ad25ad2,
		0x5ad25ad2,
		0x5ad25ad2,
		0x5ad25ad2,
		0x5af25af2,
		0x5af25af2,
		0x63326332,
		0x63526352,
		0x63736373,
		0x6b936b93,
		0x6bb36bb3,
		0x6bd36bd3,
		0x6bf36bf3,
		0x6bf36bf3,
		0x6bf36bf3,
		0x6bf36bf3,
		0x6bf36bf3,
		0x6bf36bf3,
		0x6bf36bf3,
		0x6bf36bf3,
		0x6bf36bf3,
		0x6bf36bf3,
		0x6bf36bf3,
		0x6bf36bf3,
		0x6bf36bf3,
		0x6bf36bf3,
		0x6bf36bf3,
		0x6bf36bf3,
		0x6bf36bf3,
		0x6bf36bf3,
		0x6bf36bf3,
		0x6bf36bf3,
		0x6bf36bf3,
		0x6bf36bf3,
		0x6bf36bf3,
		0x6bf36bf3,
		0x6bf36bf3,
		0x6bf36bf3,
		0x6bf36bf3,
		0x6bf36bf3,
		0x6bf36bf3,
		0x6bf36bf3,
		0x6bf36bf3,
		0x6bf36bf3,
		0x6bf36bf3,
		0x6bf36bf3,
		0x6bf36bf3,
		0x6bf36bf3,
		0x6bf36bf3,
		0x6bf36bf3,
		0x6bf36bf3,
		0x6bf36bf3,
		0x6bf36bf3,
		0x6bf36bf3,
		0x6bf36bf3,
		0x6bf36bf3,
		0x6bf36bf3,
		0x6bf36bf3,
		0x6bf36bf3,
		0x6bf36bf3,
		0x6bf36bf3,
		0x6bf36bf3,
		0x6bf36bf3,
		0x6bf36bf3,
		0x6bf36bf3,
		0x6bf36bf3,
		0x6bf36bf3,
		0x6bf36bf3,
		0x6bf36bf3,
		0x6bf36bf3,
		0x6bf36bf3,
		0x6bf36bf3
	},
	{
		0x4a6f4a6f,
		0x4a6f4a6f,
		0x4a6f4a6f,
		0x4a6f4a6f,
		0x4a6f4a6f,
		0x4a6f4a6f,
		0x4a6f4a6f,
		0x4a6f4a6f,
		0x4a6f4a6f,
		0x4a6f4a6f,
		0x4a6f4a6f,
		0x4a6f4a6f,
		0x4a6f4a6f,
		0x4a6f4a6f,
		0x4a6f4a6f,
		0x4a6f4a6f,
		0x4a6f4a6f,
		0x4a6f4a6f,
		0x4a6f4a6f,
		0x4a6f4a6f,
		0x4a6f4a6f,
		0x4a6f4a6f,
		0x4a6f4a6f,
		0x4a6f4a6f,
		0x4a6f4a6f,
		0x4a6f4a6f,
		0x4a6f4a6f,
		0x4a6f4a6f,
		0x4a6f4a6f,
		0x4a6f4a6f,
		0x4a6f4a6f,
		0x4a6f4a6f,
		0x4a6f4a6f,
		0x4a6f4a6f,
		0x4a6f4a6f,
		0x4a6f4a6f,
		0x4a6f4a6f,
		0x4a6f4a6f,
		0x4a6f4a6f,
		0x4a6f4a6f,
		0x4a6f4a6f,
		0x4a6f4a6f,
		0x4a6f4a6f,
		0x4a6f4a6f,
		0x4a6f4a6f,
		0x4a6f4a6f,
		0x4a6f4a6f,
		0x4a6f4a6f,
		0x4a6f4a6f,
		0x4a6f4a6f,
		0x4a6f4a6f,
		0x4a6f4a6f,
		0x4a6f4a6f,
		0x4a6f4a6f,
		0x4a6f4a6f,
		0x4a6f4a6f,
		0x4a6f4a6f,
		0x4a6f4a6f,
		0x4a6f4a6f,
		0x4a6f4a6f,
		0x526f526f,
		0x52905290,
		0x52b052b0,
		0x52f052f0,
		0x5af05af0,
		0x5b305b30,
		0x5b305b30,
		0x63516351,
		0x63716371,
		0x63716371,
		0x63716371,
		0x63716371,
		0x63716371,
		0x63716371,
		0x63716371,
		0x63716371,
		0x63716371,
		0x63716371,
		0x63716371,
		0x63716371,
		0x63716371,
		0x63716371,
		0x63716371,
		0x63716371,
		0x63716371,
		0x63716371,
		0x63716371,
		0x63716371,
		0x63716371,
		0x63716371,
		0x63716371,
		0x63716371,
		0x63716371,
		0x63716371,
		0x63716371,
		0x63716371,
		0x63716371,
		0x63716371,
		0x63716371,
		0x63716371,
		0x63716371,
		0x63716371,
		0x63716371,
		0x63716371,
		0x63716371,
		0x63716371,
		0x63716371,
		0x63716371,
		0x63716371,
		0x63716371,
		0x63716371,
		0x63716371,
		0x63716371,
		0x63716371,
		0x63716371,
		0x63716371,
		0x63716371,
		0x63716371,
		0x63716371,
		0x63716371,
		0x63716371,
		0x63716371,
		0x63716371,
		0x63716371,
		0x63716371,
		0x63716371,
		0x63716371,
		0x63716371
	},
	{
		0x420d420d,
		0x420d420d,
		0x420d420d,
		0x420d420d,
		0x420d420d,
		0x420d420d,
		0x420d420d,
		0x420d420d,
		0x420d420d,
		0x420d420d,
		0x420d420d,
		0x420d420d,
		0x420d420d,
		0x420d420d,
		0x420d420d,
		0x420d420d,
		0x420d420d,
		0x420d420d,
		0x420d420d,
		0x420d420d,
		0x420d420d,
		0x420d420d,
		0x420d420d,
		0x420d420d,
		0x420d420d,
		0x420d420d,
		0x420d420d,
		0x420d420d,
		0x420d420d,
		0x420d420d,
		0x420d420d,
		0x420d420d,
		0x420d420d,
		0x420d420d,
		0x420d420d,
		0x420d420d,
		0x420d420d,
		0x420d420d,
		0x420d420d,
		0x420d420d,
		0x420d420d,
		0x420d420d,
		0x420d420d,
		0x420d420d,
		0x420d420d,
		0x420d420d,
		0x420d420d,
		0x420d420d,
		0x420d420d,
		0x420d420d,
		0x420d420d,
		0x420d420d,
		0x420d420d,
		0x420d420d,
		0x420d420d,
		0x420d420d,
		0x420d420d,
		0x420d420d,
		0x420d420d,
		0x420d420d,
		0x420d420d,
		0x422d422d,
		0x4a4d4a4d,
		0x4a6e4a6e,
		0x4a8e4a8e,
		0x4aae4aae,
		0x52ce52ce,
		0x52ee52ee,
		0x52ee52ee,
		0x52ee52ee,
		0x52ee52ee,
		0x52ee52ee,
		0x52ee52ee,
		0x52ee52ee,
		0x52ee52ee,
		0x52ee52ee,
		0x52ee52ee,
		0x52ee52ee,
		0x52ee52ee,
		0x52ee52ee,
		0x52ee52ee,
		0x52ee52ee,
		0x52ee52ee,
		0x52ee52ee,
		0x52ee52ee,
		0x52ee52ee,
		0x52ee52ee,
		0x52ee52ee,
		0x52ee52ee,
		0x52ee52ee,
		0x52ee52ee,
		0x52ee52ee,
		0x52ee52ee,
		0x52ee52ee,
		0x52ee52ee,
		0x52ee52ee,
		0x52ee52ee,
		0x52ee52ee,
		0x52ee52ee,
		0x52ee52ee,
		0x52ee52ee,
		0x52ee52ee,
		0x52ee52ee,
		0x52ee52ee,
		0x52ee52ee,
		0x52ee52ee,
		0x52ee52ee,
		0x52ee52ee,
		0x52ee52ee,
		0x52ee52ee,
		0x52ee52ee,
		0x52ee52ee,
		0x52ee52ee,
		0x52ee52ee,
		0x52ee52ee,
		0x52ee52ee,
		0x52ee52ee,
		0x52ee52ee,
		0x52ee52ee,
		0x52ee52ee,
		0x52ee52ee,
		0x52ee52ee,
		0x52ee52ee,
		0x52ee52ee,
		0x52ee52ee,
		0x52ee52ee,
		0x52ee52ee,
		0x52ee52ee
	},
	{
		0x31ab31ab,
		0x31ab31ab,
		0x31ab31ab,
		0x31ab31ab,
		0x31ab31ab,
		0x31ab31ab,
		0x31ab31ab,
		0x31ab31ab,
		0x31ab31ab,
		0x31ab31ab,
		0x31ab31ab,
		0x31ab31ab,
		0x31ab31ab,
		0x31ab31ab,
		0x31ab31ab,
		0x31ab31ab,
		0x31ab31ab,
		0x31ab31ab,
		0x31ab31ab,
		0x31ab31ab,
		0x31ab31ab,
		0x31ab31ab,
		0x31ab31ab,
		0x31ab31ab,
		0x31ab31ab,
		0x31ab31ab,
		0x31ab31ab,
		0x31ab31ab,
		0x31ab31ab,
		0x31ab31ab,
		0x31ab31ab,
		0x31ab31ab,
		0x31ab31ab,
		0x31ab31ab,
		0x31ab31ab,
		0x31ab31ab,
		0x31ab31ab,
		0x31ab31ab,
		0x31ab31ab,
		0x31ab31ab,
		0x31ab31ab,
		0x31ab31ab,
		0x31ab31ab,
		0x31ab31ab,
		0x31ab31ab,
		0x31ab31ab,
		0x31ab31ab,
		0x31ab31ab,
		0x31ab31ab,
		0x31ab31ab,
		0x31ab31ab,
		0x31ab31ab,
		0x31ab31ab,
		0x31ab31ab,
		0x31ab31ab,
		0x31ab31ab,
		0x31ab31ab,
		0x31ab31ab,
		0x31ab31ab,
		0x31ab31ab,
		0x39ab39ab,
		0x39cb39cb,
		0x39eb39eb,
		0x3a0b3a0b,
		0x422b422b,
		0x422c422c,
		0x424c424c,
		0x426c426c,
		0x426c426c,
		0x426c426c,
		0x426c426c,
		0x426c426c,
		0x426c426c,
		0x426c426c,
		0x426c426c,
		0x426c426c,
		0x426c426c,
		0x426c426c,
		0x426c426c,
		0x426c426c,
		0x426c426c,
		0x426c426c,
		0x426c426c,
		0x426c426c,
		0x426c426c,
		0x426c426c,
		0x426c426c,
		0x426c426c,
		0x426c426c,
		0x426c426c,
		0x426c426c,
		0x426c426c,
		0x426c426c,
		0x426c426c,
		0x426c426c,
		0x426c426c,
		0x426c426c,
		0x426c426c,
		0x426c426c,
		0x426c426c,
		0x426c426c,
		0x426c426c,
		0x426c426c,
		0x426c426c,
		0x426c426c,
		0x426c426c,
		0x426c426c,
		0x426c426c,
		0x426c426c,
		0x426c426c,
		0x426c426c,
		0x426c426c,
		0x426c426c,
		0x426c426c,
		0x426c426c,
		0x426c426c,
		0x426c426c,
		0x426c426c,
		0x426c426c,
		0x426c426c,
		0x426c426c,
		0x426c426c,
		0x426c426c,
		0x426c426c,
		0x426c426c,
		0x426c426c,
		0x426c426c,
		0x426c426c
	},
	{
		0x29482948,
		0x29482948,
		0x29482948,
		0x29482948,
		0x29482948,
		0x29482948,
		0x29482948,
		0x29482948,
		0x29482948,
		0x29482948,
		0x29482948,
		0x29482948,
		0x29482948,
		0x29482948,
		0x29482948,
		0x29482948,
		0x29482948,
		0x29482948,
		0x29482948,
		0x29482948,
		0x29482948,
		0x29482948,
		0x29482948,
		0x29482948,
		0x29482948,
		0x29482948,
		0x29482948,
		0x29482948,
		0x29482948,
		0x29482948,
		0x29482948,
		0x29482948,
		0x29482948,
		0x29482948,
		0x29482948,
		0x29482948,
		0x29482948,
		0x29482948,
		0x29482948,
		0x29482948,
		0x29482948,
		0x29482948,
		0x29482948,
		0x29482948,
		0x29482948,
		0x29482948,
		0x29482948,
		0x29482948,
		0x29482948,
		0x29482948,
		0x29482948,
		0x29482948,
		0x29482948,
		0x29482948,
		0x29482948,
		0x29482948,
		0x29482948,
		0x29482948,
		0x29482948,
		0x29482948,
		0x29682968,
		0x29692969,
		0x29892989,
		0x31a931a9,
		0x31a931a9,
		0x31c931c9,
		0x31ea31ea,
		0x31ea31ea,
		0x39ea39ea,
		0x39ea39ea,
		0x39ea39ea,
		0x39ea39ea,
		0x39ea39ea,
		0x39ea39ea,
		0x39ea39ea,
		0x39ea39ea,
		0x39ea39ea,
		0x39ea39ea,
		0x39ea39ea,
		0x39ea39ea,
		0x39ea39ea,
		0x39ea39ea,
		0x39ea39ea,
		0x39ea39ea,
		0x39ea39ea,
		0x39ea39ea,
		0x39ea39ea,
		0x39ea39ea,
		0x39ea39ea,
		0x39ea39ea,
		0x39ea39ea,
		0x39ea39ea,
		0x39ea39ea,
		0x39ea39ea,
		0x39ea39ea,
		0x39ea39ea,
		0x39ea39ea,
		0x39ea39ea,
		0x39ea39ea,
		0x39ea39ea,
		0x39ea39ea,
		0x39ea39ea,
		0x39ea39ea,
		0x39ea39ea,
		0x39ea39ea,
		0x39ea39ea,
		0x39ea39ea,
		0x39ea39ea,
		0x39ea39ea,
		0x39ea39ea,
		0x39ea39ea,
		0x39ea39ea,
		0x39ea39ea,
		0x39ea39ea,
		0x39ea39ea,
		0x39ea39ea,
		0x39ea39ea,
		0x39ea39ea,
		0x39ea39ea,
		0x39ea39ea,
		0x39ea39ea,
		0x39ea39ea,
		0x39ea39ea,
		0x39ea39ea,
		0x39ea39ea,
		0x39ea39ea,
		0x39ea39ea,
		0x39ea39ea
	},
	{
		0x18e618e6,
		0x18e618e6,
		0x18e618e6,
		0x18e618e6,
		0x18e618e6,
		0x18e618e6,
		0x18e618e6,
		0x18e618e6,
		0x18e618e6,
		0x18e618e6,
		0x18e618e6,
		0x18e618e6,
		0x18e618e6,
		0x18e618e6,
		0x18e618e6,
		0x18e618e6,
		0x18e618e6,
		0x18e618e6,
		0x18e618e6,
		0x18e618e6,
		0x18e618e6,
		0x18e618e6,
		0x18e618e6,
		0x18e618e6,
		0x18e618e6,
		0x18e618e6,
		0x18e618e6,
		0x18e618e6,
		0x18e618e6,
		0x18e618e6,
		0x18e618e6,
		0x18e618e6,
		0x18e618e6,
		0x18e618e6,
		0x18e618e6,
		0x18e618e6,
		0x18e618e6,
		0x18e618e6,
		0x18e618e6,
		0x18e618e6,
		0x18e618e6,
		0x18e618e6,
		0x18e618e6,
		0x18e618e6,
		0x18e618e6,
		0x18e618e6,
		0x18e618e6,
		0x18e618e6,
		0x18e618e6,
		0x18e618e6,
		0x18e618e6,
		0x18e618e6,
		0x18e618e6,
		0x18e618e6,
		0x18e618e6,
		0x18e618e6,
		0x18e618e6,
		0x18e618e6,
		0x18e618e6,
		0x18e618e6,
		0x21062106,
		0x21062106,
		0x21262126,
		0x21272127,
		0x21472147,
		0x29672967,
		0x29672967,
		0x29882988,
		0x29882988,
		0x29882988,
		0x29882988,
		0x29882988,
		0x29882988,
		0x29882988,
		0x29882988,
		0x29882988,
		0x29882988,
		0x29882988,
		0x29882988,
		0x29882988,
		0x29882988,
		0x29882988,
		0x29882988,
		0x29882988,
		0x29882988,
		0x29882988,
		0x29882988,
		0x29882988,
		0x29882988,
		0x29882988,
		0x29882988,
		0x29882988,
		0x29882988,
		0x29882988,
		0x29882988,
		0x29882988,
		0x29882988,
		0x29882988,
		0x29882988,
		0x29882988,
		0x29882988,
		0x29882988,
		0x29882988,
		0x29882988,
		0x29882988,
		0x29882988,
		0x29882988,
		0x29882988,
		0x29882988,
		0x29882988,
		0x29882988,
		0x29882988,
		0x29882988,
		0x29882988,
		0x29882988,
		0x29882988,
		0x29882988,
		0x29882988,
		0x29882988,
		0x29882988,
		0x29882988,
		0x29882988,
		0x29882988,
		0x29882988,
		0x29882988,
		0x29882988,
		0x29882988,
		0x29882988
	},
	{
		0x10831083,
		0x10831083,
		0x10831083,
		0x10831083,
		0x10831083,
		0x10831083,
		0x10831083,
		0x10831083,
		0x10831083,
		0x10831083,
		0x10831083,
		0x10831083,
		0x10831083,
		0x10831083,
		0x10831083,
		0x10831083,
		0x10831083,
		0x10831083,
		0x10831083,
		0x10831083,
		0x10831083,
		0x10831083,
		0x10831083,
		0x10831083,
		0x10831083,
		0x10831083,
		0x10831083,
		0x10831083,
		0x10831083,
		0x10831083,
		0x10831083,
		0x10831083,
		0x10831083,
		0x10831083,
		0x10831083,
		0x10831083,
		0x10831083,
		0x10831083,
		0x10831083,
		0x10831083,
		0x10831083,
		0x10831083,
		0x10831083,
		0x10831083,
		0x10831083,
		0x10831083,
		0x10831083,
		0x10831083,
		0x10831083,
		0x10831083,
		0x10831083,
		0x10831083,
		0x10831083,
		0x10831083,
		0x10831083,
		0x10831083,
		0x10831083,
		0x10831083,
		0x10831083,
		0x10831083,
		0x10831083,
		0x10a410a4,
		0x10a410a4,
		0x10c410c4,
		0x18c418c4,
		0x18e518e5,
		0x18e518e5,
		0x19051905,
		0x19051905,
		0x19051905,
		0x19051905,
		0x19051905,
		0x19051905,
		0x19051905,
		0x19051905,
		0x19051905,
		0x19051905,
		0x19051905,
		0x19051905,
		0x19051905,
		0x19051905,
		0x19051905,
		0x19051905,
		0x19051905,
		0x19051905,
		0x19051905,
		0x19051905,
		0x19051905,
		0x19051905,
		0x19051905,
		0x19051905,
		0x19051905,
		0x19051905,
		0x19051905,
		0x19051905,
		0x19051905,
		0x19051905,
		0x19051905,
		0x19051905,
		0x19051905,
		0x19051905,
		0x19051905,
		0x19051905,
		0x19051905,
		0x19051905,
		0x19051905,
		0x19051905,
		0x19051905,
		0x19051905,
		0x19051905,
		0x19051905,
		0x19051905,
		0x19051905,
		0x19051905,
		0x19051905,
		0x19051905,
		0x19051905,
		0x19051905,
		0x19051905,
		0x19051905,
		0x19051905,
		0x19051905,
		0x19051905,
		0x19051905,
		0x19051905,
		0x19051905,
		0x19051905,
		0x19051905
	},
	{
		0x00210021,
		0x00210021,
		0x00210021,
		0x00210021,
		0x00210021,
		0x00210021,
		0x00210021,
		0x00210021,
		0x00210021,
		0x00210021,
		0x00210021,
		0x00210021,
		0x00210021,
		0x00210021,
		0x00210021,
		0x00210021,
		0x00210021,
		0x00210021,
		0x00210021,
		0x00210021,
		0x00210021,
		0x00210021,
		0x00210021,
		0x00210021,
		0x00210021,
		0x00210021,
		0x00210021,
		0x00210021,
		0x00210021,
		0x00210021,
		0x00210021,
		0x00210021,
		0x00210021,
		0x00210021,
		0x00210021,
		0x00210021,
		0x00210021,
		0x00210021,
		0x00210021,
		0x00210021,
		0x00210021,
		0x00210021,
		0x00210021,
		0x00210021,
		0x00210021,
		0x00210021,
		0x00210021,
		0x00210021,
		0x00210021,
		0x00210021,
		0x00210021,
		0x00210021,
		0x00210021,
		0x00210021,
		0x00210021,
		0x00210021,
		0x00210021,
		0x00210021,
		0x00210021,
		0x00210021,
		0x00410041,
		0x08410841,
		0x08420842,
		0x08620862,
		0x08620862,
		0x08620862,
		0x10831083,
		0x10831083,
		0x10831083,
		0x10831083,
		0x10831083,
		0x10831083,
		0x10831083,
		0x10831083,
		0x10831083,
		0x10831083,
		0x10831083,
		0x10831083,
		0x10831083,
		0x10831083,
		0x10831083,
		0x10831083,
		0x10831083,
		0x10831083,
		0x10831083,
		0x10831083,
		0x10831083,
		0x10831083,
		0x10831083,
		0x10831083,
		0x10831083,
		0x10831083,
		0x10831083,
		0x10831083,
		0x10831083,
		0x10831083,
		0x10831083,
		0x10831083,
		0x10831083,
		0x10831083,
		0x10831083,
		0x10831083,
		0x10831083,
		0x10831083,
		0x10831083,
		0x10831083,
		0x10831083,
		0x10831083,
		0x10831083,
		0x10831083,
		0x10831083,
		0x10831083,
		0x10831083,
		0x10831083,
		0x10831083,
		0x10831083,
		0x10831083,
		0x10831083,
		0x10831083,
		0x10831083,
		0x10831083,
		0x10831083,
		0x10831083,
		0x10831083,
		0x10831083,
		0x10831083,
		0x10831083,
		0x10831083
	},
	{
		0x00000000,
		0x00000000,
		0x00000000,
		0x00000000,
		0x00000000,
		0x00000000,
		0x00000000,
		0x00000000,
		0x00000000,
		0x00000000,
		0x00000000,
		0x00000000,
		0x00000000,
		0x00000000,
		0x00000000,
		0x00000000,
		0x00000000,
		0x00000000,
		0x00000000,
		0x00000000,
		0x00000000,
		0x00000000,
		0x00000000,
		0x00000000,
		0x00000000,
		0x00000000,
		0x00000000,
		0x00000000,
		0x00000000,
		0x00000000,
		0x00000000,
		0x00000000,
		0x00000000,
		0x00000000,
		0x00000000,
		0x00000000,
		0x00000000,
		0x00000000,
		0x00000000,
		0x00000000,
		0x00000000,
		0x00000000,
		0x00000000,
		0x00000000,
		0x00000000,
		0x00000000,
		0x00000000,
		0x00000000,
		0x00000000,
		0x00000000,
		0x00000000,
		0x00000000,
		0x00000000,
		0x00000000,
		0x00000000,
		0x00000000,
		0x00000000,
		0x00000000,
		0x00000000,
		0x00000000,
		0x00000000,
		0x00000000,
		0x00000000,
		0x00210021,
		0x00210021,
		0x00210021,
		0x08420842,
		0x08420842,
		0x08420842,
		0x08420842,
		0x08420842,
		0x08420842,
		0x08420842,
		0x08420842,
		0x08420842,
		0x08420842,
		0x08420842,
		0x08420842,
		0x08420842,
		0x08420842,
		0x08420842,
		0x08420842,
		0x08420842,
		0x08420842,
		0x08420842,
		0x08420842,
		0x08420842,
		0x08420842,
		0x08420842,
		0x08420842,
		0x08420842,
		0x08420842,
		0x08420842,
		0x08420842,
		0x08420842,
		0x08420842,
		0x08420842,
		0x08420842,
		0x08420842,
		0x08420842,
		0x08420842,
		0x08420842,
		0x08420842,
		0x08420842,
		0x08420842,
		0x08420842,
		0x08420842,
		0x08420842,
		0x08420842,
		0x08420842,
		0x08420842,
		0x08420842,
		0x08420842,
		0x08420842,
		0x08420842,
		0x08420842,
		0x08420842,
		0x08420842,
		0x08420842,
		0x08420842,
		0x08420842,
		0x08420842,
		0x08420842,
		0x08420842,
		0x08420842,
		0x08420842,
		0x08420842,
		0x08420842
	},
	{
		0x00000000,
		0x00000000,
		0x00000000,
		0x00000000,
		0x00000000,
		0x00000000,
		0x00000000,
		0x00000000,
		0x00000000,
		0x00000000,
		0x00000000,
		0x00000000,
		0x00000000,
		0x00000000,
		0x00000000,
		0x00000000,
		0x00000000,
		0x00000000,
		0x00000000,
		0x00000000,
		0x00000000,
		0x00000000,
		0x00000000,
		0x00000000,
		0x00000000,
		0x00000000,
		0x00000000,
		0x00000000,
		0x00000000,
		0x00000000,
		0x00000000,
		0x00000000,
		0x00000000,
		0x00000000,
		0x00000000,
		0x00000000,
		0x00000000,
		0x00000000,
		0x00000000,
		0x00000000,
		0x00000000,
		0x00000000,
		0x00000000,
		0x00000000,
		0x00000000,
		0x00000000,
		0x00000000,
		0x00000000,
		0x00000000,
		0x00000000,
		0x00000000,
		0x00000000,
		0x00000000,
		0x00000000,
		0x00000000,
		0x00000000,
		0x00000000,
		0x00000000,
		0x00000000,
		0x00000000,
		0x00000000,
		0x00000000,
		0x00000000,
		0x00210021,
		0x00210021,
		0x00210021,
		0x08420842,
		0x08420842,
		0x08420842,
		0x08420842,
		0x08420842,
		0x08420842,
		0x08420842,
		0x08420842,
		0x08420842,
		0x08420842,
		0x08420842,
		0x08420842,
		0x08420842,
		0x08420842,
		0x08420842,
		0x08420842,
		0x08420842,
		0x08420842,
		0x08420842,
		0x08420842,
		0x08420842,
		0x08420842,
		0x08420842,
		0x08420842,
		0x08420842,
		0x08420842,
		0x08420842,
		0x08420842,
		0x08420842,
		0x08420842,
		0x08420842,
		0x08420842,
		0x08420842,
		0x08420842,
		0x08420842,
		0x08420842,
		0x08420842,
		0x08420842,
		0x08420842,
		0x08420842,
		0x08420842,
		0x08420842,
		0x08420842,
		0x08420842,
		0x08420842,
		0x08420842,
		0x08420842,
		0x08420842,
		0x08420842,
		0x08420842,
		0x08420842,
		0x08420842,
		0x08420842,
		0x08420842,
		0x08420842,
		0x08420842,
		0x08420842,
		0x08420842,
		0x08420842,
		0x08420842,
		0x08420842,
		0x08420842
	},
	{
		0x00000000,
		0x00000000,
		0x00000000,
		0x00000000,
		0x00000000,
		0x00000000,
		0x00000000,
		0x00000000,
		0x00000000,
		0x00000000,
		0x00000000,
		0x00000000,
		0x00000000,
		0x00000000,
		0x00000000,
		0x00000000,
		0x00000000,
		0x00000000,
		0x00000000,
		0x00000000,
		0x00000000,
		0x00000000,
		0x00000000,
		0x00000000,
		0x00000000,
		0x00000000,
		0x00000000,
		0x00000000,
		0x00000000,
		0x00000000,
		0x00000000,
		0x00000000,
		0x00000000,
		0x00000000,
		0x00000000,
		0x00000000,
		0x00000000,
		0x00000000,
		0x00000000,
		0x00000000,
		0x00000000,
		0x00000000,
		0x00000000,
		0x00000000,
		0x00000000,
		0x00000000,
		0x00000000,
		0x00000000,
		0x00000000,
		0x00000000,
		0x00000000,
		0x00000000,
		0x00000000,
		0x00000000,
		0x00000000,
		0x00000000,
		0x00000000,
		0x00000000,
		0x00000000,
		0x00000000,
		0x00000000,
		0x00000000,
		0x00000000,
		0x00210021,
		0x00210021,
		0x00210021,
		0x08420842,
		0x08420842,
		0x08420842,
		0x08420842,
		0x08420842,
		0x08420842,
		0x08420842,
		0x08420842,
		0x08420842,
		0x08420842,
		0x08420842,
		0x08420842,
		0x08420842,
		0x08420842,
		0x08420842,
		0x08420842,
		0x08420842,
		0x08420842,
		0x08420842,
		0x08420842,
		0x08420842,
		0x08420842,
		0x08420842,
		0x08420842,
		0x08420842,
		0x08420842,
		0x08420842,
		0x08420842,
		0x08420842,
		0x08420842,
		0x08420842,
		0x08420842,
		0x08420842,
		0x08420842,
		0x08420842,
		0x08420842,
		0x08420842,
		0x08420842,
		0x08420842,
		0x08420842,
		0x08420842,
		0x08420842,
		0x08420842,
		0x08420842,
		0x08420842,
		0x08420842,
		0x08420842,
		0x08420842,
		0x08420842,
		0x08420842,
		0x08420842,
		0x08420842,
		0x08420842,
		0x08420842,
		0x08420842,
		0x08420842,
		0x08420842,
		0x08420842,
		0x08420842,
		0x08420842,
		0x08420842,
		0x08420842
	}
};
/*static const color_t textures[textureBlockAmount][256] = {
    {
		0xf01a,0xf01a,0x0020,0x0020,0xf01a,0xf01a,0x0020,0x0020,0xf01a,0xf01a,0x0020,0x0020,0xf01a,0xf01a,0x0020,0x0020,    //missing texture
		0xf01a,0xf01a,0x0020,0x0020,0xf01a,0xf01a,0x0020,0x0020,0xf01a,0xf01a,0x0020,0x0020,0xf01a,0xf01a,0x0020,0x0020,    //0
		0x0020,0x0020,0xf01a,0xf01a,0x0020,0x0020,0xf01a,0xf01a,0x0020,0x0020,0xf01a,0xf01a,0x0020,0x0020,0xf01a,0xf01a,
		0x0020,0x0020,0xf01a,0xf01a,0x0020,0x0020,0xf01a,0xf01a,0x0020,0x0020,0xf01a,0xf01a,0x0020,0x0020,0xf01a,0xf01a,
		0xf01a,0xf01a,0x0020,0x0020,0xf01a,0xf01a,0x0020,0x0020,0xf01a,0xf01a,0x0020,0x0020,0xf01a,0xf01a,0x0020,0x0020,
		0xf01a,0xf01a,0x0020,0x0020,0xf01a,0xf01a,0x0020,0x0020,0xf01a,0xf01a,0x0020,0x0020,0xf01a,0xf01a,0x0020,0x0020,
		0x0020,0x0020,0xf01a,0xf01a,0x0020,0x0020,0xf01a,0xf01a,0x0020,0x0020,0xf01a,0xf01a,0x0020,0x0020,0xf01a,0xf01a,
		0x0020,0x0020,0xf01a,0xf01a,0x0020,0x0020,0xf01a,0xf01a,0x0020,0x0020,0xf01a,0xf01a,0x0020,0x0020,0xf01a,0xf01a,
		0xf01a,0xf01a,0x0020,0x0020,0xf01a,0xf01a,0x0020,0x0020,0xf01a,0xf01a,0x0020,0x0020,0xf01a,0xf01a,0x0020,0x0020,
		0xf01a,0xf01a,0x0020,0x0020,0xf01a,0xf01a,0x0020,0x0020,0xf01a,0xf01a,0x0020,0x0020,0xf01a,0xf01a,0x0020,0x0020,
		0x0020,0x0020,0xf01a,0xf01a,0x0020,0x0020,0xf01a,0xf01a,0x0020,0x0020,0xf01a,0xf01a,0x0020,0x0020,0xf01a,0xf01a,
		0x0020,0x0020,0xf01a,0xf01a,0x0020,0x0020,0xf01a,0xf01a,0x0020,0x0020,0xf01a,0xf01a,0x0020,0x0020,0xf01a,0xf01a,
		0xf01a,0xf01a,0x0020,0x0020,0xf01a,0xf01a,0x0020,0x0020,0xf01a,0xf01a,0x0020,0x0020,0xf01a,0xf01a,0x0020,0x0020,
		0xf01a,0xf01a,0x0020,0x0020,0xf01a,0xf01a,0x0020,0x0020,0xf01a,0xf01a,0x0020,0x0020,0xf01a,0xf01a,0x0020,0x0020,
		0x0020,0x0020,0xf01a,0xf01a,0x0020,0x0020,0xf01a,0xf01a,0x0020,0x0020,0xf01a,0xf01a,0x0020,0x0020,0xf01a,0xf01a,
		0x0020,0x0020,0xf01a,0xf01a,0x0020,0x0020,0xf01a,0xf01a,0x0020,0x0020,0xf01a,0xf01a,0x0020,0x0020,0xf01a,0xf01a
	},
    {
		0x75a9,0x75a9,0x7589,0x6527,0x6527,0x6d68,0x5ce6,0x6d68,0x7dea,0x75a9,0x6d48,0x6527,0x6d47,0x6506,0x5484,0x6d68,    //grass top
		0x75a9,0x6d68,0x8dcb,0x858a,0x858a,0x6506,0x6d47,0x6507,0x5ce6,0x960c,0x95ec,0x7589,0x6506,0x6d68,0x6527,0x6d48,    //1
		0x8deb,0xa68e,0x9e4d,0x6527,0x6d47,0x6d47,0x7588,0x7588,0x75a9,0x7dea,0x960c,0x962c,0x6527,0x54a5,0x6506,0xa66e,
		0x54a5,0x6527,0x6d48,0x75a9,0x7588,0x7dc9,0x5ce6,0x5cc6,0x5ce6,0x6507,0x6d68,0x75a9,0x6d68,0x6d48,0x6d68,0x5ce6,
		0x860b,0x6507,0x962c,0x6507,0x962c,0x9e2d,0x7508,0x962c,0xa68e,0x54a5,0x6506,0x960c,0x962c,0x5ce6,0x6d47,0x6d68,
		0x7dc9,0x7dc9,0x5cc5,0x95ec,0x6506,0x75a9,0x75a9,0x85aa,0x6527,0x75a9,0x6d47,0x6507,0x5cc5,0x6d47,0x6d68,0x75a9,
		0x5ce6,0x85aa,0x8deb,0x7588,0x7589,0x6507,0x6d48,0x5ce6,0x6527,0x6527,0x9e6d,0x962c,0x7588,0x960c,0x75a9,0x7d49,
		0x6d68,0x6527,0x85aa,0x6d48,0x7588,0x5ce6,0x862b,0x6527,0x75a9,0x962c,0x6527,0x6506,0x6d68,0x8dcb,0x5ce6,0x960c,
		0x6506,0x85aa,0xa66e,0x960c,0x962c,0x6506,0x962c,0x85aa,0x9e6d,0x960c,0x6507,0x7589,0x6527,0x7d69,0x5ce6,0x5ce6,
		0x75a9,0x6507,0xa68e,0x6d68,0x6d68,0x858a,0x960c,0x6506,0x6527,0x7588,0x7589,0x8e4b,0x6d68,0x9e6d,0x6d68,0x6506,
		0x7dca,0x8dab,0x75a9,0x8deb,0x6507,0xa66e,0x6d68,0x7d69,0xaecf,0x5cc5,0x862b,0x6507,0x6d68,0x6d47,0x6527,0x6d68,
		0x6527,0x962c,0x6527,0x8deb,0x75a9,0x6527,0x7589,0x6d47,0x75a9,0x7589,0x6d68,0x5cc6,0x5ce6,0x5ce6,0x5ce6,0x6d48,
		0xa68e,0x75a9,0x6506,0x6d48,0x7dc9,0x7588,0x6527,0x5cc6,0x4423,0x7588,0x6d48,0x5ce6,0x8dcb,0x8deb,0x5cc5,0x6527,
		0xa68e,0x960c,0x54a5,0x54a5,0x5ce6,0x6506,0x6506,0xaeef,0x8dcb,0xb6f0,0x960c,0x7dca,0x860a,0x6d47,0x960c,0x9e2d,
		0x8deb,0x8dcb,0x6d47,0x5cc6,0x9e6d,0x962c,0x75a9,0x7589,0x5ce6,0x75a9,0x75a9,0x6527,0x960c,0x85aa,0x6d48,0x8dcb,
		0x6527,0x75a9,0x6d47,0x5484,0x862b,0x7dc9,0x75a9,0xa68e,0x6d68,0xaecf,0x5ce6,0x6506,0x6527,0x7588,0x6d47,0x7dea
	},
    {
		0x75a9,0x75a9,0x7589,0x6527,0x6527,0x6d68,0x5ce6,0x6d68,0x7dea,0x75a9,0x6d48,0x6527,0x6d47,0x6506,0x5484,0x6d68,    //grass side
		0x75a9,0x6d68,0x8dcb,0x858a,0x858a,0x59e5,0x6d47,0x6507,0x5ce6,0x960c,0x95ec,0x7589,0x6506,0x6d68,0x6527,0x6d48,    //2
		0x8deb,0x59e5,0x9e4d,0x6527,0x6d47,0x59e5,0x7588,0x59e5,0x75a9,0x7dea,0x960c,0x962c,0x59e5,0x54a5,0x6506,0x59e5,
		0x59e5,0x6b6d,0x59e5,0x59e5,0x7588,0x59e5,0x59e5,0x59e5,0x5ce6,0x59e5,0x6d68,0x59e5,0x7aa7,0x59e5,0x59e5,0x7aa7,
		0x9369,0x7aa7,0x9369,0xbc2b,0x59e5,0x9369,0x7aa7,0x7aa7,0x59e5,0x59e5,0x59e5,0x6b6d,0x7aa7,0x9369,0x59e5,0x7aa7,
		0x7aa7,0x59e5,0x9369,0x9369,0x7aa7,0x9369,0x59e5,0x59e5,0x59e5,0x7aa7,0x7aa7,0x59e5,0x7aa7,0x7aa7,0x7aa7,0xbc2b,
		0xbc2b,0x59e5,0x7aa7,0x7aa7,0x8430,0x7aa7,0x7aa7,0xbc2b,0xbc2b,0x7aa7,0xbc2b,0xbc2b,0x7aa7,0x9369,0x7aa7,0x9369,
		0xbc2b,0x7aa7,0xbc2b,0xbc2b,0x9369,0x9369,0x7aa7,0x7aa7,0x9369,0x59e5,0x9369,0x9369,0x7aa7,0x7aa7,0x9369,0x9369,
		0x9369,0x7aa7,0x7aa7,0x9369,0x7aa7,0x9369,0x7aa7,0x59e5,0x7aa7,0x9369,0x9369,0x7aa7,0x7aa7,0x7aa7,0x59e5,0x7aa7,
		0x9369,0x9369,0x59e5,0x7aa7,0x7aa7,0x59e5,0x59e5,0x7aa7,0x7aa7,0x7aa7,0x7aa7,0x7aa7,0xbc2b,0xbc2b,0x7aa7,0x9369,
		0x9369,0x9369,0x7aa7,0xbc2b,0xbc2b,0x7aa7,0xbc2b,0x9369,0x59e5,0xbc2b,0xbc2b,0x7aa7,0x9369,0x9369,0x8430,0x7aa7,
		0x9369,0x7aa7,0x7aa7,0x9369,0x9369,0xbc2b,0x7aa7,0x9369,0x6b6d,0x9369,0x9369,0x7aa7,0x59e5,0x9369,0x7aa7,0x59e5,
		0x7aa7,0x59e5,0x9369,0x7aa7,0x9369,0x9369,0xbc2b,0x7aa7,0x7aa7,0x7aa7,0x7aa7,0x7aa7,0x7aa7,0x7aa7,0xbc2b,0xbc2b,
		0x7aa7,0x9369,0x7aa7,0x7aa7,0x59e5,0x7aa7,0x9369,0x9369,0x7aa7,0x59e5,0xbc2b,0x59e5,0x7aa7,0xbc2b,0x9369,0x9369,
		0x9369,0x7aa7,0x59e5,0xbc2b,0x7aa7,0x59e5,0x7aa7,0x59e5,0x7aa7,0x7aa7,0x7aa7,0x59e5,0x7aa7,0x7aa7,0x9369,0x9369,
		0x9369,0x7aa7,0xbc2b,0x9369,0x9369,0x7aa7,0x8430,0x9369,0x9369,0x9369,0x7aa7,0x7aa7,0x9369,0x9369,0x7aa7,0x59e5
	},
    {
		0xbc2b,0x9369,0x9369,0x7aa7,0x7aa7,0xbc2b,0x9369,0x9369,0x7aa7,0x7aa7,0x59e5,0x7aa7,0x7aa7,0xbc2b,0x7aa7,0xbc2b,    //dirt
		0x7aa7,0x9369,0x59e5,0x7aa7,0x7aa7,0x9369,0x8430,0x59e5,0x7aa7,0xbc2b,0x9369,0x7aa7,0x7aa7,0x9369,0x59e5,0x59e5,    //3
		0xbc2b,0x7aa7,0x7aa7,0x59e5,0xbc2b,0x7aa7,0x7aa7,0x7aa7,0xbc2b,0x7aa7,0x7aa7,0x7aa7,0x59e5,0x59e5,0xbc2b,0x7aa7,
		0x9369,0x6b6d,0xbc2b,0x7aa7,0x9369,0x59e5,0x7aa7,0xbc2b,0x9369,0x9369,0x7aa7,0x9369,0x7aa7,0xbc2b,0x9369,0x7aa7,
		0x9369,0x7aa7,0x9369,0xbc2b,0x59e5,0x9369,0x7aa7,0x7aa7,0x9369,0x59e5,0x7aa7,0x6b6d,0x7aa7,0x9369,0x59e5,0x7aa7,
		0x7aa7,0x59e5,0x9369,0x9369,0x7aa7,0x9369,0x59e5,0x59e5,0x59e5,0x7aa7,0x7aa7,0x59e5,0x7aa7,0x7aa7,0x7aa7,0xbc2b,
		0xbc2b,0x59e5,0x7aa7,0x7aa7,0x8430,0x7aa7,0x7aa7,0xbc2b,0xbc2b,0x7aa7,0xbc2b,0xbc2b,0x7aa7,0x9369,0x7aa7,0x9369,
		0xbc2b,0x7aa7,0xbc2b,0xbc2b,0x9369,0x9369,0x7aa7,0x7aa7,0x9369,0x59e5,0x9369,0x9369,0x7aa7,0x7aa7,0x9369,0x9369,
		0x9369,0x7aa7,0x7aa7,0x9369,0x7aa7,0x9369,0x7aa7,0x59e5,0x7aa7,0x9369,0x9369,0x7aa7,0x7aa7,0x7aa7,0x59e5,0x7aa7,
		0x9369,0x9369,0x59e5,0x7aa7,0x7aa7,0x59e5,0x59e5,0x7aa7,0x7aa7,0x7aa7,0x7aa7,0x7aa7,0xbc2b,0xbc2b,0x7aa7,0x9369,
		0x9369,0x9369,0x7aa7,0xbc2b,0xbc2b,0x7aa7,0xbc2b,0x9369,0x59e5,0xbc2b,0xbc2b,0x7aa7,0x9369,0x9369,0x8430,0x7aa7,
		0x9369,0x7aa7,0x7aa7,0x9369,0x9369,0xbc2b,0x7aa7,0x9369,0x6b6d,0x9369,0x9369,0x7aa7,0x59e5,0x9369,0x7aa7,0x59e5,
		0x7aa7,0x59e5,0x9369,0x7aa7,0x9369,0x9369,0xbc2b,0x7aa7,0x7aa7,0x7aa7,0x7aa7,0x7aa7,0x7aa7,0x7aa7,0xbc2b,0xbc2b,
		0x7aa7,0x9369,0x7aa7,0x7aa7,0x72c8,0x7aa7,0x9369,0x9369,0x7aa7,0x59e5,0xbc2b,0x59e5,0x7aa7,0xbc2b,0x9369,0x9369,
		0x9369,0x7aa7,0x59e5,0xbc2b,0x7aa7,0x59e5,0x7aa7,0x59e5,0x7aa7,0x7aa7,0x7aa7,0x59e5,0x7aa7,0x7aa7,0x9369,0x9369,
		0x9369,0x7aa7,0xbc2b,0x9369,0x9369,0x7aa7,0x8430,0x9369,0x9369,0x9369,0x7aa7,0x7aa7,0x9369,0x9369,0x7aa7,0x59e5
	},
    {
		0x7bef,0x73ae,0x73ae,0x73ae,0x73ae,0x7bef,0x8c71,0x8c71,0x6b4d,0x8c71,0x7bef,0x73ae,0x73ae,0x73ae,0x73ae,0x7bef,    //stone 
		0x7bef,0x7bef,0x8c71,0x8c71,0x8c71,0x8c71,0x8c71,0x8c71,0x73ae,0x8c71,0x8c71,0x8c71,0x6b4d,0x7bef,0x7bef,0x73ae,    //4
		0x7bef,0x6b4d,0x73ae,0x73ae,0x6b4d,0x73ae,0x73ae,0x73ae,0x8c71,0x73ae,0x7bef,0x7bef,0x7bef,0x8c71,0x7bef,0x7bef,
		0x7bef,0x8c71,0x7bef,0x7bef,0x7bef,0x6b4d,0x7bef,0x8c71,0x7bef,0x7bef,0x73ae,0x73ae,0x73ae,0x73ae,0x73ae,0x7bef,
		0x7bef,0x8c71,0x8c71,0x73ae,0x73ae,0x73ae,0x73ae,0x73ae,0x73ae,0x73ae,0x8c71,0x8c71,0x8c71,0x8c71,0x8c71,0x6b4d,
		0x73ae,0x73ae,0x7bef,0x7bef,0x7bef,0x73ae,0x73ae,0x73ae,0x7bef,0x6b4d,0x7bef,0x7bef,0x73ae,0x73ae,0x6b4d,0x7bef,
		0x8c71,0x8c71,0x7bef,0x8410,0x7bef,0x73ae,0x8c71,0x8c71,0x7bef,0x7bef,0x7bef,0x7bef,0x8c71,0x8c71,0x8c71,0x6b4d,
		0x7bef,0x7bef,0x7bef,0x73ae,0x73ae,0x73ae,0x73ae,0x73ae,0x73ae,0x6b4d,0x73ae,0x73ae,0x73ae,0x73ae,0x7bef,0x7bef,
		0x7bef,0x8c71,0x8c71,0x6b4d,0x8c71,0x73ae,0x7bef,0x7bef,0x7bef,0x8c71,0x8c71,0x8c71,0x8c71,0x8c71,0x8c71,0x8c71,
		0x7bef,0x73ae,0x73ae,0x73ae,0x73ae,0x73ae,0x73ae,0x7bef,0x6b4d,0x7bef,0x7bef,0x73ae,0x73ae,0x73ae,0x8c71,0x7bef,
		0x7bef,0x7bef,0x8c71,0x73ae,0x73ae,0x8c71,0x8c71,0x73ae,0x6b4d,0x73ae,0x8c71,0x8c71,0x8c71,0x7bef,0x7bef,0x7bef,
		0x6b4d,0x7bef,0x7bef,0x7bef,0x73ae,0x7bef,0x7bef,0x7bef,0x8c71,0x8c71,0x7bef,0x7bef,0x7bef,0x8c71,0x8c71,0x6b4d,
		0x7bef,0x73ae,0x73ae,0x73ae,0x73ae,0x73ae,0x73ae,0x73ae,0x8c71,0x8c71,0x73ae,0x73ae,0x73ae,0x73ae,0x73ae,0x7bef,
		0x7bef,0x8c71,0x73ae,0x8c71,0x6b4d,0x7bef,0x7bef,0x73ae,0x73ae,0x73ae,0x6b4d,0x73ae,0x7bef,0x7bef,0x8c71,0x8c71,
		0x7bef,0x7bef,0x7bef,0x73ae,0x73ae,0x73ae,0x73ae,0x73ae,0x7bef,0x7bef,0x8c71,0x8c71,0x7bef,0x73ae,0x73ae,0x7bef,
		0x73ae,0x73ae,0x73ae,0x73ae,0x6b4d,0x8c71,0x8c71,0x7bef,0x7bef,0x7bef,0x7bef,0x73ae,0x73ae,0x73ae,0x7bef,0x7bef
	},
    {
		0x4e86,0x19c3,0x5786,0x4724,0x1c03,0x19c3,0x19c3,0x19c3,0x35c3,0x19c3,0x19c3,0x19c3,0x19c3,0x1be3,0x19c3,0x5786,    //leave
		0x3e04,0x19c3,0x67e8,0x4ea6,0x19c3,0x1be3,0x19c3,0x19c3,0x1be3,0x13a2,0x19c3,0x5fc7,0x5fc7,0x13c2,0x19c3,0x1be3,    //5
		0x19c3,0x19c3,0x4645,0x19c3,0x2384,0x57a6,0x4f45,0x19c3,0x4724,0x5786,0x2444,0x57a6,0x4665,0x19c3,0x57a6,0x5786,
		0x19c3,0x19c3,0x19c3,0x19c3,0x19c3,0x5786,0x3e24,0x19c3,0x5786,0x4ea6,0x13c2,0x57a6,0x3e24,0x19c3,0x5786,0x4ea6,
		0x19c3,0x4724,0x4724,0x19c3,0x19c3,0x5707,0x2384,0x19c3,0x4ea6,0x3e44,0x19c3,0x19c3,0x3e44,0x19c3,0x4665,0x3e24,
		0x19c3,0x57a6,0x3e03,0x19c3,0x13c2,0x3e44,0x2424,0x19c3,0x2384,0x4ea6,0x19c3,0x1c03,0x19c3,0x2424,0x19c3,0x35e3,
		0x1be3,0x4665,0x19c3,0x13c2,0x1c03,0x19c3,0x4f45,0x4f65,0x19c3,0x19c3,0x2c65,0x19c3,0x19c3,0x13c2,0x1c03,0x2424,
		0x4f45,0x5fe7,0x19c3,0x4f65,0x5fc7,0x1c03,0x57a6,0x4665,0x19c3,0x4f65,0x67e8,0x1be3,0x19c3,0x13c2,0x19c3,0x2444,
		0x5fe7,0x4645,0x19c3,0x4ea6,0x4665,0x2b85,0x4e86,0x4665,0x19c3,0x4665,0x4665,0x19c3,0x19c3,0x67e8,0x56c6,0x1be3,
		0x3e44,0x13a2,0x19c3,0x1c03,0x3e44,0x19c3,0x4ea6,0x19c3,0x1be3,0x19c3,0x4685,0x19c3,0x1be3,0x5786,0x4665,0x19c3,
		0x2444,0x19c3,0x19c3,0x19c3,0x19c3,0x1b43,0x1c03,0x19c3,0x4f65,0x5786,0x19c3,0x19c3,0x1c03,0x4ea6,0x19c3,0x19c3,
		0x5786,0x19c3,0x5786,0x5fc7,0x19c3,0x19c3,0x19c3,0x19c3,0x5786,0x4ea6,0x19c3,0x5786,0x3e04,0x19c3,0x13c2,0x4f65,
		0x3e24,0x19c3,0x5fc7,0x4ea6,0x19c3,0x5786,0x5fc7,0x19c3,0x19c3,0x3e24,0x19c3,0x3ec3,0x4645,0x19c3,0x13a2,0x4f45,
		0x4665,0x19c3,0x1c03,0x4665,0x19c3,0x4f45,0x3e24,0x19c3,0x19c3,0x13c2,0x19c3,0x4665,0x13c2,0x57a6,0x5786,0x19c3,
		0x2c65,0x19c3,0x19c3,0x1c03,0x2424,0x3e03,0x19c3,0x19c3,0x19c3,0x2c65,0x13c2,0x4685,0x19c3,0x5fc7,0x4665,0x1c03,
		0x4f45,0x19c3,0x19c3,0x19c3,0x19c3,0x4ea6,0x19c3,0x1be3,0x5786,0x57a6,0x13c2,0x19c3,0x19c3,0x4645,0x1c03,0x57a6
	},
    {
		0x6aa6,0x6aa6,0x3963,0x6aa6,0x6aa6,0x6286,0x3963,0x3963,0x3963,0x6aa6,0x6aa6,0x3963,0x6ac7,0x6aa6,0x6aa6,0x6ac6,    //log top
		0x6aa6,0xb48b,0xb46a,0xb48b,0xb48b,0xb48b,0xb48b,0xb48b,0xac4a,0xb46a,0xb48b,0xb48b,0xbcab,0xbcac,0xb48b,0x6265,    //6
		0x3963,0xb48b,0x9c09,0x9c09,0x9c29,0x93e8,0x9c29,0x9c09,0xa46a,0x9c29,0x9c29,0x9c29,0x9c29,0xa42a,0xb48b,0x6aa6,
		0x6aa6,0xb48b,0xa44a,0xb48b,0xbccc,0xbccc,0xbccc,0xbccc,0xbccc,0xbcab,0xbccc,0xbcab,0xbccc,0x9c29,0xb48b,0x3963,
		0x49e4,0xb46b,0x9c09,0xbccc,0xb48b,0xbcab,0xb48b,0xb48b,0xb48b,0xb48b,0xb48b,0xbcab,0xbccc,0x9c29,0xb48b,0x6aa6,
		0x3963,0xb48b,0x9c09,0xbccc,0xb48b,0x9c29,0xa44a,0xa44a,0x9c29,0x9c29,0x9c29,0xb48b,0xbcab,0x9c09,0xb48b,0x6aa6,
		0x3963,0xb48b,0x9c29,0xbcac,0xb48b,0x9c09,0xbcac,0xbcac,0xbccc,0xbccc,0x9c29,0xb48b,0xbcab,0x9c29,0xb48b,0x3963,
		0x3963,0xb48b,0x9c29,0xcd2d,0xb48b,0x9c29,0xbccc,0xb48b,0xb48b,0xbcac,0xa429,0xac4a,0xbccc,0x9c29,0xb48b,0x72e7,
		0x6aa6,0xb48b,0xac8b,0xbccc,0xb48b,0x9c29,0xbcac,0xb48b,0xb48b,0xbccc,0x9c09,0xb48b,0xbccc,0x9c09,0xbcab,0x6aa6,
		0x6aa6,0xb48b,0x9c09,0xbccc,0xb46b,0x9be9,0xbccc,0xbccc,0xbccc,0xbccc,0x9c29,0xb48b,0xbccc,0x9c09,0xb48b,0x6aa6,
		0x6286,0xb46a,0x9c29,0xb48b,0xb48b,0x9c29,0x9c29,0x9c29,0x9c29,0x9c29,0x9c29,0xbcab,0xbccc,0x9c29,0xb48b,0x6a86,
		0x3963,0xb46b,0x9c29,0xbccc,0xb46b,0xb48b,0xb48b,0xb46b,0xb48b,0xb48b,0xb48b,0xbcab,0xbccc,0xa44a,0xb48b,0x6285,
		0x3963,0xb48b,0x9c29,0xbccc,0xbccc,0xb48b,0xbcac,0xbccc,0xbccc,0xbccc,0xbccc,0xbccc,0xbcac,0x9c29,0xb48b,0x3963,
		0x3963,0xb48b,0x9be8,0x9c29,0xa44a,0x9c29,0x9c29,0x9c29,0x9be9,0xa429,0x9c29,0xa44a,0xa46a,0xa44a,0xb46b,0x3963,
		0x49e4,0xb48b,0xb48b,0xb48b,0xb48b,0xb48b,0xac4a,0xac4a,0xb48b,0xb48b,0xac2a,0xb48b,0xb48b,0xb48b,0xb48b,0x6aa6,
		0x6aa6,0x6ac7,0x3963,0x6aa6,0x6aa6,0x6a86,0x3963,0x6aa6,0x6aa6,0x6aa6,0x6aa6,0x6aa6,0x3963,0x3963,0x3963,0x6aa6
	},
    {
		0x41c4,0x6aa6,0x6aa6,0x9bc9,0x3983,0x6ac6,0x93a8,0x41a4,0x6286,0x6a86,0x6286,0x7b07,0x6ac6,0x7b07,0x6aa6,0x9be9,    //log side
		0x3983,0x6285,0x6ac7,0x3943,0x3983,0x9bc9,0x41a4,0x6286,0x9bc9,0x3983,0x6a86,0x9bc9,0x49e4,0x7b07,0x49e4,0x93a8,    //7
		0x3963,0x5a45,0x6265,0x41a4,0x6a86,0x9bc9,0x3983,0x6286,0x9bc9,0x3963,0x6286,0x7b07,0x49e4,0x7b07,0x49e4,0x9bc9,
		0x6ac6,0x41c4,0x6265,0x4184,0x7b07,0x7b07,0x3983,0x6a86,0x9bc9,0x3963,0x6a86,0x9bc9,0x3983,0x9be9,0x41a4,0x7b07,
		0x6aa6,0x41a4,0x6aa6,0x6286,0x7b07,0x7b07,0x6aa6,0x6286,0x6ac7,0x41a4,0x6aa6,0x9bc9,0x3983,0x9bc9,0x3963,0x7b07,
		0x6aa6,0x5a45,0x6aa6,0x6286,0x9bc9,0x6a86,0x6286,0x6aa6,0x6aa6,0x3983,0x6aa6,0x8b68,0x3983,0x7b07,0x4184,0x6286,
		0x6a86,0x7b07,0x49e4,0x6aa6,0x93a9,0x6265,0x6a86,0x3963,0x9388,0x3963,0x7b07,0x5a25,0x3142,0x7b07,0x3983,0x6ac7,
		0x6aa6,0x9bc9,0x3983,0x6aa6,0x9bc9,0x3983,0x9bc9,0x41a4,0x9bc9,0x3963,0x7b07,0x49e4,0x6286,0x7b07,0x3983,0x6ac7,
		0x6aa6,0x9bc9,0x3983,0x72c7,0x93a8,0x41a4,0x6aa6,0x4184,0x6aa6,0x41a4,0x9388,0x3963,0x6aa6,0x6aa6,0x3983,0x7b07,
		0x6aa6,0x9be9,0x41c4,0x6286,0x6ac6,0x93a8,0x41a4,0x6aa6,0x6aa6,0x3963,0x93a8,0x41a4,0x6aa6,0x93a8,0x41a4,0x7b07,
		0x41c4,0x7b07,0x4184,0x6aa6,0x6286,0x93a8,0x3963,0x6265,0x3983,0x5a45,0x9bea,0x4184,0x6aa6,0x9bc9,0x41a4,0x93a8,
		0x3983,0x7b07,0x3983,0x6286,0x6ac7,0x9bc9,0x41a4,0x9bc9,0x3943,0x5a45,0x9be9,0x3983,0x6aa6,0x93a9,0x3963,0x9bc9,
		0x3963,0x9bc9,0x3963,0x6286,0x6aa6,0x9bc9,0x3943,0x6aa6,0x3983,0x6285,0x93a9,0x3963,0x6aa6,0x6265,0x4184,0x9bc9,
		0x41a4,0x6ac6,0x5a45,0x6aa6,0x6a86,0x7b07,0x49e4,0x6ac7,0x6ac6,0x6265,0x6286,0x3983,0x6aa6,0x93a8,0x9be9,0x3963,
		0x3963,0x6286,0x93a9,0x4184,0x6aa6,0x7b07,0x49e4,0x3983,0x9388,0x6a86,0x9bc9,0x3963,0x6285,0x7b07,0x3983,0x6286,
		0x5a45,0x6a86,0x7b07,0x3983,0x6265,0x6aa6,0x6a86,0x4184,0x6aa6,0x6aa6,0x6286,0x3142,0x6286,0x6aa6,0x6285,0x7b07
	},
    {
		0x3b7f,0x22ff,0x22ff,0x1abf,0x1abf,0x1abf,0x22ff,0x22ff,0x22ff,0x22ff,0x22ff,0x22ff,0x3b7f,0x3b7f,0x3b7f,0x3b7f,    //water1
		0x1abf,0x22ff,0x3b7f,0x3b7f,0x3b7f,0x3b7f,0x3b7f,0x3b7f,0x3b7f,0x3b7f,0x3b7f,0x22ff,0x22ff,0x22ff,0x1abf,0x1abf,    //8
		0x1abf,0x1abf,0x22ff,0x22ff,0x22ff,0x3b7f,0x22ff,0x22ff,0x22ff,0x22ff,0x1abf,0x3b7f,0x3b7f,0x1abf,0x1abf,0x1abf,
		0x1abf,0x3b7f,0x3b7f,0x22ff,0x22ff,0x3b7f,0x3b7f,0x3b7f,0x3b7f,0x1abf,0x1abf,0x1abf,0x1abf,0x1abf,0x22ff,0x22ff,
		0x3b7f,0x3b7f,0x3b7f,0x1abf,0x1abf,0x1abf,0x1abf,0x1abf,0x1abf,0x3b7f,0x22ff,0x22ff,0x22ff,0x1abf,0x22ff,0x1abf,
		0x3b7f,0x22ff,0x22ff,0x1abf,0x22ff,0x22ff,0x22ff,0x22ff,0x3b7f,0x1abf,0x1abf,0x1abf,0x1abf,0x3b7f,0x1abf,0x1abf,
		0x22ff,0x22ff,0x1abf,0x1abf,0x1abf,0x1abf,0x1abf,0x3b7f,0x1abf,0x1abf,0x1abf,0x22ff,0x22ff,0x3b7f,0x3b7f,0x3b7f,
		0x1abf,0x22ff,0x3b7f,0x3b7f,0x3b7f,0x22ff,0x22ff,0x22ff,0x1abf,0x22ff,0x22ff,0x3b7f,0x3b7f,0x22ff,0x22ff,0x1abf,
		0x22ff,0x22ff,0x3b7f,0x22ff,0x22ff,0x22ff,0x22ff,0x22ff,0x22ff,0x1abf,0x1abf,0x1abf,0x1abf,0x1abf,0x1abf,0x1abf,
		0x1abf,0x1abf,0x1abf,0x1abf,0x1abf,0x1abf,0x3b7f,0x3b7f,0x3b7f,0x3b7f,0x22ff,0x3b7f,0x3b7f,0x22ff,0x22ff,0x22ff,
		0x1abf,0x22ff,0x3b7f,0x3b7f,0x3b7f,0x22ff,0x22ff,0x3b7f,0x3b7f,0x1abf,0x1abf,0x3b7f,0x22ff,0x1abf,0x1abf,0x1abf,
		0x1abf,0x1abf,0x1abf,0x1abf,0x1abf,0x1abf,0x1abf,0x1abf,0x1abf,0x1abf,0x1abf,0x1abf,0x1abf,0x1abf,0x1abf,0x1abf,
		0x3b7f,0x3b7f,0x3b7f,0x3b7f,0x3b7f,0x3b7f,0x3b7f,0x3b7f,0x22ff,0x22ff,0x22ff,0x22ff,0x1abf,0x1abf,0x1abf,0x1abf,
		0x1abf,0x1abf,0x1abf,0x1abf,0x1abf,0x22ff,0x22ff,0x3b7f,0x3b7f,0x3b7f,0x3b7f,0x3b7f,0x3b7f,0x22ff,0x22ff,0x1abf,
		0x22ff,0x22ff,0x3b7f,0x3b7f,0x3b7f,0x3b7f,0x1abf,0x1abf,0x1abf,0x1abf,0x22ff,0x22ff,0x22ff,0x22ff,0x3b7f,0x3b7f,
		0x1abf,0x1abf,0x1abf,0x1abf,0x1abf,0x1abf,0x3b7f,0x1abf,0x1abf,0x1abf,0x1abf,0x1abf,0x1abf,0x1abf,0x1abf,0x1abf
	},
    {
		0x10a2,0x10a2,0x10a2,0x0861,0x0861,0x0861,0x0861,0x10a2,0x10a2,0x0861,0x0020,0x0020,0x0861,0x0861,0x10a2,0x10a2, //coal block
		0x10a2,0x10a2,0x18c3,0x2104,0x18c3,0x10a2,0x10a2,0x10a2,0x0861,0x0861,0x0861,0x2104,0x0861,0x10a2,0x10a2,0x18c3, //9
		0x0861,0x0861,0x2104,0x18c3,0x10a2,0x10a2,0x0861,0x0861,0x0861,0x0861,0x18c3,0x18c3,0x10a2,0x0861,0x10a2,0x10a2,
		0x0861,0x18c3,0x18c3,0x18c3,0x10a2,0x0861,0x0020,0x0861,0x2104,0x2104,0x18c3,0x10a2,0x10a2,0x10a2,0x18c3,0x10a2,
		0x0861,0x10a2,0x0861,0x10a2,0x0861,0x0861,0x0861,0x2945,0x18c3,0x18c3,0x18c3,0x10a2,0x2104,0x18c3,0x10a2,0x10a2,
		0x0861,0x0861,0x0861,0x0861,0x10a2,0x2104,0x10a2,0x10a2,0x18c3,0x10a2,0x10a2,0x2945,0x18c3,0x18c3,0x10a2,0x0861,
		0x0020,0x0861,0x10a2,0x10a2,0x2104,0x18c3,0x0861,0x10a2,0x10a2,0x0861,0x10a2,0x18c3,0x18c3,0x10a2,0x10a2,0x0861,
		0x0861,0x0861,0x10a2,0x18c3,0x10a2,0x10a2,0x10a2,0x0861,0x10a2,0x10a2,0x18c3,0x18c3,0x10a2,0x0861,0x0861,0x0861,
		0x0861,0x10a2,0x18c3,0x10a2,0x10a2,0x0861,0x0861,0x10a2,0x10a2,0x0861,0x0861,0x10a2,0x0861,0x0020,0x0020,0x0020,
		0x0861,0x0861,0x10a2,0x0861,0x0861,0x0861,0x18c3,0x0861,0x0020,0x0020,0x0861,0x0861,0x0861,0x0861,0x0020,0x0020,
		0x0020,0x0861,0x0861,0x0861,0x0861,0x18c3,0x0861,0x0020,0x0861,0x0861,0x2945,0x2104,0x18c3,0x10a2,0x0861,0x0861,
		0x0861,0x10a2,0x0861,0x0861,0x10a2,0x0861,0x0861,0x0861,0x10a2,0x2104,0x18c3,0x18c3,0x10a2,0x10a2,0x0861,0x0020,
		0x10a2,0x0861,0x0861,0x10a2,0x18c3,0x0861,0x10a2,0x2104,0x18c3,0x2104,0x18c3,0x10a2,0x10a2,0x0861,0x0861,0x0861,
		0x0861,0x0861,0x10a2,0x2104,0x18c3,0x10a2,0x10a2,0x10a2,0x18c3,0x10a2,0x10a2,0x10a2,0x10a2,0x0861,0x0861,0x10a2,
		0x0861,0x10a2,0x10a2,0x18c3,0x10a2,0x0861,0x0861,0x0861,0x10a2,0x10a2,0x0861,0x10a2,0x0861,0x0861,0x10a2,0x10a2,
		0x10a2,0x10a2,0x18c3,0x0861,0x0861,0x0861,0x0861,0x0861,0x0861,0x0020,0x0020,0x0861,0x0861,0x0861,0x10a2,0x0861
	},
    {
		0xbdf7,0xb5b6,0xb5b6,0xbdd7,0xbdf7,0xc618,0xc638,0xc618,0xc618,0xc618,0xc638,0xbdd7,0xbdd7,0xbdd7,0xbdd7,0xbdd7, //iron block
		0xce59,0xef5d,0xef5d,0xef5d,0xef7d,0xef7d,0xef7d,0xef7d,0xe73c,0xe73c,0xe73c,0xe73c,0xe73c,0xe73c,0xe73c,0xbdf7, //10
		0xc638,0xe73c,0xe73c,0xe73c,0xe73c,0xe73c,0xe73c,0xe73c,0xe73c,0xe73c,0xe73c,0xe73c,0xe73c,0xe73c,0xe73c,0xbdf7,
		0xb5b6,0xdefb,0xdefb,0xdefb,0xdefb,0xdefb,0xdefb,0xe71c,0xe71c,0xe71c,0xe71c,0xdedb,0xdedb,0xd6ba,0xd6ba,0xb596,
		0xc638,0xf79e,0xef7d,0xef7d,0xef7d,0xf79e,0xef7d,0xef7d,0xef7d,0xe73c,0xe73c,0xe73c,0xe73c,0xe73c,0xe73c,0xbdf7,
		0xc638,0xe73c,0xe73c,0xe73c,0xe73c,0xe73c,0xe73c,0xe73c,0xe73c,0xe73c,0xe73c,0xe73c,0xe73c,0xe73c,0xe73c,0xbdf7,
		0xbdd7,0xdefb,0xdefb,0xdefb,0xdefb,0xdedb,0xe71c,0xe71c,0xe71c,0xe71c,0xdedb,0xdedb,0xdedb,0xdedb,0xdedb,0xb596,
		0xc638,0xf79e,0xef7d,0xef7d,0xef5d,0xef5d,0xef5d,0xef5d,0xe73c,0xe73c,0xe73c,0xe73c,0xe73c,0xe73c,0xe73c,0xbdf7,
		0xc638,0xe73c,0xe73c,0xe73c,0xe73c,0xe73c,0xe73c,0xe73c,0xe73c,0xe73c,0xe73c,0xe73c,0xe73c,0xe73c,0xe73c,0xbdf7,
		0xb5b6,0xdefb,0xdefb,0xdefb,0xe71c,0xe71c,0xe71c,0xdefb,0xdefb,0xe71c,0xdedb,0xdedb,0xd6ba,0xd6ba,0xdefb,0xb596,
		0xc638,0xf79e,0xf79e,0xf79e,0xf79e,0xf79e,0xf79e,0xef7d,0xef7d,0xef7d,0xef7d,0xe73c,0xe73c,0xe73c,0xe73c,0xbdf7,
		0xc638,0xe73c,0xe73c,0xe73c,0xe73c,0xe73c,0xe73c,0xe73c,0xe73c,0xe73c,0xe73c,0xe73c,0xe73c,0xe73c,0xe73c,0xbdd7,
		0xb5b6,0xdefb,0xdefb,0xdefb,0xdefb,0xdefb,0xe71c,0xe71c,0xe71c,0xe71c,0xdedb,0xdedb,0xdedb,0xd6ba,0xdedb,0xb596,
		0xc638,0xf79e,0xf79e,0xef7d,0xf79e,0xf79e,0xf79e,0xf79e,0xef7d,0xe73c,0xe73c,0xe73c,0xe73c,0xe73c,0xe73c,0xbdd7,
		0xc638,0xe73c,0xe73c,0xe73c,0xe73c,0xe73c,0xe73c,0xe73c,0xe73c,0xe73c,0xe73c,0xe73c,0xe73c,0xe73c,0xe73c,0xbdd7,
		0xbdf7,0xbdd7,0xbdd7,0xbdd7,0xbdd7,0xbdd7,0xbdd7,0xb5b6,0xbdf7,0xbdf7,0xbdf7,0xbdf7,0xb5b6,0xb5b6,0xb5b6,0xb5b6
	},
    {
		0xdd65,0xdd65,0xdd85,0xe5c5,0xe626,0xee67,0xee87,0xee67,0xee46,0xee27,0xee88,0xeea8,0xeec9,0xeee9,0xf6ea,0xee67, //gold block
		0xe648,0xff4c,0xff4b,0xff6b,0xffab,0xffab,0xffaa,0xffab,0xffab,0xff8b,0xffab,0xffaa,0xffaa,0xff8a,0xff89,0xee67, //11
		0xee88,0xffed,0xffed,0xffed,0xffed,0xffea,0xffea,0xffca,0xffcb,0xffcb,0xffca,0xffc9,0xffa9,0xff88,0xff87,0xee65,
		0xee88,0xffed,0xffed,0xffed,0xffed,0xffea,0xffea,0xffea,0xffcb,0xffcb,0xffc9,0xffc9,0xffa8,0xffc8,0xffc8,0xee66,
		0xee88,0xffea,0xffed,0xffea,0xffc9,0xffe9,0xffe9,0xffea,0xffca,0xffcb,0xffc9,0xffa8,0xffa8,0xffa8,0xffa8,0xee87,
		0xee88,0xffeb,0xffea,0xff88,0xff88,0xffc9,0xffc9,0xffc9,0xffca,0xffca,0xffc9,0xffc9,0xffc9,0xffc9,0xffc9,0xee87,
		0xe688,0xffeb,0xffca,0xffc9,0xffc9,0xffa8,0xffc9,0xffc9,0xffc9,0xffc9,0xffc9,0xffe9,0xffe9,0xffc8,0xff88,0xee66,
		0xeea7,0xffec,0xffcb,0xffc9,0xff88,0xff88,0xff88,0xff88,0xff88,0xff88,0xffa8,0xffc8,0xffc8,0xffa8,0xff87,0xee66,
		0xeea8,0xffcc,0xffec,0xffc9,0xffed,0xff88,0xff88,0xff88,0xff88,0xff88,0xff88,0xff88,0xff88,0xff67,0xf746,0xee45,
		0xee89,0xffcd,0xffed,0xffc9,0xffcc,0xffcc,0xffcb,0xffeb,0xffeb,0xffeb,0xffeb,0xffea,0xffea,0xffca,0xffa9,0xee67,
		0xee89,0xffee,0xffee,0xffee,0xffed,0xffed,0xffed,0xffec,0xffec,0xffec,0xffeb,0xffeb,0xffeb,0xffaa,0xff69,0xee06,
		0xee8a,0xffef,0xffef,0xffee,0xffee,0xffee,0xffee,0xffed,0xffed,0xffcd,0xffec,0xffab,0xff69,0xff28,0xfee8,0xe5e5,
		0xeeaa,0xffee,0xffee,0xffee,0xffee,0xffee,0xffed,0xffed,0xffcd,0xffcc,0xff8a,0xff49,0xf6e7,0xf6a7,0xf6a6,0xedc5,
		0xeea9,0xffec,0xffec,0xffcc,0xffec,0xffec,0xffec,0xffec,0xffcb,0xffab,0xff28,0xff07,0xfee7,0xfec7,0xfea6,0xedc5,
		0xeea8,0xffea,0xffca,0xffaa,0xffaa,0xffca,0xffaa,0xffaa,0xff8a,0xff8a,0xff08,0xfea6,0xf686,0xf665,0xf645,0xe5a5,
		0xeec7,0xeea7,0xeea7,0xeea7,0xee87,0xee87,0xf687,0xee66,0xee66,0xf687,0xfe66,0xfe66,0xfe46,0xfe26,0xfe06,0xfde6
	},
    {
		0x0574,0x0574,0x0574,0x0574,0x0574,0x05f6,0x0617,0x05f6,0x05f6,0x05f6,0x0637,0x0637,0x0e58,0x1e78,0x1e78,0x05f6, //diamond block
		0x05f6,0x66fb,0x66fb,0x6f1b,0x873c,0x873c,0x873c,0x873c,0x7f1b,0x7f1b,0x873c,0x873c,0x7f1b,0x7f1b,0x771b,0x05f6, //12
		0x0617,0x8f3c,0x8f3c,0x8f3c,0x975c,0x8f3c,0x8f3c,0x8f3c,0x873c,0x873c,0x8f3c,0x873c,0x7f1b,0x6efb,0x5efa,0x05f6,
		0x0637,0x975c,0x975c,0x8f3c,0x8f3c,0x975c,0x9f5c,0x975c,0x975c,0x873c,0x873c,0x873c,0x7f1b,0x7f1b,0x7f1b,0x05f6,
		0x0637,0x975c,0x8f3c,0x975c,0x873c,0x975c,0x975c,0x975c,0x975c,0x975c,0x873c,0x7f1b,0x7f1b,0x771b,0x771b,0x0617,
		0x0637,0x9f5c,0x975c,0x6efb,0x6efb,0x873c,0x873c,0x873c,0x873c,0x873c,0x873c,0x873c,0x873c,0x7f1b,0x7f1b,0x0617,
		0x0637,0x975c,0x873c,0x873c,0x873c,0x771b,0x873c,0x873c,0x873c,0x873c,0x873c,0x873c,0x873c,0x7f1b,0x6f1b,0x0616,
		0x0637,0x9f5c,0x8f3c,0x873c,0x6efb,0x6efb,0x6efb,0x6efb,0x6efb,0x6f1b,0x771b,0x7f1b,0x873c,0x771b,0x5efa,0x05f6,
		0x0637,0x975c,0xa75d,0x873c,0xa75d,0x6efb,0x6efb,0x6efb,0x6efb,0x6efb,0x6efb,0x6efb,0x6efb,0x56da,0x3eb9,0x05d6,
		0x0637,0x975c,0xa77d,0x873c,0x975c,0x975c,0x975c,0x975c,0x975c,0x975c,0x9f5c,0x9f5c,0x975c,0x8f3c,0x873c,0x0616,
		0x0637,0xa77d,0xaf7d,0xaf7d,0xa77d,0xa75d,0xa77d,0xa77d,0xa75d,0xa75d,0x9f5c,0xa75d,0x9f5c,0x873c,0x66fb,0x05d5,
		0x0637,0xaf7d,0xaf7d,0xaf7d,0xaf7d,0xaf7d,0xaf7d,0xa77d,0xa75d,0x9f5c,0x9f5c,0x873c,0x5efa,0x3eb9,0x2699,0x0594,
		0x0637,0xaf7d,0xa75d,0xa75d,0xa77d,0xaf7d,0xaf7d,0xa75d,0x975c,0x8f3c,0x7f1b,0x56da,0x1e78,0x0658,0x0657,0x0594,
		0x0637,0xa77d,0x975c,0x975c,0xa75d,0xa75d,0xa75d,0x9f5c,0x8f3c,0x7f1b,0x46ba,0x2e99,0x1e78,0x0e58,0x0e58,0x0594,
		0x0637,0x975c,0x8f3c,0x7f1b,0x873c,0x873c,0x873c,0x7f1b,0x7f1b,0x6f1b,0x3699,0x0e58,0x0637,0x0617,0x0616,0x0573,
		0x0616,0x0616,0x0616,0x0616,0x0616,0x0616,0x0637,0x0616,0x0617,0x0658,0x0637,0x0637,0x0637,0x0617,0x05f6,0x05d6
	},
    {
		0x9cab,0xdeb4,0xdeb3,0xdeb3,0xd692,0xdeb3,0xd672,0xde93,0xe6f4,0xdeb4,0xde93,0xd693,0xd652,0xd672,0xce31,0xde93,    //sand
		0xdeb4,0xde93,0xe6b5,0xe6d6,0xbdb1,0xd672,0xd652,0xd672,0xc5d0,0xe6d5,0xfffb,0xdeb3,0xd672,0xde93,0xd693,0xef15,    //13
		0xe6b5,0xef16,0xff78,0xd673,0xde93,0xd693,0xdeb3,0xdeb3,0xdeb3,0xe6f4,0xe6d5,0xeef6,0xc611,0xce52,0xd672,0xff78,
		0xce31,0xd673,0xde93,0xdeb4,0xd652,0xded4,0xd652,0xce52,0xd672,0xd672,0xde93,0xe6f4,0xdeb3,0xde93,0xdeb3,0xbdd0,
		0xe6f4,0xd672,0xeef6,0xd672,0xeef6,0xeef6,0xe6d5,0xeef6,0xe6d5,0xce32,0xd672,0xe6d5,0xd653,0xc5f0,0xded4,0xce11,
		0xce31,0xded4,0xce52,0xfffe,0xd672,0xef15,0xdeb4,0xde94,0xd693,0xf756,0xdeb3,0xc5f0,0xce52,0xd652,0xdeb3,0xc5f0,
		0xbdaf,0xde95,0xcdf2,0xdeb3,0xbdd0,0xe6d4,0xde93,0xd672,0xd673,0xd693,0xeef6,0xffb9,0xdeb3,0xe6d5,0xdeb4,0xde74,
		0xdeb3,0xd693,0xe6d5,0xde93,0xdeb3,0xd652,0xe6f5,0xffb7,0xdeb4,0xd633,0xd693,0xd672,0xded4,0xe6b5,0xd672,0xe6d5,
		0xe6d4,0xde95,0xef16,0xe6d5,0xe6b5,0xd672,0xeef6,0xde95,0xf737,0xfffa,0xc5d0,0xdeb3,0xd673,0xde74,0xd672,0xdeb3,
		0xc5d0,0xb54e,0xe6d5,0xde93,0xde93,0xde94,0xe6d5,0xd672,0xdeb3,0xdeb3,0xdeb3,0xef56,0xdeb3,0xe6b5,0xc5f0,0xef15,
		0xded4,0xe6b5,0xad0d,0xe6d5,0xc611,0xef16,0xd693,0xde74,0xf737,0xf756,0xe715,0xd672,0xdeb3,0xd693,0xd692,0xdeb3,
		0xce32,0xe6d5,0xe6f4,0xcdf2,0xdeb4,0xd673,0xdeb3,0xde93,0xdeb4,0xdeb3,0xde93,0xffd8,0xd672,0xd672,0xd652,0xbd8f,
		0xef16,0xdeb4,0xd672,0xef36,0xded4,0xd652,0xe6d4,0xbdaf,0xc5f1,0xdeb3,0xde93,0xd652,0xe6b5,0xe6d5,0xd652,0xd673,
		0xfffa,0xe6d5,0xce31,0xb56e,0xd652,0xd672,0xd672,0xf757,0xe6b5,0xf757,0xe6d5,0xded4,0xe6f4,0xd693,0xe6d5,0xd653,
		0xe6b5,0xde74,0xd673,0xce52,0xde94,0xd653,0xdeb3,0xe6d4,0xb56e,0xded4,0xbdaf,0xd693,0xe6d5,0xcdf2,0xce52,0xe6b5,
		0xd673,0xe6f4,0xd693,0xc5d0,0xfffa,0xded4,0xc611,0xef16,0xdeb3,0xf737,0xd652,0xd672,0xd673,0xdeb3,0xd693,0xc611
	},
    {
		0xbccc,0x9c29,0x9c29,0x9c29,0x9c29,0xbccc,0xbccc,0xb48b,0x9c29,0xbccc,0xbccc,0xbccc,0xbccc,0xbccc,0xbccc,0x9c29,    //plank
		0xbccc,0xbccc,0xb48b,0x72e7,0xb48b,0xb48b,0x9c29,0x9c29,0x9c29,0x9c29,0x9c29,0xb48b,0x9c29,0xb48b,0xbccc,0x9c29,    //14
		0xbccc,0xbccc,0x9c29,0x9c29,0x9c29,0x9c29,0xb48b,0xb48b,0xbccc,0xbccc,0xbccc,0xb48b,0x72e7,0xbccc,0xbccc,0x9c29,
		0x6aa6,0x6aa6,0x6aa6,0x72e7,0x72e7,0x72e7,0x72e7,0x72e7,0x72e7,0x72e7,0x6aa6,0x6aa6,0x6aa6,0x6aa6,0x72e7,0x72e7,
		0xbccc,0x9c29,0x9c29,0x9c29,0x9c29,0xbccc,0xbccc,0x9c29,0xbccc,0x9c29,0x9c29,0x72e7,0xb48b,0xb48b,0xb48b,0xbccc,
		0x9c29,0x9c29,0x72e7,0xb48b,0xb48b,0xb48b,0xbccc,0x9c29,0xb48b,0xb48b,0xb48b,0xb48b,0x9c29,0x9c29,0x9c29,0x9c29,
		0xbccc,0xbccc,0xbccc,0xb48b,0xbccc,0xbccc,0xbccc,0x9c29,0x9c29,0x9c29,0x72e7,0xbccc,0xbccc,0xbccc,0xbccc,0xbccc,
		0x72e7,0x72e7,0x6aa6,0x6aa6,0x6aa6,0x6aa6,0x6aa6,0x72e7,0x72e7,0x72e7,0x6aa6,0x6aa6,0x6aa6,0x6aa6,0x72e7,0x72e7,
		0xbccc,0xbccc,0xbccc,0xbccc,0xbccc,0x72e7,0x9c29,0xbccc,0xbccc,0xb48b,0xb48b,0xb48b,0xbccc,0xbccc,0xbccc,0x9c29,
		0x9c29,0x9c29,0x9c29,0x9c29,0x9c29,0xbccc,0xb48b,0xb48b,0x9c29,0x9c29,0x9c29,0x72e7,0xbccc,0x9c29,0x9c29,0x9c29,
		0xbccc,0xb48b,0xb48b,0xb48b,0xbccc,0xbccc,0x9c29,0x9c29,0x9c29,0x9c29,0xb48b,0xb48b,0xb48b,0xb48b,0xb48b,0x9c29,
		0x72e7,0x6aa6,0x72e7,0x72e7,0x6aa6,0x6aa6,0x6aa6,0x72e7,0x72e7,0x72e7,0x72e7,0x72e7,0x6aa6,0x6aa6,0x6aa6,0x72e7,
		0xbccc,0xbccc,0xbccc,0xbccc,0xbccc,0x9c29,0xbccc,0x9c29,0x9c29,0x9c29,0x9c29,0x9c29,0xb48b,0x72e7,0xbccc,0xbccc,
		0xb48b,0x9c29,0x72e7,0xbccc,0xbccc,0xbccc,0xbccc,0x9c29,0xbccc,0xb48b,0xb48b,0x9c29,0x9c29,0x9c29,0x9c29,0xb48b,
		0xbccc,0xbccc,0x9c29,0x9c29,0x9c29,0xbccc,0xbccc,0x9c29,0xbccc,0xbccc,0x9c29,0xb48b,0xbccc,0xbccc,0xbccc,0xbccc,
		0x72e7,0x72e7,0x72e7,0x7b07,0x6aa6,0x6aa6,0x7b07,0x6aa6,0x72e7,0x72e7,0x72e7,0x6aa6,0x49e4,0x6aa6,0x6aa6,0x72e7
	},
    {
		0x52aa,0x3186,0x3186,0x3186,0x3186,0x52aa,0x94b2,0x94b2,0x0020,0x94b2,0x52aa,0x3186,0x3186,0x3186,0x3186,0x52aa,    //bedrock
		0x52aa,0x52aa,0x94b2,0x94b2,0x94b2,0x94b2,0x94b2,0x94b2,0x3186,0x94b2,0x94b2,0x94b2,0x0020,0x52aa,0x52aa,0x3186,    //15
		0x52aa,0x0020,0x3186,0x3186,0x0020,0x3186,0x3186,0x3186,0x94b2,0x3186,0x52aa,0x52aa,0x52aa,0x94b2,0x52aa,0x52aa,
		0x52aa,0x94b2,0x52aa,0x52aa,0x52aa,0x0020,0x52aa,0x94b2,0x52aa,0x52aa,0x3186,0x3186,0x3186,0x3186,0x3186,0x52aa,
		0x52aa,0x94b2,0x94b2,0x3186,0x3186,0x3186,0x3186,0x3186,0x3186,0x3186,0x94b2,0x94b2,0x94b2,0x94b2,0x94b2,0x0020,
		0x3186,0x3186,0x52aa,0x52aa,0x52aa,0x3186,0x3186,0x3186,0x52aa,0x0020,0x52aa,0x52aa,0x3186,0x3186,0x0020,0x52aa,
		0x94b2,0x94b2,0x52aa,0x630c,0x52aa,0x3186,0x94b2,0x94b2,0x52aa,0x52aa,0x52aa,0x52aa,0x94b2,0x94b2,0x94b2,0x0020,
		0x52aa,0x52aa,0x52aa,0x3186,0x3186,0x3186,0x3186,0x3186,0x3186,0x0020,0x3186,0x3186,0x3186,0x3186,0x52aa,0x52aa,
		0x52aa,0x94b2,0x94b2,0x0020,0x94b2,0x3186,0x52aa,0x52aa,0x52aa,0x94b2,0x94b2,0x94b2,0x94b2,0x94b2,0x94b2,0x94b2,
		0x52aa,0x3186,0x3186,0x3186,0x3186,0x3186,0x3186,0x52aa,0x0020,0x52aa,0x52aa,0x3186,0x3186,0x3186,0x94b2,0x52aa,
		0x52aa,0x52aa,0x94b2,0x3186,0x3186,0x94b2,0x94b2,0x3186,0x0020,0x3186,0x94b2,0x94b2,0x94b2,0x52aa,0x52aa,0x52aa,
		0x0020,0x52aa,0x52aa,0x52aa,0x3186,0x52aa,0x52aa,0x52aa,0x94b2,0x94b2,0x52aa,0x52aa,0x52aa,0x94b2,0x94b2,0x0020,
		0x52aa,0x3186,0x3186,0x3186,0x3186,0x3186,0x3186,0x3186,0x94b2,0x94b2,0x3186,0x3186,0x3186,0x3186,0x3186,0x52aa,
		0x52aa,0x94b2,0x3186,0x94b2,0x0020,0x52aa,0x52aa,0x3186,0x3186,0x3186,0x0020,0x3186,0x52aa,0x52aa,0x94b2,0x94b2,
		0x52aa,0x52aa,0x52aa,0x3186,0x3186,0x3186,0x3186,0x3186,0x52aa,0x52aa,0x94b2,0x94b2,0x52aa,0x3186,0x3186,0x52aa,
		0x3186,0x3186,0x3186,0x3186,0x0020,0x94b2,0x94b2,0x52aa,0x52aa,0x52aa,0x52aa,0x3186,0x3186,0x3186,0x52aa,0x52aa
	},
    {
		0x7bef,0x73ae,0x73ae,0x73ae,0x73ae,0x7bef,0x8c71,0x8c71,0x6b4d,0x8c71,0x7bef,0x73ae,0x73ae,0x73ae,0x73ae,0x7bef,    //coal ore
		0x7bef,0x7bef,0x8c71,0x8c71,0x8c71,0x8c71,0x8c71,0x8c71,0x73ae,0x8c71,0x8c71,0x8c71,0x6b4d,0x7bef,0x7bef,0x73ae,    //16
		0x7bef,0x6b4d,0x73ae,0x73ae,0x31a6,0x73ae,0x73ae,0x73ae,0x8c71,0x73ae,0x7bef,0x7bef,0x39e7,0x31a6,0x7bef,0x7bef,
		0x7bef,0x8c71,0x7bef,0x7bef,0x7bef,0x6b4d,0x7bef,0x39e7,0x31a6,0x7bef,0x73ae,0x73ae,0x73ae,0x73ae,0x73ae,0x7bef,
		0x7bef,0x8c71,0x8c71,0x73ae,0x73ae,0x73ae,0x73ae,0x73ae,0x73ae,0x73ae,0x8c71,0x8c71,0x8c71,0x8c71,0x8c71,0x6b4d,
		0x73ae,0x73ae,0x7bef,0x7bef,0x7bef,0x4228,0x39e7,0x73ae,0x7bef,0x6b4d,0x4228,0x39e7,0x73ae,0x73ae,0x6b4d,0x7bef,
		0x8c71,0x8c71,0x7bef,0x4228,0x39e7,0x31a6,0x31a6,0x31a6,0x7bef,0x7bef,0x31a6,0x31a6,0x8c71,0x8c71,0x8c71,0x6b4d,
		0x7bef,0x7bef,0x7bef,0x73ae,0x73ae,0x73ae,0x73ae,0x73ae,0x73ae,0x6b4d,0x73ae,0x73ae,0x73ae,0x73ae,0x7bef,0x7bef,
		0x7bef,0x39e7,0x31a6,0x6b4d,0x8c71,0x73ae,0x7bef,0x7bef,0x4228,0x39e7,0x8c71,0x8c71,0x8c71,0x8c71,0x8c71,0x8c71,
		0x7bef,0x73ae,0x73ae,0x73ae,0x73ae,0x73ae,0x73ae,0x39e7,0x31a6,0x31a6,0x31a6,0x73ae,0x73ae,0x73ae,0x8c71,0x7bef,
		0x7bef,0x7bef,0x8c71,0x73ae,0x31a6,0x8c71,0x8c71,0x73ae,0x6b4d,0x73ae,0x8c71,0x8c71,0x8c71,0x7bef,0x7bef,0x7bef,
		0x6b4d,0x7bef,0x7bef,0x7bef,0x73ae,0x7bef,0x7bef,0x7bef,0x8c71,0x8c71,0x7bef,0x39e7,0x31a6,0x8c71,0x8c71,0x6b4d,
		0x7bef,0x73ae,0x73ae,0x73ae,0x73ae,0x73ae,0x73ae,0x73ae,0x39e7,0x4228,0x39e7,0x31a6,0x31a6,0x31a6,0x73ae,0x7bef,
		0x7bef,0x8c71,0x73ae,0x39e7,0x31a6,0x7bef,0x7bef,0x73ae,0x73ae,0x31a6,0x31a6,0x73ae,0x7bef,0x7bef,0x8c71,0x8c71,
		0x7bef,0x7bef,0x7bef,0x73ae,0x73ae,0x73ae,0x73ae,0x73ae,0x7bef,0x7bef,0x8c71,0x8c71,0x7bef,0x73ae,0x73ae,0x7bef,
		0x73ae,0x73ae,0x73ae,0x73ae,0x6b4d,0x8c71,0x8c71,0x7bef,0x7bef,0x7bef,0x7bef,0x73ae,0x73ae,0x73ae,0x7bef,0x7bef
	},
    {
		0x7bef,0x73ae,0x73ae,0x73ae,0x73ae,0x7bef,0x8c71,0x8c71,0x6b4d,0x8c71,0x7bef,0x73ae,0x73ae,0x73ae,0x73ae,0x7bef,    //iron ore
		0x7bef,0x7bef,0x8c71,0x8c71,0x8c71,0x8c71,0x8c71,0x8c71,0x73ae,0x8c71,0x8c71,0x8c71,0x6b4d,0x7bef,0x7bef,0x73ae,    //17
		0x7bef,0x6b4d,0x73ae,0x73ae,0xbcd0,0x73ae,0x73ae,0x73ae,0x8c71,0x73ae,0x7bef,0x7bef,0xdd72,0xbcd0,0x7bef,0x7bef,
		0x7bef,0x8c71,0x7bef,0x7bef,0x7bef,0x6b4d,0x7bef,0xdd72,0xac6e,0x7bef,0x73ae,0x73ae,0x73ae,0x73ae,0x73ae,0x7bef,
		0x7bef,0x8c71,0x8c71,0x73ae,0x73ae,0x73ae,0x73ae,0x73ae,0x73ae,0x73ae,0x8c71,0x8c71,0x8c71,0x8c71,0x8c71,0x6b4d,
		0x73ae,0x73ae,0x7bef,0x7bef,0x7bef,0xe615,0xdd72,0x73ae,0x7bef,0x6b4d,0xe615,0xdd72,0x73ae,0x73ae,0x6b4d,0x7bef,
		0x8c71,0x8c71,0x7bef,0xe615,0xdd72,0xbcd0,0xbcd0,0xac6e,0x7bef,0x7bef,0xbcd0,0xac6e,0x8c71,0x8c71,0x8c71,0x6b4d,
		0x7bef,0x7bef,0x7bef,0x73ae,0x73ae,0x73ae,0x73ae,0x73ae,0x73ae,0x6b4d,0x73ae,0x73ae,0x73ae,0x73ae,0x7bef,0x7bef,
		0x7bef,0xdd72,0xbcd0,0x6b4d,0x8c71,0x73ae,0x7bef,0x7bef,0xe615,0xdd72,0x8c71,0x8c71,0x8c71,0x8c71,0x8c71,0x8c71,
		0x7bef,0x73ae,0x73ae,0x73ae,0x73ae,0x73ae,0x73ae,0xdd72,0xac6e,0xac6e,0xac6e,0x73ae,0x73ae,0x73ae,0x8c71,0x7bef,
		0x7bef,0x7bef,0x8c71,0x73ae,0xbcd0,0x8c71,0x8c71,0x73ae,0x6b4d,0x73ae,0x8c71,0x8c71,0x8c71,0x7bef,0x7bef,0x7bef,
		0x6b4d,0x7bef,0x7bef,0x7bef,0x73ae,0x7bef,0x7bef,0x7bef,0x8c71,0x8c71,0x7bef,0xdd72,0xac6e,0x8c71,0x8c71,0x6b4d,
		0x7bef,0x73ae,0x73ae,0x73ae,0x73ae,0x73ae,0x73ae,0x73ae,0xdd72,0xe615,0xdd72,0xbcd0,0xbcd0,0xac6e,0x73ae,0x7bef,
		0x7bef,0x8c71,0x73ae,0xdd72,0xac6e,0x7bef,0x7bef,0x73ae,0x73ae,0xac6e,0xac6e,0x73ae,0x7bef,0x7bef,0x8c71,0x8c71,
		0x7bef,0x7bef,0x7bef,0x73ae,0x73ae,0x73ae,0x73ae,0x73ae,0x7bef,0x7bef,0x8c71,0x8c71,0x7bef,0x73ae,0x73ae,0x7bef,
		0x73ae,0x73ae,0x73ae,0x73ae,0x6b4d,0x8c71,0x8c71,0x7bef,0x7bef,0x7bef,0x7bef,0x73ae,0x73ae,0x73ae,0x7bef,0x7bef
	},
    {
		0x7bef,0x73ae,0x73ae,0x73ae,0x73ae,0x7bef,0x8c71,0x8c71,0x6b4d,0x8c71,0x7bef,0x73ae,0x73ae,0x73ae,0x73ae,0x7bef,    //gold ore
		0x7bef,0x7bef,0x8c71,0x8c71,0x8c71,0x8c71,0x8c71,0x8c71,0x73ae,0x8c71,0x8c71,0x8c71,0x6b4d,0x7bef,0x7bef,0x73ae,    //18
		0x7bef,0x6b4d,0x73ae,0x73ae,0xff69,0x73ae,0x73ae,0x73ae,0x8c71,0x73ae,0x7bef,0x7bef,0xfff6,0xff69,0x7bef,0x7bef,
		0x7bef,0x8c71,0x7bef,0x7bef,0x7bef,0x6b4d,0x7bef,0xfff6,0xfd65,0x7bef,0x73ae,0x73ae,0x73ae,0x73ae,0x73ae,0x7bef,
		0x7bef,0x8c71,0x8c71,0x73ae,0x73ae,0x73ae,0x73ae,0x73ae,0x73ae,0x73ae,0x8c71,0x8c71,0x8c71,0x8c71,0x8c71,0x6b4d,
		0x73ae,0x73ae,0x7bef,0x7bef,0x7bef,0xffff,0xfff6,0x73ae,0x7bef,0x6b4d,0xffff,0xfff6,0x73ae,0x73ae,0x6b4d,0x7bef,
		0x8c71,0x8c71,0x7bef,0xffff,0xfff6,0xff69,0xff69,0xfd65,0x7bef,0x7bef,0xff69,0xfd65,0x8c71,0x8c71,0x8c71,0x6b4d,
		0x7bef,0x7bef,0x7bef,0x73ae,0x73ae,0x73ae,0x73ae,0x73ae,0x73ae,0x6b4d,0x73ae,0x73ae,0x73ae,0x73ae,0x7bef,0x7bef,
		0x7bef,0xfff6,0xff69,0x6b4d,0x8c71,0x73ae,0x7bef,0x7bef,0xffff,0xfff6,0x8c71,0x8c71,0x8c71,0x8c71,0x8c71,0x8c71,
		0x7bef,0x73ae,0x73ae,0x73ae,0x73ae,0x73ae,0x73ae,0xfff6,0xfd65,0xfd65,0xfd65,0x73ae,0x73ae,0x73ae,0x8c71,0x7bef,
		0x7bef,0x7bef,0x8c71,0x73ae,0xff69,0x8c71,0x8c71,0x73ae,0x6b4d,0x73ae,0x8c71,0x8c71,0x8c71,0x7bef,0x7bef,0x7bef,
		0x6b4d,0x7bef,0x7bef,0x7bef,0x73ae,0x7bef,0x7bef,0x7bef,0x8c71,0x8c71,0x7bef,0xfff6,0xfd65,0x8c71,0x8c71,0x6b4d,
		0x7bef,0x73ae,0x73ae,0x73ae,0x73ae,0x73ae,0x73ae,0x73ae,0xfff6,0xffff,0xfff6,0xff69,0xff69,0xfd65,0x73ae,0x7bef,
		0x7bef,0x8c71,0x73ae,0xfff6,0xfd65,0x7bef,0x7bef,0x73ae,0x73ae,0xfd65,0xfd65,0x73ae,0x7bef,0x7bef,0x8c71,0x8c71,
		0x7bef,0x7bef,0x7bef,0x73ae,0x73ae,0x73ae,0x73ae,0x73ae,0x7bef,0x7bef,0x8c71,0x8c71,0x7bef,0x73ae,0x73ae,0x7bef,
		0x73ae,0x73ae,0x73ae,0x73ae,0x6b4d,0x8c71,0x8c71,0x7bef,0x7bef,0x7bef,0x7bef,0x73ae,0x73ae,0x73ae,0x7bef,0x7bef
	},
    {
		0x7bef,0x73ae,0x73ae,0x73ae,0x73ae,0x5aeb,0x630c,0x73ae,0x6b4d,0x8c71,0x7bef,0x73ae,0x73ae,0x73ae,0x73ae,0x7bef,    //emerald ore
		0x7bef,0x7bef,0x8c71,0x6b6d,0x5aeb,0x5acb,0xdffd,0x16ec,0x630c,0x8c71,0x8c71,0x8c71,0x6b4d,0x7bef,0x7bef,0x73ae,    //19
		0x7bef,0x6b4d,0x73ae,0x73ae,0x6b4d,0x630c,0x16ec,0x03c3,0x73ae,0x73ae,0x7bef,0x7bef,0x6b4d,0x73ae,0x7bef,0x7bef,
		0x7bef,0x8c71,0x7bef,0x7bef,0x6b4d,0x52aa,0x6b4d,0x73ae,0x7bef,0x7bef,0x73ae,0x630c,0xdffd,0x16ec,0x630c,0x7bef,
		0x7bef,0x8c71,0x8c71,0x630c,0xdffd,0x16ec,0x630c,0x630c,0x73ae,0x73ae,0x8c71,0x630c,0x16ec,0x03c3,0x73ae,0x6b4d,
		0x73ae,0x73ae,0x7bef,0x6b4d,0x16ec,0x03c3,0xdffd,0x16ec,0x6b4d,0x6b4d,0x632c,0x7bef,0x630c,0x630c,0x6b4d,0x7bef,
		0x8c71,0x8c71,0x7bef,0x6b4d,0x6b4d,0x630c,0x16ec,0x03c3,0x6b4d,0x7bef,0x7bef,0x7bef,0x8c71,0x8c71,0x8c71,0x6b4d,
		0x7bef,0x7bef,0x7bef,0x8430,0x7bef,0x630c,0x630c,0x630c,0x630c,0x6b4d,0x73ae,0x73ae,0x73ae,0x73ae,0x7bef,0x7bef,
		0x7bef,0x8c71,0x8c71,0x6b4d,0x630c,0x73ae,0xdffd,0x16ec,0x5acb,0x73ae,0x630c,0x630c,0x73ae,0x8c71,0x8c71,0x8c71,
		0x7bef,0x73ae,0x73ae,0x73ae,0x6b4d,0x52aa,0x16ec,0x03c3,0x52aa,0x6b4d,0xdffd,0x16ec,0x5acb,0x630c,0x73ae,0x7bef,
		0x7bef,0x7bef,0x8c71,0x73ae,0x73ae,0x73ae,0x630c,0x630c,0x52aa,0x630c,0x16ec,0x03c3,0x630c,0xdffd,0x16ec,0x6b4d,
		0x6b4d,0x7bef,0x7bef,0x8c51,0x8430,0x632c,0x7bef,0xdffd,0x16ec,0x8c71,0x6b4d,0x6b4d,0x6b4d,0x16ec,0x03c3,0x52aa,
		0x7bef,0x630c,0x630c,0x73ae,0x630c,0x8430,0x8430,0x5d6f,0x03c3,0x5aeb,0x630c,0x630c,0x73ae,0x630c,0x630c,0x7bef,
		0x6b4d,0xdffd,0x16ec,0x630c,0x73ae,0x73ae,0x7bef,0x73ae,0x5acb,0x73ae,0x6b4d,0x73ae,0x7bef,0x7bef,0x8c71,0x8c71,
		0x6b4d,0x16ec,0x03c3,0x528a,0x73ae,0x73ae,0x73ae,0x73ae,0x7bef,0x7bef,0x8c71,0x8c71,0x7bef,0x73ae,0x73ae,0x7bef,
		0x73ae,0x630c,0x630c,0x73ae,0x6b4d,0x8c71,0x8c71,0x7bef,0x7bef,0x7bef,0x7bef,0x73ae,0x73ae,0x73ae,0x7bef,0x7bef
	},
    {
		0x7bef,0x73ae,0x73ae,0x73ae,0x73ae,0x7bef,0x8c71,0x8c71,0x6b4d,0x8c71,0x7bef,0x73ae,0x73ae,0x73ae,0x73ae,0x7bef,    //diamond ore
		0x7bef,0x7bef,0x8c71,0x8c71,0x8c71,0x8c71,0x8c71,0x8c71,0x73ae,0x8c71,0x8c71,0x8c71,0x6b4d,0x7bef,0x7bef,0x73ae,    //20
		0x7bef,0x6b4d,0x73ae,0x73ae,0x767f,0x73ae,0x73ae,0x73ae,0x8c71,0x73ae,0x7bef,0x7bef,0xc73f,0x767f,0x7bef,0x7bef,
		0x7bef,0x8c71,0x7bef,0x7bef,0x7bef,0x6b4d,0x7bef,0xc73f,0x5f7e,0x7bef,0x73ae,0x73ae,0x73ae,0x73ae,0x73ae,0x7bef,
		0x7bef,0x8c71,0x8c71,0x73ae,0x73ae,0x73ae,0x73ae,0x73ae,0x73ae,0x73ae,0x8c71,0x8c71,0x8c71,0x8c71,0x8c71,0x6b4d,
		0x73ae,0x73ae,0x7bef,0x7bef,0x7bef,0xffff,0xc73f,0x73ae,0x7bef,0x6b4d,0xffff,0xc73f,0x73ae,0x73ae,0x6b4d,0x7bef,
		0x8c71,0x8c71,0x7bef,0xffff,0xc73f,0x767f,0x767f,0x5f7e,0x7bef,0x7bef,0x767f,0x5f7e,0x8c71,0x8c71,0x8c71,0x6b4d,
		0x7bef,0x7bef,0x7bef,0x73ae,0x73ae,0x73ae,0x73ae,0x73ae,0x73ae,0x6b4d,0x73ae,0x73ae,0x73ae,0x73ae,0x7bef,0x7bef,
		0x7bef,0xc73f,0x767f,0x6b4d,0x8c71,0x73ae,0x7bef,0x7bef,0xffff,0xc73f,0x8c71,0x8c71,0x8c71,0x8c71,0x8c71,0x8c71,
		0x7bef,0x73ae,0x73ae,0x73ae,0x73ae,0x73ae,0x73ae,0xc73f,0x5f7e,0x5f7e,0x5f7e,0x73ae,0x73ae,0x73ae,0x8c71,0x7bef,
		0x7bef,0x7bef,0x8c71,0x73ae,0x767f,0x8c71,0x8c71,0x73ae,0x6b4d,0x73ae,0x8c71,0x8c71,0x8c71,0x7bef,0x7bef,0x7bef,
		0x6b4d,0x7bef,0x7bef,0x7bef,0x73ae,0x7bef,0x7bef,0x7bef,0x8c71,0x8c71,0x7bef,0xc73f,0x5f7e,0x8c71,0x8c71,0x6b4d,
		0x7bef,0x73ae,0x73ae,0x73ae,0x73ae,0x73ae,0x73ae,0x73ae,0xc73f,0xffff,0xc73f,0x767f,0x767f,0x5f7e,0x73ae,0x7bef,
		0x7bef,0x8c71,0x73ae,0xc73f,0x5f7e,0x7bef,0x7bef,0x73ae,0x73ae,0x5f7e,0x5f7e,0x73ae,0x7bef,0x7bef,0x8c71,0x8c71,
		0x7bef,0x7bef,0x7bef,0x73ae,0x73ae,0x73ae,0x73ae,0x73ae,0x7bef,0x7bef,0x8c71,0x8c71,0x7bef,0x73ae,0x73ae,0x7bef,
		0x73ae,0x73ae,0x73ae,0x73ae,0x6b4d,0x8c71,0x8c71,0x7bef,0x7bef,0x7bef,0x7bef,0x73ae,0x73ae,0x73ae,0x7bef,0x7bef
	},
    {
		0x7bef,0x73ae,0x73ae,0x73ae,0x73ae,0x7bef,0x8c71,0x8c71,0x6b4d,0x8c71,0x7bef,0x73ae,0x73ae,0x73ae,0x73ae,0x7bef,    //lapiz ore
		0x7bef,0x7bef,0x8c71,0x8c71,0x8c71,0x8c71,0x8c71,0x8c71,0x73ae,0x8c71,0x8c71,0x8c71,0x6b4d,0x7bef,0x7bef,0x73ae,    //21
		0x7bef,0x6b4d,0x1ab8,0x2b73,0x1ad8,0x1a54,0x73ae,0x73ae,0x8c71,0x73ae,0x7bef,0x7bef,0x0937,0x1a54,0x7bef,0x7bef,
		0x7bef,0x8c71,0x7bef,0x7bef,0x7bef,0x1238,0x7bef,0x1a91,0x1237,0x7bef,0x73ae,0x73ae,0x73ae,0x73ae,0x73ae,0x7bef,
		0x7bef,0x8c71,0x8c71,0x73ae,0x73ae,0x73ae,0x73ae,0x73ae,0x73ae,0x73ae,0x8c71,0x8c71,0x8c71,0x8c71,0x8c71,0x6b4d,
		0x73ae,0x73ae,0x7bef,0x7bef,0x7bef,0x1ab8,0x1237,0x73ae,0x7bef,0x6b4d,0x1a33,0x2316,0x73ae,0x73ae,0x6b4d,0x7bef,
		0x8c71,0x8c71,0x7bef,0x19f8,0x1a36,0x1ab8,0x1219,0x1a54,0x7bef,0x7bef,0x1a33,0x2271,0x8c71,0x8c71,0x8c71,0x6b4d,
		0x7bef,0x1a15,0x1256,0x73ae,0x73ae,0x73ae,0x73ae,0x73ae,0x73ae,0x6b4d,0x73ae,0x73ae,0x73ae,0x73ae,0x7bef,0x7bef,
		0x7bef,0x2253,0x19f7,0x6b4d,0x8c71,0x73ae,0x7bef,0x1238,0x7bef,0x1a95,0x2a71,0x1a54,0x8c71,0x8c71,0x8c71,0x8c71,
		0x7bef,0x73ae,0x73ae,0x73ae,0x73ae,0x73ae,0x73ae,0x1a36,0x1a35,0x1a34,0x1a15,0x2a71,0x73ae,0x1a14,0x2ab1,0x7bef,
		0x7bef,0x7bef,0x8c71,0x73ae,0x19d5,0x8c71,0x8c71,0x73ae,0x19f6,0x1a34,0x2252,0x8c71,0x8c71,0x1a34,0x3310,0x7bef,
		0x6b4d,0x7bef,0x1a53,0x1133,0x1152,0x7bef,0x7bef,0x7bef,0x8c71,0x8c71,0x7bef,0x7bef,0x7bef,0x2252,0x32f1,0x6b4d,
		0x7bef,0x73ae,0x73ae,0x73ae,0x73ae,0x1174,0x73ae,0x73ae,0x1176,0x1a15,0x1a54,0x73ae,0x73ae,0x2271,0x2211,0x7bef,
		0x7bef,0x8c71,0x73ae,0x8c71,0x1175,0x1175,0x1a54,0x73ae,0x1156,0x11b2,0x2231,0x73ae,0x7bef,0x7bef,0x8c71,0x8c71,
		0x7bef,0x7bef,0x7bef,0x73ae,0x2271,0x2271,0x2271,0x73ae,0x7bef,0x7bef,0x8c71,0x8c71,0x7bef,0x73ae,0x73ae,0x7bef,
		0x73ae,0x73ae,0x73ae,0x73ae,0x6b4d,0x8c71,0x8c71,0x7bef,0x7bef,0x7bef,0x7bef,0x73ae,0x73ae,0x73ae,0x7bef,0x7bef
	},
    {
		0xfdeb,0x7ac5,0x49c2,0x49c2,0x49c2,0x49c2,0xfdeb,0x7ac5,0x7369,0x7369,0x7369,0xfdeb,0xfdeb,0xc468,0x7ac5,0x7369,    //glowstone
		0x7ac5,0xffff,0xc468,0x49c2,0x7369,0xfdeb,0xc468,0xffff,0x49c2,0x7369,0xfdeb,0x7ac5,0xfeb3,0xffff,0xc468,0x49c2,    //22
		0x7ac5,0x7ac5,0x49c2,0x7369,0x7ac5,0x7369,0x49c2,0x7ac5,0x49c2,0x7369,0x7369,0x49c2,0xc468,0xc468,0x49c2,0x7369,
		0x7369,0x49c2,0x7369,0xfdeb,0x7ac5,0x7ac5,0x7369,0x49c2,0x7369,0xfdeb,0x7ac5,0x7369,0x49c2,0x49c2,0x7369,0x7369,
		0x49c2,0x7369,0xfdeb,0xc468,0xfeb3,0xfeb3,0xc468,0x49c2,0xfdeb,0xc468,0x7ac5,0x49c2,0x7369,0x7369,0xfdeb,0xfdeb,
		0x49c2,0x7ac5,0x7ac5,0xfeb3,0xffff,0xffff,0xfeb3,0x7ac5,0xc468,0xffff,0x49c2,0x49c2,0x7369,0xfdeb,0xffff,0xfeb3,
		0x7369,0x49c2,0x49c2,0xc468,0xfeb3,0xfeb3,0xfdeb,0x49c2,0x7ac5,0x49c2,0x7369,0x7369,0x7ac5,0xc468,0xfeb3,0x49c2,
		0x7369,0x7369,0x7369,0x49c2,0x7ac5,0xfdeb,0x49c2,0x7369,0x49c2,0x7369,0xfdeb,0x7ac5,0x7369,0x7ac5,0x49c2,0x7369,
		0xfdeb,0xc468,0x7ac5,0x7369,0x49c2,0x7ac5,0x49c2,0x7369,0x7369,0xfdeb,0xc468,0x7ac5,0x49c2,0x7369,0x7369,0xfdeb,
		0xffff,0xfeb3,0xfeb3,0x49c2,0x7369,0x49c2,0x7369,0xfdeb,0x7ac5,0xc468,0xffff,0xc468,0x49c2,0x7369,0x7369,0xfdeb,
		0x7ac5,0x7ac5,0x49c2,0x7369,0x7369,0x7369,0x7369,0x7369,0x49c2,0x7ac5,0xc468,0x7ac5,0x49c2,0x7369,0x7369,0x49c2,
		0x49c2,0x49c2,0x7369,0x7ac5,0x49c2,0x7369,0xfdeb,0xfdeb,0x7369,0x49c2,0x7ac5,0x49c2,0x7369,0x7ac5,0x7369,0x7369,
		0x7369,0x7369,0xfdeb,0xc468,0x49c2,0x7369,0x49c2,0x7ac5,0xffff,0x7369,0x49c2,0x7369,0xfdeb,0xc468,0x7ac5,0x49c2,
		0x7369,0xfdeb,0xfeb3,0xffff,0xfeb3,0x49c2,0x7369,0x49c2,0xc468,0x49c2,0x7369,0xfdeb,0xc468,0xffff,0xc468,0x49c2,
		0x7369,0x7ac5,0xfeb3,0xffff,0xc468,0x7ac5,0x49c2,0x7369,0x49c2,0x49c2,0x7369,0x7ac5,0x7ac5,0x7ac5,0x7ac5,0x49c2,
		0x7369,0x49c2,0xc468,0xc468,0x7ac5,0x7ac5,0x49c2,0x7369,0x7369,0x7369,0x7369,0x49c2,0x49c2,0x49c2,0x49c2,0x7369
	},
    {
		0x7bef,0x632c,0x630c,0xb596,0xad55,0x7bef,0x738e,0xad55,0xa514,0x7bef,0x632c,0x528a,0x5acb,0x6b6d,0xa534,0xb596,    //cobblestone
		0x8c51,0x630c,0xad55,0xad75,0x8430,0x632c,0xad55,0x8430,0xb596,0x8c71,0x8c71,0x630c,0x630c,0xa514,0x7bef,0x7bef,    //23
		0x630c,0xa514,0x7bcf,0x7bef,0x7bef,0x528a,0xad55,0x9492,0x7bef,0x7bef,0x8430,0x52aa,0x632c,0x630c,0x94b2,0x8410,
		0x630c,0x630c,0x9cd3,0x7bef,0x738e,0x52aa,0x7bef,0x8410,0x8c71,0x7bef,0x52aa,0x5acb,0xa534,0x630c,0x630c,0x528a,
		0x9cd3,0xad55,0x52aa,0x52aa,0x52aa,0x52aa,0x6b4d,0x7bef,0x528a,0x52aa,0xad55,0x9cd3,0x7bef,0x7bef,0x630c,0x6b6d,
		0xad75,0x7bef,0x738e,0xad75,0xa514,0xad75,0x630c,0x52aa,0x6b4d,0xbdf7,0x9cf3,0x7bef,0x8c71,0x7bef,0x8430,0x6b4d,
		0x73ae,0x8430,0x5aeb,0x9cf3,0x8410,0x7bcf,0x7bef,0x630c,0x630c,0x630c,0x7bef,0x8c71,0x8c51,0x9492,0x5aeb,0x5acb,
		0x7bcf,0x73ae,0x73ae,0x52aa,0x4a69,0x4a69,0x52aa,0x8c51,0xa534,0x8410,0x5aeb,0x630c,0x738e,0x528a,0x5aeb,0x632c,
		0x630c,0xad55,0xad55,0xad55,0x8410,0x5aeb,0xad75,0x94b2,0xad55,0xad55,0x9492,0x6b6d,0x9cd3,0x8c71,0x632c,0x630c,
		0x630c,0x7bef,0x8430,0x7bef,0x8c71,0x528a,0x632c,0x738e,0xad55,0xad55,0x6b6d,0x7bef,0x4a69,0x630c,0xad55,0xad55,
		0x528a,0x5acb,0x8c51,0x7bef,0x528a,0x630c,0x630c,0x6b4d,0x5acb,0x7bef,0x7bef,0x528a,0x630c,0xad55,0xad55,0x8410,
		0x52aa,0x630c,0x52aa,0x5acb,0x630c,0xa514,0xad75,0x8410,0x738e,0x528a,0x630c,0x630c,0xad75,0x8430,0x9492,0x7bef,
		0x630c,0x9cf3,0x9cd3,0x94b2,0x5acb,0x7bef,0xa514,0x8c71,0xad55,0xad55,0x630c,0x630c,0xad55,0x8430,0x8430,0x5acb,
		0xa514,0xa534,0x8c71,0x8430,0x6b4d,0x630c,0x528a,0x632c,0x73ae,0x8430,0x7bef,0x630c,0x7bcf,0x8c51,0x7bef,0x52aa,
		0x632c,0x8c71,0xa514,0x7bef,0x73ae,0x7bef,0x7bef,0x5aeb,0x5aeb,0x5aeb,0x7bef,0x630c,0x6b6d,0x52aa,0x52aa,0x632c,
		0x8430,0x52aa,0x73ae,0x8430,0x7bef,0x52aa,0x632c,0xa514,0x7bef,0x7bef,0x528a,0x6b4d,0xa514,0xad55,0x630c,0x8410
	},
    {
		0x18a1,0x18a1,0x0840,0x18a1,0x18a1,0x1881,0x0840,0x0840,0x0840,0x18a1,0x18a1,0x0840,0x18a1,0x18a1,0x18a1,0x18a1,    //crafting table top
		0x18a1,0xb48b,0xb46a,0x2902,0xab88,0xab88,0xab88,0xab88,0xab68,0xab88,0xab88,0xab88,0x2922,0xbcac,0xb48b,0x1881,    //24
		0x0840,0xb48b,0x20e2,0xa347,0xa347,0x9b27,0xa347,0xa347,0xa388,0xa347,0xa347,0xa347,0xa347,0x2102,0xb48b,0x18a1,
		0x18a1,0x2902,0xa368,0x51a4,0x4963,0x51c4,0x51c4,0x51c4,0x4963,0x4943,0x51c4,0x51a4,0x51c4,0xa347,0x2902,0x0840,
		0x1061,0xab88,0xa347,0x51c4,0x9ac6,0xa2e6,0x51a4,0xab88,0xab88,0x4943,0x9ac6,0xb3a9,0x51c4,0xa347,0xab88,0x18a1,
		0x0840,0xab88,0xa347,0x51c4,0xab88,0xa347,0x4122,0x92a5,0xa347,0x4983,0x8a85,0x9ac6,0x51a4,0xa347,0xab88,0x18a1,
		0x0840,0xab88,0xa347,0x51a4,0x51a4,0x4983,0x51a4,0x51a4,0x4963,0x51c4,0x4983,0x4943,0x51a4,0xa347,0xab88,0x0840,
		0x0840,0xab88,0xa347,0x59c4,0xab88,0xa347,0x51c4,0xab88,0xab88,0x51a4,0xa367,0xab68,0x51c4,0xa347,0xab88,0x18a1,
		0x18a1,0xab88,0x9ac6,0x51c4,0xab88,0xa347,0x51a4,0xab88,0xab88,0x51c4,0xa347,0xab88,0x51c4,0xa347,0xb3a9,0x18a1,
		0x18a1,0xb3a9,0x8a65,0x4963,0x51a4,0x4983,0x51c4,0x51c4,0x4963,0x51c4,0x4983,0x51a4,0x51c4,0xa347,0xab88,0x18a1,
		0x1881,0xab88,0xa347,0x4943,0x9ac6,0xa347,0x4983,0xa347,0x8a85,0x4122,0xa347,0xb3a9,0x51c4,0xa347,0xab88,0x18a1,
		0x0840,0xab88,0xa347,0x51c4,0x9ac6,0xb388,0x51a4,0xab88,0xab88,0x51a4,0x9ac6,0xb3a9,0x51c4,0xa368,0xab88,0x1881,
		0x0840,0x2902,0xa347,0x51c4,0x51c4,0x4943,0x51a4,0x51c4,0x51c4,0x51c4,0x51c4,0x51c4,0x51a4,0xa347,0x2902,0x0840,
		0x0840,0xb48b,0x20e2,0xa347,0xa368,0xa347,0xa347,0xa347,0x9b47,0xa347,0xa347,0xa368,0xa388,0x2102,0xb46b,0x0840,
		0x1061,0xb48b,0xb48b,0x2902,0xab88,0xb3a9,0xab68,0xab68,0xab88,0xab88,0xab68,0xab88,0x2902,0xb48b,0xb48b,0x18a1,
		0x18a1,0x18a1,0x0840,0x18a1,0x18a1,0x5122,0x4902,0x5122,0x5122,0x5122,0x5122,0x18a1,0x0840,0x0840,0x0840,0x18a1
	},
    {
		0x18a1,0x9c29,0x9c29,0x9c29,0x9c29,0x2922,0xb3a9,0x5963,0x5963,0xb3a9,0x2922,0xbccc,0xbccc,0xbccc,0xbccc,0x18a1,    //crafting table side
		0x18a1,0xbccc,0xb48b,0x72e7,0xb48b,0xb48b,0x2102,0x5963,0x5963,0x2102,0x9c29,0xb48b,0x9c29,0xb48b,0xbccc,0x18a1,    //25
		0x18a1,0xbccc,0x9c29,0x9c29,0x7ac6,0x9c29,0xb48b,0x2902,0x2922,0xbccc,0xbccc,0xb48b,0x72e7,0xbccc,0xbccc,0x18a1,
		0x18a1,0x6aa6,0x6aa6,0x49e4,0x49e4,0x72e7,0x72e7,0x18a1,0x18a1,0x72e7,0x41a4,0x6aa6,0x6aa6,0x6aa6,0x72e7,0x18a1,
		0x18a1,0x9c29,0x9c29,0x7ac6,0x9c29,0xbccc,0xbccc,0x2102,0x2922,0x9c29,0x7ac6,0x72e7,0xb48b,0xb48b,0xb48b,0x18a1,
		0x18a1,0x9c29,0x72e7,0x28e1,0xb48b,0x28e1,0xbccc,0x2102,0x2902,0xb48b,0x9b47,0xb48b,0x9c29,0x9c29,0x9c29,0x18a1,
		0x18a1,0xbccc,0xbccc,0x28e1,0x72e7,0x28e1,0x72e7,0x2102,0x2102,0x9c29,0x49e4,0xbccc,0xbccc,0xbccc,0xbccc,0x18a1,
		0x18a1,0x72e7,0x6aa6,0x6aa6,0xdedb,0x6aa6,0x6aa6,0x18a1,0x18a1,0x72e7,0x6aa6,0x41a4,0x6aa6,0x6aa6,0x72e7,0x18a1,
		0x18a1,0xbccc,0xbccc,0xdedb,0x72e7,0xdedb,0x6286,0x2922,0x2922,0xb48b,0xb48b,0xb48b,0xbccc,0xbccc,0xbccc,0x18a1,
		0x18a1,0x9c29,0x9c29,0xb5b6,0x6286,0xb5b6,0x72c7,0x2902,0x2102,0x9c29,0x9c29,0x72e7,0xbccc,0x9c29,0x9c29,0x18a1,
		0x18a1,0xb48b,0xb48b,0xb48b,0xbccc,0xbccc,0x9c29,0x18a1,0x2102,0x9c29,0xb48b,0xb48b,0x9b47,0xb48b,0xb48b,0x18a1,
		0x18a1,0x6aa6,0x72e7,0x72e7,0x6aa6,0x6aa6,0x6aa6,0x1061,0x18a1,0x72e7,0x72e7,0x72e7,0x41a4,0x6aa6,0x6aa6,0x18a1,
		0x18a1,0xbccc,0xbccc,0xa387,0xbccc,0x9c29,0xbccc,0x18a1,0x2102,0x9c29,0x9c29,0x9c29,0x9b47,0x72e7,0xbccc,0x18a1,
		0x18a1,0x9c29,0x72e7,0xa387,0xbccc,0xbccc,0xbccc,0x2102,0x2922,0xb48b,0xb48b,0x9c29,0x9c29,0x9c29,0x9c29,0x18a1,
		0x18a1,0xbccc,0x9c29,0x7ac6,0x9c29,0xbccc,0xbccc,0x2102,0x2922,0xbccc,0x9c29,0xb48b,0xbccc,0xbccc,0xbccc,0x18a1,
		0x18a1,0x72e7,0x72e7,0x7b07,0x6aa6,0x6aa6,0x7b07,0x18a1,0x18a1,0x72e7,0x72e7,0x6aa6,0x49e4,0x6aa6,0x6aa6,0x18a1
	},
    {
		0xda23,0xc9e2,0xb1c2,0xa1a2,0xda23,0xc9e2,0xb1c2,0xa1a2,0xda23,0xc9e2,0xb1c2,0xa1a2,0xda23,0xc9e2,0xb1c2,0xa1a2,    //tnt side              
		0xda23,0xc1e2,0xa9a2,0x9162,0xda23,0xc1e2,0xa9a2,0x9162,0xda23,0xc1e2,0xa9a2,0x9162,0xda23,0xc1e2,0xa9a2,0x9162,    //26
		0xda23,0xc1e2,0xa9a2,0x9162,0xda23,0xc1e2,0xa9a2,0x9162,0xda23,0xc1e2,0xa9a2,0x9162,0xda23,0xc1e2,0xa9a2,0x9162,
		0xda23,0xc1e2,0xa9a2,0x9162,0xda23,0xc1e2,0xa9a2,0x9162,0xda23,0xc1e2,0xa9a2,0x9162,0xda23,0xc1e2,0xa9a2,0x9162,
		0xda23,0xc1e2,0xa9a2,0x9162,0xda23,0xc1e2,0xa9a2,0x9162,0xda23,0xc1e2,0xa9a2,0x9162,0xda23,0xc1e2,0xa9a2,0x9162,
		0xdedb,0xdedb,0xdedb,0xce79,0xdedb,0xdedb,0xdedb,0xdedb,0xce79,0xdedb,0xdedb,0xce79,0xce79,0xdedb,0xdedb,0xce79,
		0xce79,0xdedb,0x0020,0x0020,0x0020,0xce79,0x0020,0xce79,0xdedb,0x0020,0xce79,0x0020,0x0020,0x0020,0xdedb,0xce79,
		0xce79,0xce79,0xce79,0x0020,0xce79,0xce79,0x0020,0x0020,0xce79,0x0020,0xce79,0xce79,0x0020,0xce79,0xce79,0xce79,
		0xce79,0xce79,0xce79,0x0020,0xce79,0xce79,0x0020,0xce79,0x0020,0x0020,0xce79,0xce79,0x0020,0xce79,0xce79,0xce79,
		0xce79,0xad75,0xad75,0x0020,0xce79,0xad75,0x0020,0xce79,0xce79,0x0020,0xce79,0xce79,0x0020,0xad75,0xad75,0xce79,
		0xad75,0xad75,0xce79,0xad75,0xad75,0xce79,0xad75,0xad75,0xad75,0xce79,0xad75,0xad75,0xce79,0xad75,0xad75,0xad75,
		0xb1c2,0xa182,0x8942,0x7921,0xb1c2,0xa182,0x8942,0x7921,0xb1c2,0xa182,0x8942,0x7921,0xb1c2,0xa182,0x8942,0x7921,
		0xda23,0xc1e2,0xa9a2,0x9162,0xda23,0xc1e2,0xa9a2,0x9162,0xda23,0xc1e2,0xa9a2,0x9162,0xda23,0xc1e2,0xa9a2,0x9162,
		0xda23,0xc1e2,0xa9a2,0x9162,0xda23,0xc1e2,0xa9a2,0x9162,0xda23,0xc1e2,0xa9a2,0x9162,0xda23,0xc1e2,0xa9a2,0x9162,
		0xda23,0xc1e2,0xa9a2,0x9162,0xda23,0xc1e2,0xa9a2,0x9162,0xda23,0xc1e2,0xa9a2,0x9162,0xda23,0xc1e2,0xa9a2,0x9162,
		0xc1e2,0xb1a2,0xa182,0x9162,0xc1e2,0xb1a2,0xa182,0x9162,0xc1e2,0xb1a2,0xa182,0x9162,0xc1e2,0xb1a2,0xa182,0x9162
	},
    {
		0xda23,0xda23,0xda23,0xa9a2,0xda23,0xda23,0xda23,0xa9a2,0xda23,0xda23,0xda23,0xa9a2,0xda23,0xda23,0xda23,0xa9a2,    //tnt top
		0xda23,0x8c71,0x8c71,0x9162,0xda23,0x8c71,0x8c71,0x9162,0xda23,0x8c71,0x8c71,0x9162,0xda23,0x8c71,0x8c71,0x9162,    //27
		0xda23,0x8c71,0x52aa,0x9162,0xda23,0x8c71,0x52aa,0x0020,0x0020,0x52aa,0x8c71,0x9162,0xda23,0x52aa,0x8c71,0x9162,
		0xa9a2,0x9162,0x9162,0x52aa,0xa9a2,0x9162,0x52aa,0x9162,0x52aa,0x0020,0x9162,0x9162,0x52aa,0x9162,0x9162,0x9162,
		0xda23,0xda23,0xda23,0xa9a2,0x52aa,0xda23,0x52aa,0xa9a2,0x52aa,0xda23,0x0020,0x0020,0x52aa,0xda23,0xda23,0xa9a2,
		0xda23,0x8c71,0x8c71,0x9162,0xda23,0x0020,0x0020,0x9162,0x52aa,0x8c71,0x52aa,0x52aa,0x0020,0x8c71,0x8c71,0x9162,
		0xda23,0x8c71,0x52aa,0x52aa,0xda23,0x8c71,0x0020,0x52aa,0x0020,0x52aa,0x0020,0x52aa,0x52aa,0x0020,0x8c71,0x9162,
		0xa9a2,0x9162,0x9162,0x9162,0x52aa,0x0020,0x0020,0x0020,0x0020,0x0020,0x52aa,0x9162,0xa9a2,0x0020,0x9162,0x9162,
		0xda23,0xda23,0xda23,0xa9a2,0xda23,0xda23,0x0020,0x0020,0x0020,0x52aa,0xda23,0x52aa,0x52aa,0x0020,0xda23,0xa9a2,
		0xda23,0x8c71,0x52aa,0x52aa,0x0020,0x0020,0x0020,0x0020,0x0020,0x0020,0x8c71,0x9162,0x0020,0x52aa,0x8c71,0x9162,
		0xda23,0x8c71,0x8c71,0x9162,0xda23,0x0020,0x0020,0x0020,0x0020,0x8c71,0x52aa,0x9162,0x0020,0x8c71,0x8c71,0x9162,
		0xa9a2,0x9162,0x9162,0x9162,0x0020,0x9162,0x0020,0x9162,0x0020,0x52aa,0x9162,0x0020,0x52aa,0x9162,0x9162,0x9162,
		0xda23,0xda23,0xda23,0x52aa,0xda23,0xda23,0x52aa,0xa9a2,0x52aa,0x0020,0x0020,0x52aa,0x52aa,0xda23,0xda23,0xa9a2,
		0xda23,0x8c71,0x52aa,0x9162,0xda23,0x8c71,0x8c71,0x9162,0xda23,0x52aa,0x8c71,0x9162,0xda23,0x52aa,0x8c71,0x9162,
		0xda23,0x8c71,0x8c71,0x9162,0xda23,0x8c71,0x8c71,0x9162,0xda23,0x8c71,0x8c71,0x9162,0xda23,0x8c71,0x8c71,0x9162,
		0xa9a2,0x9162,0x9162,0x9162,0xa9a2,0x9162,0x9162,0x9162,0xa9a2,0x9162,0x9162,0x9162,0xa9a2,0x9162,0x9162,0x9162
	},
    {
		0xda23,0xda23,0xda23,0xa9a2,0xda23,0xda23,0xda23,0xa9a2,0xda23,0xda23,0xda23,0xa9a2,0xda23,0xda23,0xda23,0xa9a2,    //tnt bottom
		0xda23,0x8c71,0x8c71,0x9162,0xda23,0x8c71,0x8c71,0x9162,0xda23,0x8c71,0x8c71,0x9162,0xda23,0x8c71,0x8c71,0x9162,    //28
		0xda23,0x8c71,0x8c71,0x9162,0xda23,0x8c71,0x8c71,0x9162,0xda23,0x8c71,0x8c71,0x9162,0xda23,0x8c71,0x8c71,0x9162,
		0xa9a2,0x9162,0x9162,0x9162,0xa9a2,0x9162,0x9162,0x9162,0xa9a2,0x9162,0x9162,0x9162,0xa9a2,0x9162,0x9162,0x9162,
		0xda23,0xda23,0xda23,0xa9a2,0xda23,0xda23,0xda23,0xa9a2,0xda23,0xda23,0xda23,0xa9a2,0xda23,0xda23,0xda23,0xa9a2,
		0xda23,0x8c71,0x8c71,0x9162,0xda23,0x8c71,0x8c71,0x9162,0xda23,0x8c71,0x8c71,0x9162,0xda23,0x8c71,0x8c71,0x9162,
		0xda23,0x8c71,0x8c71,0x9162,0xda23,0x8c71,0x8c71,0x9162,0xda23,0x8c71,0x8c71,0x9162,0xda23,0x8c71,0x8c71,0x9162,
		0xa9a2,0x9162,0x9162,0x9162,0xa9a2,0x9162,0x9162,0x9162,0xa9a2,0x9162,0x9162,0x9162,0xa9a2,0x9162,0x9162,0x9162,
		0xda23,0xda23,0xda23,0xa9a2,0xda23,0xda23,0xda23,0xa9a2,0xda23,0xda23,0xda23,0xa9a2,0xda23,0xda23,0xda23,0xa9a2,
		0xda23,0x8c71,0x8c71,0x9162,0xda23,0x8c71,0x8c71,0x9162,0xda23,0x8c71,0x8c71,0x9162,0xda23,0x8c71,0x8c71,0x9162,
		0xda23,0x8c71,0x8c71,0x9162,0xda23,0x8c71,0x8c71,0x9162,0xda23,0x8c71,0x8c71,0x9162,0xda23,0x8c71,0x8c71,0x9162,
		0xa9a2,0x9162,0x9162,0x9162,0xa9a2,0x9162,0x9162,0x9162,0xa9a2,0x9162,0x9162,0x9162,0xa9a2,0x9162,0x9162,0x9162,
		0xda23,0xda23,0xda23,0xa9a2,0xda23,0xda23,0xda23,0xa9a2,0xda23,0xda23,0xda23,0xa9a2,0xda23,0xda23,0xda23,0xa9a2,
		0xda23,0x8c71,0x8c71,0x9162,0xda23,0x8c71,0x8c71,0x9162,0xda23,0x8c71,0x8c71,0x9162,0xda23,0x8c71,0x8c71,0x9162,
		0xda23,0x8c71,0x8c71,0x9162,0xda23,0x8c71,0x8c71,0x9162,0xda23,0x8c71,0x8c71,0x9162,0xda23,0x8c71,0x8c71,0x9162,
		0xa9a2,0x9162,0x9162,0x9162,0xa9a2,0x9162,0x9162,0x9162,0xa9a2,0x9162,0x9162,0x9162,0xa9a2,0x9162,0x9162,0x9162
	},
    {
		0x39c7,0x31a6,0x31a6,0x3186,0x3186,0x2965,0x2965,0x2965,0x2124,0x39c7,0x39c7,0x31a6,0x2965,0x2124,0x31a6,0x3186, //furnace top/bottom
		0x39c7,0x6b6d,0x5acb,0x630c,0x4228,0x52aa,0x738e,0x738e,0x4a69,0x630c,0x632c,0x630c,0x52aa,0x4228,0x52aa,0x3186, //29
		0x2945,0x528a,0x7bcf,0x52aa,0x630c,0x8c71,0x8c71,0x7bcf,0x632c,0x528a,0x8430,0x7bef,0x5aeb,0x7bcf,0x528a,0x3186,
		0x2965,0x528a,0x5aeb,0x6b6d,0x9cd3,0x632c,0x8c51,0x8430,0x5aeb,0x6b6d,0x5acb,0x5acb,0x6b4d,0x8c51,0x6b4d,0x2945,
		0x39c7,0x738e,0x7bcf,0x6b4d,0x8c71,0x7bcf,0x7bcf,0x5acb,0x6b4d,0x8c51,0x94b2,0x94b2,0x738e,0x8430,0x738e,0x2124,
		0x2945,0x5acb,0x7bef,0x6b6d,0x7bef,0x7bef,0x7bcf,0x5acb,0x9492,0x9492,0x7bef,0x8410,0x7bcf,0x6b4d,0x39c7,0x2124,
		0x3186,0x630c,0x7bef,0x6b6d,0x73ae,0x5acb,0x6b4d,0x7bcf,0x738e,0x8430,0x8c71,0x7bef,0x8410,0x8430,0x630c,0x2104,
		0x2965,0x5aeb,0x5acb,0x632c,0x8c71,0x8c71,0x6b4d,0x632c,0x6b4d,0x5acb,0x5acb,0x7bef,0x8430,0x5acb,0x528a,0x39c7,
		0x2965,0x4228,0x738e,0x8c51,0xa514,0x738e,0x6b6d,0x94b2,0x9492,0x8430,0x738e,0x632c,0x5aeb,0x4a49,0x7bcf,0x39c7,
		0x2945,0x528a,0x9492,0x9492,0x7bef,0x5acb,0x9492,0x738e,0x94b2,0x8410,0x8410,0x6b4d,0x6b4d,0x94b2,0x528a,0x3186,
		0x2965,0x528a,0x73ae,0x7bcf,0x7bcf,0x52aa,0x9492,0x8410,0x7bcf,0x7bcf,0x7bef,0x5acb,0x6b4d,0x6b4d,0x6b4d,0x2945,
		0x39c7,0x738e,0x8c51,0x7bcf,0x738e,0x5acb,0x7bcf,0x7bcf,0x8410,0x7bcf,0x5acb,0x632c,0x8c71,0x6b4d,0x738e,0x2124,
		0x2945,0x5acb,0x5acb,0x5acb,0x5acb,0x5acb,0x6b6d,0x7bcf,0x630c,0x5acb,0x9492,0x8c51,0x7bcf,0x7bcf,0x39c7,0x2124,
		0x3186,0x630c,0x738e,0x9492,0x8c71,0x9492,0x6b4d,0x5acb,0x6b6d,0x9cf3,0x8c51,0x7bcf,0x8410,0x7bcf,0x630c,0x2104,
		0x39c7,0x6b6d,0x5acb,0x630c,0x4228,0x52aa,0x738e,0x738e,0x4a69,0x630c,0x632c,0x630c,0x52aa,0x4228,0x52aa,0x3186,
		0x39c7,0x31a6,0x31a6,0x3186,0x3186,0x2965,0x2965,0x2965,0x2124,0x39c7,0x39c7,0x31a6,0x2965,0x2124,0x31a6,0x3186
	},
    {
		0x39c7,0x31a6,0x31a6,0x3186,0x3186,0x2965,0x2965,0x2965,0x2124,0x39c7,0x39c7,0x31a6,0x2965,0x2124,0x31a6,0x3186, //furance side
		0x39c7,0x6b6d,0x5acb,0x630c,0x4228,0x52aa,0x738e,0x738e,0x4a69,0x630c,0x632c,0x630c,0x52aa,0x4228,0x52aa,0x3186, //30
		0x2945,0x528a,0x7bcf,0x52aa,0x630c,0x8c71,0x8c71,0x7bcf,0x632c,0x528a,0x8430,0x7bef,0x5aeb,0x7bcf,0x528a,0x3186,
		0x2965,0x528a,0x5aeb,0x6b6d,0x9cd3,0x632c,0x8c51,0x8430,0x5aeb,0x6b6d,0x5acb,0x5acb,0x6b4d,0x8c51,0x6b4d,0x2945,
		0x39c7,0x738e,0x7bcf,0x6b4d,0x8c71,0x7bcf,0x7bcf,0x5acb,0x6b4d,0x8c51,0x94b2,0x94b2,0x738e,0x8430,0x738e,0x2124,
		0x2945,0x5acb,0x7bef,0x6b6d,0x7bef,0x7bef,0x7bcf,0x5acb,0x9492,0x9492,0x7bef,0x8410,0x7bcf,0x6b4d,0x39c7,0x2124,
		0x3186,0x630c,0x7bef,0x6b6d,0x73ae,0x5acb,0x6b4d,0x7bcf,0x738e,0x8430,0x8c71,0x7bef,0x8410,0x8430,0x630c,0x2104,
		0x2965,0x5aeb,0x5acb,0x632c,0x8c71,0x8c71,0x6b4d,0x632c,0x6b4d,0x5acb,0x5acb,0x7bef,0x8430,0x5acb,0x528a,0x39c7,
		0x2965,0x4228,0x7bcf,0x8c71,0x9cf3,0x7bcf,0x73ae,0x94b2,0x9492,0x8430,0x7bcf,0x6b6d,0x6b4d,0x5aeb,0x7bcf,0x39c7,
		0x4a49,0x8c71,0xc638,0xc638,0xc638,0xce59,0xce79,0xce79,0xc618,0xce79,0xce59,0xc638,0xc638,0xc638,0x8c71,0x39e7,
		0x4a49,0x7bcf,0xb596,0xb596,0xb596,0xb596,0xb596,0xb596,0xa514,0xb596,0xb596,0xb596,0x9cf3,0xad55,0x7bcf,0x3186,
		0x4a49,0x7bef,0xad55,0xad55,0xad55,0x9cf3,0xad55,0xb596,0xad55,0xad55,0xa514,0xa514,0xa514,0xa514,0x73ae,0x3186,
		0x4a49,0x7bef,0xb596,0xa514,0xa514,0xa514,0xa514,0xa514,0xa514,0xa514,0xb596,0xb596,0xb596,0xb596,0x7bef,0x2965,
		0x4a49,0x73ae,0xad55,0xad55,0xad55,0xa514,0xa514,0xa514,0xad55,0x9cf3,0xad55,0xad55,0xa514,0xa514,0x738e,0x3186,
		0x4a69,0x7bef,0x7bcf,0x7bcf,0x7bcf,0x73ae,0x7bef,0x7bef,0x7bcf,0x7bcf,0x7bcf,0x7bcf,0x7bef,0x7bef,0x7bef,0x2965,
		0x39e7,0x3186,0x3186,0x3186,0x3186,0x3186,0x3186,0x3186,0x3186,0x2965,0x3186,0x3186,0x3186,0x3186,0x3186,0x3186
	},
    {
		0x39c7,0x31a6,0x31a6,0x3186,0x3186,0x2965,0x2965,0x2965,0x2124,0x39c7,0x39c7,0x31a6,0x2965,0x2124,0x31a6,0x3186, //furnace front
		0x39c7,0x6b6d,0x5acb,0x630c,0x4228,0x52aa,0x738e,0x738e,0x4a69,0x630c,0x632c,0x630c,0x52aa,0x4228,0x52aa,0x3186, //31
		0x2945,0x528a,0x7bcf,0x52aa,0x630c,0x8c71,0x8c71,0x7bcf,0x632c,0x528a,0x8430,0x7bef,0x5aeb,0x7bcf,0x528a,0x3186,
		0x2965,0x528a,0x5aeb,0x6b6d,0x6b6d,0x2124,0x3186,0x3186,0x2104,0x2945,0x2104,0x4208,0x6b4d,0x8c51,0x6b4d,0x2945,
		0x39c7,0x738e,0x7bcf,0x4a69,0x31a6,0x0020,0x0020,0x0020,0x0020,0x0020,0x0020,0x31a6,0x528a,0x8430,0x738e,0x2124,
		0x2945,0x5acb,0x7bef,0x2945,0x0020,0x0020,0x0020,0x0020,0x0020,0x0020,0x0020,0x0020,0xa514,0x6b4d,0x39c7,0x2124,
		0x3186,0x630c,0x7bef,0x2945,0x0020,0x0861,0x0861,0x1082,0x1082,0x1082,0x10a2,0x0020,0xa534,0x8430,0x630c,0x2104,
		0x2965,0x5aeb,0x5acb,0x2124,0x738e,0xb5b6,0xad55,0xad55,0xad55,0xa534,0xa534,0x6b4d,0xad55,0x5acb,0x528a,0x39c7,
		0x2965,0x4228,0x7bcf,0x8410,0x5aeb,0x528a,0x4a69,0x5acb,0x5acb,0x52aa,0x528a,0x4a69,0x73ae,0x5aeb,0x7bcf,0x39c7,
		0x4a49,0x8c71,0xc638,0xc638,0xc638,0xce59,0xce79,0xce79,0xc618,0xce79,0xce59,0xc638,0xc638,0xc638,0x8c71,0x39e7,
		0x4a49,0x7bcf,0xb596,0xb596,0xb596,0x7bef,0x4208,0x4208,0x39e7,0x4208,0x7bef,0xb596,0x9cf3,0xad55,0x7bcf,0x3186,
		0x4a49,0x7bef,0xad55,0x7bcf,0x39e7,0x39c7,0x0020,0x0020,0x0020,0x0020,0x39e7,0x39e7,0x73ae,0xa514,0x73ae,0x3186,
		0x4a49,0x7bef,0x7bef,0x39e7,0x0020,0x0020,0x0020,0x0020,0x0020,0x0020,0x0020,0x0020,0x4208,0xb596,0x7bef,0x2965,
		0x4a49,0x73ae,0x39e7,0x0020,0x1082,0x18c3,0x18c3,0x18c3,0x18c3,0x10a2,0x18c3,0x1082,0x0020,0xb596,0x738e,0x3186,
		0x4a69,0x7bef,0x39e7,0x1082,0x2945,0x2124,0x2945,0x2945,0x2945,0x2945,0x2945,0x2945,0x1082,0xb5b6,0x7bef,0x2965,
		0x39e7,0x630c,0x3186,0x2945,0x2945,0x2945,0x2945,0x2945,0x2945,0x2124,0x2945,0x2945,0x2945,0xa534,0x630c,0x3186
	},

    {
		0x0000,0x0000,0x0000,0x0000,0x0000,0x0000,0x0000,0x0000,0x0000,0x0000,0x0000,0x0000,0x0000,0x0000,0x0000,0x0000, //coal
		0x0000,0x0000,0x0000,0x0000,0x0000,0x0000,0x0000,0x0000,0x0000,0x0000,0x0000,0x0000,0x0000,0x0000,0x0000,0x0000, //32
		0x0000,0x0000,0x0000,0x0000,0x0000,0x18e3,0x18e3,0x18e3,0x18e3,0x0000,0x0000,0x0000,0x0000,0x0000,0x0000,0x0000,
		0x0000,0x0000,0x0000,0x0000,0x18e3,0x2965,0x3186,0x3186,0x2965,0x18e3,0x0000,0x0000,0x0000,0x0000,0x0000,0x0000,
		0x0000,0x0000,0x0000,0x18e3,0x2124,0x31a6,0x39e8,0x3186,0x2124,0x2124,0x18e3,0x0000,0x0000,0x0000,0x0000,0x0000,
		0x0000,0x0000,0x0000,0x18e3,0x31a6,0x2124,0x3186,0x2965,0x3186,0x2965,0x2124,0x18e3,0x0000,0x0000,0x0000,0x0000,
		0x0000,0x0000,0x0000,0x18e3,0x20e4,0x20e4,0x2124,0x31a6,0x39e8,0x31a6,0x3186,0x2124,0x18e3,0x0000,0x0000,0x0000,
		0x0000,0x0000,0x18e3,0x2124,0x2965,0x2124,0x20e4,0x2124,0x31a6,0x31a6,0x2965,0x2124,0x3186,0x1082,0x0000,0x0000,
		0x0000,0x0000,0x18e3,0x2965,0x39e8,0x3186,0x2124,0x2965,0x2965,0x2965,0x2124,0x20e4,0x2124,0x1082,0x0000,0x0000,
		0x0000,0x0000,0x18e3,0x2124,0x2965,0x2965,0x2965,0x2124,0x2124,0x2124,0x2965,0x20e4,0x20e4,0x20e4,0x1082,0x0000,
		0x0000,0x0000,0x18e3,0x2124,0x2124,0x2124,0x20e4,0x2124,0x2965,0x20e4,0x2124,0x18a4,0x2124,0x18a4,0x1082,0x0000,
		0x0000,0x0000,0x18e3,0x18a4,0x20e4,0x2124,0x20e4,0x20e4,0x20e4,0x20e4,0x20e4,0x18a4,0x20e4,0x18a4,0x1082,0x0000,
		0x0000,0x0000,0x0000,0x1082,0x18a4,0x18a4,0x20e4,0x2124,0x18a4,0x20e4,0x20e4,0x18a4,0x18a4,0x1082,0x0000,0x0000,
		0x0000,0x0000,0x0000,0x0000,0x1082,0x18a4,0x18a4,0x18a4,0x18a4,0x1082,0x1082,0x1082,0x1082,0x0000,0x0000,0x0000,
		0x0000,0x0000,0x0000,0x0000,0x0000,0x1082,0x1082,0x1082,0x1082,0x0000,0x0000,0x0000,0x0000,0x0000,0x0000,0x0000,
		0x0000,0x0000,0x0000,0x0000,0x0000,0x0000,0x0000,0x0000,0x0000,0x0000,0x0000,0x0000,0x0000,0x0000,0x0000,0x0000
	},
    {
		0x0000,0x0000,0x0000,0x0000,0x0000,0x0000,0x0000,0x0000,0x0000,0x0000,0x0000,0x0000,0x0000,0x0000,0x0000,0x0000, //iron ingot
		0x0000,0x0000,0x0000,0x0000,0x0000,0x0000,0x0000,0x0000,0x0000,0x0000,0x0000,0x0000,0x0000,0x0000,0x0000,0x0000, //33
		0x0000,0x0000,0x0000,0x0000,0x0000,0x0000,0x0000,0x0000,0x0000,0x0000,0x5aeb,0x5aeb,0x0000,0x0000,0x0000,0x0000,
		0x0000,0x0000,0x0000,0x0000,0x0000,0x0000,0x0000,0x5aeb,0x5aeb,0x5aeb,0xad55,0xad55,0x738e,0x0000,0x0000,0x0000,
		0x0000,0x0000,0x0000,0x0000,0x5aeb,0x5aeb,0x5aeb,0xad55,0xdedb,0xdedb,0xdedb,0xdedb,0xad55,0x738e,0x0000,0x0000,
		0x0000,0x5aeb,0x5aeb,0x5aeb,0xad55,0xdedb,0xdedb,0xdedb,0xdedb,0xdedb,0xdedb,0xdedb,0xdedb,0xad55,0x738e,0x0000,
		0x5aeb,0xffff,0xdedb,0xdedb,0xdedb,0xdedb,0xdedb,0xdedb,0xdedb,0xdedb,0xdedb,0xdedb,0xffff,0xffff,0xdedb,0x738e,
		0x5aeb,0xad55,0xffff,0xdedb,0xdedb,0xdedb,0xdedb,0xdedb,0xdedb,0xffff,0xffff,0xffff,0xdedb,0x738e,0xad55,0x31a6,
		0x5aeb,0xad55,0xad55,0xffff,0xdedb,0xdedb,0xffff,0xffff,0xffff,0xdedb,0x8410,0x738e,0x738e,0x8410,0xad55,0x31a6,
		0x5aeb,0xad55,0xad55,0xad55,0xffff,0xffff,0xdedb,0x8410,0x738e,0x738e,0x738e,0x738e,0xad55,0xad55,0xad55,0x31a6,
		0x5aeb,0x8410,0xad55,0xad55,0xdedb,0x8410,0x738e,0x738e,0x738e,0x738e,0xad55,0xad55,0x8410,0x31a6,0x31a6,0x0000,
		0x0000,0x5aeb,0x8410,0xad55,0xdedb,0x8410,0x738e,0x738e,0x8410,0x8410,0x31a6,0x31a6,0x31a6,0x0000,0x0000,0x0000,
		0x0000,0x0000,0x5aeb,0x8410,0xad55,0x8410,0x5acb,0x31a6,0x31a6,0x31a6,0x0000,0x0000,0x0000,0x0000,0x0000,0x0000,
		0x0000,0x0000,0x0000,0x5aeb,0x5aeb,0x31a6,0x31a6,0x0000,0x0000,0x0000,0x0000,0x0000,0x0000,0x0000,0x0000,0x0000,
		0x0000,0x0000,0x0000,0x0000,0x0000,0x0000,0x0000,0x0000,0x0000,0x0000,0x0000,0x0000,0x0000,0x0000,0x0000,0x0000,
		0x0000,0x0000,0x0000,0x0000,0x0000,0x0000,0x0000,0x0000,0x0000,0x0000,0x0000,0x0000,0x0000,0x0000,0x0000,0x0000
	},
    {
		0x0000,0x0000,0x0000,0x0000,0x0000,0x0000,0x0000,0x0000,0x0000,0x0000,0x0000,0x0000,0x0000,0x0000,0x0000,0x0000, //gold ingot
		0x0000,0x0000,0x0000,0x0000,0x0000,0x0000,0x0000,0x0000,0x0000,0x0000,0x0000,0x0000,0x0000,0x0000,0x0000,0x0000, //34
		0x0000,0x0000,0x0000,0x0000,0x0000,0x0000,0x0000,0x0000,0x0000,0x0000,0xb322,0xb322,0x0000,0x0000,0x0000,0x0000,
		0x0000,0x0000,0x0000,0x0000,0x0000,0x0000,0x0000,0xb322,0xb322,0xb322,0xfea9,0xfea9,0xb322,0x0000,0x0000,0x0000,
		0x0000,0x0000,0x0000,0x0000,0xb322,0xb322,0xb322,0xffab,0xffab,0xffab,0xffab,0xffab,0xffab,0xb322,0x0000,0x0000,
		0x0000,0xb322,0xb322,0xb322,0xfea9,0xffab,0xffab,0xffab,0xffab,0xffab,0xffab,0xffab,0xffab,0xfea9,0x7140,0x0000,
		0xb322,0xfffc,0xffab,0xffab,0xffab,0xffab,0xffab,0xffab,0xffab,0xffab,0xffab,0xffab,0xfffc,0xfffc,0xffab,0x7140,
		0xb322,0xfea9,0xfffc,0xffab,0xffab,0xffab,0xffab,0xffab,0xffab,0xfffc,0xfffc,0xfffc,0xffab,0xdca2,0xfea9,0x7140,
		0xb322,0xfea9,0xffab,0xfffc,0xffab,0xffab,0xfffc,0xfffc,0xfffc,0xffab,0xed82,0xdca2,0xdca2,0xdca2,0xfea9,0x7140,
		0xb322,0xfea9,0xffab,0xfea9,0xffff,0xfffc,0xffab,0xed82,0xdca2,0xdca2,0xdca2,0xdca2,0xed82,0xfea9,0xfea9,0x7140,
		0xb322,0xed82,0xffab,0xfea9,0xffab,0xed82,0xdca2,0xdca2,0xdca2,0xdca2,0xed82,0xfea9,0xfea9,0x7140,0x7140,0x0000,
		0x0000,0xb322,0xed82,0xfea9,0xffab,0xed82,0xdca2,0xdca2,0xed82,0xed82,0x7140,0x7140,0x7140,0x0000,0x0000,0x0000,
		0x0000,0x0000,0xb322,0xed82,0xfea9,0xed82,0xed82,0x7140,0x7140,0x7140,0x0000,0x0000,0x0000,0x0000,0x0000,0x0000,
		0x0000,0x0000,0x0000,0xb322,0xb322,0x7140,0x7140,0x0000,0x0000,0x0000,0x0000,0x0000,0x0000,0x0000,0x0000,0x0000,
		0x0000,0x0000,0x0000,0x0000,0x0000,0x0000,0x0000,0x0000,0x0000,0x0000,0x0000,0x0000,0x0000,0x0000,0x0000,0x0000,
		0x0000,0x0000,0x0000,0x0000,0x0000,0x0000,0x0000,0x0000,0x0000,0x0000,0x0000,0x0000,0x0000,0x0000,0x0000,0x0000
	},
    {
		0x0000,0x0000,0x0000,0x0000,0x0000,0x0000,0x0000,0x0000,0x0000,0x0000,0x0000,0x0000,0x0000,0x0000,0x0000,0x0000, //emerald
		0x0000,0x0000,0x0000,0x0000,0x0000,0x0000,0x0000,0x0000,0x0000,0x0000,0x0000,0x0000,0x0000,0x0000,0x0000,0x0000, //35
		0x0000,0x0000,0x0000,0x0000,0x0000,0x0000,0x0280,0x0280,0x0280,0x0280,0x0000,0x0000,0x0000,0x0000,0x0000,0x0000,
		0x0000,0x0000,0x0000,0x0000,0x0000,0x0280,0xdffd,0x4790,0x4790,0x16ec,0x0280,0x0000,0x0000,0x0000,0x0000,0x0000,
		0x0000,0x0000,0x0000,0x0000,0x0280,0xdffd,0xaff9,0x4790,0x4790,0x0545,0x16ec,0x0160,0x0000,0x0000,0x0000,0x0000,
		0x0000,0x0000,0x0000,0x0280,0xdffd,0xaff9,0xaff9,0x4790,0x4790,0x0545,0x0545,0x16ec,0x0160,0x0000,0x0000,0x0000,
		0x0000,0x0000,0x0000,0x0280,0xaff9,0x16ec,0x16ec,0xaff9,0xaff9,0x0545,0x04a5,0x0545,0x0160,0x0000,0x0000,0x0000,
		0x0000,0x0000,0x0000,0x0280,0xaff9,0x16ec,0x16ec,0xaff9,0x87b5,0x0545,0x03c3,0x0545,0x0160,0x0000,0x0000,0x0000,
		0x0000,0x0000,0x0000,0x0280,0xaff9,0x16ec,0x16ec,0xaff9,0x87b5,0x0545,0x03c3,0x0545,0x0160,0x0000,0x0000,0x0000,
		0x0000,0x0000,0x0000,0x0280,0xaff9,0x16ec,0x16ec,0x87b5,0x87b5,0x0545,0x03c3,0x16ec,0x0160,0x0000,0x0000,0x0000,
		0x0000,0x0000,0x0000,0x0280,0xaff9,0x16ec,0x16ec,0x87b5,0x4790,0x03c3,0x04a5,0x16ec,0x0160,0x0000,0x0000,0x0000,
		0x0000,0x0000,0x0000,0x0000,0x0280,0x0545,0x04a5,0x03c3,0x03c3,0x04a5,0x87b5,0x0160,0x0000,0x0000,0x0000,0x0000,
		0x0000,0x0000,0x0000,0x0000,0x0000,0x0280,0x0545,0x04a5,0x03c3,0x16ec,0x0160,0x0000,0x0000,0x0000,0x0000,0x0000,
		0x0000,0x0000,0x0000,0x0000,0x0000,0x0000,0x0160,0x0160,0x0160,0x0160,0x0000,0x0000,0x0000,0x0000,0x0000,0x0000,
		0x0000,0x0000,0x0000,0x0000,0x0000,0x0000,0x0000,0x0000,0x0000,0x0000,0x0000,0x0000,0x0000,0x0000,0x0000,0x0000,
		0x0000,0x0000,0x0000,0x0000,0x0000,0x0000,0x0000,0x0000,0x0000,0x0000,0x0000,0x0000,0x0000,0x0000,0x0000,0x0000
	},
    {
		0x0000,0x0000,0x0000,0x0000,0x0000,0x0000,0x0000,0x0000,0x0000,0x0000,0x0000,0x0000,0x0000,0x0000,0x0000,0x0000, //diamond
		0x0000,0x0000,0x0000,0x0000,0x0000,0x0000,0x0000,0x0000,0x0000,0x0000,0x0000,0x0000,0x0000,0x0000,0x0000,0x0000, //36
		0x0000,0x0000,0x0000,0x0000,0x0000,0x0000,0x138f,0x138f,0x138f,0x138f,0x0000,0x0000,0x0000,0x0000,0x0000,0x0000,
		0x0000,0x0000,0x0000,0x0000,0x0000,0x138f,0xffff,0xffff,0xffff,0xd7fe,0x138f,0x0000,0x0000,0x0000,0x0000,0x0000,
		0x0000,0x0000,0x0000,0x0000,0x138f,0xffff,0x4f7b,0x4f7b,0xa7dd,0xd7fe,0x2636,0x12ea,0x0000,0x0000,0x0000,0x0000,
		0x0000,0x0000,0x0000,0x138f,0xffff,0x4f7b,0xa7dd,0xa7dd,0xd7fe,0xa7dd,0x4f7b,0x2636,0x12ea,0x0000,0x0000,0x0000,
		0x0000,0x0000,0x0000,0x138f,0xffff,0x4f7b,0xffff,0xd7fe,0xffff,0xd7fe,0x4f7b,0x4f7b,0x12ea,0x0000,0x0000,0x0000,
		0x0000,0x0000,0x138f,0xffff,0x4f7b,0xffff,0x4f7b,0x4f7b,0xa7dd,0xa7dd,0x1d54,0x2636,0x1d54,0x12ea,0x0000,0x0000,
		0x0000,0x0000,0x138f,0xffff,0x4f7b,0xd7fe,0x4f7b,0xa7dd,0xa7dd,0xa7dd,0x1c93,0x2636,0x1d54,0x12ea,0x0000,0x0000,
		0x0000,0x0000,0x138f,0xffff,0xffff,0x2636,0xa7dd,0xa7dd,0xa7dd,0x4f7b,0x1c93,0x1d54,0x1d54,0x12ea,0x0000,0x0000,
		0x0000,0x0000,0x138f,0xd7fe,0x4f7b,0x4f7b,0x1d54,0x1d54,0x1d54,0x1d54,0x2636,0x2636,0x1c93,0x12ea,0x0000,0x0000,
		0x0000,0x0000,0x0000,0x12ea,0x4f7b,0x1d54,0x2636,0x2636,0x2636,0x2636,0x1d54,0x2636,0x12ea,0x0000,0x0000,0x0000,
		0x0000,0x0000,0x0000,0x12ea,0x2f1b,0x1d54,0x2636,0x2636,0x2636,0x2636,0x1d54,0xa7dd,0x12ea,0x0000,0x0000,0x0000,
		0x0000,0x0000,0x0000,0x0000,0x12ea,0x1c93,0x4f7b,0x4f7b,0xa7dd,0xa7dd,0x2636,0x12ea,0x0000,0x0000,0x0000,0x0000,
		0x0000,0x0000,0x0000,0x0000,0x0000,0x12ea,0x12ea,0x12ea,0x12ea,0x12ea,0x12ea,0x0000,0x0000,0x0000,0x0000,0x0000,
		0x0000,0x0000,0x0000,0x0000,0x0000,0x0000,0x0000,0x0000,0x0000,0x0000,0x0000,0x0000,0x0000,0x0000,0x0000,0x0000
	},
    {
		0xffff,0xffff,0xffff,0x0000,0xffff,0xffff,0xffff,0xffff,0xffff,0xffff,0xffff,0xffff,0xffff,0xffff,0xffff,0xc7bf, //glass
		0xffff,0x0000,0x0000,0x0000,0x0000,0x0000,0x0000,0xc7bf,0x0000,0x0000,0x0000,0x0000,0x0000,0x0000,0x0000,0xb6bb, //37
		0xffff,0x0000,0x0000,0xffff,0x0000,0x0000,0xc7bf,0x0000,0x0000,0x0000,0x0000,0x0000,0x0000,0x0000,0x0000,0x0000,
		0xffff,0x0000,0xffff,0x0000,0x0000,0x0000,0x0000,0x0000,0x0000,0x0000,0x0000,0x0000,0x0000,0x0000,0xc7bf,0xb6bb,
		0xffff,0xffff,0x0000,0x0000,0x0000,0x0000,0x0000,0x0000,0x0000,0xffff,0x0000,0x0000,0x0000,0xc7bf,0x0000,0xb6bb,
		0xffff,0x0000,0x0000,0x0000,0x0000,0x0000,0x0000,0x0000,0xffff,0x0000,0x0000,0x0000,0xc7bf,0x0000,0x0000,0x0000,
		0x0000,0x0000,0x0000,0x0000,0x0000,0x0000,0x0000,0xc7bf,0x0000,0x0000,0x0000,0x0000,0x0000,0x0000,0x0000,0xb6bb,
		0xffff,0x0000,0xc7bf,0x0000,0x0000,0x0000,0xc7bf,0x0000,0x0000,0x0000,0x0000,0x0000,0x0000,0x0000,0x0000,0xb6bb,
		0xffff,0xc7bf,0x0000,0x0000,0x0000,0x0000,0x0000,0x0000,0x0000,0x0000,0x0000,0x0000,0x0000,0x0000,0x0000,0xb6bb,
		0xffff,0x0000,0x0000,0x0000,0x0000,0x0000,0x0000,0x0000,0xffff,0x0000,0x0000,0x0000,0x0000,0x0000,0x0000,0x0000,
		0x0000,0x0000,0x0000,0x0000,0x0000,0x0000,0x0000,0xffff,0x0000,0x0000,0x0000,0x0000,0x0000,0xffff,0x0000,0x0000,
		0xffff,0x0000,0x0000,0x0000,0x0000,0x0000,0xc7bf,0x0000,0x0000,0x0000,0x0000,0x0000,0xffff,0x0000,0x0000,0xb6bb,
		0x0000,0xc7bf,0x0000,0x0000,0x0000,0x0000,0x0000,0x0000,0x0000,0x0000,0x0000,0xffff,0x0000,0x0000,0x0000,0xb6bb,
		0xc7bf,0x0000,0x0000,0x0000,0x0000,0x0000,0x0000,0x0000,0x0000,0x0000,0xc7bf,0x0000,0x0000,0x0000,0x0000,0xb6bb,
		0xffff,0x0000,0x0000,0x0000,0x0000,0x0000,0x0000,0x0000,0x0000,0x0000,0x0000,0x0000,0x0000,0x0000,0x0000,0xc7bf,
		0xc7bf,0xb6bb,0xb6bb,0xb6bb,0xb6bb,0xb6bb,0x0000,0x0000,0xb6bb,0xb6bb,0x0000,0xb6bb,0xb6bb,0xb6bb,0xb6bb,0xc7bf
	},
    {
		0x0000,0x0000,0x0000,0x0000,0x0000,0x0000,0x0000,0x0000,0x0000,0x0000,0x0000,0x0000,0x0000,0x0000,0x0000,0x0000, //dandelion
		0x0000,0x0000,0x0000,0x0000,0x0000,0x0000,0x0000,0x0000,0x0000,0x0000,0x0000,0x0000,0x0000,0x0000,0x0000,0x0000, //38
		0x0000,0x0000,0x0000,0x0000,0x0000,0x0000,0x0000,0x0000,0x0000,0x0000,0x0000,0x0000,0x0000,0x0000,0x0000,0x0000,
		0x0000,0x0000,0x0000,0x0000,0x0000,0x0000,0x0000,0x0000,0x0000,0x0000,0x0000,0x0000,0x0000,0x0000,0x0000,0x0000,
		0x0000,0x0000,0x0000,0x0000,0x0000,0x0000,0x0000,0x0000,0x0000,0x0000,0x0000,0x0000,0x0000,0x0000,0x0000,0x0000,
		0x0000,0x0000,0x0000,0x0000,0x0000,0x0000,0x0000,0x0000,0x0000,0x0000,0x0000,0x0000,0x0000,0x0000,0x0000,0x0000,
		0x0000,0x0000,0x0000,0x0000,0x0000,0x0000,0x0000,0x0000,0x0000,0x0000,0x0000,0x0000,0x0000,0x0000,0x0000,0x0000,
		0x0000,0x0000,0x0000,0x0000,0x0000,0x0000,0x0000,0x0000,0x0000,0x0000,0x0000,0x0000,0x0000,0x0000,0x0000,0x0000,
		0x0000,0x0000,0x0000,0x0000,0x0000,0xce80,0xf7c0,0x0000,0xf7c0,0xb5e0,0xf7c0,0x0000,0x0000,0x0000,0x0000,0x0000,
		0x0000,0x0000,0x0000,0x0000,0x0000,0x0000,0xce80,0xce80,0xf7c0,0x8c80,0x0000,0x0000,0x0000,0x0000,0x0000,0x0000,
		0x0000,0x0000,0x0000,0x0000,0x0000,0xf7c0,0xf7c0,0xb5e0,0x8c80,0x8c80,0xce80,0x0000,0x0000,0x0000,0x0000,0x0000,
		0x0000,0x0000,0x0000,0x0000,0x0000,0x0000,0x0000,0x1420,0x1420,0x0000,0x0000,0x0000,0x0000,0x0000,0x0000,0x0000,
		0x0000,0x0000,0x0000,0x0000,0x0000,0x0000,0x0000,0x1420,0x1300,0x1420,0x1300,0x0000,0x0000,0x0000,0x0000,0x0000,
		0x0000,0x0000,0x0000,0x0000,0x0000,0x1300,0x1420,0x1420,0x1300,0x1300,0x0000,0x0000,0x0000,0x0000,0x0000,0x0000,
		0x0000,0x0000,0x0000,0x0000,0x0000,0x0000,0x1300,0x1420,0x1300,0x0000,0x0000,0x0000,0x0000,0x0000,0x0000,0x0000,
		0x0000,0x0000,0x0000,0x0000,0x0000,0x0000,0x0000,0x1420,0x1300,0x0000,0x0000,0x0000,0x0000,0x0000,0x0000,0x0000
	},
    {
		0x0000,0x0000,0x0000,0x0000,0x0000,0x0000,0x0000,0x0000,0x0000,0x0000,0x0000,0x0000,0x0000,0x0000,0x0000,0x0000, //sapling
		0x0000,0x0000,0x0000,0x0000,0x0000,0x0000,0x0000,0x0000,0x0000,0x0000,0x0000,0x5567,0x0000,0x0000,0x0000,0x0000, //39
		0x0000,0x0000,0x0000,0x0000,0x5567,0x5567,0x0000,0x0000,0x0000,0x0000,0x5567,0x4465,0x1282,0x0000,0x0000,0x0000,
		0x0000,0x0000,0x0000,0x0000,0x2363,0x4465,0x0000,0x5567,0x5567,0x4465,0x0000,0x4465,0x7b07,0x0000,0x0000,0x0000,
		0x0000,0x0000,0x0000,0x5567,0x7b07,0x1b23,0x1282,0x0000,0x4465,0x1282,0x4982,0x59e3,0x59e3,0x1282,0x0000,0x0000,
		0x0000,0x0000,0x0000,0x4465,0x7285,0x1282,0x1282,0x0000,0x1282,0x7b07,0x59e3,0x4982,0x4982,0x7b07,0x0000,0x0000,
		0x0000,0x0000,0x0000,0x0000,0x0000,0x7285,0x7b07,0x4982,0x7b07,0x59e3,0x4982,0x1282,0x0000,0x5567,0x4465,0x0000,
		0x0000,0x0000,0x0000,0x5567,0x1282,0x0000,0x51c3,0x59e3,0x5567,0x5567,0x0000,0x0000,0x5567,0x4465,0x1282,0x0000,
		0x0000,0x0000,0x0000,0x4465,0x0000,0x7b07,0x72a6,0x72a6,0x4465,0x1b23,0x1282,0x4982,0x0000,0x1282,0x0000,0x0000,
		0x0000,0x0000,0x0000,0x0000,0x4465,0x72a6,0x4982,0x59e3,0x7b07,0x1282,0x59e3,0x59e3,0x72a6,0x7b07,0x5567,0x0000,
		0x0000,0x0000,0x0000,0x5567,0x1b23,0x4982,0x0000,0x5567,0x1282,0x4982,0x4982,0x5567,0x1282,0x0000,0x1282,0x4465,
		0x0000,0x0000,0x5567,0x4465,0x1282,0x1282,0x0000,0x4465,0x1282,0x7b07,0x4982,0x0000,0x0000,0x0000,0x0000,0x1282,
		0x0000,0x0000,0x4465,0x1282,0x0000,0x1282,0x0000,0x4982,0x7b07,0x5567,0x2363,0x0000,0x0000,0x0000,0x0000,0x0000,
		0x0000,0x0000,0x0000,0x0000,0x0000,0x0000,0x0000,0x7b07,0x72a6,0x4982,0x1282,0x0000,0x0000,0x0000,0x0000,0x0000,
		0x0000,0x0000,0x0000,0x0000,0x0000,0x0000,0x0000,0x7b07,0x59e3,0x4982,0x0000,0x0000,0x0000,0x0000,0x0000,0x0000,
		0x0000,0x0000,0x0000,0x0000,0x0000,0x0000,0x0000,0x7285,0x59e3,0x4982,0x0000,0x0000,0x0000,0x0000,0x0000,0x0000
	},
    {
		0xca21,0xca01,0xca01,0xd261,0xd241,0xdbe4,0xdbe4,0xd322,0xd2c2,0xd2a1,0xd2e2,0xe527,0xe4e6,0xd241,0xc9e0,0xca01, //lava
		0xca01,0xc9e1,0xd2c2,0xca01,0xca01,0xd2e2,0xdc04,0xdc04,0xd281,0xd281,0xd2e2,0xe4a5,0xdb83,0xca01,0xc9e0,0xca01, //40
		0xca21,0xc9e1,0xc9e1,0xd2c2,0xc9e0,0xca21,0xd2e2,0xd2e2,0xd281,0xd2e2,0xd281,0xd2a1,0xca41,0xc9e0,0xc9e1,0xca21,
		0xdba3,0xca21,0xca01,0xc9e1,0xc9c0,0xc9e0,0xca21,0xd241,0xd261,0xd261,0xca41,0xca21,0xca01,0xca01,0xd261,0xd302,
		0xdbe4,0xd261,0xd261,0xd261,0xca01,0xd241,0xca01,0xca21,0xd2e2,0xca21,0xc9e1,0xca01,0xca01,0xd241,0xdbe4,0xe4c6,
		0xd2e2,0xca41,0xd2c2,0xe465,0xd2c2,0xca21,0xd241,0xdb42,0xd261,0xca01,0xc9e1,0xca01,0xca01,0xc9e1,0xd302,0xe485,
		0xd261,0xc9e0,0xca01,0xd281,0xca41,0xca01,0xd2a1,0xe526,0xdc44,0xdb42,0xca01,0xc9e1,0xca01,0xca21,0xdb63,0xdb83,
		0xca01,0xc9e1,0xca01,0xca01,0xc9c0,0xc9c0,0xca41,0xdc44,0xe526,0xdc44,0xca41,0xca01,0xc9e1,0xca01,0xca41,0xd261,
		0xca01,0xca21,0xd2a1,0xd241,0xca21,0xca01,0xc9c0,0xca21,0xd241,0xd302,0xca41,0xca41,0xca01,0xca01,0xc9e1,0xc9e1,
		0xc9e1,0xca01,0xd261,0xd2a1,0xd2e2,0xdb83,0xca41,0xca01,0xca41,0xd322,0xd2c2,0xca41,0xca21,0xdb22,0xdb63,0xca01,
		0xc9e1,0xc9e0,0xca01,0xd322,0xdc04,0xe4e6,0xd322,0xc9e1,0xdb42,0xed88,0xe527,0xd2e2,0xca01,0xdbc3,0xdba3,0xca01,
		0xc9e1,0xc9e0,0xc9e0,0xd2a1,0xdc04,0xe485,0xd2c2,0xca21,0xd261,0xdbe4,0xdb42,0xca41,0xca41,0xd261,0xd261,0xca01,
		0xd261,0xca01,0xca01,0xca41,0xdb22,0xd2c2,0xca01,0xca21,0xc9e0,0xca01,0xca01,0xd241,0xd261,0xd241,0xd281,0xd281,
		0xdb63,0xd2a1,0xca01,0xc9e1,0xca01,0xca01,0xca21,0xc9e1,0xca41,0xca01,0xc9e1,0xca01,0xd281,0xd302,0xd2c2,0xd2e2,
		0xd261,0xd281,0xd2a1,0xd261,0xca21,0xca21,0xd241,0xca41,0xca41,0xca01,0xc9e1,0xca01,0xdb83,0xe485,0xd302,0xca41,
		0xd281,0xd2e2,0xdb22,0xd2e2,0xca41,0xdb42,0xdb83,0xd2a1,0xd261,0xca41,0xca01,0xd2e2,0xdc44,0xdba3,0xca21,0xca41
	},
    {
		0x1083,0x1083,0x1083,0x0862,0x0862,0x1083,0x0862,0x0862,0x1083,0x0841,0x0862,0x1083,0x1084,0x1082,0x0841,0x1083, //obsidian
		0x0862,0x1082,0x0841,0x0841,0x0841,0x1082,0x0863,0x1083,0x0841,0x314a,0x1083,0x1083,0x1083,0x0841,0x398a,0x1083, //41
		0x1083,0x0841,0x396a,0x398a,0x398a,0x0862,0x0862,0x0841,0x398a,0x18c5,0x1083,0x0862,0x0841,0x398a,0x18c5,0x1083,
		0x0862,0x0841,0x18c5,0x20c5,0x0862,0x1082,0x1082,0x41cc,0x18c5,0x18c5,0x0862,0x1083,0x0841,0x0862,0x1083,0x1083,
		0x0862,0x0841,0x18c5,0x1083,0x1082,0x1082,0x0862,0x1083,0x0861,0x0862,0x1083,0x0842,0x18c5,0x0863,0x1083,0x1083,
		0x1083,0x1083,0x1082,0x0842,0x0841,0x0841,0x0841,0x0841,0x1083,0x0862,0x0841,0x1083,0x1083,0x1083,0x0862,0x0862,
		0x1083,0x1082,0x1083,0x1083,0x398a,0x398a,0x398a,0x398a,0x0862,0x0841,0x398a,0x0862,0x0841,0x0841,0x0841,0x0862,
		0x1083,0x1083,0x0841,0x0862,0x1083,0x18a5,0x18c5,0x1084,0x1083,0x0841,0x18c5,0x0841,0x3129,0x398a,0x18c5,0x1084,
		0x0862,0x0841,0x398a,0x18c5,0x0862,0x1083,0x20e6,0x18c5,0x1083,0x0862,0x1083,0x0841,0x18a5,0x18c5,0x0862,0x1083,
		0x0862,0x1083,0x1083,0x1083,0x1083,0x1082,0x1083,0x20e5,0x0863,0x0862,0x0862,0x0022,0x18c5,0x0862,0x1083,0x1083,
		0x1082,0x1083,0x1083,0x0862,0x0862,0x1083,0x0863,0x0863,0x1083,0x0841,0x0862,0x1084,0x1083,0x0842,0x1083,0x1083,
		0x1084,0x0841,0x0841,0x1083,0x0862,0x0862,0x1083,0x0862,0x0841,0x398a,0x0862,0x1083,0x0841,0x41ab,0x18c5,0x1083,
		0x1083,0x398a,0x396a,0x20c5,0x0862,0x0861,0x1063,0x0862,0x0841,0x396a,0x18c5,0x1083,0x1083,0x1082,0x0862,0x0862,
		0x0864,0x1083,0x18c5,0x18c5,0x1083,0x0021,0x18c5,0x1083,0x0841,0x20e6,0x18c5,0x18c5,0x1083,0x1083,0x0863,0x1083,
		0x1083,0x1082,0x1083,0x18c5,0x1083,0x1083,0x0862,0x0862,0x0841,0x18a4,0x18c5,0x18c5,0x18c5,0x1083,0x0862,0x0862,
		0x1083,0x0862,0x1083,0x0863,0x1083,0x1083,0x1083,0x1083,0x1083,0x1083,0x1082,0x1083,0x1083,0x1083,0x0862,0x1083
	},
    {
		0x18a1,0x20e2,0x20e2,0x20e2,0x2902,0x2902,0x2902,0x2902,0x2902,0x2902,0x2902,0x2902,0x2902,0x2902,0x2902,0x2902, //chest front
		0x2902,0x9b03,0xb342,0xbb61,0xbb61,0xbb61,0xbb61,0xbb61,0xb342,0xb342,0xb342,0xbb61,0xbb61,0xbb61,0x9304,0x41c5, //42
		0x20e2,0x9b23,0xb383,0xb383,0xb383,0xb383,0xb383,0x82e3,0x8b04,0xbbc4,0xbbc4,0x9b41,0x9b41,0xbb61,0x9304,0x49c5,
		0x20e2,0x8ae2,0xbbc4,0xbb61,0x9b41,0x9b41,0x8ac3,0xce79,0xa535,0x8ac3,0x9b41,0x9b41,0x9b41,0xbb61,0x9304,0x41c5,
		0x2902,0x9b03,0xb342,0xbb61,0xbb61,0xbb61,0x7ac4,0xc618,0x8431,0x51e2,0xb342,0xbb61,0xbb61,0xbb61,0x9304,0x41c5,
		0x18a1,0x20e2,0x20e2,0x20e2,0x2902,0x2902,0x2923,0xa534,0x73ae,0x2923,0x2902,0x2902,0x2902,0x2902,0x2902,0x2902,
		0x2902,0x9304,0xa364,0x9b23,0x8ae2,0xa364,0x6244,0x9492,0x73ae,0x41a3,0x8ae2,0x8ae2,0x8ae2,0xa364,0x9304,0x41c5,
		0x2903,0xa364,0xb383,0x9b41,0x9b41,0x9b41,0x7a83,0x41a3,0x41a3,0x7a83,0xbbc4,0xbbc4,0xbbc4,0xb383,0x9304,0x49e5,
		0x2902,0x9b03,0xb342,0xbb61,0xbb61,0xbb61,0xbb61,0xbb61,0xb342,0xb342,0xb342,0xbb61,0xbb61,0xbb61,0x9304,0x41c5,
		0x20e2,0x9b23,0xb383,0xb383,0xb383,0xb383,0xb383,0xb383,0xb383,0xbbc4,0xbbc4,0x9b41,0x9b41,0xbb61,0x9304,0x49c5,
		0x20e2,0x8ae2,0xbbc4,0xbb61,0x9b41,0x9b41,0x9b41,0xb383,0xb383,0x9b41,0x9b41,0x9b41,0x9b41,0xbb61,0x9304,0x41c5,
		0x20e2,0xa364,0xbbc4,0xb383,0xb383,0xb383,0xbbc4,0xbbc4,0x9b41,0xbb61,0xbbc4,0xb383,0xbbc4,0xbb61,0x9304,0x41c5,
		0x20e2,0x8ac3,0xbbc4,0xbbc4,0xb383,0xb383,0xb383,0xb383,0xb383,0xb383,0xb383,0xb383,0xbbc4,0xbb61,0xa364,0x41e5,
		0x2902,0x8ac3,0x9b03,0x9b03,0x9b03,0x9b03,0xa302,0xa302,0xa302,0x9b03,0x9b03,0x9b03,0x9b03,0x9b03,0x9b03,0x41c5,
		0x2902,0x82c5,0x82c5,0x82c5,0x82a4,0x7a84,0x7284,0x7284,0x7284,0x7ac5,0x82c5,0x82c5,0x7aa5,0x7aa4,0x82c5,0x41e5,
		0x18a1,0x3164,0x3164,0x3164,0x3164,0x3143,0x3164,0x3164,0x3164,0x3164,0x3143,0x41c5,0x18a1,0x18a1,0x3143,0x41c5
	},
    {
		0x18a1,0x20e2,0x20e2,0x20e2,0x2902,0x2902,0x2902,0x2902,0x2902,0x2902,0x2902,0x2902,0x2902,0x2902,0x2902,0x2902, //chest side
		0x3164,0x9b03,0xb342,0xbb61,0xbb61,0xbb61,0xbb61,0xbb61,0xb342,0xb342,0xb342,0xbb61,0xbb61,0xbb61,0x9304,0x41c5, //43
		0x3164,0x9b23,0xb383,0xb383,0xb383,0x9b41,0x9b41,0x9b41,0x9b41,0xbbc4,0xbbc4,0xb383,0xb383,0xbb61,0x9304,0x49c5,
		0x41c5,0x8ae2,0xbbc4,0xbb61,0x9b41,0x9b41,0x9b41,0xb383,0xb383,0xbbc4,0x9b41,0x9b41,0x9b41,0xbb61,0x9304,0x41c5,
		0x3164,0x9b03,0xb342,0xbb61,0xbb61,0xbb61,0xbb61,0xbb61,0xb342,0xb342,0xb342,0xbb61,0xbb61,0xbb61,0x9304,0x41c5,
		0x18a1,0x20e2,0x20e2,0x20e2,0x2902,0x2902,0x2902,0x2902,0x2902,0x2902,0x2902,0x2902,0x2902,0x2902,0x2902,0x2902,
		0x3164,0x9304,0xa364,0x9b23,0x8ae2,0xa364,0xa364,0x8ae2,0xa364,0xa364,0x8ae2,0x8ae2,0x8ae2,0xa364,0x9304,0x41c5,
		0x3164,0xa364,0xb383,0x9b41,0x9b41,0x9b41,0x9b41,0x9b41,0xbbc4,0x9b41,0xbbc4,0xbbc4,0xbbc4,0xb383,0x9304,0x49e5,
		0x3164,0x9b03,0xb342,0xbb61,0xbb61,0xbb61,0xbb61,0xbb61,0xb342,0xb342,0xb342,0xbb61,0xbb61,0xbb61,0x9304,0x41c5,
		0x3164,0x9b23,0xb383,0xb383,0xb383,0x9b41,0x9b41,0x9b41,0x9b41,0xbbc4,0xbbc4,0xb383,0xb383,0xbb61,0x9304,0x49c5,
		0x3164,0x8ae2,0xbbc4,0xbb61,0x9b41,0x9b41,0x9b41,0xb383,0xb383,0xbbc4,0x9b41,0x9b41,0x9b41,0xbb61,0x9304,0x41c5,
		0x41c5,0xa364,0xbbc4,0xb383,0xb383,0xb383,0xbbc4,0xbbc4,0x9b41,0xbb61,0xbbc4,0xb383,0xbbc4,0xbb61,0x9304,0x41c5,
		0x3164,0x8ac3,0xbbc4,0xbbc4,0xb383,0xb383,0xb383,0xb383,0xb383,0xb383,0xb383,0xb383,0xbbc4,0xbb61,0xa364,0x41e5,
		0x41c5,0x8ac3,0x9b03,0x9b03,0x9b03,0x9b03,0xa302,0xa302,0xa302,0x9b03,0x9b03,0x9b03,0x9b03,0x9b03,0x9b03,0x41c5,
		0x3164,0x82c5,0x82c5,0x82c5,0x82a4,0x7a84,0x7284,0x7284,0x7284,0x7ac5,0x82c5,0x82c5,0x7aa5,0x7aa4,0x82c5,0x41e5,
		0x18a1,0x3143,0x3143,0x3164,0x3164,0x3164,0x3164,0x3143,0x3164,0x3164,0x3164,0x3164,0x3143,0x41c5,0x18a1,0x41c5
	},
    {
		0x2902,0x3143,0x3943,0x3144,0x3144,0x3943,0x3144,0x3143,0x3143,0x3143,0x3144,0x3144,0x3144,0x41c5,0x3164,0x3164, //chest bottom/top
		0x3164,0x9304,0x8ae2,0x8ae2,0xa364,0xa364,0x8ae2,0xa364,0xa364,0x8ae2,0x9b23,0xa364,0x9304,0x9b23,0xa364,0x3164, //44
		0x3164,0xa364,0xbbc4,0xbbc4,0x9b41,0xbbc4,0x9b41,0x9b41,0x9b41,0x9b41,0x9b41,0xb383,0xa364,0x9b41,0xb383,0x3164,
		0x3143,0x9b03,0xbb61,0xb342,0xb342,0xb342,0xbb61,0xbb61,0xbb61,0xbb61,0xbb61,0xb342,0x9b03,0xbb61,0xb342,0x3164,
		0x3164,0x9b23,0xb383,0xbbc4,0xbbc4,0x9b41,0x9b41,0x9b41,0x9b41,0xb383,0xbb61,0xbb61,0x9b23,0xb383,0xb383,0x3164,
		0x3143,0x8ae2,0x9b41,0x9b41,0xbbc4,0xb383,0xb383,0x9b41,0x9b41,0x9b41,0xbb61,0xbb61,0xbb61,0xbb61,0xbbc4,0x3164,
		0x3164,0xa364,0xbbc4,0xbbc4,0xbb61,0x9b41,0xbbc4,0xbbc4,0xb383,0xb383,0xb383,0xbb61,0xbb61,0xb383,0xbbc4,0x3164,
		0x3143,0xa302,0xb342,0xb342,0xb342,0xb342,0xbb61,0xbb61,0xbb61,0xb342,0xb342,0xbb61,0xbb61,0xbb61,0xb342,0x3164,
		0x3164,0xa364,0xb383,0xbbc4,0xbbc4,0xbbc4,0x9b41,0x9b41,0x9b41,0xbb61,0xbbc4,0xbbc4,0xbb61,0xbbc4,0xbbc4,0x3164,
		0x3143,0x8ae2,0xb383,0xb383,0xb383,0xbbc4,0x9b41,0xb383,0xb383,0xb383,0xb383,0x9b41,0x8ae2,0xb383,0x9b41,0x41c5,
		0x3164,0x8ae2,0xbb61,0xbb61,0xbb61,0xbb61,0xbb61,0xbb61,0xbb61,0x9b41,0xbb61,0xb383,0x9b23,0xbb61,0xb383,0x41c5,
		0x3144,0x9b03,0xbb61,0xbb61,0xbb61,0xbb61,0xbb61,0xbb61,0xbb61,0xb342,0xb342,0xb342,0xa302,0xb342,0xb342,0x3164,
		0x3164,0x9304,0xa302,0xbb61,0xbb61,0xbb61,0xbb61,0xbb61,0xbb61,0xbb61,0x9b23,0x8ae2,0x9304,0x9b23,0x8ae2,0x3164,
		0x3164,0x9b03,0xbb61,0xbb61,0xbb61,0xbb61,0xbb61,0xbb61,0xbb61,0xb342,0xb342,0xb342,0xa302,0xbb61,0xa364,0x3164,
		0x3164,0x9304,0xa302,0x9b23,0x9b23,0x8ae2,0x8ae2,0x8ae2,0x8ae2,0x8ae2,0x9b23,0x8ae2,0x9304,0x9304,0x9304,0x3164,
		0x3164,0x41c5,0x41c5,0x3164,0x3164,0x3164,0x3164,0x3164,0x3164,0x3164,0x3164,0x41c5,0x41c5,0x41c5,0x3164,0x3164
	},
    {
		0x8452,0xa536,0xa536,0x9d36,0x9d15,0x9d36,0x9d15,0x9d35,0xa556,0xa536,0x9d15,0x9d15,0x9d15,0x9d15,0x94f5,0x9d35, //clay
		0xa536,0x9d35,0xa536,0xa557,0x94b4,0x9d15,0x9d15,0x9d15,0x94d4,0xa557,0xadd9,0xa536,0x9d15,0x9d35,0x9d15,0xa576, //45
		0xa536,0xad77,0xad98,0x9d15,0x9d15,0x9d15,0x9d36,0x9d36,0xa536,0xa556,0xa557,0xa557,0x94f4,0x9d15,0x9d15,0xad98,
		0x9cf5,0x9d15,0x9d15,0xa536,0x9d15,0xa536,0x9d15,0x9d15,0x9d15,0x9d15,0x9d35,0xa556,0x9d36,0x9d35,0x9d36,0x94d4,
		0xa556,0x9d15,0xa557,0x9d15,0xa557,0xa557,0xa537,0xa557,0xa557,0x9cf5,0x9d15,0xa557,0x9d16,0x94d4,0xa536,0x94f5,
		0x9cf5,0xa536,0x9d15,0xadda,0x9d15,0xa576,0xa536,0xa536,0x9d15,0xad77,0xa536,0x94d4,0x9d15,0x9d15,0x9d36,0x94d4,
		0x94d4,0xa536,0x9cf5,0x9d36,0x94d4,0xa556,0x9d15,0x9d15,0x9d15,0x9d15,0xa557,0xadb8,0xa536,0xa557,0xa536,0x9d16,
		0x9d36,0x9d15,0xa557,0x9d35,0x9d36,0x9d15,0xa556,0xadb7,0xa536,0x9cf5,0x9d15,0x9d15,0xa536,0xa536,0x9d15,0xa557,
		0xa536,0xa536,0xa557,0xa557,0xa536,0x9d15,0xa557,0xa536,0xad77,0xadd9,0x94d4,0xa536,0x9d15,0x9d16,0x9d15,0x9d36,
		0x94d4,0x8c93,0xa536,0x9d35,0x9d35,0xa536,0xa557,0x9d15,0x9d36,0xa536,0xa536,0xad77,0x9d36,0xa536,0x94d4,0xa576,
		0xa536,0xa536,0x8c73,0xa537,0x94f4,0xa557,0x9d35,0x9d16,0xad77,0xad77,0xa556,0x9d15,0x9d36,0x9d15,0x9d15,0x9d36,
		0x9cf5,0xa537,0xa556,0x94d5,0xa536,0x9d15,0xa536,0x9d15,0xa536,0xa536,0x9d35,0xadb8,0x9d15,0x9d15,0x9d15,0x94b4,
		0xad77,0xa536,0x9d15,0xad77,0xa536,0x9d15,0xa556,0x94d4,0x94f4,0xa536,0x9d15,0x9d15,0xa536,0xa537,0x9d15,0x9d15,
		0xadb9,0xa557,0x9cf5,0x8c93,0x9d15,0x9d15,0x9d15,0xad77,0xa536,0xad77,0xa557,0xa536,0xa556,0x9d15,0xa557,0x9d16,
		0xa536,0x9d16,0x9d15,0x9d15,0xa536,0x9d16,0xa536,0xa556,0x8cb3,0xa536,0x94b4,0x9d15,0xa557,0x9cf5,0x9d15,0xa536,
		0x9d15,0xa556,0x9d15,0x94d4,0xadd9,0xa536,0x94f4,0xa557,0x9d36,0xad77,0x9d15,0x9d15,0x9d15,0x9d36,0x9d15,0x94f4
	},
    {
		0x0000,0x0000,0x0000,0x0000,0x0000,0x0000,0x0000,0x0000,0x0000,0x0000,0x0000,0x0000,0x0000,0x0000,0x0000,0x0000, //clay ball
		0x0000,0x0000,0x0000,0x0000,0x0000,0x0000,0x0000,0x0000,0x0000,0x0000,0x0000,0x0000,0x0000,0x0000,0x0000,0x0000, //46
		0x0000,0x0000,0x0000,0x0000,0x0000,0x0000,0x0000,0x0000,0x0000,0x0000,0x0000,0x0000,0x0000,0x0000,0x0000,0x0000,
		0x0000,0x0000,0x0000,0x0000,0x0000,0x0000,0x422b,0x422b,0x422b,0x422b,0x0000,0x0000,0x0000,0x0000,0x0000,0x0000,
		0x0000,0x0000,0x0000,0x0000,0x0000,0x422b,0x73f2,0xa536,0x73f2,0x73f2,0x422b,0x0000,0x0000,0x0000,0x0000,0x0000,
		0x0000,0x0000,0x0000,0x0000,0x422b,0x94d4,0xa536,0x94d4,0xa536,0x73f2,0x73f2,0x31c8,0x0000,0x0000,0x0000,0x0000,
		0x0000,0x0000,0x0000,0x422b,0xa536,0xadda,0xa536,0xad77,0xadda,0xa536,0x5b71,0x73f2,0x31c8,0x0000,0x0000,0x0000,
		0x0000,0x0000,0x0000,0x422b,0xa536,0xa536,0x94d4,0xadda,0xa536,0xa536,0x5b71,0x73f2,0x31c8,0x0000,0x0000,0x0000,
		0x0000,0x0000,0x422b,0xa536,0x94d4,0xad77,0xadda,0xadda,0x94d4,0x73f2,0x73f2,0x5b71,0x73f2,0x31c8,0x0000,0x0000,
		0x0000,0x0000,0x422b,0x94d4,0xa536,0xa536,0xa536,0x94d4,0xa536,0xa536,0x73f2,0x5b71,0x73f2,0x31c8,0x0000,0x0000,
		0x0000,0x0000,0x422b,0x73f2,0xa536,0xa536,0xadda,0xad77,0xa536,0x5b71,0x73f2,0x73f2,0x5b71,0x31c8,0x0000,0x0000,
		0x0000,0x0000,0x0000,0x422b,0x5b71,0xa536,0xa536,0xa536,0x73f2,0x73f2,0x73f2,0x5b71,0x31c8,0x0000,0x0000,0x0000,
		0x0000,0x0000,0x0000,0x0000,0x31c8,0x31c8,0x73f2,0x73f2,0x5b71,0x73f2,0x31c8,0x31c8,0x0000,0x0000,0x0000,0x0000,
		0x0000,0x0000,0x0000,0x0000,0x0000,0x0000,0x31c8,0x31c8,0x31c8,0x31c8,0x0000,0x0000,0x0000,0x0000,0x0000,0x0000,
		0x0000,0x0000,0x0000,0x0000,0x0000,0x0000,0x0000,0x0000,0x0000,0x0000,0x0000,0x0000,0x0000,0x0000,0x0000,0x0000,
		0x0000,0x0000,0x0000,0x0000,0x0000,0x0000,0x0000,0x0000,0x0000,0x0000,0x0000,0x0000,0x0000,0x0000,0x0000,0x0000
	},
    {
		0x0000,0x0000,0x0000,0x0000,0x0000,0x0000,0x0000,0x0000,0x0000,0x0000,0x0000,0x0000,0x0000,0x0000,0x0000,0x0000, //brick
		0x0000,0x0000,0x0000,0x0000,0x0000,0x0000,0x0000,0x0000,0x0000,0x0000,0x0000,0x0000,0x0000,0x0000,0x0000,0x0000, //47
		0x0000,0x0000,0x0000,0x0000,0x0000,0x0000,0x0000,0x0000,0x0000,0x0000,0x4903,0x4903,0x0000,0x0000,0x0000,0x0000,
		0x0000,0x0000,0x0000,0x0000,0x0000,0x0000,0x0000,0x4903,0x4903,0x4903,0x8a26,0xb2c8,0x79e5,0x0000,0x0000,0x0000,
		0x0000,0x0000,0x0000,0x0000,0x4903,0x4903,0x4903,0x8a26,0xb2c8,0xb2c8,0xb2c8,0xb2c8,0xb2c8,0x79e5,0x0000,0x0000,
		0x0000,0x4903,0x4903,0x4903,0x8a26,0xb2c8,0xb2c8,0xb2c8,0xb2c8,0xb2c8,0xb2c8,0xb2c8,0xb2c8,0xb2c8,0x79e5,0x0000,
		0x4903,0xc308,0xb2c8,0xb2c8,0xb2c8,0xb2c8,0xb2c8,0xb2c8,0xb2c8,0xb2c8,0xb2c8,0xb2c8,0xc308,0xc308,0x8a26,0x79e5,
		0x4903,0x8a26,0xc308,0xb2c8,0xb2c8,0xb2c8,0xb2c8,0xb2c8,0xb2c8,0xc308,0xc308,0xc308,0x8a26,0x79e5,0x79e5,0x28a2,
		0x4903,0x8a26,0x8a26,0xc308,0xb2c8,0xb2c8,0xc308,0xc308,0xc308,0x8a26,0x79e5,0x79e5,0x79e5,0x79e5,0x79e5,0x28a2,
		0x4903,0x8a26,0x8a26,0x8a26,0xc308,0xc308,0x8a26,0x79e5,0x79e5,0x79e5,0x79e5,0x79e5,0x79e5,0x79e5,0x6164,0x28a2,
		0x4903,0x79e5,0x8a26,0x8a26,0xb2c8,0x79e5,0x79e5,0x79e5,0x79e5,0x79e5,0x79e5,0x79e5,0x6164,0x28a2,0x28a2,0x0000,
		0x0000,0x4903,0x79e5,0x8a26,0xb2c8,0x79e5,0x79e5,0x79e5,0x79e5,0x6164,0x28a2,0x28a2,0x28a2,0x0000,0x0000,0x0000,
		0x0000,0x0000,0x4903,0x79e5,0xb2c8,0x79e5,0x6164,0x28a2,0x28a2,0x28a2,0x0000,0x0000,0x0000,0x0000,0x0000,0x0000,
		0x0000,0x0000,0x0000,0x4903,0x4903,0x28a2,0x28a2,0x0000,0x0000,0x0000,0x0000,0x0000,0x0000,0x0000,0x0000,0x0000,
		0x0000,0x0000,0x0000,0x0000,0x0000,0x0000,0x0000,0x0000,0x0000,0x0000,0x0000,0x0000,0x0000,0x0000,0x0000,0x0000,
		0x0000,0x0000,0x0000,0x0000,0x0000,0x0000,0x0000,0x0000,0x0000,0x0000,0x0000,0x0000,0x0000,0x0000,0x0000,0x0000
	},
    {
		0x9aa8,0x9287,0x9aa8,0xacd2,0x9aa8,0x9aa8,0x8a87,0xa2c8,0x9aa8,0xaae9,0x8a67,0xacf2,0x9aa8,0xa2c8,0x9aa8,0x9aa8, //bricks
		0x7a26,0x7a26,0x8247,0xb533,0xb309,0x7a26,0x69e6,0x61c5,0x7a26,0x7206,0x8247,0xacf2,0x9aa8,0x7a26,0x7a26,0x7a26, //48
		0x7a26,0x8a67,0x69e5,0xacf2,0x9aa8,0x7a26,0x7a26,0x71e6,0x7a26,0x7a26,0x7a26,0xacf2,0x8247,0x8a87,0x7a26,0x8a67,
		0xa471,0x9c70,0x9c50,0xb4f3,0x9c50,0x9c50,0x9c50,0x9c50,0x9c50,0xa470,0x9c50,0xb513,0x9c50,0x9c50,0x9c50,0xa491,
		0x8a67,0x9aa8,0x9aa8,0x9aa8,0x9aa8,0x9287,0x9aa8,0xacf2,0xa2c8,0xa2c8,0x9ac8,0x9aa8,0x9aa8,0x9aa8,0x9aa8,0xacd2,
		0x9aa8,0x7a26,0x9aa8,0x7a26,0x69c5,0x7a26,0x7a06,0xacf2,0x9aa8,0x7a26,0x71e6,0x7a26,0x69e5,0x7a26,0x7a26,0xb4f3,
		0x9aa8,0x61a5,0x8a67,0x69e6,0x7a26,0x61a5,0x7a26,0xb513,0xa2e8,0x69e6,0x8247,0x7206,0x7a26,0x7a26,0x7a26,0xacd2,
		0x9c50,0x9c50,0x9c50,0x9c50,0x9c50,0xa470,0x9c50,0xb4f3,0x9c50,0x9c50,0x9c50,0x9c50,0x9c50,0x9c50,0x9c50,0xb4f3,
		0x9ac8,0x9aa8,0x9aa8,0xacf2,0x9288,0x9aa8,0xa2c8,0xb309,0x9ac8,0x9aa8,0x9aa8,0xacf2,0x9aa8,0x9aa8,0xb309,0x7a26,
		0x7a26,0x7a26,0x7a26,0xacd2,0x9288,0x7a26,0x7a26,0x7a26,0x8247,0x8a67,0x7a06,0xacd2,0x9aa8,0x8a67,0x7a26,0x7a26,
		0x8a67,0x7a26,0x8a67,0xb513,0x9aa8,0x7a26,0x59a5,0x7a26,0x69e5,0x8247,0x7a26,0xacd2,0x9aa8,0x7a26,0x8247,0x7a26,
		0x9c50,0x9c50,0x9c2f,0xb4f3,0x9c50,0x9c50,0x9c50,0x9c50,0x9c50,0x9c50,0x9c50,0xb513,0x9c50,0xa471,0x9c50,0x9c50,
		0x9aa8,0x9ac8,0xaae9,0x9aa8,0x9aa8,0x9aa8,0x9287,0xacb2,0x9288,0xb309,0x9aa8,0x9aa8,0x9288,0x9aa8,0x9aa8,0xbd33,
		0x9aa8,0x7a26,0x7a06,0x7a26,0x7a26,0x7a26,0x69c5,0xacb2,0x9aa8,0x7a06,0x7a26,0x7a26,0x7a26,0x7a26,0x8227,0xacf2,
		0x9aa8,0x69c5,0x8247,0x7a26,0x7a26,0x7a26,0x7a26,0xb4f3,0x9aa8,0x7a26,0x7a26,0x7a26,0x8247,0x7a26,0x8227,0xacf2,
		0x9c50,0x9c50,0x9c30,0x9c70,0x9c50,0x9c70,0x9c50,0xb4f3,0xa470,0x9c50,0x9c50,0x9c50,0xa470,0x9c50,0x9c50,0xacd2
	},
    {
		0xfec0,0xfc60,0x0000,0x0000,0x0000,0x0000,0x0000,0x0000,0x0000,0x0000,0x0000,0x0000,0x0000,0x0000,0x0000,0x0000, //torch
		0xfff2,0xffff,0x0000,0x0000,0x0000,0x0000,0x0000,0x0000,0x0000,0x0000,0x0000,0x0000,0x0000,0x0000,0x0000,0x0000, //49
		0x7b07,0x49e4,0x0000,0x0000,0x0000,0x0000,0x0000,0x0000,0x0000,0x0000,0x0000,0x0000,0x0000,0x0000,0x0000,0x0000,
		0x93a8,0x3963,0x0000,0x0000,0x0000,0x0000,0x0000,0x0000,0x0000,0x0000,0x0000,0x0000,0x0000,0x0000,0x0000,0x0000,
		0x93a8,0x41a4,0x0000,0x0000,0x0000,0x0000,0x0000,0x0000,0x0000,0x0000,0x0000,0x0000,0x0000,0x0000,0x0000,0x0000,
		0x9bea,0x41a4,0x0000,0x0000,0x0000,0x0000,0x0000,0x0000,0x0000,0x0000,0x0000,0x0000,0x0000,0x0000,0x0000,0x0000,
		0x93a8,0x3963,0x0000,0x0000,0x0000,0x0000,0x0000,0x0000,0x0000,0x0000,0x0000,0x0000,0x0000,0x0000,0x0000,0x0000,
		0x6286,0x3963,0x0000,0x0000,0x0000,0x0000,0x0000,0x0000,0x0000,0x0000,0x0000,0x0000,0x0000,0x0000,0x0000,0x0000,
		0x93a8,0x3963,0x0000,0x0000,0x0000,0x0000,0x0000,0x0000,0x0000,0x0000,0x0000,0x0000,0x0000,0x0000,0x0000,0x0000,
		0x6286,0x3142,0x0000,0x0000,0x0000,0x0000,0x0000,0x0000,0x0000,0x0000,0x0000,0x0000,0x0000,0x0000,0x0000,0x0000,
		0x0000,0x0000,0x0000,0x0000,0x0000,0x0000,0x0000,0x0000,0x0000,0x0000,0x0000,0x0000,0x0000,0x0000,0x0000,0x0000,
		0x0000,0x0000,0x0000,0x0000,0x0000,0x0000,0x0000,0x0000,0x0000,0x0000,0x0000,0x0000,0x0000,0x0000,0x0000,0x0000,
		0x0000,0x0000,0x0000,0x0000,0x0000,0x0000,0x0000,0x0000,0x0000,0x0000,0x0000,0x0000,0x0000,0x0000,0x0000,0x0000,
		0x0000,0x0000,0x0000,0x0000,0x0000,0x0000,0x0000,0x0000,0x0000,0x0000,0x0000,0x0000,0x0000,0x0000,0x0000,0x0000,
		0x0000,0x0000,0x0000,0x0000,0x0000,0x0000,0x0000,0x0000,0x0000,0x0000,0x0000,0x0000,0x0000,0x0000,0x0000,0x0000,
		0x0000,0x0000,0x0000,0x0000,0x0000,0x0000,0x0000,0x0000,0x0000,0x0000,0x0000,0x0000,0x0000,0x0000,0x0000,0x0000
	},
    {
		0x9b48,0x61e4,0x9b48,0x9b48,0x61e4,0x61e4,0x9b48,0x9b48,0x61e4,0x4142,0x9b48,0x61e4,0x7aa6,0x9b48,0x61e4,0x9b48, //farmland dry
		0x61e4,0x4142,0x7aa6,0x7aa6,0x7aa6,0x61e4,0x4142,0x9b48,0x61e4,0x4142,0x7aa6,0x61e4,0x61e4,0x61e4,0x4142,0x9b48, //50
		0x9b48,0x4142,0x9b48,0x9b48,0x7aa6,0x61e4,0x4142,0x7aa6,0x7aa6,0x4142,0x9b48,0x61e4,0x61e4,0x61e4,0x61e4,0x7aa6,
		0x7aa6,0x61e4,0x9b48,0x52aa,0x7aa6,0x61e4,0x61e4,0x9b48,0x7aa6,0x4142,0x7aa6,0x7aa6,0x61e4,0x61e4,0x4142,0x9b48,
		0x7aa6,0x61e4,0x7aa6,0x7aa6,0x61e4,0x61e4,0x9b48,0x7aa6,0x7aa6,0x4142,0x9b48,0x52aa,0x7aa6,0x61e4,0x4142,0x9b48,
		0x61e4,0x61e4,0x9b48,0x61e4,0x61e4,0x61e4,0x4142,0x9b48,0x61e4,0x61e4,0x9b48,0x4142,0x7aa6,0x61e4,0x9b48,0x9b48,
		0x9b48,0x7aa6,0x9b48,0x7aa6,0x61e4,0x4142,0x4142,0x7aa6,0x61e4,0x4142,0x9b48,0x7aa6,0x7aa6,0x61e4,0x9b48,0x7aa6,
		0x9b48,0x4142,0x7aa6,0x7aa6,0x61e4,0x4142,0x4142,0x9b48,0x61e4,0x4142,0x7aa6,0x7aa6,0x61e4,0x61e4,0x9b48,0x7aa6,
		0x7aa6,0x4142,0x7aa6,0x7aa6,0x61e4,0x61e4,0x4142,0x9b48,0x61e4,0x4142,0x9b48,0x61e4,0x61e4,0x4142,0x7aa6,0x61e4,
		0x7aa6,0x4142,0x9b48,0x61e4,0x61e4,0x7aa6,0x61e4,0x9b48,0x7aa6,0x61e4,0x9b48,0x61e4,0x61e4,0x4142,0x9b48,0x7aa6,
		0x7aa6,0x61e4,0x9b48,0x9b48,0x7aa6,0x61e4,0x4142,0x7aa6,0x7aa6,0x61e4,0x4142,0x9b48,0x61e4,0x9b48,0x6b6d,0x61e4,
		0x7aa6,0x61e4,0x61e4,0x9b48,0x7aa6,0x61e4,0x61e4,0x7aa6,0x52aa,0x7aa6,0x4142,0x9b48,0x61e4,0x9b48,0x61e4,0x4142,
		0x61e4,0x4142,0x61e4,0x9b48,0x7aa6,0x61e4,0x4142,0x9b48,0x61e4,0x61e4,0x61e4,0x7aa6,0x61e4,0x9b48,0x9b48,0x9b48,
		0x61e4,0x7aa6,0x61e4,0x7aa6,0x5a05,0x61e4,0x61e4,0x9b48,0x9b48,0x61e4,0x4142,0x7aa6,0x61e4,0x4142,0x7aa6,0x7aa6,
		0x7aa6,0x61e4,0x4142,0x9b48,0x9b48,0x61e4,0x4142,0x61e4,0x9b48,0x61e4,0x4142,0x7aa6,0x61e4,0x4142,0x9b48,0x7aa6,
		0x7aa6,0x7aa6,0x4142,0x9b48,0x7aa6,0x7aa6,0x61e4,0x9b48,0x7aa6,0x61e4,0x61e4,0x9b48,0x7aa6,0x61e4,0x9b48,0x4142
	},
    {
		0x7202,0x4941,0x71e2,0x69e2,0x4121,0x4121,0x69c2,0x69c2,0x4121,0x30c0,0x69c2,0x4121,0x5982,0x69e2,0x4921,0x71e2, //farmland wet
		0x4941,0x30c1,0x5982,0x5162,0x5161,0x4121,0x30c0,0x61a2,0x4101,0x30c0,0x5161,0x4121,0x4121,0x4121,0x30c1,0x71e2, //51
		0x71e2,0x30c1,0x69c2,0x69c2,0x5161,0x4101,0x28a0,0x4941,0x4941,0x28a0,0x61a2,0x4101,0x4121,0x4121,0x4121,0x5982,
		0x5982,0x4121,0x69c2,0x3186,0x5161,0x3901,0x3901,0x5982,0x4941,0x28a0,0x4941,0x4941,0x4101,0x4121,0x30c1,0x69c2,
		0x5982,0x4121,0x5161,0x5161,0x3901,0x3901,0x5982,0x4921,0x4921,0x28a0,0x5982,0x2965,0x4941,0x4101,0x30c0,0x69c2,
		0x4921,0x4121,0x61a2,0x4101,0x3901,0x3901,0x28a0,0x5162,0x30e1,0x38e1,0x5162,0x28a0,0x4941,0x4101,0x61a2,0x69c2,
		0x69c2,0x5161,0x61a2,0x4941,0x3901,0x28a0,0x28a0,0x4121,0x30e1,0x20a0,0x5162,0x4921,0x4941,0x4101,0x61a2,0x5161,
		0x69c2,0x30c0,0x5161,0x4941,0x3901,0x28a0,0x28a0,0x5141,0x30c1,0x2080,0x4121,0x4921,0x3901,0x3901,0x61a2,0x5161,
		0x5982,0x30c0,0x5161,0x4941,0x3901,0x38e1,0x28a0,0x5161,0x30e1,0x20a0,0x5162,0x38e1,0x3901,0x28a0,0x5161,0x4121,
		0x5982,0x30c1,0x61a2,0x4101,0x3901,0x4941,0x38e1,0x5162,0x4121,0x38e1,0x5162,0x3901,0x3901,0x28a0,0x61a2,0x5161,
		0x5982,0x4121,0x61a2,0x61a2,0x4941,0x3901,0x28a0,0x4921,0x4921,0x38e1,0x28a0,0x5982,0x3901,0x61a2,0x39e7,0x4121,
		0x5982,0x4121,0x4121,0x61a2,0x5161,0x3901,0x3901,0x4941,0x2965,0x4941,0x28a0,0x61a2,0x4101,0x61a2,0x4121,0x30c1,
		0x4941,0x30c1,0x4121,0x69c2,0x5161,0x4101,0x28a0,0x61a2,0x3901,0x4101,0x4101,0x5161,0x4121,0x69c2,0x69c2,0x69e2,
		0x4941,0x5982,0x4921,0x5162,0x4122,0x4121,0x4101,0x61a2,0x61a2,0x4101,0x30c0,0x5161,0x4121,0x30c1,0x5982,0x5982,
		0x61a2,0x4941,0x30c1,0x69e2,0x69c2,0x4121,0x30c1,0x4121,0x69c2,0x4121,0x30c1,0x5161,0x4121,0x30c1,0x71e2,0x5982,
		0x61a2,0x61a2,0x38c1,0x71e2,0x5982,0x5982,0x4921,0x69c2,0x5982,0x4121,0x4921,0x69e2,0x5982,0x4941,0x71e2,0x38e1
	},
    {
		0x0000,0x0000,0x0000,0x0000,0x0000,0x0000,0x0000,0x0000,0x0000,0x0000,0x0000,0x0000,0x0000,0x0000,0x0000,0x0000, //wheat stage0
		0x0000,0x0000,0x0000,0x0000,0x0000,0x0000,0x0000,0x0000,0x0000,0x0000,0x0000,0x0000,0x0000,0x0000,0x0000,0x0000, //52
		0x0000,0x0000,0x0000,0x0000,0x0000,0x0000,0x0000,0x0000,0x0000,0x0000,0x0000,0x0000,0x0000,0x0000,0x0000,0x0000,
		0x0000,0x0000,0x0000,0x0000,0x0000,0x0000,0x0000,0x0000,0x0000,0x0000,0x0000,0x0000,0x0000,0x0000,0x0000,0x0000,
		0x0000,0x0000,0x0000,0x0000,0x0000,0x0000,0x0000,0x0000,0x0000,0x0000,0x0000,0x0000,0x0000,0x0000,0x0000,0x0000,
		0x0000,0x0000,0x0000,0x0000,0x0000,0x0000,0x0000,0x0000,0x0000,0x0000,0x0000,0x0000,0x0000,0x0000,0x0000,0x0000,
		0x0000,0x0000,0x0000,0x0000,0x0000,0x0000,0x0000,0x0000,0x0000,0x0000,0x0000,0x0000,0x0000,0x0000,0x0000,0x0000,
		0x0000,0x0000,0x0000,0x0000,0x0000,0x0000,0x0000,0x0000,0x0000,0x0000,0x0000,0x0000,0x0000,0x0000,0x0000,0x0000,
		0x0000,0x0000,0x0000,0x0000,0x0000,0x0000,0x0000,0x0000,0x0000,0x0000,0x0000,0x0000,0x0000,0x0000,0x0000,0x0000,
		0x0000,0x0000,0x0000,0x0000,0x0000,0x0000,0x0000,0x0000,0x0000,0x0000,0x0000,0x0000,0x0000,0x0000,0x0000,0x0000,
		0x0000,0x0000,0x0000,0x0000,0x0000,0x0000,0x0000,0x0000,0x0000,0x0000,0x0000,0x0000,0x0000,0x0000,0x0000,0x0000,
		0x0000,0x0000,0x0000,0x0000,0x0000,0x0000,0x0000,0x0000,0x0000,0x0000,0x0000,0x0000,0x0000,0x0000,0x0000,0x0000,
		0x0000,0x0000,0x0000,0x0000,0x0000,0x0000,0x0000,0x0000,0x0000,0x0000,0x0000,0x0000,0x0000,0x0000,0x0000,0x0000,
		0x0000,0x0000,0x0000,0x0000,0x0000,0x0000,0x05c2,0x0000,0x0000,0x0000,0x0000,0x0000,0x0000,0x0000,0x0000,0x0000,
		0x0000,0x0000,0x0000,0x0000,0x0000,0x0000,0x0000,0x0562,0x0000,0x0000,0x0000,0x0000,0x0000,0x0000,0x0000,0x0000,
		0x0000,0x0000,0x05e2,0x0000,0x0000,0x0000,0x0000,0x0702,0x0340,0x0000,0x0000,0x0622,0x0000,0x0000,0x0000,0x0000
	},
    {
		0x0000,0x0000,0x0000,0x0000,0x0000,0x0000,0x0000,0x0000,0x0000,0x0000,0x0000,0x0000,0x0000,0x0000,0x0000,0x0000, //wheat stage1
		0x0000,0x0000,0x0000,0x0000,0x0000,0x0000,0x0000,0x0000,0x0000,0x0000,0x0000,0x0000,0x0000,0x0000,0x0000,0x0000, //53
		0x0000,0x0000,0x0000,0x0000,0x0000,0x0000,0x0000,0x0000,0x0000,0x0000,0x0000,0x0000,0x0000,0x0000,0x0000,0x0000,
		0x0000,0x0000,0x0000,0x0000,0x0000,0x0000,0x0000,0x0000,0x0000,0x0000,0x0000,0x0000,0x0000,0x0000,0x0000,0x0000,
		0x0000,0x0000,0x0000,0x0000,0x0000,0x0000,0x0000,0x0000,0x0000,0x0000,0x0000,0x0000,0x0000,0x0000,0x0000,0x0000,
		0x0000,0x0000,0x0000,0x0000,0x0000,0x0000,0x0000,0x0000,0x0000,0x0000,0x0000,0x0000,0x0000,0x0000,0x0000,0x0000,
		0x0000,0x0000,0x0000,0x0000,0x0000,0x0000,0x0000,0x0000,0x0000,0x0000,0x0000,0x0000,0x0000,0x0000,0x0000,0x0000,
		0x0000,0x0000,0x0000,0x0000,0x0000,0x0000,0x0000,0x0000,0x0000,0x0000,0x0000,0x0000,0x0000,0x0000,0x0000,0x0000,
		0x0000,0x0000,0x0000,0x0000,0x0000,0x0000,0x0000,0x0000,0x0000,0x0000,0x0000,0x0000,0x0000,0x0000,0x0000,0x0000,
		0x0000,0x0000,0x0000,0x0000,0x0000,0x0000,0x0000,0x0000,0x0000,0x0000,0x0000,0x0000,0x0000,0x0000,0x0000,0x0000,
		0x0000,0x0000,0x0000,0x0000,0x0000,0x0000,0x05a2,0x0000,0x0000,0x0000,0x0000,0x0000,0x0000,0x0000,0x0000,0x0000,
		0x0000,0x0000,0x0000,0x0000,0x0000,0x0000,0x0562,0x0380,0x0000,0x0000,0x0000,0x0000,0x0000,0x0000,0x0000,0x0000,
		0x0000,0x0000,0x0000,0x0000,0x0000,0x0000,0x0000,0x0722,0x0000,0x0000,0x0000,0x0000,0x0000,0x0000,0x0000,0x0000,
		0x0000,0x05a2,0x0000,0x0000,0x0000,0x0000,0x0000,0x3dc1,0x1d63,0x0000,0x0000,0x0000,0x0642,0x0000,0x0000,0x0000,
		0x0000,0x0000,0x06a2,0x0000,0x0000,0x0000,0x0000,0x3d81,0x0380,0x0000,0x0000,0x0722,0x0000,0x1462,0x0000,0x0000,
		0x0000,0x0000,0x3e60,0x14c2,0x04a2,0x0000,0x0000,0x3d21,0x0340,0x05c2,0x0000,0x3cc2,0x0000,0x0000,0x0000,0x0000
	},
    {
		0x0000,0x0000,0x0000,0x0000,0x0000,0x0000,0x0000,0x0000,0x0000,0x0000,0x0000,0x0000,0x0000,0x0000,0x0000,0x0000, //wheat stage2
		0x0000,0x0000,0x0000,0x0000,0x0000,0x0000,0x0000,0x0000,0x0000,0x0000,0x0000,0x0000,0x0000,0x0000,0x0000,0x0000, //54
		0x0000,0x0000,0x0000,0x0000,0x0000,0x0000,0x0000,0x0000,0x0000,0x0000,0x0000,0x0000,0x0000,0x0000,0x0000,0x0000,
		0x0000,0x0000,0x0000,0x0000,0x0000,0x0000,0x0000,0x0000,0x0000,0x0000,0x0000,0x0000,0x0000,0x0000,0x0000,0x0000,
		0x0000,0x0000,0x0000,0x0000,0x0000,0x0000,0x0000,0x0000,0x0000,0x0000,0x0000,0x0000,0x0000,0x0000,0x0000,0x0000,
		0x0000,0x0000,0x0000,0x0000,0x0000,0x0000,0x0000,0x0000,0x0000,0x0000,0x0000,0x0000,0x0000,0x0000,0x0000,0x0000,
		0x0000,0x0000,0x0000,0x0000,0x0000,0x0000,0x0000,0x0000,0x0000,0x0000,0x0000,0x0000,0x0000,0x0000,0x0000,0x0000,
		0x0000,0x0000,0x0000,0x0000,0x0000,0x0000,0x0000,0x0000,0x0000,0x0000,0x0000,0x0000,0x0000,0x0000,0x0000,0x0000,
		0x0000,0x0000,0x0000,0x0000,0x0000,0x0000,0x0422,0x0000,0x0000,0x0000,0x0000,0x0000,0x0000,0x0000,0x0000,0x0000,
		0x0000,0x0000,0x0000,0x0000,0x0000,0x0000,0x04e2,0x01c0,0x0000,0x0000,0x0000,0x0000,0x0000,0x0000,0x0000,0x0000,
		0x0000,0x0681,0x0000,0x0000,0x0000,0x0000,0x0000,0x05e2,0x0000,0x0000,0x0000,0x0000,0x0000,0x0000,0x0000,0x0000,
		0x0000,0x0602,0x14a2,0x0000,0x0000,0x0000,0x0000,0x45a1,0x00e1,0x0000,0x0000,0x0000,0x05a2,0x0000,0x0000,0x0000,
		0x0000,0x0000,0x06c1,0x0000,0x0000,0x0641,0x0000,0x4561,0x0060,0x0000,0x0000,0x0562,0x0000,0x0080,0x0000,0x0000,
		0x0000,0x0000,0x3c62,0x1d02,0x0502,0x0000,0x1462,0x3ce2,0x0320,0x04a2,0x0000,0x3ce2,0x0000,0x0000,0x0000,0x0000,
		0x0000,0x0000,0x4502,0x01e0,0x3c42,0x02e0,0x0000,0x5c21,0x0280,0x3ce2,0x0240,0x3402,0x0000,0x0000,0x0000,0x0000,
		0x04c2,0x0000,0x6481,0x02a0,0x5c01,0x01c0,0x0000,0x6d00,0x09a0,0x53e2,0x0280,0x6461,0x0000,0x0442,0x0000,0x0000
	},
    {
		0x0000,0x0000,0x0000,0x0000,0x0000,0x0000,0x0000,0x0000,0x0000,0x0000,0x0000,0x0000,0x0000,0x0000,0x0000,0x0000, //wheat stage3
		0x0000,0x0000,0x0000,0x0000,0x0000,0x0000,0x0000,0x0000,0x0000,0x0000,0x0000,0x0000,0x0000,0x0000,0x0000,0x0000, //55
		0x0000,0x0000,0x0000,0x0000,0x0000,0x0000,0x0000,0x0000,0x0000,0x0000,0x0000,0x0000,0x0000,0x0000,0x0000,0x0000,
		0x0000,0x0000,0x0000,0x0000,0x0000,0x0000,0x0000,0x0000,0x0000,0x0000,0x0000,0x0000,0x0000,0x0000,0x0000,0x0000,
		0x0000,0x0000,0x0000,0x0000,0x0000,0x0000,0x0000,0x0000,0x0000,0x0000,0x0000,0x0000,0x0000,0x0000,0x0000,0x0000,
		0x0000,0x0000,0x0000,0x0000,0x0000,0x0000,0x0481,0x0000,0x0000,0x0000,0x0000,0x0000,0x0000,0x0000,0x0000,0x0000,
		0x0000,0x0000,0x0000,0x0000,0x0000,0x0000,0x0660,0x0240,0x0000,0x0000,0x0000,0x0000,0x0000,0x0000,0x0000,0x0000,
		0x0000,0x0000,0x0000,0x0000,0x0000,0x0000,0x05e1,0x1c82,0x0000,0x0000,0x0000,0x0000,0x0000,0x0000,0x0000,0x0000,
		0x0000,0x0581,0x0000,0x0000,0x0000,0x0000,0x0000,0x0620,0x0000,0x0000,0x0000,0x0000,0x05e1,0x0000,0x0000,0x0000,
		0x0000,0x0521,0x0060,0x0000,0x0000,0x0621,0x0000,0x4d81,0x1441,0x0000,0x0000,0x0000,0x0620,0x13e1,0x0000,0x0000,
		0x0000,0x0000,0x05c1,0x0000,0x0000,0x04c1,0x1421,0x4de1,0x0040,0x0000,0x0000,0x0561,0x0000,0x1441,0x0000,0x0000,
		0x0000,0x0000,0x44e2,0x13c1,0x0660,0x0000,0x0280,0x4da1,0x13a1,0x0421,0x0000,0x4dc1,0x0000,0x0000,0x0000,0x0000,
		0x0000,0x0000,0x4e00,0x0280,0x4521,0x1c82,0x0000,0x7e00,0x0060,0x4501,0x01c0,0x4561,0x0000,0x0000,0x0581,0x0000,
		0x05c1,0x0000,0x4d81,0x13e1,0x3c82,0x02c0,0x0000,0x7d60,0x33e1,0x44a2,0x02c0,0x4e00,0x0000,0x04a1,0x0000,0x0080,
		0x4da1,0x13c1,0x6481,0x0040,0x6cc1,0x0200,0x0000,0x6461,0x2b21,0x7520,0x0220,0x4561,0x0000,0x3c42,0x0240,0x0000,
		0x3c02,0x0060,0x6481,0x1200,0x6481,0x1a60,0x0000,0x6481,0x11e0,0x5c01,0x22c0,0x5be2,0x0000,0x5c01,0x01c0,0x0000
	},
    {
		0x0000,0x0000,0x0000,0x0000,0x0000,0x0000,0x0000,0x0000,0x0000,0x0000,0x0000,0x0000,0x0000,0x0000,0x0000,0x0000, //wheat stage4
		0x0000,0x0000,0x0000,0x0000,0x0000,0x0000,0x0000,0x0000,0x0000,0x0000,0x0000,0x0000,0x0000,0x0000,0x0000,0x0000, //56
		0x0000,0x0000,0x0000,0x0000,0x0000,0x0000,0x0000,0x0000,0x0000,0x0000,0x0000,0x0000,0x0000,0x0000,0x0000,0x0000,
		0x0000,0x0000,0x0000,0x0000,0x0000,0x0000,0x0640,0x0000,0x0000,0x0000,0x0000,0x0000,0x0000,0x0000,0x0000,0x0000,
		0x0000,0x0000,0x0000,0x0000,0x0000,0x0000,0x0520,0x1c61,0x0000,0x0000,0x0000,0x0000,0x0000,0x0000,0x0000,0x0000,
		0x0000,0x0000,0x0000,0x0000,0x0000,0x0000,0x0640,0x0020,0x0000,0x0000,0x0000,0x0000,0x0000,0x0000,0x0000,0x0000,
		0x0000,0x0620,0x0000,0x0000,0x0000,0x0000,0x0000,0x0540,0x0000,0x0000,0x0000,0x0000,0x0680,0x0000,0x0000,0x0000,
		0x0000,0x0600,0x1c41,0x0000,0x0000,0x0520,0x0000,0x4cc2,0x0020,0x0000,0x0000,0x0000,0x0600,0x24a2,0x0000,0x0000,
		0x0000,0x0000,0x05c0,0x0000,0x0000,0x05c0,0x0020,0x5600,0x0a60,0x0000,0x0000,0x0500,0x0000,0x1c21,0x0000,0x0000,
		0x0000,0x0000,0x5600,0x13c1,0x0560,0x0000,0x1bc1,0x5581,0x1bc1,0x0560,0x0000,0x5581,0x0000,0x0000,0x0000,0x0000,
		0x0000,0x0000,0x55a1,0x13c1,0x4d41,0x1340,0x0000,0x7481,0x1340,0x55e1,0x1340,0x55a1,0x0000,0x0000,0x0700,0x0000,
		0x04a0,0x0000,0x55e1,0x1380,0x4402,0x0000,0x0000,0x6c81,0x1a20,0x4cc2,0x13a1,0x44a2,0x0000,0x0460,0x0000,0x2d22,
		0x5600,0x0a60,0x8560,0x13c1,0x74e1,0x0180,0x0000,0x6401,0x1200,0x74a1,0x0a60,0x4ce2,0x0000,0x44a2,0x0220,0x0000,
		0x4cc2,0x13c1,0x74c1,0x2b21,0x6c61,0x22a0,0x0000,0x5ba1,0x0980,0x74a1,0x2240,0x6c41,0x0000,0x5bc2,0x0a20,0x0000,
		0x6401,0x0a60,0x63e1,0x2260,0x6c61,0x11e0,0x0000,0x5362,0x0100,0x6401,0x1a40,0x63e1,0x0000,0x6421,0x0140,0x0000,
		0x63e1,0x0960,0x5bc2,0x0960,0x6401,0x11e0,0x0000,0x6401,0x00c0,0x5342,0x0980,0x5362,0x0000,0x5382,0x0980,0x0000
	},
    {
		0x0000,0x0000,0x0000,0x0000,0x0000,0x0000,0x0000,0x0000,0x0000,0x0000,0x0000,0x0000,0x0000,0x0000,0x0000,0x0000, //wheat stage5
		0x0000,0x0000,0x0000,0x0000,0x0000,0x0000,0x5da1,0x0000,0x0000,0x0000,0x0000,0x0000,0x0000,0x0000,0x0000,0x0000, //57
		0x0000,0x0000,0x0000,0x0000,0x0000,0x0000,0x5d81,0x1b60,0x0000,0x0000,0x0000,0x0000,0x0000,0x0000,0x0000,0x0000,
		0x0000,0x0000,0x0000,0x0000,0x0000,0x0000,0x5e40,0x1340,0x0000,0x0000,0x0000,0x0000,0x0000,0x0000,0x0000,0x0000,
		0x0000,0x5561,0x0000,0x0000,0x0000,0x0000,0x0000,0x4c42,0x0000,0x0000,0x0000,0x0000,0x5e00,0x0000,0x0000,0x0000,
		0x0000,0x5e40,0x1320,0x0000,0x0000,0x54e2,0x0000,0x5541,0x09c0,0x0000,0x0000,0x0000,0x5e20,0x1be1,0x0000,0x0000,
		0x0000,0x0000,0x5dc1,0x0000,0x0000,0x5e40,0x0a80,0x5521,0x1300,0x0000,0x0000,0x5561,0x0000,0x0000,0x0000,0x0000,
		0x0000,0x0000,0x5541,0x1b80,0x6620,0x0000,0x2401,0x5de1,0x0ac0,0x5d81,0x0000,0x5501,0x0000,0x0000,0x0000,0x0000,
		0x0000,0x0000,0x5e00,0x1300,0x5e00,0x2401,0x0000,0x7481,0x1ba1,0x54e2,0x1340,0x5e20,0x0000,0x0000,0x5d81,0x0000,
		0x5da1,0x0000,0x5da1,0x1bc1,0x5e60,0x1be1,0x0000,0x9600,0x1a20,0x5521,0x0a80,0x5e00,0x0000,0x5521,0x0000,0x1340,
		0x5561,0x1b80,0x7cc1,0x1b80,0x8dc0,0x2441,0x0000,0x8d80,0x43e1,0x9600,0x12c0,0x5da1,0x0000,0x5d81,0x12c0,0x0000,
		0x5d81,0x1320,0x8540,0x2260,0x5b41,0x3ba1,0x0000,0x7481,0x3361,0x7481,0x43e1,0x7ca1,0x0000,0x7ce1,0x1340,0x0000,
		0x7481,0x1340,0x7481,0x3300,0x7cc1,0x0080,0x0000,0x63e1,0x1a20,0x63e1,0x1a00,0x7481,0x0000,0x8d60,0x2aa0,0x0000,
		0x6c01,0x1a20,0x6c21,0x1a00,0x63c2,0x2260,0x0000,0x63a1,0x0140,0x5ba2,0x0140,0x7481,0x0000,0x63a1,0x3320,0x0000,
		0x5ba1,0x0980,0x4b01,0x0980,0x4ae1,0x0140,0x0000,0x5321,0x0100,0x5321,0x0100,0x6c01,0x0000,0x5b82,0x0100,0x0000,
		0x5321,0x0100,0x5321,0x0020,0x4ac1,0x0000,0x0000,0x42a1,0x0060,0x4281,0x0060,0x5342,0x0000,0x6c21,0x00e0,0x0000
	},
    {
		0x0000,0x0000,0x0000,0x0000,0x0000,0x0000,0x6620,0x0000,0x0000,0x0000,0x0000,0x0000,0x0000,0x0000,0x0000,0x0000, //wheat stage6
		0x0000,0x0000,0x0000,0x0000,0x0000,0x0000,0x95a0,0x2401,0x0000,0x0000,0x0000,0x0000,0x0000,0x0000,0x0000,0x0000, //58
		0x0000,0x0000,0x0000,0x0000,0x0000,0x0000,0x84c1,0x3b61,0x0000,0x0000,0x0000,0x0000,0x0000,0x0000,0x0000,0x0000,
		0x0000,0x5ce2,0x0000,0x0000,0x0000,0x0000,0x0000,0x5d61,0x0000,0x0000,0x0000,0x0000,0x65a1,0x0000,0x0000,0x0000,
		0x0000,0x65a1,0x1280,0x0000,0x0000,0x6600,0x0000,0x9e20,0x1b20,0x0000,0x0000,0x0000,0x5d41,0x1b60,0x0000,0x0000,
		0x0000,0x0000,0x5d41,0x0000,0x0000,0x6581,0x23e1,0x95c0,0x4c02,0x0000,0x0000,0x54a2,0x0000,0x1b00,0x0000,0x0000,
		0x0000,0x0000,0x8d20,0x1b00,0x6e80,0x0000,0x1b40,0x8d40,0x3b81,0x6e80,0x0000,0x8d20,0x0000,0x0000,0x0000,0x0000,
		0x0000,0x0000,0x9e00,0x32c0,0x8d00,0x2c82,0x0000,0x95a0,0x32e0,0x95c0,0x2c82,0x8d40,0x0000,0x0000,0x65a1,0x0000,
		0x65a1,0x0000,0x95c0,0x43e1,0x84e1,0x2ac0,0x0000,0x8d40,0x3b61,0x8d20,0x3b81,0x9560,0x0000,0x4c42,0x0000,0x1b80,
		0x9580,0x1b80,0x7421,0x3b81,0x8d20,0x2a80,0x0000,0x84a1,0x32e0,0x8d20,0x2ac0,0x8d40,0x0000,0x9560,0x09c0,0x0000,
		0x8d20,0x3b21,0x84e1,0x11a0,0x84a1,0x32e0,0x0000,0x84a1,0x2240,0x7461,0x2ac0,0x8d00,0x0000,0x8d20,0x3b21,0x0000,
		0x9560,0x2ac0,0x84c1,0x2aa0,0x7441,0x2a40,0x0000,0x7441,0x2240,0x7461,0x19e0,0x7441,0x0000,0x8d40,0x32c0,0x0000,
		0x7c81,0x3b20,0x7441,0x2a60,0x84a1,0x19c0,0x0000,0x63c2,0x11a0,0x6bc2,0x19e0,0x63a2,0x0000,0x63c2,0x3300,0x0000,
		0x7421,0x1a20,0x6381,0x11c0,0x6be2,0x2a40,0x0000,0x6bc2,0x0920,0x4261,0x0940,0x6bc2,0x0000,0x63c2,0x0920,0x0000,
		0x5b42,0x11a0,0x5b41,0x00e0,0x6382,0x0940,0x0000,0x4aa1,0x0940,0x5b41,0x0000,0x5b21,0x0000,0x6bc2,0x0920,0x0000,
		0x5b61,0x0080,0x63a2,0x0080,0x6382,0x00c0,0x0000,0x6382,0x0000,0x4281,0x0080,0x63a2,0x0000,0x5301,0x0940,0x0000
	},
    {
		0x0000,0x0000,0x0000,0x0000,0x0000,0x0000,0x6b02,0x0000,0x0000,0x0000,0x0000,0x0000,0x0000,0x0000,0x0000,0x0000, //wheat stage7
		0x0000,0x7322,0x0000,0x0000,0x0000,0x0000,0x8ba2,0x10c0,0x0000,0x0000,0x0000,0x0000,0x7b42,0x0000,0x0000,0x0000, //59
		0x0000,0x7b62,0x2120,0x0000,0x0000,0x0000,0x0000,0x83a2,0x0000,0x0000,0x0000,0x0000,0x83a2,0x2940,0x0000,0x0000,
		0x0000,0x0000,0x93c1,0x0000,0x0000,0x7b42,0x0000,0x9520,0x39a0,0x0000,0x0000,0x93e1,0x0000,0x39a0,0x0000,0x0000,
		0x0000,0x0000,0x9d80,0x4220,0x0000,0x93e1,0x2940,0x9520,0x32c0,0x7b42,0x0000,0x9500,0x0000,0x0000,0x7302,0x0000,
		0x5a82,0x0000,0x9520,0x4341,0x8382,0x0000,0x4a20,0x8cc1,0x32c0,0x8382,0x2940,0xa5c0,0x0000,0x0000,0x8ba2,0x18e0,
		0x8be2,0x0020,0xa5e0,0x32e0,0x9540,0x3180,0x0000,0x7c41,0x2a60,0x9d60,0x3180,0x7c61,0x0000,0x7b42,0x0000,0x39c0,
		0x9540,0x4200,0xa5c0,0x43a1,0xa5c0,0x32e0,0x0000,0x8cc1,0x19a0,0x9540,0x3b20,0xa5c0,0x0000,0x9540,0x2140,0x0000,
		0xa5e0,0x32e0,0x9d60,0x4381,0x8ca1,0x4381,0x0000,0x9540,0x2a60,0x9d60,0x32e0,0x7c41,0x0000,0x7c41,0x3b00,0x0000,
		0x84a1,0x4bc1,0x84a1,0x3b21,0x9da0,0x2a40,0x0000,0x8ca1,0x3b00,0x7c41,0x3b21,0x7c41,0x0000,0x7401,0x19a0,0x0000,
		0x9500,0x2a40,0x7401,0x2a40,0xa5c0,0x4361,0x0000,0x8481,0x2a40,0x7c41,0x19c0,0x8cc1,0x0000,0x9540,0x1160,0x0000,
		0x8ca1,0x32c0,0x7c41,0x1180,0x84a1,0x4381,0x0000,0x6ba2,0x2200,0x7c41,0x19a0,0x6bc2,0x0000,0x8cc1,0x32e0,0x0000,
		0x7401,0x2a40,0x6ba1,0x19c0,0x6bc2,0x2a40,0x0000,0x6ba2,0x0900,0x6bc2,0x19c0,0x6ba1,0x0000,0x6bc2,0x2a60,0x0000,
		0x6be2,0x0960,0x7c61,0x0900,0x6381,0x0920,0x0000,0x6361,0x0900,0x6342,0x0920,0x5b42,0x0000,0x5b21,0x0920,0x0000,
		0x6ba1,0x0940,0x5b21,0x19e0,0x6382,0x00e0,0x0000,0x5b01,0x00a0,0x5b21,0x0080,0x5b21,0x0000,0x6361,0x0060,0x0000,
		0x52e1,0x0900,0x6ba1,0x0060,0x52e1,0x00c0,0x0000,0x52e1,0x0040,0x4241,0x0060,0x6362,0x0000,0x4aa1,0x00a0,0x0000
	},
    {
		0x0000,0x0000,0x0000,0x0000,0x0000,0x0000,0x0000,0x0000,0x0000,0x0000,0x0000,0x0000,0x0000,0x0000,0x0000,0x0000, //wheat seed
		0x0000,0x0000,0x0000,0x0000,0x0000,0x0000,0x0000,0x0000,0x0000,0x0000,0x0000,0x0000,0x0000,0x0000,0x0000,0x0000, //60
		0x0000,0x0000,0x0000,0x0000,0x0000,0x0000,0x0000,0x0000,0x0000,0x0000,0x0000,0x0000,0x0000,0x0000,0x0000,0x0000,
		0x0000,0x0000,0x0000,0x0000,0x0000,0x0000,0x0000,0x0000,0x0000,0x0000,0x0000,0x0000,0x0000,0x0000,0x0000,0x0000,
		0x0000,0x0000,0x0000,0x0000,0x0000,0x0702,0x0000,0x0000,0x0000,0x0000,0x0000,0x0702,0x0000,0x0000,0x0000,0x0000,
		0x0000,0x0000,0x0000,0x0000,0x0000,0x6d87,0x0000,0x0000,0x0000,0x0000,0x0000,0x0000,0x0702,0x0000,0x0000,0x0000,
		0x0000,0x0000,0x0000,0x0000,0x0000,0x2a01,0x0000,0x0000,0x0000,0x0000,0x0000,0x0000,0x6d87,0x6d87,0x0000,0x0000,
		0x0000,0x0000,0x0000,0x0000,0x0702,0x0000,0x0000,0x0000,0x6d87,0x4384,0x0000,0x0000,0x2a01,0x2a01,0x0000,0x0000,
		0x0000,0x0000,0x0000,0x0000,0x0702,0x0000,0xad87,0x0000,0x2a01,0x2a01,0x0000,0x0000,0x0000,0x0000,0x0000,0x0000,
		0x0000,0x0000,0x0000,0x6d87,0x4384,0x0000,0x2a01,0x0000,0x0000,0x0000,0x0000,0x0000,0x0000,0x0000,0x0000,0x0000,
		0x0000,0x0000,0x0000,0x2a01,0x2a01,0x0000,0x0000,0x0000,0x0702,0x0000,0x0000,0xad87,0x6b84,0x0000,0x0000,0x0000,
		0x0000,0x0000,0x0000,0x0000,0x0000,0x0000,0x0000,0x6d87,0x4384,0x0000,0x0000,0x2a01,0x2a01,0x0000,0x0000,0x0000,
		0x0000,0x0000,0x0000,0x0000,0x0000,0x0000,0x0000,0x2a01,0x2a01,0x0000,0x0000,0x0000,0x0000,0x0000,0x0000,0x0000,
		0x0000,0x0000,0x0000,0x0000,0x0000,0x0000,0x0000,0x0000,0x0000,0x0000,0x0000,0x0000,0x0000,0x0000,0x0000,0x0000,
		0x0000,0x0000,0x0000,0x0000,0x0000,0x0000,0x0000,0x0000,0x0000,0x0000,0x0000,0x0000,0x0000,0x0000,0x0000,0x0000,
		0x0000,0x0000,0x0000,0x0000,0x0000,0x0000,0x0000,0x0000,0x0000,0x0000,0x0000,0x0000,0x0000,0x0000,0x0000,0x0000
	},
    {
		0x0000,0x0000,0x0000,0x0000,0x0000,0x0000,0x0000,0x0000,0x0000,0x0000,0x8ba7,0x0000,0x0000,0x0000,0x0000,0x0000, //wheat
		0x0000,0x0000,0x0000,0x0000,0x0000,0x0000,0x0000,0x0000,0x5287,0x7b46,0xa4aa,0x0000,0x8ba7,0x0000,0x0000,0x0000, //61
		0x0000,0x0000,0x0000,0x0000,0x0000,0x0000,0x5287,0x0000,0x7b46,0xa4aa,0x8ba7,0x7b46,0x0000,0x0000,0x0000,0x8ba7,
		0x0000,0x0000,0x0000,0x0000,0x0000,0x0000,0x5287,0x7b46,0x8ba7,0xcd8b,0x8ba7,0xa4aa,0x7b46,0xa4aa,0x8ba7,0x0000,
		0x0000,0x0000,0x0000,0x0000,0x0000,0x0000,0x7b46,0x8ba7,0xcd8b,0x8ba7,0xa4aa,0x8ba7,0xa4aa,0x8ba7,0x0000,0x0000,
		0x0000,0x0000,0x0000,0x0000,0x0000,0x0000,0xa4aa,0x8ba7,0xddcc,0x8ba7,0xcd8b,0x8ba7,0xcd8b,0x8ba7,0x8ba7,0x5287,
		0x0000,0x0000,0x0000,0x0000,0x0000,0x0000,0xa4aa,0xcd8b,0xddcc,0xa4aa,0x8ba7,0xcd8b,0x8ba7,0x8ba7,0x5287,0x0000,
		0x0000,0x0000,0x0000,0x0000,0x0000,0x7b46,0xa4aa,0xddcc,0xa4aa,0xcd8b,0x8ba7,0xcd8b,0xa4aa,0xa4aa,0x7b46,0x5287,
		0x0000,0x0000,0x0000,0x0000,0x0000,0xa4aa,0xcd8b,0xddcc,0xddcc,0xa4aa,0xcd8b,0x8ba7,0x7b46,0x5287,0x5287,0x0000,
		0x0000,0x0000,0x0000,0x0000,0x7b46,0x5287,0xddcc,0xddcc,0xa4aa,0x8ba7,0x7b46,0x5287,0x5287,0x0000,0x0000,0x0000,
		0x0000,0x0000,0x0000,0x7b46,0x5287,0x7b46,0x5287,0xa4aa,0x7b46,0x5287,0x5287,0x8ba7,0x7b46,0x0000,0x0000,0x0000,
		0x0000,0x5287,0x7b46,0xcd8b,0xa4aa,0x5287,0x5287,0x5287,0x5287,0x0000,0x0000,0x5287,0x5287,0x5287,0x0000,0x0000,
		0x0000,0x7b46,0xcd8b,0xa4aa,0xcd8b,0x5287,0x5287,0x0000,0x0000,0x0000,0x0000,0x0000,0x0000,0x0000,0x0000,0x0000,
		0x0000,0x8ba7,0xa4aa,0x7b46,0x7b46,0x5287,0x0000,0x0000,0x0000,0x0000,0x0000,0x0000,0x0000,0x0000,0x0000,0x0000,
		0x0000,0x8ba7,0x5287,0x5287,0x7b46,0x5287,0x0000,0x0000,0x0000,0x0000,0x0000,0x0000,0x0000,0x0000,0x0000,0x0000,
		0x0000,0x5287,0x0000,0x0000,0x5287,0x0000,0x0000,0x0000,0x0000,0x0000,0x0000,0x0000,0x0000,0x0000,0x0000,0x0000
	},
    {
		0x0000,0x0000,0x0000,0x0000,0x0000,0x0000,0x0000,0x0000,0x0000,0x0000,0x0000,0x0000,0x0000,0x0000,0x0000,0x0000, //short grass
		0x0000,0x0000,0x0000,0x0000,0x0000,0x0000,0x0000,0x0000,0x0000,0x0000,0x0000,0x0000,0x0000,0x0000,0x0000,0x0000, //62
		0x0000,0x0000,0x0000,0x0000,0x4ba8,0x0000,0x0000,0x4ba8,0x0000,0x0000,0x5c49,0x0000,0x0000,0x4ba8,0x0000,0x0000,
		0x0000,0x0000,0x0000,0x0000,0x0000,0x4ba8,0x0000,0x5c49,0x0000,0x0000,0x5c49,0x0000,0x4ba8,0x0000,0x0000,0x0000,
		0x0000,0x0000,0x0000,0x4ba8,0x0000,0x5c49,0x0000,0x5c49,0x0000,0x4306,0x4ba8,0x0000,0x5c49,0x0000,0x0000,0x0000,
		0x0000,0x4ba8,0x0000,0x0000,0x4ba8,0x5c49,0x0000,0x4ba8,0x0000,0x4ba8,0x0000,0x5c49,0x0000,0x0000,0x5c49,0x0000,
		0x0000,0x0000,0x5c49,0x0000,0x3ac6,0x4ba8,0x0000,0x4ba8,0x4306,0x5c49,0x0000,0x4ba8,0x0000,0x5c49,0x0000,0x0000,
		0x0000,0x0000,0x5c49,0x0000,0x0000,0x4ba8,0x4347,0x0000,0x4347,0x5c49,0x0000,0x4306,0x0000,0x5c49,0x0000,0x0000,
		0x0000,0x0000,0x5c49,0x3ac6,0x0000,0x4347,0x4ba8,0x3ac6,0x4306,0x4347,0x5c49,0x3ac6,0x0000,0x4ba8,0x0000,0x0000,
		0x4ba8,0x0000,0x4ba8,0x4347,0x0000,0x5c49,0x0000,0x3ac6,0x4ba8,0x0000,0x4ba8,0x3ac6,0x5c49,0x0000,0x3ac6,0x0000,
		0x4ba8,0x0000,0x4347,0x4ba8,0x0000,0x4ba8,0x3ac6,0x0000,0x4ba8,0x4306,0x4347,0x0000,0x4ba8,0x0000,0x3ac6,0x4ba8,
		0x4ba8,0x4306,0x0000,0x4ba8,0x4ba8,0x4347,0x3ac6,0x0000,0x4347,0x4306,0x4ba8,0x0000,0x4347,0x4ba8,0x0000,0x4347,
		0x4347,0x0000,0x4306,0x4347,0x3ac6,0x4347,0x3ac6,0x4347,0x3ac6,0x4306,0x4ba8,0x4347,0x4306,0x4347,0x4347,0x4306,
		0x4347,0x4347,0x4306,0x4306,0x3ac6,0x4347,0x4306,0x4347,0x4306,0x3ac6,0x4ba8,0x3ac6,0x4306,0x4306,0x4347,0x0000,
		0x0000,0x4306,0x3ac6,0x4ba8,0x3285,0x4306,0x3ac6,0x4ba8,0x4306,0x3285,0x4347,0x3ac6,0x4ba8,0x4306,0x4306,0x4306,
		0x4347,0x4306,0x3285,0x4ba8,0x3285,0x4306,0x3285,0x4ba8,0x4306,0x3285,0x4306,0x3285,0x4ba8,0x3285,0x4306,0x3ac6
	},
    {
		0x0000,0x0000,0x0000,0x0000,0x0000,0x0000,0x0000,0x0000,0x0000,0x0000,0x0000,0x0000,0x0000,0x0000,0x0000,0x0000, //bread
		0x0000,0x0000,0x0000,0x0000,0x0000,0x0000,0x0000,0x0000,0x0000,0x6242,0x6242,0x6242,0x6242,0x0000,0x0000,0x0000, //63
		0x0000,0x0000,0x0000,0x0000,0x0000,0x0000,0x0000,0x6242,0x6242,0x8b23,0xa3c4,0xa3c4,0x8b23,0x6242,0x0000,0x0000,
		0x0000,0x0000,0x0000,0x0000,0x0000,0x0000,0x6242,0x8b23,0xbc44,0xbc44,0xbc44,0xbc44,0xa3c4,0x8b23,0x3961,0x0000,
		0x0000,0x0000,0x0000,0x0000,0x0000,0x6242,0xbc44,0xa3c4,0x8b23,0x8b23,0xbc44,0xbc44,0xbc44,0x8b23,0x3961,0x0000,
		0x0000,0x0000,0x0000,0x0000,0x6242,0xbc44,0xbc44,0xbc44,0xbc44,0xa3c4,0x8b23,0xbc44,0xa3c4,0x8b23,0x3961,0x0000,
		0x0000,0x0000,0x0000,0x6242,0xbc44,0xbc44,0xbc44,0xbc44,0xbc44,0xbc44,0xa3c4,0xbc44,0x8b23,0x6242,0x3961,0x0000,
		0x0000,0x0000,0x6242,0x8b23,0xa3c4,0x8b23,0x8b23,0xbc44,0xbc44,0xbc44,0xbc44,0x8b23,0x8b23,0x49c2,0x3961,0x0000,
		0x0000,0x0000,0x6242,0xbc44,0xbc44,0xbc44,0xa3c4,0x8b23,0xbc44,0xbc44,0x8b23,0x8b23,0x6242,0x3961,0x0000,0x0000,
		0x0000,0x6242,0x8b23,0xbc44,0xbc44,0xbc44,0xbc44,0xa3c4,0xbc44,0x8b23,0x8b23,0x6242,0x3961,0x0000,0x0000,0x0000,
		0x0000,0x6242,0xa3c4,0xbc44,0xbc44,0xbc44,0xbc44,0xbc44,0x8b23,0x8b23,0x6242,0x3961,0x0000,0x0000,0x0000,0x0000,
		0x0000,0x6242,0xa3c4,0xa3c4,0xbc44,0xbc44,0xbc44,0x8b23,0x8b23,0x6242,0x3961,0x0000,0x0000,0x0000,0x0000,0x0000,
		0x0000,0x5202,0x8b23,0xa3c4,0xa3c4,0x8b23,0x8b23,0x8b23,0x6242,0x3961,0x0000,0x0000,0x0000,0x0000,0x0000,0x0000,
		0x0000,0x5202,0x6242,0x8b23,0x8b23,0x8b23,0x8b23,0x6242,0x3961,0x0000,0x0000,0x0000,0x0000,0x0000,0x0000,0x0000,
		0x0000,0x0000,0x49c2,0x6242,0x6242,0x6242,0x49c2,0x3961,0x0000,0x0000,0x0000,0x0000,0x0000,0x0000,0x0000,0x0000,
		0x0000,0x0000,0x0000,0x49c2,0x3961,0x3961,0x3961,0x0000,0x0000,0x0000,0x0000,0x0000,0x0000,0x0000,0x0000,0x0000
	},
    {
		0x6b6d,0x8b46,0x7a84,0x8b46,0x8b46,0x9367,0x9367,0xa448,0x7a84,0x9367,0x9367,0x9367,0x9367,0xa449,0x9367,0x6a03, //door bottom
		0xb4aa,0x9367,0x8b46,0x9387,0xa448,0xa448,0xa408,0xa408,0x8b46,0xa408,0xa408,0xa448,0xa408,0xa448,0x9367,0x6a03, //64
		0xb4aa,0x9367,0x8b46,0x8b46,0x8b46,0x8b46,0x8b46,0x8b46,0x9367,0x9367,0x9367,0x8b46,0x7ac5,0x9367,0x9367,0x6a03,
		0x9ba7,0x72a5,0x6224,0x6244,0x6244,0x6244,0x6244,0x7ac5,0x6244,0x6244,0x6224,0x6224,0x6224,0x72a5,0x7ac5,0x51e3,
		0xb4aa,0x8b46,0x7a84,0x8b46,0x8b46,0x9367,0x9367,0xa408,0x82c5,0x8b46,0x8b46,0x7ac5,0x8b46,0xa448,0x8b46,0x7224,
		0xac68,0x8b46,0x6244,0x8b46,0x8b46,0x8b46,0x9367,0xa408,0x82a5,0x8b46,0x8b46,0x8b46,0x8b46,0xa408,0x8b46,0x6a03,
		0xb4aa,0x9367,0x82c5,0x8b46,0x9367,0x9367,0x9367,0xa408,0x7a84,0x8b46,0x7ac5,0x9367,0x9367,0xa449,0x9367,0x7224,
		0x9be7,0x7ac5,0x72a5,0x9366,0x9366,0x9366,0x9366,0x9387,0x7ac5,0x9387,0x9366,0x9366,0x9366,0x9366,0x7ac5,0x51e3,
		0xb4aa,0x9367,0x9367,0x9367,0x9367,0x7ac5,0x8b46,0x9367,0x9367,0x8b46,0x8b46,0x8b46,0x9367,0x9367,0x9367,0x6a03,
		0xac68,0x8b46,0x7a84,0x7a84,0x7a84,0x82c5,0x82a5,0x8b46,0x7a84,0x7a84,0x7a84,0x6244,0x82c5,0x8b46,0x8b46,0x6a03,
		0x31a6,0x8b46,0x82a5,0x8b46,0x9367,0x9367,0x8b46,0xa408,0x7a84,0x8b46,0x8b46,0x8b46,0x8b46,0xa448,0x8b46,0x6a03,
		0x6b6d,0x72a5,0x6244,0x7ac5,0x72a5,0x72a5,0x72a5,0x9387,0x6244,0x7ac5,0x7ac5,0x7ac5,0x72a5,0x9366,0x72a5,0x51e3,
		0xb4aa,0x9367,0x82c5,0x9367,0x9367,0x8b46,0x9367,0xa408,0x7a84,0x8b46,0x8b46,0x8b46,0x8b46,0x9387,0x9367,0x7224,
		0xaca9,0x8b46,0x7ac5,0xa449,0xa449,0xa449,0xa449,0xa408,0x9367,0xa448,0xa448,0xa408,0xa408,0xa408,0x8b46,0x7224,
		0xb4aa,0x9367,0x8b46,0x8b46,0x8b46,0x9367,0x9367,0x8b46,0x9367,0x9367,0x8b46,0x8b46,0x9367,0x9367,0x9367,0x7224,
		0x7ac5,0x51e3,0x51e3,0x59e3,0x51c3,0x51c3,0x59e3,0x51c3,0x51e3,0x51e3,0x51e3,0x51c3,0x49a3,0x51c3,0x51c3,0x51e3
	},
    {
		0xb4aa,0xac68,0xac68,0xac68,0xac68,0xb4aa,0xb4aa,0xaca9,0xac68,0xb4aa,0xb4aa,0xb4aa,0xb4aa,0xb4aa,0xb4aa,0x8b46, //door top
		0xb4aa,0x9367,0x8b46,0x7ac5,0x8b46,0x8b46,0x8b46,0x8b46,0x8b46,0x8b46,0x8b46,0x8b46,0x8b46,0x8b46,0x9367,0x6a03, //65
		0xb4aa,0x9367,0x7a84,0x7a84,0x7a84,0x7a84,0x82a5,0x8b46,0x82c5,0x82c5,0x82c5,0x82a5,0x6244,0x9367,0x9367,0x6a03,
		0x9ba7,0x72a5,0x6224,0x0000,0x0000,0x0000,0x0000,0x9387,0x6244,0x0000,0x0000,0x0000,0x0000,0x9366,0x7ac5,0x51e3,
		0x31a6,0x7a84,0x7a84,0x0000,0x0000,0x0000,0x0000,0xa408,0x82c5,0x0000,0x0000,0x0000,0x0000,0xa448,0x8b46,0x7224,
		0x6b6d,0x8b46,0x6244,0x0000,0x0000,0x0000,0x0000,0xa408,0x82a5,0x0000,0x0000,0x0000,0x0000,0xa408,0x8b46,0x6a03,
		0xb4aa,0x9367,0x9367,0x9367,0xa448,0xa449,0xa449,0xa408,0x8b46,0x8b46,0xa408,0x9387,0xa449,0xa449,0x9367,0x7224,
		0x9be7,0x7ac5,0x6224,0x6224,0x6224,0x6224,0x6224,0x7ac5,0x6244,0x6244,0x6244,0x6224,0x6224,0x72a5,0x7ac5,0x51e3,
		0xb4aa,0x9367,0x82c5,0x0000,0x0000,0x0000,0x0000,0xa449,0x82c5,0x0000,0x0000,0x0000,0x0000,0xa449,0x9367,0x6a03,
		0xac68,0x8b46,0x7a84,0x0000,0x0000,0x0000,0x0000,0xa448,0x7a84,0x0000,0x0000,0x0000,0x0000,0xa408,0x8b46,0x6a03,
		0xb4aa,0x8b46,0x82a5,0x0000,0x0000,0x0000,0x0000,0xa408,0x7a84,0x0000,0x0000,0x0000,0x0000,0xa448,0x8b46,0x6a03,
		0x9be7,0x72a5,0x7ac5,0x9387,0x9366,0x9366,0x9366,0x9387,0x7ac5,0x9387,0x9387,0x9387,0x9366,0x9366,0x72a5,0x51e3,
		0xb4aa,0x9367,0x9367,0xa449,0xa449,0xa408,0xa449,0xa408,0x8b46,0xa408,0xa408,0xa408,0xa448,0x9387,0x9367,0x7224,
		0xaca9,0x8b46,0x6244,0x82c5,0x82c5,0x82c5,0x82c5,0x8b46,0x82c5,0x82a5,0x82a5,0x7a84,0x7a84,0x8b46,0x8b46,0x7224,
		0xb4aa,0x9367,0x7a84,0x8b46,0x8b46,0x9367,0x9367,0xa408,0x82c5,0x9367,0x8b46,0x4208,0x2965,0x18c3,0x7224,0x7224,
		0x31a6,0x7ac5,0x6244,0x7ae5,0x72a5,0x72a5,0x7ae5,0x9366,0x6244,0x7ac5,0x7ac5,0x18c3,0x51c3,0x9366,0x51c3,0x51e3
	},

    {
		0x8061,0x8041,0x8021,0x8040,0x8021,0x7841,0x8041,0x8082,0x8062,0x7882,0x8081,0x8061,0x8061,0x8041,0x7882,0x8062, //bed back
		0x8041,0x88a2,0x8882,0x8882,0x88a2,0x80a2,0x88a2,0x8081,0x8082,0x7862,0x8042,0x8082,0x8862,0x80a2,0x8882,0x7862, //66
		0x8021,0x8882,0x98e4,0x9904,0x98e4,0x9904,0x90e3,0x9903,0x8882,0x8882,0x88c2,0x8062,0x8082,0x8061,0x88a2,0x88a2,
		0x6800,0x6000,0x6820,0x6020,0x6800,0x6800,0x6800,0x6800,0x6800,0x6800,0x6800,0x6800,0x6800,0x6800,0x6800,0x6800,
		0xa469,0x9366,0x8b46,0x9366,0x8b66,0x9367,0x8b25,0x8b46,0x9366,0x9346,0x8346,0x8b46,0x9366,0x9366,0x9367,0x5203,
		0xb4aa,0x8326,0x6204,0x6a03,0x6a03,0x6a03,0x6a03,0x69e3,0x51c2,0x51c4,0x6a03,0x6a04,0x59e3,0x9388,0x8b66,0x51e3,
		0xac68,0x8b06,0x51c3,0x0000,0x0000,0x0000,0x0000,0x0000,0x0000,0x0000,0x0000,0x0000,0x0000,0xac88,0x9367,0x51e3,
		0xacca,0x8b67,0x59c2,0x0000,0x0000,0x0000,0x0000,0x0000,0x0000,0x0000,0x0000,0x0000,0x0000,0xb4aa,0x9367,0x6a23,
		0xac49,0x9366,0x6a03,0x0000,0x0000,0x0000,0x0000,0x0000,0x0000,0x0000,0x0000,0x0000,0x0000,0xac69,0x9367,0x6a23,
		0x0000,0x0000,0x0000,0x0000,0x0000,0x0000,0x0000,0x0000,0x0000,0x0000,0x0000,0x0000,0x0000,0x0000,0x0000,0x0000,
		0x0000,0x0000,0x0000,0x0000,0x0000,0x0000,0x0000,0x0000,0x0000,0x0000,0x0000,0x0000,0x0000,0x0000,0x0000,0x0000,
		0x0000,0x0000,0x0000,0x0000,0x0000,0x0000,0x0000,0x0000,0x0000,0x0000,0x0000,0x0000,0x0000,0x0000,0x0000,0x0000,
		0x0000,0x0000,0x0000,0x0000,0x0000,0x0000,0x0000,0x0000,0x0000,0x0000,0x0000,0x0000,0x0000,0x0000,0x0000,0x0000,
		0x0000,0x0000,0x0000,0x0000,0x0000,0x0000,0x0000,0x0000,0x0000,0x0000,0x0000,0x0000,0x0000,0x0000,0x0000,0x0000,
		0x0000,0x0000,0x0000,0x0000,0x0000,0x0000,0x0000,0x0000,0x0000,0x0000,0x0000,0x0000,0x0000,0x0000,0x0000,0x0000,
		0x0000,0x0000,0x0000,0x0000,0x0000,0x0000,0x0000,0x0000,0x0000,0x0000,0x0000,0x0000,0x0000,0x0000,0x0000,0x0000
	},
    {
		0xbd96,0xce99,0xce79,0xce59,0xb5b6,0xbdd6,0xb596,0xb596,0xb5b6,0xce9a,0xce7a,0xce79,0xbdb6,0xbdb7,0xb5b6,0xb5b6, //bed front
		0xb5b7,0xce79,0xef5d,0xef7d,0xffdf,0xffdf,0xffdf,0xf7de,0xffbe,0xffbf,0xef7d,0xf77d,0xef9e,0xef5d,0xce7a,0xb5b6, //67
		0xb5b6,0xd699,0xef7e,0xef7e,0xf77d,0xef7d,0xef7d,0xf75d,0xffdf,0xf77d,0xef9d,0xf7be,0xef9d,0xf77d,0xce9a,0xb596,
		0xb596,0xb5d6,0xce59,0xce39,0xce59,0xb5b6,0xb5b6,0xb5b6,0xb5b7,0xbdd7,0xd67a,0xce59,0xce79,0xbdb6,0xb5d7,0xb5b6,
		0xaca8,0x9347,0x8326,0x9366,0x9367,0x9366,0x8b26,0x8b26,0x93a7,0x9367,0x8326,0x8b46,0x9346,0x8b66,0x9367,0x51c3,
		0xb4c9,0x8306,0x6203,0x69e4,0x6223,0x61e3,0x6a03,0x69e3,0x51c3,0x59c3,0x6a03,0x6a03,0x59c3,0x9ba8,0x8b66,0x59c3,
		0xac69,0x8b26,0x51c3,0x0000,0x0000,0x0000,0x0000,0x0000,0x0000,0x0000,0x0000,0x0000,0x0000,0xac48,0x9346,0x51c3,
		0xb4aa,0x8b67,0x51e3,0x0000,0x0000,0x0000,0x0000,0x0000,0x0000,0x0000,0x0000,0x0000,0x0000,0xacaa,0x8b67,0x69e4,
		0xa468,0x9366,0x69e3,0x0000,0x0000,0x0000,0x0000,0x0000,0x0000,0x0000,0x0000,0x0000,0x0000,0xac68,0x9367,0x6a04,
		0x0000,0x0000,0x0000,0x0000,0x0000,0x0000,0x0000,0x0000,0x0000,0x0000,0x0000,0x0000,0x0000,0x0000,0x0000,0x0000,
		0x0000,0x0000,0x0000,0x0000,0x0000,0x0000,0x0000,0x0000,0x0000,0x0000,0x0000,0x0000,0x0000,0x0000,0x0000,0x0000,
		0x0000,0x0000,0x0000,0x0000,0x0000,0x0000,0x0000,0x0000,0x0000,0x0000,0x0000,0x0000,0x0000,0x0000,0x0000,0x0000,
		0x0000,0x0000,0x0000,0x0000,0x0000,0x0000,0x0000,0x0000,0x0000,0x0000,0x0000,0x0000,0x0000,0x0000,0x0000,0x0000,
		0x0000,0x0000,0x0000,0x0000,0x0000,0x0000,0x0000,0x0000,0x0000,0x0000,0x0000,0x0000,0x0000,0x0000,0x0000,0x0000,
		0x0000,0x0000,0x0000,0x0000,0x0000,0x0000,0x0000,0x0000,0x0000,0x0000,0x0000,0x0000,0x0000,0x0000,0x0000,0x0000,
		0x0000,0x0000,0x0000,0x0000,0x0000,0x0000,0x0000,0x0000,0x0000,0x0000,0x0000,0x0000,0x0000,0x0000,0x0000,0x0000
	},
    {
		0x8041,0x8021,0x7841,0x8021,0x8041,0x8040,0x8041,0x8082,0x8082,0x7882,0x8062,0x7882,0x7841,0x7841,0x8082,0x8062, //bed side1
		0x8041,0x88a2,0x88a2,0x88a2,0x8882,0x88a2,0x88a2,0x8082,0x7882,0x7882,0x8082,0x7882,0x88a3,0x8882,0x88a2,0x8081, //68
		0x7841,0x8882,0x9904,0x9904,0x9104,0x9903,0x9904,0x98e4,0x88a2,0x8882,0x88a2,0x7861,0x7881,0x8082,0x80a2,0x88a2,
		0x6800,0x7000,0x6800,0x6800,0x6800,0x6800,0x6800,0x6800,0x6800,0x6800,0x6800,0x6800,0x6800,0x6800,0x6800,0x6800,
		0xac69,0x9366,0x8346,0x9366,0x8b47,0x9347,0x8b26,0x8b25,0x9366,0x9346,0x8326,0x8306,0x9347,0x8b86,0x9347,0x8326,
		0xaca9,0x8b46,0x69e4,0x6a03,0x6a03,0x6a03,0x6a03,0x6223,0x51e3,0x51c3,0x6a03,0x6a03,0x51c3,0x69e3,0x6203,0x6a03,
		0xac69,0x8b25,0x51c3,0x0000,0x0000,0x0000,0x0000,0x0000,0x0000,0x0000,0x0000,0x0000,0x0000,0x0000,0x0000,0x0000,
		0xacaa,0x8b46,0x51e3,0x0000,0x0000,0x0000,0x0000,0x0000,0x0000,0x0000,0x0000,0x0000,0x0000,0x0000,0x0000,0x0000,
		0xac69,0x9346,0x6a03,0x0000,0x0000,0x0000,0x0000,0x0000,0x0000,0x0000,0x0000,0x0000,0x0000,0x0000,0x0000,0x0000,
		0x0000,0x0000,0x0000,0x0000,0x0000,0x0000,0x0000,0x0000,0x0000,0x0000,0x0000,0x0000,0x0000,0x0000,0x0000,0x0000,
		0x0000,0x0000,0x0000,0x0000,0x0000,0x0000,0x0000,0x0000,0x0000,0x0000,0x0000,0x0000,0x0000,0x0000,0x0000,0x0000,
		0x0000,0x0000,0x0000,0x0000,0x0000,0x0000,0x0000,0x0000,0x0000,0x0000,0x0000,0x0000,0x0000,0x0000,0x0000,0x0000,
		0x0000,0x0000,0x0000,0x0000,0x0000,0x0000,0x0000,0x0000,0x0000,0x0000,0x0000,0x0000,0x0000,0x0000,0x0000,0x0000,
		0x0000,0x0000,0x0000,0x0000,0x0000,0x0000,0x0000,0x0000,0x0000,0x0000,0x0000,0x0000,0x0000,0x0000,0x0000,0x0000,
		0x0000,0x0000,0x0000,0x0000,0x0000,0x0000,0x0000,0x0000,0x0000,0x0000,0x0000,0x0000,0x0000,0x0000,0x0000,0x0000,
		0x0000,0x0000,0x0000,0x0000,0x0000,0x0000,0x0000,0x0000,0x0000,0x0000,0x0000,0x0000,0x0000,0x0000,0x0000,0x0000
	},
    {
		0x8061,0x8020,0x7820,0x8040,0x9965,0x8061,0x8041,0x6800,0xb5b6,0xce7a,0xce99,0xce59,0xb5b7,0xbdd6,0xb5b7,0xb576, //bed side2
		0x8882,0x88a2,0x7820,0xb1a6,0xa125,0x88a2,0x8062,0x6800,0xbdb6,0xef7d,0xef9d,0xef7e,0xef9d,0xef7d,0xce99,0xb5b6, //69
		0x8882,0x7882,0x7000,0xa125,0x8081,0x88a2,0x8883,0x6800,0xb5b6,0xce7a,0xef5d,0xef5d,0xef7d,0xef3d,0xd679,0xb5b6,
		0x6800,0x6800,0x6800,0x6820,0x6800,0x6800,0x6800,0x6800,0xb5b6,0xb5d7,0xd6b9,0xce59,0xce59,0xb5b6,0xb5b6,0xb5b6,
		0x8b46,0x8b25,0x9346,0x9346,0x8b67,0x9367,0x9346,0x8b46,0x8b26,0x9346,0x8b26,0x9367,0x8b66,0x9366,0x8b66,0x59c3,
		0x6223,0x51e3,0x6a03,0x6a03,0x51c3,0x6a03,0x6a04,0x6a23,0x6203,0x6203,0x6a03,0x6a03,0x6203,0x93a8,0x8b47,0x51c3,
		0x0000,0x0000,0x0000,0x0000,0x0000,0x0000,0x0000,0x0000,0x0000,0x0000,0x0000,0x0000,0x0000,0xac89,0x9367,0x59e3,
		0x0000,0x0000,0x0000,0x0000,0x0000,0x0000,0x0000,0x0000,0x0000,0x0000,0x0000,0x0000,0x0000,0xb4aa,0x9366,0x6a04,
		0x0000,0x0000,0x0000,0x0000,0x0000,0x0000,0x0000,0x0000,0x0000,0x0000,0x0000,0x0000,0x0000,0xac68,0x9366,0x6a03,
		0x0000,0x0000,0x0000,0x0000,0x0000,0x0000,0x0000,0x0000,0x0000,0x0000,0x0000,0x0000,0x0000,0x0000,0x0000,0x0000,
		0x0000,0x0000,0x0000,0x0000,0x0000,0x0000,0x0000,0x0000,0x0000,0x0000,0x0000,0x0000,0x0000,0x0000,0x0000,0x0000,
		0x0000,0x0000,0x0000,0x0000,0x0000,0x0000,0x0000,0x0000,0x0000,0x0000,0x0000,0x0000,0x0000,0x0000,0x0000,0x0000,
		0x0000,0x0000,0x0000,0x0000,0x0000,0x0000,0x0000,0x0000,0x0000,0x0000,0x0000,0x0000,0x0000,0x0000,0x0000,0x0000,
		0x0000,0x0000,0x0000,0x0000,0x0000,0x0000,0x0000,0x0000,0x0000,0x0000,0x0000,0x0000,0x0000,0x0000,0x0000,0x0000,
		0x0000,0x0000,0x0000,0x0000,0x0000,0x0000,0x0000,0x0000,0x0000,0x0000,0x0000,0x0000,0x0000,0x0000,0x0000,0x0000,
		0x0000,0x0000,0x0000,0x0000,0x0000,0x0000,0x0000,0x0000,0x0000,0x0000,0x0000,0x0000,0x0000,0x0000,0x0000,0x0000 
	},
    {
		0x8062,0x8082,0x7841,0x7841,0x7882,0x8062,0x7882,0x8082,0x8082,0x8041,0x8040,0x8041,0x8021,0x7841,0x8021,0x8041, //bed side3
		0x8081,0x88a2,0x8882,0x88a3,0x7882,0x8082,0x7882,0x7882,0x8082,0x88a2,0x88a2,0x8882,0x88a2,0x88a2,0x88a2,0x8041, //70
		0x88a2,0x80a2,0x8082,0x7881,0x7861,0x88a2,0x8882,0x88a2,0x98e4,0x9904,0x9903,0x9104,0x9904,0x9904,0x8882,0x7841,
		0x6800,0x6800,0x6800,0x6800,0x6800,0x6800,0x6800,0x6800,0x6800,0x6800,0x6800,0x6800,0x6800,0x6800,0x7000,0x6800,
		0x8326,0x9347,0x8b86,0x9347,0x8306,0x8326,0x9346,0x9366,0x8b25,0x8b26,0x9347,0x8b47,0x9366,0x8346,0x9366,0xac69,
		0x6a03,0x6203,0x69e3,0x51c3,0x6a03,0x6a03,0x51c3,0x51e3,0x6223,0x6a03,0x6a03,0x6a03,0x6a03,0x69e4,0x8b46,0xaca9,
		0x0000,0x0000,0x0000,0x0000,0x0000,0x0000,0x0000,0x0000,0x0000,0x0000,0x0000,0x0000,0x0000,0x51c3,0x8b25,0xac69,
		0x0000,0x0000,0x0000,0x0000,0x0000,0x0000,0x0000,0x0000,0x0000,0x0000,0x0000,0x0000,0x0000,0x51e3,0x8b46,0xacaa,
		0x0000,0x0000,0x0000,0x0000,0x0000,0x0000,0x0000,0x0000,0x0000,0x0000,0x0000,0x0000,0x0000,0x6a03,0x9346,0xac69,
		0x0000,0x0000,0x0000,0x0000,0x0000,0x0000,0x0000,0x0000,0x0000,0x0000,0x0000,0x0000,0x0000,0x0000,0x0000,0x0000,
		0x0000,0x0000,0x0000,0x0000,0x0000,0x0000,0x0000,0x0000,0x0000,0x0000,0x0000,0x0000,0x0000,0x0000,0x0000,0x0000,
		0x0000,0x0000,0x0000,0x0000,0x0000,0x0000,0x0000,0x0000,0x0000,0x0000,0x0000,0x0000,0x0000,0x0000,0x0000,0x0000,
		0x0000,0x0000,0x0000,0x0000,0x0000,0x0000,0x0000,0x0000,0x0000,0x0000,0x0000,0x0000,0x0000,0x0000,0x0000,0x0000,
		0x0000,0x0000,0x0000,0x0000,0x0000,0x0000,0x0000,0x0000,0x0000,0x0000,0x0000,0x0000,0x0000,0x0000,0x0000,0x0000,
		0x0000,0x0000,0x0000,0x0000,0x0000,0x0000,0x0000,0x0000,0x0000,0x0000,0x0000,0x0000,0x0000,0x0000,0x0000,0x0000,
		0x0000,0x0000,0x0000,0x0000,0x0000,0x0000,0x0000,0x0000,0x0000,0x0000,0x0000,0x0000,0x0000,0x0000,0x0000,0x0000
	},
    {
		0xb576,0xb5b7,0xbdd6,0xb5b7,0xce59,0xce99,0xce7a,0xb5b6,0x6800,0x8041,0x8061,0x9965,0x8040,0x7820,0x8020,0x8061, //bed side4
		0xb5b6,0xce99,0xef7d,0xef9d,0xef7e,0xef9d,0xef7d,0xbdb6,0x6800,0x8062,0x88a2,0xa125,0xb1a6,0x7820,0x88a2,0x8882, //71
		0xb5b6,0xd679,0xef3d,0xef7d,0xef5d,0xef5d,0xce7a,0xb5b6,0x6800,0x8883,0x88a2,0x8081,0xa125,0x7000,0x7882,0x8882,
		0xb5b6,0xb5b6,0xb5b6,0xce59,0xce59,0xd6b9,0xb5d7,0xb5b6,0x6800,0x6800,0x6800,0x6800,0x6820,0x6800,0x6800,0x6800,
		0x59c3,0x8b66,0x9366,0x8b66,0x9367,0x8b26,0x9346,0x8b26,0x8b46,0x9346,0x9367,0x8b67,0x9346,0x9346,0x8b25,0x8b46,
		0x51c3,0x8b47,0x93a8,0x6203,0x6a03,0x6a03,0x6203,0x6203,0x6a23,0x6a04,0x6a03,0x51c3,0x6a03,0x6a03,0x51e3,0x6223,
		0x59e3,0x9367,0xac89,0x0000,0x0000,0x0000,0x0000,0x0000,0x0000,0x0000,0x0000,0x0000,0x0000,0x0000,0x0000,0x0000,
		0x6a04,0x9366,0xb4aa,0x0000,0x0000,0x0000,0x0000,0x0000,0x0000,0x0000,0x0000,0x0000,0x0000,0x0000,0x0000,0x0000,
		0x6a03,0x9366,0xac68,0x0000,0x0000,0x0000,0x0000,0x0000,0x0000,0x0000,0x0000,0x0000,0x0000,0x0000,0x0000,0x0000,
		0x0000,0x0000,0x0000,0x0000,0x0000,0x0000,0x0000,0x0000,0x0000,0x0000,0x0000,0x0000,0x0000,0x0000,0x0000,0x0000,
		0x0000,0x0000,0x0000,0x0000,0x0000,0x0000,0x0000,0x0000,0x0000,0x0000,0x0000,0x0000,0x0000,0x0000,0x0000,0x0000,
		0x0000,0x0000,0x0000,0x0000,0x0000,0x0000,0x0000,0x0000,0x0000,0x0000,0x0000,0x0000,0x0000,0x0000,0x0000,0x0000,
		0x0000,0x0000,0x0000,0x0000,0x0000,0x0000,0x0000,0x0000,0x0000,0x0000,0x0000,0x0000,0x0000,0x0000,0x0000,0x0000,
		0x0000,0x0000,0x0000,0x0000,0x0000,0x0000,0x0000,0x0000,0x0000,0x0000,0x0000,0x0000,0x0000,0x0000,0x0000,0x0000,
		0x0000,0x0000,0x0000,0x0000,0x0000,0x0000,0x0000,0x0000,0x0000,0x0000,0x0000,0x0000,0x0000,0x0000,0x0000,0x0000,
		0x0000,0x0000,0x0000,0x0000,0x0000,0x0000,0x0000,0x0000,0x0000,0x0000,0x0000,0x0000,0x0000,0x0000,0x0000,0x0000
	},
    {
		0x8041,0x8041,0x8061,0x8861,0x8021,0x8041,0x8861,0x8861,0x8881,0x8041,0x7821,0x8041,0x8041,0x8861,0x8062,0x8061, //bed top1
		0x8041,0x8041,0x8882,0x90a2,0x90a2,0x9082,0x9082,0x98a3,0x9882,0x8862,0x8041,0x98a3,0x98c3,0x98e3,0xa0a3,0xa0e3, //72
		0x8041,0x8861,0xa945,0xb1a6,0xa986,0xa986,0xa9c6,0xb186,0xa966,0xa144,0xa124,0xa965,0xb1a7,0xb1c7,0xb1a7,0xb1e7,
		0x8041,0x9062,0xa965,0xa9a6,0xa9a6,0xa9a6,0xa9a6,0xa986,0xa986,0xa965,0xa945,0xa125,0xa966,0xa986,0xb1a6,0xb186,
		0x8040,0x9883,0xa966,0xa965,0x9904,0xa144,0xa965,0xa145,0xa965,0xa145,0x9904,0x98e3,0x98e4,0x9904,0x9924,0x9924,
		0x8041,0x98e3,0xb1c6,0xb1a6,0x98e4,0x9904,0x98e3,0x90a3,0x88c3,0x88a2,0x8862,0x8081,0x80c2,0x8082,0x80a2,0x88a2,
		0x8061,0x9082,0xb1c6,0x9945,0x90c3,0x90c2,0x90a3,0x8882,0x8882,0x8081,0x88a2,0x8082,0x8882,0x88a2,0x8882,0x8082,
		0x8041,0x8862,0x98e4,0x88a2,0x80a1,0x8882,0x8082,0x80a2,0x8882,0x88a2,0x88a2,0x8882,0x8882,0x88a2,0x88a2,0x88a2,
		0x8041,0x9062,0x90e3,0x88a2,0x8882,0x8882,0x8882,0x90a2,0x88a2,0x88a2,0x88a2,0x88a2,0x88a2,0x88a2,0x88c2,0x8882,
		0x8021,0x9082,0x98e3,0x90c3,0x88a2,0x88a2,0x88a2,0x80a2,0x88a2,0x88a2,0x8882,0x8882,0x8882,0x8881,0x88a2,0x88a2,
		0x8041,0x8882,0x9904,0x88e3,0x8082,0x80a2,0x8082,0x8082,0x8082,0x88a2,0x8882,0x80a3,0x8882,0x88a2,0x90a2,0x88a2,
		0x8040,0x9081,0x98c3,0x88a2,0x8081,0x8082,0x7882,0x7861,0x7862,0x8061,0x8082,0x8082,0x8062,0x8082,0x7881,0x7862,
		0x7841,0x9061,0x90e3,0x88a2,0x8882,0x8082,0x7862,0x7881,0x7881,0x7862,0x7862,0x7882,0x8062,0x8062,0x8081,0x8061,
		0x8021,0x8840,0x8882,0x8082,0x88a2,0x88a2,0x7882,0x8062,0x8082,0x7881,0x7862,0x7862,0x8082,0x7882,0x8081,0x8082,
		0x8041,0x8041,0x7821,0x8041,0x8041,0x8060,0x7881,0x8082,0x7862,0x7882,0x80a1,0x7821,0x7820,0x7840,0x7841,0x8041,
		0x7861,0x8040,0x8041,0x8041,0x7840,0x8041,0x8041,0x8041,0x8041,0x8041,0x8040,0x8021,0x8020,0x8041,0x7841,0x8041
	},
    {
		0x8041,0x7840,0x8040,0x90e3,0x90e3,0x8882,0x8041,0x7000,0xb595,0xad75,0xbdf7,0xce38,0xad96,0x9cf3,0x9cd3,0xb575, //bed top2
		0xa104,0x98c2,0x8821,0x9904,0x9944,0x8861,0x8021,0x7020,0xc619,0xd69a,0xe75d,0xf7be,0xd6ba,0xb596,0xad55,0x9d14, //73
		0xb1e7,0xa9a6,0x90c2,0xba49,0xb1e8,0xa124,0x7821,0x6800,0xc658,0xf79e,0xffff,0xffff,0xf79f,0xd67a,0xb595,0x9cd3,
		0xa986,0xa965,0x90a3,0xc2aa,0xb208,0x9925,0x8041,0x7000,0xce59,0xffdf,0xffff,0xffdf,0xf79e,0xe73c,0xbdd7,0x9cf3,
		0x9945,0x90e3,0x9082,0xba8a,0xb208,0x90e3,0x7841,0x7000,0xd6ba,0xffff,0xffff,0xffbf,0xef3d,0xf75d,0xce39,0xa514,
		0x88a1,0x8882,0x9082,0xc2ca,0xa125,0x8082,0x7841,0x6800,0xd6bb,0xf7be,0xffbe,0xf79e,0xef5d,0xef5d,0xd69a,0xb595,
		0x88a2,0x88a2,0x9082,0xcb0c,0x9924,0x8081,0x7000,0x6800,0xd6ba,0xf77e,0xf79e,0xef7e,0xef5d,0xe75e,0xd67a,0xb5b7,
		0x88a2,0x8883,0x8861,0xba49,0x90e3,0x8082,0x7000,0x6800,0xd6db,0xef9d,0xf79e,0xef7e,0xef5d,0xef7d,0xce99,0xb5b6,
		0x88a2,0x88a2,0x8861,0xb1c7,0x90c3,0x8082,0x7021,0x6800,0xd6ba,0xf7be,0xf79d,0xef7e,0xef5d,0xef5d,0xce7a,0xb576,
		0x88a2,0x8082,0x8861,0xb1e7,0x98c2,0x8882,0x7020,0x6800,0xd69a,0xf77e,0xef7e,0xef5e,0xef5d,0xef5d,0xd679,0xb596,
		0x88a2,0x8882,0x8061,0xb1e7,0x9103,0x88a3,0x7820,0x6800,0xc618,0xe6fc,0xef5d,0xef5d,0xef5d,0xdf1c,0xc618,0xad55,
		0x7861,0x8081,0x7020,0xa986,0x90c3,0x88a2,0x7040,0x6000,0xc618,0xdedb,0xdebb,0xef5c,0xdefb,0xd678,0xad96,0xad55,
		0x7882,0x7881,0x7020,0xa985,0xa145,0x8082,0x7021,0x6800,0xc618,0xdebb,0xdedb,0xdefb,0xd6ba,0xce79,0xb596,0xad55,
		0x8082,0x8082,0x7820,0xa965,0x98e3,0x8082,0x7020,0x6800,0xce99,0xdefb,0xdeba,0xce79,0xc699,0xdebb,0xce39,0xb5b6,
		0x8021,0x7821,0x7020,0x9082,0x8882,0x7821,0x7021,0x7000,0xd699,0xd679,0xbdf8,0xb596,0xb5b7,0xce59,0xd69a,0xb5b6,
		0x8021,0x8041,0x7840,0x8021,0x8041,0x7820,0x7021,0x6800,0xb5b7,0xadb6,0xb5b5,0xa574,0xad75,0xb5b6,0xb5b6,0xbdb7
	},
    {
		0x7bef,0x73ae,0x73ae,0x73ae,0x73ae,0x7bef,0x8c71,0x8c71,0x6b4d,0x8c71,0x7bef,0x73ae,0x73ae,0x73ae,0x73ae,0x7bef, //redstone ore 
		0x7bef,0x7bef,0x8c71,0x8c71,0x8c71,0x8c71,0x8c71,0x8c71,0x73ae,0x8c71,0x8c71,0x8c71,0x6b4d,0x7bef,0x7bef,0x73ae, //74
		0x7bef,0x6b4d,0x73ae,0x73ae,0x9000,0x73ae,0x73ae,0x73ae,0x8c71,0x73ae,0x7bef,0x7bef,0xf800,0x9000,0x7bef,0x7bef,
		0x7bef,0x8c71,0x7bef,0x7bef,0x7bef,0x6b4d,0x7bef,0xf800,0x8800,0x7bef,0x73ae,0x73ae,0x73ae,0x73ae,0x73ae,0x7bef,
		0x7bef,0x8c71,0x8c71,0x73ae,0x73ae,0x73ae,0x73ae,0x73ae,0x73ae,0x73ae,0x8c71,0x8c71,0x8c71,0x8c71,0x8c71,0x6b4d,
		0x73ae,0x73ae,0x7bef,0x7bef,0x7bef,0xf800,0xa820,0x73ae,0x7bef,0x6b4d,0xf800,0xa820,0x73ae,0x73ae,0x6b4d,0x7bef,
		0x8c71,0x8c71,0x7bef,0xb820,0xa820,0x9000,0x9000,0x8800,0x7bef,0x7bef,0x9000,0x8800,0x8c71,0x8c71,0x8c71,0x6b4d,
		0x7bef,0x7bef,0x7bef,0x73ae,0x73ae,0x73ae,0x73ae,0x73ae,0x73ae,0x6b4d,0x73ae,0x73ae,0x73ae,0x73ae,0x7bef,0x7bef,
		0x7bef,0xf800,0x9000,0x6b4d,0x8c71,0x73ae,0x7bef,0x7bef,0xf800,0xa820,0x8c71,0x8c71,0x8c71,0x8c71,0x8c71,0x8c71,
		0x7bef,0x73ae,0x73ae,0x73ae,0x73ae,0x73ae,0x73ae,0xa820,0x8800,0x8800,0x8800,0x73ae,0x73ae,0x73ae,0x8c71,0x7bef,
		0x7bef,0x7bef,0x8c71,0x73ae,0x9000,0x8c71,0x8c71,0x73ae,0x6b4d,0x73ae,0x8c71,0x8c71,0x8c71,0x7bef,0x7bef,0x7bef,
		0x6b4d,0x7bef,0x7bef,0x7bef,0x73ae,0x7bef,0x7bef,0x7bef,0x8c71,0x8c71,0x7bef,0xf800,0x8800,0x8c71,0x8c71,0x6b4d,
		0x7bef,0x73ae,0x73ae,0x73ae,0x73ae,0x73ae,0x73ae,0x73ae,0xa820,0xf800,0xa820,0x9000,0x9000,0x8800,0x73ae,0x7bef,
		0x7bef,0x8c71,0x73ae,0xf800,0x8800,0x7bef,0x7bef,0x73ae,0x73ae,0x8800,0x8800,0x73ae,0x7bef,0x7bef,0x8c71,0x8c71,
		0x7bef,0x7bef,0x7bef,0x73ae,0x73ae,0x73ae,0x73ae,0x73ae,0x7bef,0x7bef,0x8c71,0x8c71,0x7bef,0x73ae,0x73ae,0x7bef,
		0x73ae,0x73ae,0x73ae,0x73ae,0x6b4d,0x8c71,0x8c71,0x7bef,0x7bef,0x7bef,0x7bef,0x73ae,0x73ae,0x73ae,0x7bef,0x7bef
	},
    {
		0x0000,0x0000,0x0000,0x0000,0x0000,0x0000,0x0000,0x0000,0x0000,0x0000,0x0000,0x0000,0x0000,0x0000,0x0000,0x0000, //redstone dust
		0x0000,0x0000,0x0000,0x0000,0x0000,0x0000,0x0000,0x0000,0x0000,0x0000,0x0000,0x0000,0x0000,0x0000,0x0000,0x0000, //75
		0x0000,0x0000,0x0000,0x0000,0x0000,0x0000,0x0000,0x0000,0x0000,0x0000,0x0000,0x0000,0x0000,0x0000,0x0000,0x0000,
		0x0000,0x0000,0x0000,0x0000,0x0000,0x0000,0x0000,0x5820,0x5820,0x0000,0x0000,0x0000,0x0000,0x0000,0x0000,0x0000,
		0x0000,0x0000,0x0000,0x0000,0x0000,0x0000,0x5820,0x7000,0xa860,0x5820,0x0000,0x0000,0x0000,0x0000,0x0000,0x0000,
		0x0000,0x0000,0x0000,0x0000,0x0000,0x5820,0xa860,0xf800,0xa860,0x4020,0x2800,0x0000,0x0000,0x0000,0x0000,0x0000,
		0x0000,0x0000,0x0000,0x0000,0x5820,0xa860,0xf800,0xa860,0x7000,0xf800,0x4020,0x2800,0x0000,0x0000,0x0000,0x0000,
		0x0000,0x0000,0x0000,0x5820,0xa860,0xa860,0xa860,0xf800,0xa860,0x4020,0x5820,0x4020,0x2800,0x0000,0x0000,0x0000,
		0x0000,0x0000,0x5820,0x7000,0xf800,0xa860,0x7000,0x4020,0xf800,0x7000,0x4020,0xa860,0x3020,0x2800,0x0000,0x0000,
		0x0000,0x0000,0x5820,0xa860,0x7000,0xa860,0xf800,0xa860,0x7000,0x4020,0x4020,0x5820,0x4020,0x2800,0x0000,0x0000,
		0x0000,0x0000,0x2800,0x4020,0xa860,0xf800,0xa860,0x7000,0x4020,0xa860,0x4020,0x4020,0x3020,0x2800,0x0000,0x0000,
		0x0000,0x0000,0x0000,0x2800,0x4020,0xa860,0x7000,0x4020,0x5820,0x4020,0x4020,0x3020,0x2800,0x0000,0x0000,0x0000,
		0x0000,0x0000,0x0000,0x0000,0x2800,0x2800,0x3020,0x4020,0x4020,0x3020,0x2800,0x2800,0x0000,0x0000,0x0000,0x0000,
		0x0000,0x0000,0x0000,0x0000,0x0000,0x0000,0x2800,0x2800,0x2800,0x2800,0x0000,0x0000,0x0000,0x0000,0x0000,0x0000,
		0x0000,0x0000,0x0000,0x0000,0x0000,0x0000,0x0000,0x0000,0x0000,0x0000,0x0000,0x0000,0x0000,0x0000,0x0000,0x0000,
		0x0000,0x0000,0x0000,0x0000,0x0000,0x0000,0x0000,0x0000,0x0000,0x0000,0x0000,0x0000,0x0000,0x0000,0x0000,0x0000
	},
    {
        0x0000,0x0000,0x0000,0x0000,0x0000,0x0000,0x0000,0x0000,0x4800,0x0000,0x0000,0x0000,0x0000,0x0000,0x0000,0x0000, //redstone line 0
        0x0000,0x0000,0x0000,0x0000,0x0000,0x0000,0x0000,0x0000,0x0000,0x0000,0x0000,0x0000,0x0000,0x0000,0x0000,0x0000, //76
        0x0000,0x0000,0x0000,0x0000,0x0000,0x0000,0x0000,0x0000,0x4800,0x0000,0x0000,0x0000,0x0000,0x0000,0x0000,0x0000,
        0x0000,0x0000,0x0000,0x0000,0x0000,0x0000,0x0000,0x4800,0x4000,0x0000,0x0000,0x0000,0x0000,0x0000,0x0000,0x0000,
        0x0000,0x0000,0x0000,0x0000,0x0000,0x0000,0x0000,0x4800,0x0000,0x4000,0x0000,0x0000,0x0000,0x0000,0x0000,0x0000,
        0x0000,0x0000,0x0000,0x0000,0x0000,0x0000,0x4800,0x0000,0x4800,0x4000,0x0000,0x0000,0x0000,0x0000,0x0000,0x0000,
        0x0000,0x0000,0x0000,0x0000,0x4000,0x4000,0x4800,0x4000,0x4800,0x4800,0x4800,0x4800,0x0000,0x0000,0x0000,0x0000,
        0x4800,0x0000,0x4800,0x4000,0x0000,0x0000,0x4800,0x4800,0x0000,0x4800,0x4800,0x4800,0x4800,0x4800,0x4800,0x0000,
        0x0000,0x0000,0x0000,0x4800,0x4800,0x4800,0x4000,0x4800,0x4800,0x4800,0x4800,0x0000,0x4000,0x0000,0x0000,0x4800,
        0x0000,0x0000,0x0000,0x0000,0x0000,0x4800,0x4000,0x4800,0x0000,0x4000,0x4800,0x0000,0x0000,0x0000,0x0000,0x0000,
        0x0000,0x0000,0x0000,0x0000,0x0000,0x0000,0x0000,0x4000,0x4800,0x0000,0x4800,0x0000,0x0000,0x0000,0x0000,0x0000,
        0x0000,0x0000,0x0000,0x0000,0x0000,0x0000,0x4800,0x0000,0x0000,0x4800,0x0000,0x0000,0x0000,0x0000,0x0000,0x0000,
        0x0000,0x0000,0x0000,0x0000,0x0000,0x0000,0x0000,0x4000,0x4800,0x0000,0x0000,0x0000,0x0000,0x0000,0x0000,0x0000,
        0x0000,0x0000,0x0000,0x0000,0x0000,0x0000,0x4000,0x0000,0x4800,0x0000,0x0000,0x0000,0x0000,0x0000,0x0000,0x0000,
        0x0000,0x0000,0x0000,0x0000,0x0000,0x0000,0x0000,0x0000,0x4800,0x0000,0x0000,0x0000,0x0000,0x0000,0x0000,0x0000,
        0x0000,0x0000,0x0000,0x0000,0x0000,0x0000,0x0000,0x4800,0x0000,0x0000,0x0000,0x0000,0x0000,0x0000,0x0000,0x0000,
    },
    {
        0x0000,0x0000,0x0000,0x0000,0x0000,0x0000,0x0000,0x0000,0x5000,0x0000,0x0000,0x0000,0x0000,0x0000,0x0000,0x0000, //redstone line 1
        0x0000,0x0000,0x0000,0x0000,0x0000,0x0000,0x0000,0x0000,0x0000,0x0000,0x0000,0x0000,0x0000,0x0000,0x0000,0x0000, //77
        0x0000,0x0000,0x0000,0x0000,0x0000,0x0000,0x0000,0x0000,0x5800,0x0000,0x0000,0x0000,0x0000,0x0000,0x0000,0x0000,
        0x0000,0x0000,0x0000,0x0000,0x0000,0x0000,0x0000,0x5000,0x4800,0x0000,0x0000,0x0000,0x0000,0x0000,0x0000,0x0000,
        0x0000,0x0000,0x0000,0x0000,0x0000,0x0000,0x0000,0x5000,0x0000,0x4800,0x0000,0x0000,0x0000,0x0000,0x0000,0x0000,
        0x0000,0x0000,0x0000,0x0000,0x0000,0x0000,0x5800,0x0000,0x5800,0x4800,0x0000,0x0000,0x0000,0x0000,0x0000,0x0000,
        0x0000,0x0000,0x0000,0x0000,0x4800,0x4800,0x5800,0x4800,0x5000,0x5800,0x5800,0x5800,0x0000,0x0000,0x0000,0x0000,
        0x5000,0x0000,0x5800,0x4800,0x0000,0x0000,0x5000,0x5000,0x0000,0x5000,0x5000,0x5800,0x5800,0x5800,0x5800,0x0000,
        0x0000,0x0000,0x0000,0x5000,0x5000,0x5800,0x4800,0x5000,0x5800,0x5000,0x5800,0x0000,0x4800,0x0000,0x0000,0x5800,
        0x0000,0x0000,0x0000,0x0000,0x0000,0x5800,0x4800,0x5800,0x0000,0x4800,0x5800,0x0000,0x0000,0x0000,0x0000,0x0000,
        0x0000,0x0000,0x0000,0x0000,0x0000,0x0000,0x0000,0x4800,0x5800,0x0000,0x5800,0x0000,0x0000,0x0000,0x0000,0x0000,
        0x0000,0x0000,0x0000,0x0000,0x0000,0x0000,0x5800,0x0000,0x0000,0x5800,0x0000,0x0000,0x0000,0x0000,0x0000,0x0000,
        0x0000,0x0000,0x0000,0x0000,0x0000,0x0000,0x0000,0x4800,0x5800,0x0000,0x0000,0x0000,0x0000,0x0000,0x0000,0x0000,
        0x0000,0x0000,0x0000,0x0000,0x0000,0x0000,0x4800,0x0000,0x5800,0x0000,0x0000,0x0000,0x0000,0x0000,0x0000,0x0000,
        0x0000,0x0000,0x0000,0x0000,0x0000,0x0000,0x0000,0x0000,0x5800,0x0000,0x0000,0x0000,0x0000,0x0000,0x0000,0x0000,
        0x0000,0x0000,0x0000,0x0000,0x0000,0x0000,0x0000,0x5800,0x0000,0x0000,0x0000,0x0000,0x0000,0x0000,0x0000,0x0000,
    },
    {
        0x0000,0x0000,0x0000,0x0000,0x0000,0x0000,0x0000,0x0000,0x5800,0x0000,0x0000,0x0000,0x0000,0x0000,0x0000,0x0000, //redstone line 2
        0x0000,0x0000,0x0000,0x0000,0x0000,0x0000,0x0000,0x0000,0x0000,0x0000,0x0000,0x0000,0x0000,0x0000,0x0000,0x0000, //78
        0x0000,0x0000,0x0000,0x0000,0x0000,0x0000,0x0000,0x0000,0x6000,0x0000,0x0000,0x0000,0x0000,0x0000,0x0000,0x0000,
        0x0000,0x0000,0x0000,0x0000,0x0000,0x0000,0x0000,0x5800,0x5000,0x0000,0x0000,0x0000,0x0000,0x0000,0x0000,0x0000,
        0x0000,0x0000,0x0000,0x0000,0x0000,0x0000,0x0000,0x5800,0x0000,0x5000,0x0000,0x0000,0x0000,0x0000,0x0000,0x0000,
        0x0000,0x0000,0x0000,0x0000,0x0000,0x0000,0x6000,0x0000,0x6000,0x5000,0x0000,0x0000,0x0000,0x0000,0x0000,0x0000,
        0x0000,0x0000,0x0000,0x0000,0x5000,0x5000,0x6000,0x5000,0x5800,0x6000,0x6000,0x6000,0x0000,0x0000,0x0000,0x0000,
        0x5800,0x0000,0x6000,0x5000,0x0000,0x0000,0x5800,0x5800,0x0000,0x5800,0x5800,0x6000,0x6000,0x6000,0x6000,0x0000,
        0x0000,0x0000,0x0000,0x5800,0x5800,0x6000,0x5000,0x5800,0x6000,0x5800,0x6000,0x0000,0x5000,0x0000,0x0000,0x6000,
        0x0000,0x0000,0x0000,0x0000,0x0000,0x6000,0x5000,0x6000,0x0000,0x5000,0x6000,0x0000,0x0000,0x0000,0x0000,0x0000,
        0x0000,0x0000,0x0000,0x0000,0x0000,0x0000,0x0000,0x5000,0x6000,0x0000,0x6000,0x0000,0x0000,0x0000,0x0000,0x0000,
        0x0000,0x0000,0x0000,0x0000,0x0000,0x0000,0x6000,0x0000,0x0000,0x6000,0x0000,0x0000,0x0000,0x0000,0x0000,0x0000,
        0x0000,0x0000,0x0000,0x0000,0x0000,0x0000,0x0000,0x5000,0x6000,0x0000,0x0000,0x0000,0x0000,0x0000,0x0000,0x0000,
        0x0000,0x0000,0x0000,0x0000,0x0000,0x0000,0x5000,0x0000,0x6000,0x0000,0x0000,0x0000,0x0000,0x0000,0x0000,0x0000,
        0x0000,0x0000,0x0000,0x0000,0x0000,0x0000,0x0000,0x0000,0x6000,0x0000,0x0000,0x0000,0x0000,0x0000,0x0000,0x0000,
        0x0000,0x0000,0x0000,0x0000,0x0000,0x0000,0x0000,0x6000,0x0000,0x0000,0x0000,0x0000,0x0000,0x0000,0x0000,0x0000,
    },
    {
        0x0000,0x0000,0x0000,0x0000,0x0000,0x0000,0x0000,0x0000,0x6020,0x0000,0x0000,0x0000,0x0000,0x0000,0x0000,0x0000, //redstone line 3
        0x0000,0x0000,0x0000,0x0000,0x0000,0x0000,0x0000,0x0000,0x0000,0x0000,0x0000,0x0000,0x0000,0x0000,0x0000,0x0000, //79
        0x0000,0x0000,0x0000,0x0000,0x0000,0x0000,0x0000,0x0000,0x6820,0x0000,0x0000,0x0000,0x0000,0x0000,0x0000,0x0000,
        0x0000,0x0000,0x0000,0x0000,0x0000,0x0000,0x0000,0x6020,0x5820,0x0000,0x0000,0x0000,0x0000,0x0000,0x0000,0x0000,
        0x0000,0x0000,0x0000,0x0000,0x0000,0x0000,0x0000,0x6020,0x0000,0x5820,0x0000,0x0000,0x0000,0x0000,0x0000,0x0000,
        0x0000,0x0000,0x0000,0x0000,0x0000,0x0000,0x6820,0x0000,0x6820,0x5820,0x0000,0x0000,0x0000,0x0000,0x0000,0x0000,
        0x0000,0x0000,0x0000,0x0000,0x5820,0x5820,0x6820,0x5820,0x6020,0x6820,0x6820,0x6820,0x0000,0x0000,0x0000,0x0000,
        0x6020,0x0000,0x6820,0x5820,0x0000,0x0000,0x6020,0x6020,0x0000,0x6020,0x6020,0x6820,0x6820,0x6820,0x6820,0x0000,
        0x0000,0x0000,0x0000,0x6020,0x6020,0x6820,0x5820,0x6020,0x6820,0x6020,0x6820,0x0000,0x5820,0x0000,0x0000,0x6820,
        0x0000,0x0000,0x0000,0x0000,0x0000,0x6820,0x5820,0x6820,0x0000,0x5820,0x6820,0x0000,0x0000,0x0000,0x0000,0x0000,
        0x0000,0x0000,0x0000,0x0000,0x0000,0x0000,0x0000,0x5820,0x6820,0x0000,0x6820,0x0000,0x0000,0x0000,0x0000,0x0000,
        0x0000,0x0000,0x0000,0x0000,0x0000,0x0000,0x6820,0x0000,0x0000,0x6820,0x0000,0x0000,0x0000,0x0000,0x0000,0x0000,
        0x0000,0x0000,0x0000,0x0000,0x0000,0x0000,0x0000,0x5820,0x6820,0x0000,0x0000,0x0000,0x0000,0x0000,0x0000,0x0000,
        0x0000,0x0000,0x0000,0x0000,0x0000,0x0000,0x5820,0x0000,0x6820,0x0000,0x0000,0x0000,0x0000,0x0000,0x0000,0x0000,
        0x0000,0x0000,0x0000,0x0000,0x0000,0x0000,0x0000,0x0000,0x6820,0x0000,0x0000,0x0000,0x0000,0x0000,0x0000,0x0000,
        0x0000,0x0000,0x0000,0x0000,0x0000,0x0000,0x0000,0x6820,0x0000,0x0000,0x0000,0x0000,0x0000,0x0000,0x0000,0x0000,
    },
    {
        0x0000,0x0000,0x0000,0x0000,0x0000,0x0000,0x0000,0x0000,0x7020,0x0000,0x0000,0x0000,0x0000,0x0000,0x0000,0x0000, //redstone line 4
        0x0000,0x0000,0x0000,0x0000,0x0000,0x0000,0x0000,0x0000,0x0000,0x0000,0x0000,0x0000,0x0000,0x0000,0x0000,0x0000, //80
        0x0000,0x0000,0x0000,0x0000,0x0000,0x0000,0x0000,0x0000,0x7820,0x0000,0x0000,0x0000,0x0000,0x0000,0x0000,0x0000,
        0x0000,0x0000,0x0000,0x0000,0x0000,0x0000,0x0000,0x7020,0x6020,0x0000,0x0000,0x0000,0x0000,0x0000,0x0000,0x0000,
        0x0000,0x0000,0x0000,0x0000,0x0000,0x0000,0x0000,0x7020,0x0000,0x6020,0x0000,0x0000,0x0000,0x0000,0x0000,0x0000,
        0x0000,0x0000,0x0000,0x0000,0x0000,0x0000,0x7820,0x0000,0x7820,0x6020,0x0000,0x0000,0x0000,0x0000,0x0000,0x0000,
        0x0000,0x0000,0x0000,0x0000,0x6020,0x6020,0x7820,0x6020,0x7020,0x7820,0x7820,0x7820,0x0000,0x0000,0x0000,0x0000,
        0x7020,0x0000,0x7820,0x6020,0x0000,0x0000,0x7020,0x7020,0x0000,0x7020,0x7020,0x7820,0x7820,0x7820,0x7820,0x0000,
        0x0000,0x0000,0x0000,0x7020,0x7020,0x7820,0x6020,0x7020,0x7820,0x7020,0x7820,0x0000,0x6020,0x0000,0x0000,0x7820,
        0x0000,0x0000,0x0000,0x0000,0x0000,0x7820,0x6020,0x7820,0x0000,0x6020,0x7820,0x0000,0x0000,0x0000,0x0000,0x0000,
        0x0000,0x0000,0x0000,0x0000,0x0000,0x0000,0x0000,0x6020,0x7820,0x0000,0x7820,0x0000,0x0000,0x0000,0x0000,0x0000,
        0x0000,0x0000,0x0000,0x0000,0x0000,0x0000,0x7820,0x0000,0x0000,0x7820,0x0000,0x0000,0x0000,0x0000,0x0000,0x0000,
        0x0000,0x0000,0x0000,0x0000,0x0000,0x0000,0x0000,0x6020,0x7820,0x0000,0x0000,0x0000,0x0000,0x0000,0x0000,0x0000,
        0x0000,0x0000,0x0000,0x0000,0x0000,0x0000,0x6020,0x0000,0x7820,0x0000,0x0000,0x0000,0x0000,0x0000,0x0000,0x0000,
        0x0000,0x0000,0x0000,0x0000,0x0000,0x0000,0x0000,0x0000,0x7820,0x0000,0x0000,0x0000,0x0000,0x0000,0x0000,0x0000,
        0x0000,0x0000,0x0000,0x0000,0x0000,0x0000,0x0000,0x7820,0x0000,0x0000,0x0000,0x0000,0x0000,0x0000,0x0000,0x0000,
    },
    {
        0x0000,0x0000,0x0000,0x0000,0x0000,0x0000,0x0000,0x0000,0x7840,0x0000,0x0000,0x0000,0x0000,0x0000,0x0000,0x0000, //redstone line 5
        0x0000,0x0000,0x0000,0x0000,0x0000,0x0000,0x0000,0x0000,0x0000,0x0000,0x0000,0x0000,0x0000,0x0000,0x0000,0x0000, //81
        0x0000,0x0000,0x0000,0x0000,0x0000,0x0000,0x0000,0x0000,0x8040,0x0000,0x0000,0x0000,0x0000,0x0000,0x0000,0x0000,
        0x0000,0x0000,0x0000,0x0000,0x0000,0x0000,0x0000,0x7840,0x7020,0x0000,0x0000,0x0000,0x0000,0x0000,0x0000,0x0000,
        0x0000,0x0000,0x0000,0x0000,0x0000,0x0000,0x0000,0x7840,0x0000,0x7020,0x0000,0x0000,0x0000,0x0000,0x0000,0x0000,
        0x0000,0x0000,0x0000,0x0000,0x0000,0x0000,0x8040,0x0000,0x8040,0x7020,0x0000,0x0000,0x0000,0x0000,0x0000,0x0000,
        0x0000,0x0000,0x0000,0x0000,0x7020,0x7020,0x8040,0x7020,0x7840,0x8040,0x8040,0x8040,0x0000,0x0000,0x0000,0x0000,
        0x7840,0x0000,0x8040,0x7020,0x0000,0x0000,0x7840,0x7840,0x0000,0x7840,0x7840,0x8040,0x8040,0x8040,0x8040,0x0000,
        0x0000,0x0000,0x0000,0x7840,0x7840,0x8040,0x7020,0x7840,0x8040,0x7840,0x8040,0x0000,0x7020,0x0000,0x0000,0x8040,
        0x0000,0x0000,0x0000,0x0000,0x0000,0x8040,0x7020,0x8040,0x0000,0x7020,0x8040,0x0000,0x0000,0x0000,0x0000,0x0000,
        0x0000,0x0000,0x0000,0x0000,0x0000,0x0000,0x0000,0x7020,0x8040,0x0000,0x8040,0x0000,0x0000,0x0000,0x0000,0x0000,
        0x0000,0x0000,0x0000,0x0000,0x0000,0x0000,0x8040,0x0000,0x0000,0x8040,0x0000,0x0000,0x0000,0x0000,0x0000,0x0000,
        0x0000,0x0000,0x0000,0x0000,0x0000,0x0000,0x0000,0x7020,0x8040,0x0000,0x0000,0x0000,0x0000,0x0000,0x0000,0x0000,
        0x0000,0x0000,0x0000,0x0000,0x0000,0x0000,0x7020,0x0000,0x8040,0x0000,0x0000,0x0000,0x0000,0x0000,0x0000,0x0000,
        0x0000,0x0000,0x0000,0x0000,0x0000,0x0000,0x0000,0x0000,0x8040,0x0000,0x0000,0x0000,0x0000,0x0000,0x0000,0x0000,
        0x0000,0x0000,0x0000,0x0000,0x0000,0x0000,0x0000,0x8040,0x0000,0x0000,0x0000,0x0000,0x0000,0x0000,0x0000,0x0000,
    },
    {
        0x0000,0x0000,0x0000,0x0000,0x0000,0x0000,0x0000,0x0000,0x8040,0x0000,0x0000,0x0000,0x0000,0x0000,0x0000,0x0000, //redstone line 6
        0x0000,0x0000,0x0000,0x0000,0x0000,0x0000,0x0000,0x0000,0x0000,0x0000,0x0000,0x0000,0x0000,0x0000,0x0000,0x0000, //82
        0x0000,0x0000,0x0000,0x0000,0x0000,0x0000,0x0000,0x0000,0x8840,0x0000,0x0000,0x0000,0x0000,0x0000,0x0000,0x0000,
        0x0000,0x0000,0x0000,0x0000,0x0000,0x0000,0x0000,0x8040,0x7840,0x0000,0x0000,0x0000,0x0000,0x0000,0x0000,0x0000,
        0x0000,0x0000,0x0000,0x0000,0x0000,0x0000,0x0000,0x8040,0x0000,0x7840,0x0000,0x0000,0x0000,0x0000,0x0000,0x0000,
        0x0000,0x0000,0x0000,0x0000,0x0000,0x0000,0x8840,0x0000,0x8840,0x7840,0x0000,0x0000,0x0000,0x0000,0x0000,0x0000,
        0x0000,0x0000,0x0000,0x0000,0x7840,0x7840,0x8840,0x7840,0x8040,0x8840,0x8840,0x8840,0x0000,0x0000,0x0000,0x0000,
        0x8040,0x0000,0x8840,0x7840,0x0000,0x0000,0x8040,0x8040,0x0000,0x8040,0x8040,0x8840,0x8840,0x8840,0x8840,0x0000,
        0x0000,0x0000,0x0000,0x8040,0x8040,0x8840,0x7840,0x8040,0x8840,0x8040,0x8840,0x0000,0x7840,0x0000,0x0000,0x8840,
        0x0000,0x0000,0x0000,0x0000,0x0000,0x8840,0x7840,0x8840,0x0000,0x7840,0x8840,0x0000,0x0000,0x0000,0x0000,0x0000,
        0x0000,0x0000,0x0000,0x0000,0x0000,0x0000,0x0000,0x7840,0x8840,0x0000,0x8840,0x0000,0x0000,0x0000,0x0000,0x0000,
        0x0000,0x0000,0x0000,0x0000,0x0000,0x0000,0x8840,0x0000,0x0000,0x8840,0x0000,0x0000,0x0000,0x0000,0x0000,0x0000,
        0x0000,0x0000,0x0000,0x0000,0x0000,0x0000,0x0000,0x7840,0x8840,0x0000,0x0000,0x0000,0x0000,0x0000,0x0000,0x0000,
        0x0000,0x0000,0x0000,0x0000,0x0000,0x0000,0x7840,0x0000,0x8840,0x0000,0x0000,0x0000,0x0000,0x0000,0x0000,0x0000,
        0x0000,0x0000,0x0000,0x0000,0x0000,0x0000,0x0000,0x0000,0x8840,0x0000,0x0000,0x0000,0x0000,0x0000,0x0000,0x0000,
        0x0000,0x0000,0x0000,0x0000,0x0000,0x0000,0x0000,0x8840,0x0000,0x0000,0x0000,0x0000,0x0000,0x0000,0x0000,0x0000,
    },
    {
        0x0000,0x0000,0x0000,0x0000,0x0000,0x0000,0x0000,0x0000,0x8840,0x0000,0x0000,0x0000,0x0000,0x0000,0x0000,0x0000, //redstone line 7
        0x0000,0x0000,0x0000,0x0000,0x0000,0x0000,0x0000,0x0000,0x0000,0x0000,0x0000,0x0000,0x0000,0x0000,0x0000,0x0000, //83
        0x0000,0x0000,0x0000,0x0000,0x0000,0x0000,0x0000,0x0000,0x9860,0x0000,0x0000,0x0000,0x0000,0x0000,0x0000,0x0000,
        0x0000,0x0000,0x0000,0x0000,0x0000,0x0000,0x0000,0x8840,0x8040,0x0000,0x0000,0x0000,0x0000,0x0000,0x0000,0x0000,
        0x0000,0x0000,0x0000,0x0000,0x0000,0x0000,0x0000,0x8840,0x0000,0x8040,0x0000,0x0000,0x0000,0x0000,0x0000,0x0000,
        0x0000,0x0000,0x0000,0x0000,0x0000,0x0000,0x9860,0x0000,0x9860,0x8040,0x0000,0x0000,0x0000,0x0000,0x0000,0x0000,
        0x0000,0x0000,0x0000,0x0000,0x8040,0x8040,0x9860,0x8040,0x8840,0x9860,0x9860,0x9860,0x0000,0x0000,0x0000,0x0000,
        0x8840,0x0000,0x9860,0x8040,0x0000,0x0000,0x8840,0x8840,0x0000,0x8840,0x8840,0x9860,0x9860,0x9860,0x9860,0x0000,
        0x0000,0x0000,0x0000,0x8840,0x8840,0x9860,0x8040,0x8840,0x9860,0x8840,0x9860,0x0000,0x8040,0x0000,0x0000,0x9860,
        0x0000,0x0000,0x0000,0x0000,0x0000,0x9860,0x8040,0x9860,0x0000,0x8040,0x9860,0x0000,0x0000,0x0000,0x0000,0x0000,
        0x0000,0x0000,0x0000,0x0000,0x0000,0x0000,0x0000,0x8040,0x9860,0x0000,0x9860,0x0000,0x0000,0x0000,0x0000,0x0000,
        0x0000,0x0000,0x0000,0x0000,0x0000,0x0000,0x9860,0x0000,0x0000,0x9860,0x0000,0x0000,0x0000,0x0000,0x0000,0x0000,
        0x0000,0x0000,0x0000,0x0000,0x0000,0x0000,0x0000,0x8040,0x9860,0x0000,0x0000,0x0000,0x0000,0x0000,0x0000,0x0000,
        0x0000,0x0000,0x0000,0x0000,0x0000,0x0000,0x8040,0x0000,0x9860,0x0000,0x0000,0x0000,0x0000,0x0000,0x0000,0x0000,
        0x0000,0x0000,0x0000,0x0000,0x0000,0x0000,0x0000,0x0000,0x9860,0x0000,0x0000,0x0000,0x0000,0x0000,0x0000,0x0000,
        0x0000,0x0000,0x0000,0x0000,0x0000,0x0000,0x0000,0x9860,0x0000,0x0000,0x0000,0x0000,0x0000,0x0000,0x0000,0x0000,
    },
    {
        0x0000,0x0000,0x0000,0x0000,0x0000,0x0000,0x0000,0x0000,0x9860,0x0000,0x0000,0x0000,0x0000,0x0000,0x0000,0x0000, //redstone line 8
        0x0000,0x0000,0x0000,0x0000,0x0000,0x0000,0x0000,0x0000,0x0000,0x0000,0x0000,0x0000,0x0000,0x0000,0x0000,0x0000, //84
        0x0000,0x0000,0x0000,0x0000,0x0000,0x0000,0x0000,0x0000,0xa060,0x0000,0x0000,0x0000,0x0000,0x0000,0x0000,0x0000,
        0x0000,0x0000,0x0000,0x0000,0x0000,0x0000,0x0000,0x9860,0x8860,0x0000,0x0000,0x0000,0x0000,0x0000,0x0000,0x0000,
        0x0000,0x0000,0x0000,0x0000,0x0000,0x0000,0x0000,0x9860,0x0000,0x8860,0x0000,0x0000,0x0000,0x0000,0x0000,0x0000,
        0x0000,0x0000,0x0000,0x0000,0x0000,0x0000,0xa060,0x0000,0xa060,0x8860,0x0000,0x0000,0x0000,0x0000,0x0000,0x0000,
        0x0000,0x0000,0x0000,0x0000,0x8860,0x8860,0xa060,0x8860,0x9860,0xa060,0xa060,0xa060,0x0000,0x0000,0x0000,0x0000,
        0x9860,0x0000,0xa060,0x8860,0x0000,0x0000,0x9860,0x9860,0x0000,0x9860,0x9860,0xa060,0xa060,0xa060,0xa060,0x0000,
        0x0000,0x0000,0x0000,0x9860,0x9860,0xa060,0x8860,0x9860,0xa060,0x9860,0xa060,0x0000,0x8860,0x0000,0x0000,0xa060,
        0x0000,0x0000,0x0000,0x0000,0x0000,0xa060,0x8860,0xa060,0x0000,0x8860,0xa060,0x0000,0x0000,0x0000,0x0000,0x0000,
        0x0000,0x0000,0x0000,0x0000,0x0000,0x0000,0x0000,0x8860,0xa060,0x0000,0xa060,0x0000,0x0000,0x0000,0x0000,0x0000,
        0x0000,0x0000,0x0000,0x0000,0x0000,0x0000,0xa060,0x0000,0x0000,0xa060,0x0000,0x0000,0x0000,0x0000,0x0000,0x0000,
        0x0000,0x0000,0x0000,0x0000,0x0000,0x0000,0x0000,0x8860,0xa060,0x0000,0x0000,0x0000,0x0000,0x0000,0x0000,0x0000,
        0x0000,0x0000,0x0000,0x0000,0x0000,0x0000,0x8860,0x0000,0xa060,0x0000,0x0000,0x0000,0x0000,0x0000,0x0000,0x0000,
        0x0000,0x0000,0x0000,0x0000,0x0000,0x0000,0x0000,0x0000,0xa060,0x0000,0x0000,0x0000,0x0000,0x0000,0x0000,0x0000,
        0x0000,0x0000,0x0000,0x0000,0x0000,0x0000,0x0000,0xa060,0x0000,0x0000,0x0000,0x0000,0x0000,0x0000,0x0000,0x0000,
    },
    {
        0x0000,0x0000,0x0000,0x0000,0x0000,0x0000,0x0000,0x0000,0xa060,0x0000,0x0000,0x0000,0x0000,0x0000,0x0000,0x0000, //redstone line 9
        0x0000,0x0000,0x0000,0x0000,0x0000,0x0000,0x0000,0x0000,0x0000,0x0000,0x0000,0x0000,0x0000,0x0000,0x0000,0x0000, //85
        0x0000,0x0000,0x0000,0x0000,0x0000,0x0000,0x0000,0x0000,0xa880,0x0000,0x0000,0x0000,0x0000,0x0000,0x0000,0x0000,
        0x0000,0x0000,0x0000,0x0000,0x0000,0x0000,0x0000,0xa060,0x9060,0x0000,0x0000,0x0000,0x0000,0x0000,0x0000,0x0000,
        0x0000,0x0000,0x0000,0x0000,0x0000,0x0000,0x0000,0xa060,0x0000,0x9060,0x0000,0x0000,0x0000,0x0000,0x0000,0x0000,
        0x0000,0x0000,0x0000,0x0000,0x0000,0x0000,0xa880,0x0000,0xa880,0x9060,0x0000,0x0000,0x0000,0x0000,0x0000,0x0000,
        0x0000,0x0000,0x0000,0x0000,0x9060,0x9060,0xa880,0x9060,0xa060,0xa880,0xa880,0xa880,0x0000,0x0000,0x0000,0x0000,
        0xa060,0x0000,0xa880,0x9060,0x0000,0x0000,0xa060,0xa060,0x0000,0xa060,0xa060,0xa880,0xa880,0xa880,0xa880,0x0000,
        0x0000,0x0000,0x0000,0xa060,0xa060,0xa880,0x9060,0xa060,0xa880,0xa060,0xa880,0x0000,0x9060,0x0000,0x0000,0xa880,
        0x0000,0x0000,0x0000,0x0000,0x0000,0xa880,0x9060,0xa880,0x0000,0x9060,0xa880,0x0000,0x0000,0x0000,0x0000,0x0000,
        0x0000,0x0000,0x0000,0x0000,0x0000,0x0000,0x0000,0x9060,0xa880,0x0000,0xa880,0x0000,0x0000,0x0000,0x0000,0x0000,
        0x0000,0x0000,0x0000,0x0000,0x0000,0x0000,0xa880,0x0000,0x0000,0xa880,0x0000,0x0000,0x0000,0x0000,0x0000,0x0000,
        0x0000,0x0000,0x0000,0x0000,0x0000,0x0000,0x0000,0x9060,0xa880,0x0000,0x0000,0x0000,0x0000,0x0000,0x0000,0x0000,
        0x0000,0x0000,0x0000,0x0000,0x0000,0x0000,0x9060,0x0000,0xa880,0x0000,0x0000,0x0000,0x0000,0x0000,0x0000,0x0000,
        0x0000,0x0000,0x0000,0x0000,0x0000,0x0000,0x0000,0x0000,0xa880,0x0000,0x0000,0x0000,0x0000,0x0000,0x0000,0x0000,
        0x0000,0x0000,0x0000,0x0000,0x0000,0x0000,0x0000,0xa880,0x0000,0x0000,0x0000,0x0000,0x0000,0x0000,0x0000,0x0000,
    },
    {
        0x0000,0x0000,0x0000,0x0000,0x0000,0x0000,0x0000,0x0000,0xa880,0x0000,0x0000,0x0000,0x0000,0x0000,0x0000,0x0000, //redstone line 10
        0x0000,0x0000,0x0000,0x0000,0x0000,0x0000,0x0000,0x0000,0x0000,0x0000,0x0000,0x0000,0x0000,0x0000,0x0000,0x0000, //86
        0x0000,0x0000,0x0000,0x0000,0x0000,0x0000,0x0000,0x0000,0xb880,0x0000,0x0000,0x0000,0x0000,0x0000,0x0000,0x0000,
        0x0000,0x0000,0x0000,0x0000,0x0000,0x0000,0x0000,0xa880,0x9860,0x0000,0x0000,0x0000,0x0000,0x0000,0x0000,0x0000,
        0x0000,0x0000,0x0000,0x0000,0x0000,0x0000,0x0000,0xa880,0x0000,0x9860,0x0000,0x0000,0x0000,0x0000,0x0000,0x0000,
        0x0000,0x0000,0x0000,0x0000,0x0000,0x0000,0xb880,0x0000,0xb880,0x9860,0x0000,0x0000,0x0000,0x0000,0x0000,0x0000,
        0x0000,0x0000,0x0000,0x0000,0x9860,0x9860,0xb880,0x9860,0xa880,0xb880,0xb880,0xb880,0x0000,0x0000,0x0000,0x0000,
        0xa880,0x0000,0xb880,0x9860,0x0000,0x0000,0xa880,0xa880,0x0000,0xa880,0xa880,0xb880,0xb880,0xb880,0xb880,0x0000,
        0x0000,0x0000,0x0000,0xa880,0xa880,0xb880,0x9860,0xa880,0xb880,0xa880,0xb880,0x0000,0x9860,0x0000,0x0000,0xb880,
        0x0000,0x0000,0x0000,0x0000,0x0000,0xb880,0x9860,0xb880,0x0000,0x9860,0xb880,0x0000,0x0000,0x0000,0x0000,0x0000,
        0x0000,0x0000,0x0000,0x0000,0x0000,0x0000,0x0000,0x9860,0xb880,0x0000,0xb880,0x0000,0x0000,0x0000,0x0000,0x0000,
        0x0000,0x0000,0x0000,0x0000,0x0000,0x0000,0xb880,0x0000,0x0000,0xb880,0x0000,0x0000,0x0000,0x0000,0x0000,0x0000,
        0x0000,0x0000,0x0000,0x0000,0x0000,0x0000,0x0000,0x9860,0xb880,0x0000,0x0000,0x0000,0x0000,0x0000,0x0000,0x0000,
        0x0000,0x0000,0x0000,0x0000,0x0000,0x0000,0x9860,0x0000,0xb880,0x0000,0x0000,0x0000,0x0000,0x0000,0x0000,0x0000,
        0x0000,0x0000,0x0000,0x0000,0x0000,0x0000,0x0000,0x0000,0xb880,0x0000,0x0000,0x0000,0x0000,0x0000,0x0000,0x0000,
        0x0000,0x0000,0x0000,0x0000,0x0000,0x0000,0x0000,0xb880,0x0000,0x0000,0x0000,0x0000,0x0000,0x0000,0x0000,0x0000,
    },
    {
        0x0000,0x0000,0x0000,0x0000,0x0000,0x0000,0x0000,0x0000,0xb080,0x0000,0x0000,0x0000,0x0000,0x0000,0x0000,0x0000, //redstone line 11
        0x0000,0x0000,0x0000,0x0000,0x0000,0x0000,0x0000,0x0000,0x0000,0x0000,0x0000,0x0000,0x0000,0x0000,0x0000,0x0000, //87
        0x0000,0x0000,0x0000,0x0000,0x0000,0x0000,0x0000,0x0000,0xc080,0x0000,0x0000,0x0000,0x0000,0x0000,0x0000,0x0000,
        0x0000,0x0000,0x0000,0x0000,0x0000,0x0000,0x0000,0xb080,0xa880,0x0000,0x0000,0x0000,0x0000,0x0000,0x0000,0x0000,
        0x0000,0x0000,0x0000,0x0000,0x0000,0x0000,0x0000,0xb080,0x0000,0xa880,0x0000,0x0000,0x0000,0x0000,0x0000,0x0000,
        0x0000,0x0000,0x0000,0x0000,0x0000,0x0000,0xc080,0x0000,0xc080,0xa880,0x0000,0x0000,0x0000,0x0000,0x0000,0x0000,
        0x0000,0x0000,0x0000,0x0000,0xa880,0xa880,0xc080,0xa880,0xb080,0xc080,0xc080,0xc080,0x0000,0x0000,0x0000,0x0000,
        0xb080,0x0000,0xc080,0xa880,0x0000,0x0000,0xb080,0xb080,0x0000,0xb080,0xb080,0xc080,0xc080,0xc080,0xc080,0x0000,
        0x0000,0x0000,0x0000,0xb080,0xb080,0xc080,0xa880,0xb080,0xc080,0xb080,0xc080,0x0000,0xa880,0x0000,0x0000,0xc080,
        0x0000,0x0000,0x0000,0x0000,0x0000,0xc080,0xa880,0xc080,0x0000,0xa880,0xc080,0x0000,0x0000,0x0000,0x0000,0x0000,
        0x0000,0x0000,0x0000,0x0000,0x0000,0x0000,0x0000,0xa880,0xc080,0x0000,0xc080,0x0000,0x0000,0x0000,0x0000,0x0000,
        0x0000,0x0000,0x0000,0x0000,0x0000,0x0000,0xc080,0x0000,0x0000,0xc080,0x0000,0x0000,0x0000,0x0000,0x0000,0x0000,
        0x0000,0x0000,0x0000,0x0000,0x0000,0x0000,0x0000,0xa880,0xc080,0x0000,0x0000,0x0000,0x0000,0x0000,0x0000,0x0000,
        0x0000,0x0000,0x0000,0x0000,0x0000,0x0000,0xa880,0x0000,0xc080,0x0000,0x0000,0x0000,0x0000,0x0000,0x0000,0x0000,
        0x0000,0x0000,0x0000,0x0000,0x0000,0x0000,0x0000,0x0000,0xc080,0x0000,0x0000,0x0000,0x0000,0x0000,0x0000,0x0000,
        0x0000,0x0000,0x0000,0x0000,0x0000,0x0000,0x0000,0xc080,0x0000,0x0000,0x0000,0x0000,0x0000,0x0000,0x0000,0x0000,
    },
    {
        0x0000,0x0000,0x0000,0x0000,0x0000,0x0000,0x0000,0x0000,0xc0a0,0x0000,0x0000,0x0000,0x0000,0x0000,0x0000,0x0000, //redstone line 12
        0x0000,0x0000,0x0000,0x0000,0x0000,0x0000,0x0000,0x0000,0x0000,0x0000,0x0000,0x0000,0x0000,0x0000,0x0000,0x0000, //88
        0x0000,0x0000,0x0000,0x0000,0x0000,0x0000,0x0000,0x0000,0xc8a0,0x0000,0x0000,0x0000,0x0000,0x0000,0x0000,0x0000,
        0x0000,0x0000,0x0000,0x0000,0x0000,0x0000,0x0000,0xc0a0,0xb080,0x0000,0x0000,0x0000,0x0000,0x0000,0x0000,0x0000,
        0x0000,0x0000,0x0000,0x0000,0x0000,0x0000,0x0000,0xc0a0,0x0000,0xb080,0x0000,0x0000,0x0000,0x0000,0x0000,0x0000,
        0x0000,0x0000,0x0000,0x0000,0x0000,0x0000,0xc8a0,0x0000,0xc8a0,0xb080,0x0000,0x0000,0x0000,0x0000,0x0000,0x0000,
        0x0000,0x0000,0x0000,0x0000,0xb080,0xb080,0xc8a0,0xb080,0xc0a0,0xc8a0,0xc8a0,0xc8a0,0x0000,0x0000,0x0000,0x0000,
        0xc0a0,0x0000,0xc8a0,0xb080,0x0000,0x0000,0xc0a0,0xc0a0,0x0000,0xc0a0,0xc0a0,0xc8a0,0xc8a0,0xc8a0,0xc8a0,0x0000,
        0x0000,0x0000,0x0000,0xc0a0,0xc0a0,0xc8a0,0xb080,0xc0a0,0xc8a0,0xc0a0,0xc8a0,0x0000,0xb080,0x0000,0x0000,0xc8a0,
        0x0000,0x0000,0x0000,0x0000,0x0000,0xc8a0,0xb080,0xc8a0,0x0000,0xb080,0xc8a0,0x0000,0x0000,0x0000,0x0000,0x0000,
        0x0000,0x0000,0x0000,0x0000,0x0000,0x0000,0x0000,0xb080,0xc8a0,0x0000,0xc8a0,0x0000,0x0000,0x0000,0x0000,0x0000,
        0x0000,0x0000,0x0000,0x0000,0x0000,0x0000,0xc8a0,0x0000,0x0000,0xc8a0,0x0000,0x0000,0x0000,0x0000,0x0000,0x0000,
        0x0000,0x0000,0x0000,0x0000,0x0000,0x0000,0x0000,0xb080,0xc8a0,0x0000,0x0000,0x0000,0x0000,0x0000,0x0000,0x0000,
        0x0000,0x0000,0x0000,0x0000,0x0000,0x0000,0xb080,0x0000,0xc8a0,0x0000,0x0000,0x0000,0x0000,0x0000,0x0000,0x0000,
        0x0000,0x0000,0x0000,0x0000,0x0000,0x0000,0x0000,0x0000,0xc8a0,0x0000,0x0000,0x0000,0x0000,0x0000,0x0000,0x0000,
        0x0000,0x0000,0x0000,0x0000,0x0000,0x0000,0x0000,0xc8a0,0x0000,0x0000,0x0000,0x0000,0x0000,0x0000,0x0000,0x0000,
    },
    {
        0x0000,0x0000,0x0000,0x0000,0x0000,0x0000,0x0000,0x0000,0xc8a0,0x0000,0x0000,0x0000,0x0000,0x0000,0x0000,0x0000, //redstone line 13
        0x0000,0x0000,0x0000,0x0000,0x0000,0x0000,0x0000,0x0000,0x0000,0x0000,0x0000,0x0000,0x0000,0x0000,0x0000,0x0000, //89
        0x0000,0x0000,0x0000,0x0000,0x0000,0x0000,0x0000,0x0000,0xd8a0,0x0000,0x0000,0x0000,0x0000,0x0000,0x0000,0x0000,
        0x0000,0x0000,0x0000,0x0000,0x0000,0x0000,0x0000,0xc8a0,0xb880,0x0000,0x0000,0x0000,0x0000,0x0000,0x0000,0x0000,
        0x0000,0x0000,0x0000,0x0000,0x0000,0x0000,0x0000,0xc8a0,0x0000,0xb880,0x0000,0x0000,0x0000,0x0000,0x0000,0x0000,
        0x0000,0x0000,0x0000,0x0000,0x0000,0x0000,0xd8a0,0x0000,0xd8a0,0xb880,0x0000,0x0000,0x0000,0x0000,0x0000,0x0000,
        0x0000,0x0000,0x0000,0x0000,0xb880,0xb880,0xd8a0,0xb880,0xc8a0,0xd8a0,0xd8a0,0xd8a0,0x0000,0x0000,0x0000,0x0000,
        0xc8a0,0x0000,0xd8a0,0xb880,0x0000,0x0000,0xc8a0,0xc8a0,0x0000,0xc8a0,0xc8a0,0xd8a0,0xd8a0,0xd8a0,0xd8a0,0x0000,
        0x0000,0x0000,0x0000,0xc8a0,0xc8a0,0xd8a0,0xb880,0xc8a0,0xd8a0,0xc8a0,0xd8a0,0x0000,0xb880,0x0000,0x0000,0xd8a0,
        0x0000,0x0000,0x0000,0x0000,0x0000,0xd8a0,0xb880,0xd8a0,0x0000,0xb880,0xd8a0,0x0000,0x0000,0x0000,0x0000,0x0000,
        0x0000,0x0000,0x0000,0x0000,0x0000,0x0000,0x0000,0xb880,0xd8a0,0x0000,0xd8a0,0x0000,0x0000,0x0000,0x0000,0x0000,
        0x0000,0x0000,0x0000,0x0000,0x0000,0x0000,0xd8a0,0x0000,0x0000,0xd8a0,0x0000,0x0000,0x0000,0x0000,0x0000,0x0000,
        0x0000,0x0000,0x0000,0x0000,0x0000,0x0000,0x0000,0xb880,0xd8a0,0x0000,0x0000,0x0000,0x0000,0x0000,0x0000,0x0000,
        0x0000,0x0000,0x0000,0x0000,0x0000,0x0000,0xb880,0x0000,0xd8a0,0x0000,0x0000,0x0000,0x0000,0x0000,0x0000,0x0000,
        0x0000,0x0000,0x0000,0x0000,0x0000,0x0000,0x0000,0x0000,0xd8a0,0x0000,0x0000,0x0000,0x0000,0x0000,0x0000,0x0000,
        0x0000,0x0000,0x0000,0x0000,0x0000,0x0000,0x0000,0xd8a0,0x0000,0x0000,0x0000,0x0000,0x0000,0x0000,0x0000,0x0000,
    },
    {
        0x0000,0x0000,0x0000,0x0000,0x0000,0x0000,0x0000,0x0000,0xd0a0,0x0000,0x0000,0x0000,0x0000,0x0000,0x0000,0x0000, //redstone line 14
        0x0000,0x0000,0x0000,0x0000,0x0000,0x0000,0x0000,0x0000,0x0000,0x0000,0x0000,0x0000,0x0000,0x0000,0x0000,0x0000, //90
        0x0000,0x0000,0x0000,0x0000,0x0000,0x0000,0x0000,0x0000,0xe0c0,0x0000,0x0000,0x0000,0x0000,0x0000,0x0000,0x0000,
        0x0000,0x0000,0x0000,0x0000,0x0000,0x0000,0x0000,0xd0a0,0xc0a0,0x0000,0x0000,0x0000,0x0000,0x0000,0x0000,0x0000,
        0x0000,0x0000,0x0000,0x0000,0x0000,0x0000,0x0000,0xd0a0,0x0000,0xc0a0,0x0000,0x0000,0x0000,0x0000,0x0000,0x0000,
        0x0000,0x0000,0x0000,0x0000,0x0000,0x0000,0xe0c0,0x0000,0xe0c0,0xc0a0,0x0000,0x0000,0x0000,0x0000,0x0000,0x0000,
        0x0000,0x0000,0x0000,0x0000,0xc0a0,0xc0a0,0xe0c0,0xc0a0,0xd0a0,0xe0c0,0xe0c0,0xe0c0,0x0000,0x0000,0x0000,0x0000,
        0xd0a0,0x0000,0xe0c0,0xc0a0,0x0000,0x0000,0xd0a0,0xd0a0,0x0000,0xd0a0,0xd0a0,0xe0c0,0xe0c0,0xe0c0,0xe0c0,0x0000,
        0x0000,0x0000,0x0000,0xd0a0,0xd0a0,0xe0c0,0xc0a0,0xd0a0,0xe0c0,0xd0a0,0xe0c0,0x0000,0xc0a0,0x0000,0x0000,0xe0c0,
        0x0000,0x0000,0x0000,0x0000,0x0000,0xe0c0,0xc0a0,0xe0c0,0x0000,0xc0a0,0xe0c0,0x0000,0x0000,0x0000,0x0000,0x0000,
        0x0000,0x0000,0x0000,0x0000,0x0000,0x0000,0x0000,0xc0a0,0xe0c0,0x0000,0xe0c0,0x0000,0x0000,0x0000,0x0000,0x0000,
        0x0000,0x0000,0x0000,0x0000,0x0000,0x0000,0xe0c0,0x0000,0x0000,0xe0c0,0x0000,0x0000,0x0000,0x0000,0x0000,0x0000,
        0x0000,0x0000,0x0000,0x0000,0x0000,0x0000,0x0000,0xc0a0,0xe0c0,0x0000,0x0000,0x0000,0x0000,0x0000,0x0000,0x0000,
        0x0000,0x0000,0x0000,0x0000,0x0000,0x0000,0xc0a0,0x0000,0xe0c0,0x0000,0x0000,0x0000,0x0000,0x0000,0x0000,0x0000,
        0x0000,0x0000,0x0000,0x0000,0x0000,0x0000,0x0000,0x0000,0xe0c0,0x0000,0x0000,0x0000,0x0000,0x0000,0x0000,0x0000,
        0x0000,0x0000,0x0000,0x0000,0x0000,0x0000,0x0000,0xe0c0,0x0000,0x0000,0x0000,0x0000,0x0000,0x0000,0x0000,0x0000,
    },
    {
        0x0000,0x0000,0x0000,0x0000,0x0000,0x0000,0x0000,0x0000,0xd8c0,0x0000,0x0000,0x0000,0x0000,0x0000,0x0000,0x0000, //redstone line 15
        0x0000,0x0000,0x0000,0x0000,0x0000,0x0000,0x0000,0x0000,0x0000,0x0000,0x0000,0x0000,0x0000,0x0000,0x0000,0x0000, //91
        0x0000,0x0000,0x0000,0x0000,0x0000,0x0000,0x0000,0x0000,0xf0c0,0x0000,0x0000,0x0000,0x0000,0x0000,0x0000,0x0000,
        0x0000,0x0000,0x0000,0x0000,0x0000,0x0000,0x0000,0xd8c0,0xc8a0,0x0000,0x0000,0x0000,0x0000,0x0000,0x0000,0x0000,
        0x0000,0x0000,0x0000,0x0000,0x0000,0x0000,0x0000,0xd8c0,0x0000,0xc8a0,0x0000,0x0000,0x0000,0x0000,0x0000,0x0000,
        0x0000,0x0000,0x0000,0x0000,0x0000,0x0000,0xf0c0,0x0000,0xf0c0,0xc8a0,0x0000,0x0000,0x0000,0x0000,0x0000,0x0000,
        0x0000,0x0000,0x0000,0x0000,0xc8a0,0xc8a0,0xf0c0,0xc8a0,0xd8c0,0xf0c0,0xf0c0,0xf0c0,0x0000,0x0000,0x0000,0x0000,
        0xd8c0,0x0000,0xf0c0,0xc8a0,0x0000,0x0000,0xd8c0,0xd8c0,0x0000,0xd8c0,0xd8c0,0xf0c0,0xf0c0,0xf0c0,0xf0c0,0x0000,
        0x0000,0x0000,0x0000,0xd8c0,0xd8c0,0xf0c0,0xc8a0,0xd8c0,0xf0c0,0xd8c0,0xf0c0,0x0000,0xc8a0,0x0000,0x0000,0xf0c0,
        0x0000,0x0000,0x0000,0x0000,0x0000,0xf0c0,0xc8a0,0xf0c0,0x0000,0xc8a0,0xf0c0,0x0000,0x0000,0x0000,0x0000,0x0000,
        0x0000,0x0000,0x0000,0x0000,0x0000,0x0000,0x0000,0xc8a0,0xf0c0,0x0000,0xf0c0,0x0000,0x0000,0x0000,0x0000,0x0000,
        0x0000,0x0000,0x0000,0x0000,0x0000,0x0000,0xf0c0,0x0000,0x0000,0xf0c0,0x0000,0x0000,0x0000,0x0000,0x0000,0x0000,
        0x0000,0x0000,0x0000,0x0000,0x0000,0x0000,0x0000,0xc8a0,0xf0c0,0x0000,0x0000,0x0000,0x0000,0x0000,0x0000,0x0000,
        0x0000,0x0000,0x0000,0x0000,0x0000,0x0000,0xc8a0,0x0000,0xf0c0,0x0000,0x0000,0x0000,0x0000,0x0000,0x0000,0x0000,
        0x0000,0x0000,0x0000,0x0000,0x0000,0x0000,0x0000,0x0000,0xf0c0,0x0000,0x0000,0x0000,0x0000,0x0000,0x0000,0x0000,
        0x0000,0x0000,0x0000,0x0000,0x0000,0x0000,0x0000,0xf0c0,0x0000,0x0000,0x0000,0x0000,0x0000,0x0000,0x0000,0x0000,
    },
    {
        0xf800,0xf800,0x0000,0x0000,0x0000,0x0000,0x0000,0x0000,0x0000,0x0000,0x0000,0x0000,0x0000,0x0000,0x0000,0x0000, //redstone torch on
		0xfec0,0xfc60,0x0000,0x0000,0x0000,0x0000,0x0000,0x0000,0x0000,0x0000,0x0000,0x0000,0x0000,0x0000,0x0000,0x0000, //92
		0xfff2,0xffff,0x0000,0x0000,0x0000,0x0000,0x0000,0x0000,0x0000,0x0000,0x0000,0x0000,0x0000,0x0000,0x0000,0x0000,
		0xf800,0xa800,0x0000,0x0000,0x0000,0x0000,0x0000,0x0000,0x0000,0x0000,0x0000,0x0000,0x0000,0x0000,0x0000,0x0000,
		0x93a8,0x41a4,0x0000,0x0000,0x0000,0x0000,0x0000,0x0000,0x0000,0x0000,0x0000,0x0000,0x0000,0x0000,0x0000,0x0000,
		0x9bea,0x4184,0x0000,0x0000,0x0000,0x0000,0x0000,0x0000,0x0000,0x0000,0x0000,0x0000,0x0000,0x0000,0x0000,0x0000,
		0x93a9,0x3963,0x0000,0x0000,0x0000,0x0000,0x0000,0x0000,0x0000,0x0000,0x0000,0x0000,0x0000,0x0000,0x0000,0x0000,
		0x6286,0x3983,0x0000,0x0000,0x0000,0x0000,0x0000,0x0000,0x0000,0x0000,0x0000,0x0000,0x0000,0x0000,0x0000,0x0000,
		0x9bc9,0x3963,0x0000,0x0000,0x0000,0x0000,0x0000,0x0000,0x0000,0x0000,0x0000,0x0000,0x0000,0x0000,0x0000,0x0000,
		0x6286,0x3142,0x0000,0x0000,0x0000,0x0000,0x0000,0x0000,0x0000,0x0000,0x0000,0x0000,0x0000,0x0000,0x0000,0x0000,
		0x0000,0x0000,0x0000,0x0000,0x0000,0x0000,0x0000,0x0000,0x0000,0x0000,0x0000,0x0000,0x0000,0x0000,0x0000,0x0000,
		0x0000,0x0000,0x0000,0x0000,0x0000,0x0000,0x0000,0x0000,0x0000,0x0000,0x0000,0x0000,0x0000,0x0000,0x0000,0x0000,
		0x0000,0x0000,0x0000,0x0000,0x0000,0x0000,0x0000,0x0000,0x0000,0x0000,0x0000,0x0000,0x0000,0x0000,0x0000,0x0000,
		0x0000,0x0000,0x0000,0x0000,0x0000,0x0000,0x0000,0x0000,0x0000,0x0000,0x0000,0x0000,0x0000,0x0000,0x0000,0x0000,
		0x0000,0x0000,0x0000,0x0000,0x0000,0x0000,0x0000,0x0000,0x0000,0x0000,0x0000,0x0000,0x0000,0x0000,0x0000,0x0000,
		0x0000,0x0000,0x0000,0x0000,0x0000,0x0000,0x0000,0x0000,0x0000,0x0000,0x0000,0x0000,0x0000,0x0000,0x0000,0x0000
    },
    {
        0x5000,0x4800,0x0000,0x0000,0x0000,0x0000,0x0000,0x0000,0x0000,0x0000,0x0000,0x0000,0x0000,0x0000,0x0000,0x0000, //redstone torch off
		0x4800,0x2800,0x0000,0x0000,0x0000,0x0000,0x0000,0x0000,0x0000,0x0000,0x0000,0x0000,0x0000,0x0000,0x0000,0x0000, //93
		0x7b07,0x49e4,0x0000,0x0000,0x0000,0x0000,0x0000,0x0000,0x0000,0x0000,0x0000,0x0000,0x0000,0x0000,0x0000,0x0000,
		0x9388,0x3963,0x0000,0x0000,0x0000,0x0000,0x0000,0x0000,0x0000,0x0000,0x0000,0x0000,0x0000,0x0000,0x0000,0x0000,
		0x93a8,0x41a4,0x0000,0x0000,0x0000,0x0000,0x0000,0x0000,0x0000,0x0000,0x0000,0x0000,0x0000,0x0000,0x0000,0x0000,
		0x9bea,0x4184,0x0000,0x0000,0x0000,0x0000,0x0000,0x0000,0x0000,0x0000,0x0000,0x0000,0x0000,0x0000,0x0000,0x0000,
		0x93a9,0x3963,0x0000,0x0000,0x0000,0x0000,0x0000,0x0000,0x0000,0x0000,0x0000,0x0000,0x0000,0x0000,0x0000,0x0000,
		0x6286,0x3983,0x0000,0x0000,0x0000,0x0000,0x0000,0x0000,0x0000,0x0000,0x0000,0x0000,0x0000,0x0000,0x0000,0x0000,
		0x9bc9,0x3963,0x0000,0x0000,0x0000,0x0000,0x0000,0x0000,0x0000,0x0000,0x0000,0x0000,0x0000,0x0000,0x0000,0x0000,
		0x6286,0x3142,0x0000,0x0000,0x0000,0x0000,0x0000,0x0000,0x0000,0x0000,0x0000,0x0000,0x0000,0x0000,0x0000,0x0000,
		0x0000,0x0000,0x0000,0x0000,0x0000,0x0000,0x0000,0x0000,0x0000,0x0000,0x0000,0x0000,0x0000,0x0000,0x0000,0x0000,
		0x0000,0x0000,0x0000,0x0000,0x0000,0x0000,0x0000,0x0000,0x0000,0x0000,0x0000,0x0000,0x0000,0x0000,0x0000,0x0000,
		0x0000,0x0000,0x0000,0x0000,0x0000,0x0000,0x0000,0x0000,0x0000,0x0000,0x0000,0x0000,0x0000,0x0000,0x0000,0x0000,
		0x0000,0x0000,0x0000,0x0000,0x0000,0x0000,0x0000,0x0000,0x0000,0x0000,0x0000,0x0000,0x0000,0x0000,0x0000,0x0000,
		0x0000,0x0000,0x0000,0x0000,0x0000,0x0000,0x0000,0x0000,0x0000,0x0000,0x0000,0x0000,0x0000,0x0000,0x0000,0x0000,
		0x0000,0x0000,0x0000,0x0000,0x0000,0x0000,0x0000,0x0000,0x0000,0x0000,0x0000,0x0000,0x0000,0x0000,0x0000,0x0000
    },
    {
		0x0000,0x0000,0x0000,0x0000,0x0000,0x0000,0x0000,0x0000,0x0000,0x0000,0x0000,0x0000,0x0000,0x0000,0x0000,0x0000, //redstone torch
		0x0000,0x0000,0x0000,0x0000,0x0000,0x0000,0x0000,0x0000,0x0000,0x0000,0x0000,0x0000,0x0000,0x0000,0x0000,0x0000, //94
		0x0000,0x0000,0x0000,0x0000,0x0000,0x0000,0x0000,0x0000,0x0000,0x0000,0x0000,0x0000,0x0000,0x0000,0x0000,0x0000,
		0x0000,0x0000,0x0000,0x0000,0x0000,0x0000,0x0000,0x0000,0x0000,0x0000,0x0000,0x0000,0x0000,0x0000,0x0000,0x0000,
		0x0000,0x0000,0x0000,0x0000,0x0000,0x0000,0x0000,0x0000,0x0000,0x0000,0x0000,0x0000,0x0000,0x0000,0x0000,0x0000,
		0x0000,0x0000,0x0000,0x0000,0x0000,0x0000,0x0000,0xf800,0xf800,0x0000,0x0000,0x0000,0x0000,0x0000,0x0000,0x0000,
		0x0000,0x0000,0x0000,0x0000,0x0000,0x0000,0xf800,0xfec0,0xfc60,0xf800,0x0000,0x0000,0x0000,0x0000,0x0000,0x0000,
		0x0000,0x0000,0x0000,0x0000,0x0000,0x0000,0xf800,0xfff2,0xffff,0xf800,0x0000,0x0000,0x0000,0x0000,0x0000,0x0000,
		0x0000,0x0000,0x0000,0x0000,0x0000,0x0000,0x0000,0xf800,0xa800,0x0000,0x0000,0x0000,0x0000,0x0000,0x0000,0x0000,
		0x0000,0x0000,0x0000,0x0000,0x0000,0x0000,0x0000,0x9388,0x3963,0x0000,0x0000,0x0000,0x0000,0x0000,0x0000,0x0000,
		0x0000,0x0000,0x0000,0x0000,0x0000,0x0000,0x0000,0x93a8,0x41a4,0x0000,0x0000,0x0000,0x0000,0x0000,0x0000,0x0000,
		0x0000,0x0000,0x0000,0x0000,0x0000,0x0000,0x0000,0x9bea,0x4184,0x0000,0x0000,0x0000,0x0000,0x0000,0x0000,0x0000,
		0x0000,0x0000,0x0000,0x0000,0x0000,0x0000,0x0000,0x93a9,0x3963,0x0000,0x0000,0x0000,0x0000,0x0000,0x0000,0x0000,
		0x0000,0x0000,0x0000,0x0000,0x0000,0x0000,0x0000,0x6286,0x3983,0x0000,0x0000,0x0000,0x0000,0x0000,0x0000,0x0000,
		0x0000,0x0000,0x0000,0x0000,0x0000,0x0000,0x0000,0x9bc9,0x3963,0x0000,0x0000,0x0000,0x0000,0x0000,0x0000,0x0000,
		0x0000,0x0000,0x0000,0x0000,0x0000,0x0000,0x0000,0x6286,0x3142,0x0000,0x0000,0x0000,0x0000,0x0000,0x0000,0x0000
	},
    {
		0x0000,0x0000,0x0000,0x0000,0x0000,0x0000,0x0000,0x0000,0x0000,0x0000,0x0000,0x0000,0x0000,0x0000,0x0000,0x0000, //repeater
		0x0000,0x0000,0x0000,0x0000,0x0000,0x0000,0x0000,0x0000,0x0000,0x0000,0x0000,0x0000,0x0000,0x0000,0x0000,0x0000, //95
		0x0000,0x0000,0x0000,0x0000,0x0000,0x0000,0x0000,0x0000,0x0000,0x0000,0x0000,0x0000,0x8020,0x6000,0x0000,0x0000,
		0x0000,0x0000,0x0000,0x0000,0x0000,0x0000,0x0000,0x0000,0x0000,0x0000,0x0000,0x0000,0x8020,0x4021,0x0000,0x0000,
		0x0000,0x0000,0x0000,0x0000,0x0000,0x0000,0x0000,0x0000,0x0000,0x0000,0x0000,0x0000,0x93a8,0x6286,0x0000,0x0000,
		0x0000,0x0000,0x0000,0x0000,0x0000,0x0000,0x0000,0x0000,0x0000,0x0000,0x0000,0x0000,0x93a8,0x41a4,0x0000,0x0000,
		0x0000,0x0000,0x0000,0x0000,0x0000,0x0000,0x0000,0x0000,0x0000,0x0000,0x0000,0x0000,0x93a8,0x41a4,0x0000,0x0000,
		0x0000,0x0000,0x8020,0x6000,0x0000,0x0000,0x0000,0x0000,0xa533,0xa533,0x632d,0x0000,0x72e6,0x3142,0x0000,0x0000,
		0x0000,0x0000,0x8020,0x4021,0x0000,0x0000,0xa533,0xa533,0x5000,0x5000,0xa533,0x0000,0x0000,0x0000,0x0000,0x0000,
		0x0000,0x0000,0x93a8,0x6286,0xbdf6,0xa533,0x8020,0x8020,0x2000,0x2000,0xa533,0x0000,0x0000,0x0000,0x0000,0x0000,
		0x0000,0x0000,0x93a8,0x41a4,0x5000,0x8020,0x6000,0x2000,0xa533,0xa533,0x632d,0x0000,0x0000,0x0000,0x0000,0x0000,
		0x0000,0xbdf6,0x93a8,0x41a4,0x2000,0x2000,0xbdf6,0xbdf6,0x632d,0x0000,0x0000,0x0000,0x0000,0x0000,0x0000,0x0000,
		0x0000,0xbdf6,0x72e6,0x3142,0xbdf6,0xbdf6,0xa533,0x0000,0x0000,0x0000,0x0000,0x0000,0x0000,0x0000,0x0000,0x0000,
		0x0000,0xa533,0xbdf6,0xbdf6,0xa533,0x0000,0x0000,0x0000,0x0000,0x0000,0x0000,0x0000,0x0000,0x0000,0x0000,0x0000,
		0x0000,0x0000,0x0000,0x0000,0x0000,0x0000,0x0000,0x0000,0x0000,0x0000,0x0000,0x0000,0x0000,0x0000,0x0000,0x0000,
		0x0000,0x0000,0x0000,0x0000,0x0000,0x0000,0x0000,0x0000,0x0000,0x0000,0x0000,0x0000,0x0000,0x0000,0x0000,0x0000
	},
    {
		0x8430,0x8410,0x8410,0x8410,0x8410,0x8430,0x9492,0x9492,0x7bcf,0x9492,0x8430,0x8410,0x8410,0x8410,0x8410,0x8430, //repeater off
		0x8430,0xad55,0xb596,0xb596,0xb596,0xb596,0xb596,0xb596,0xa514,0xb596,0xb596,0xb596,0x9cf3,0xad55,0xad55,0x8410, //96
		0x8430,0x9cf3,0xa514,0xa514,0x9cf3,0xa514,0xa514,0xa514,0xb596,0xa514,0xad55,0xad55,0xad55,0xb596,0xad55,0x8430,
		0x8430,0xb596,0xad55,0xad55,0xad55,0x9cf3,0xad55,0xb596,0xad55,0xad55,0xa514,0xa514,0xa514,0xa514,0xa514,0x8430,
		0x8430,0xb596,0xb596,0xa514,0xa514,0xa514,0x9492,0x9492,0x9492,0x9492,0xb596,0xb596,0xb596,0xb596,0xb596,0x7bcf,
		0x8410,0xa514,0xad55,0xad55,0xad55,0x9492,0x8410,0x7bcf,0x7bcf,0x8410,0xc638,0xad55,0xa514,0xa514,0x9cf3,0x8430,
		0x7bcf,0x8410,0xad55,0xad55,0xad55,0x9492,0x9492,0x5020,0x5000,0xb596,0xce79,0xad55,0xb596,0xb596,0x7bcf,0x7bcf,
		0x8430,0x9492,0x8410,0xa514,0x9492,0x8410,0x9492,0x5000,0x4020,0xb596,0xa514,0xc638,0xa514,0x7bcf,0x8430,0x8430,
		0x9492,0x8430,0xc638,0x9cf3,0x9492,0x8410,0x9492,0x5000,0x2800,0xb596,0x9cf3,0xce79,0xb596,0x8410,0x8430,0x9492,
		0xc638,0xc638,0xa514,0x9492,0x8410,0xa514,0x9492,0x5800,0x2800,0xb596,0xa514,0x9cf3,0xce79,0xa514,0xc638,0xc638,
		0x8430,0xad55,0xb596,0x9492,0x8410,0x9cf3,0x9492,0x5800,0x2800,0xb596,0xa514,0xa514,0xce79,0xad55,0xad55,0x8430,
		0x7bcf,0xad55,0x9492,0x8410,0xa514,0x9cf3,0x9492,0x4800,0x2800,0xb596,0xa514,0x9cf3,0xa514,0xce79,0xb596,0x7bcf,
		0x8430,0xa514,0x9492,0x8410,0x9cf3,0xa514,0x9492,0x4800,0x2800,0xb596,0x9cf3,0xad14,0xa514,0xc638,0xa514,0x8430,
		0x8430,0xb596,0xa514,0xb596,0x9cf3,0xa514,0x94b2,0x4000,0x2000,0xb596,0xad14,0xce79,0xce79,0xad55,0xb596,0x9492,
		0x8430,0xad55,0xad55,0xa514,0xa514,0xb596,0xb596,0xc638,0xc638,0xc638,0xce79,0xb596,0xad55,0xa514,0xa514,0x8430,
		0x8410,0x8410,0x8410,0x8410,0x7bcf,0x9492,0x8c51,0x8410,0x8410,0x8410,0x8430,0x8410,0x8410,0x8410,0x8430,0x8430
	},
    {
		0x8430,0x8410,0x8410,0x8410,0x8410,0x8430,0x9492,0x9492,0x7bcf,0x9492,0x8430,0x8410,0x8410,0x8410,0x8410,0x8430, //repeater on
		0x8430,0xad55,0xb596,0xb596,0xb596,0xb596,0xb596,0xb596,0xa514,0xb596,0xb596,0xb596,0x9cf3,0xad55,0xad55,0x8410, //97
		0x8430,0x9cf3,0xa514,0xa514,0x9cf3,0xa514,0xa514,0xa514,0xb596,0xa514,0xad55,0xad55,0xad55,0xb596,0xad55,0x8430,
		0x8430,0xb596,0xad55,0xad55,0xad55,0x9cf3,0xad55,0xb596,0xad55,0xad55,0xa514,0xa514,0xa514,0xa514,0xa514,0x8430,
		0x8430,0xb596,0xb596,0xa514,0xa514,0xa514,0x9492,0x9492,0x9492,0x9492,0xb596,0xb596,0xb596,0xb596,0xb596,0x7bcf,
		0x8410,0xa514,0xad55,0xad55,0xad55,0x9492,0x8410,0x7bcf,0x7bcf,0x8410,0xc638,0xad55,0xa514,0xa514,0x9cf3,0x8430,
		0x7bcf,0x8410,0xad55,0xad55,0xad55,0x9492,0x9492,0xf800,0xf800,0xb596,0xce79,0xad55,0xb596,0xb596,0x7bcf,0x7bcf,
		0x8430,0x9492,0x8410,0xa514,0x9492,0x8410,0x9492,0xf800,0xd000,0xb596,0xa514,0xc638,0xa514,0x7bcf,0x8430,0x8430,
		0x9492,0x8430,0xc638,0x9cf3,0x9492,0x8410,0x9492,0xf800,0xa800,0xb596,0x9cf3,0xce79,0xb596,0x8410,0x8430,0x9492,
		0xc638,0xc638,0xa514,0x9492,0x8410,0xa514,0x9492,0xd000,0xd000,0xb596,0xa514,0x9cf3,0xce79,0xa514,0xc638,0xc638,
		0x8430,0xad55,0xb596,0x9492,0x8410,0x9cf3,0x9492,0xd000,0xb000,0xb596,0xa514,0xa514,0xce79,0xad55,0xad55,0x8430,
		0x7bcf,0xad55,0x9492,0x8410,0xa514,0x9cf3,0x9492,0xf800,0xd800,0xb596,0xa514,0x9cf3,0xa514,0xce79,0xb596,0x7bcf,
		0x8430,0xa514,0x9492,0x8410,0x9cf3,0xa514,0x9492,0xf800,0xb000,0xb596,0x9cf3,0xad14,0xa514,0xc638,0xa514,0x8430,
		0x8430,0xb596,0xa514,0xb596,0x9cf3,0xa514,0x94b2,0xd000,0xb000,0xb596,0xad14,0xce79,0xce79,0xad55,0xb596,0x9492,
		0x8430,0xad55,0xad55,0xa514,0xa514,0xb596,0xb596,0xc638,0xc638,0xc638,0xce79,0xb596,0xad55,0xa514,0xa514,0x8430,
		0x8410,0x8410,0x8410,0x8410,0x7bcf,0x9492,0x8c51,0x8410,0x8410,0x8410,0x8430,0x8410,0x8410,0x8410,0x8430,0x8430
	},
    {
		0x8410,0xc618,0xbdd7,0xc618,0xc618,0xc618,0xc618,0xce59,0xbdd7,0xc618,0xc618,0xc618,0xbdf7,0xc638,0xbdf7,0xad55, //iron door bottom
		0xd69a,0xc638,0xc638,0xc638,0xce79,0xce79,0xce79,0xce59,0xc638,0xce59,0xce59,0xce59,0xc618,0xc618,0xb5b6,0xa534, //98
		0xd69a,0xc638,0xc638,0xc638,0xc638,0xc638,0xc638,0xc638,0xc638,0xbdf7,0xbdf7,0xbdd7,0xb596,0xb5b6,0xb5b6,0xa514,
		0xc638,0xbdf7,0xbdd7,0xbdd7,0xbdd7,0xbdd7,0xb5b6,0xbdd7,0xb596,0xad75,0xad55,0xad55,0xad55,0xad75,0xad75,0x9cf3,
		0xce79,0xc638,0xbdf7,0xc638,0xc618,0xc638,0xc618,0xc618,0xb5b6,0xb5b6,0xb5b6,0xb596,0xb5b6,0xbdf7,0xb5b6,0xa514,
		0xce59,0xc618,0xb5b6,0xc618,0xc618,0xc618,0xc618,0xc618,0xb596,0xb5b6,0xb596,0xb596,0xb596,0xbdd7,0xb596,0xa514,
		0xc638,0xbdd7,0xb596,0xb5b6,0xb596,0xb5b6,0xb5b6,0xbdf7,0xad75,0xb596,0xad75,0xb596,0xb596,0xbdd7,0xb596,0xa514,
		0xb596,0xad55,0xa514,0xad55,0xa534,0xa534,0xa534,0xa534,0x9cf3,0xad55,0xa534,0xa534,0xa534,0xa534,0xa514,0x8c51,
		0xad75,0xa534,0xa534,0xa534,0xa514,0x9cd3,0x9cd3,0x9cf3,0x9cd3,0x9cd3,0x9cd3,0x9cd3,0x9cd3,0x94b2,0x94b2,0x7bef,
		0xa514,0x9cf3,0x94b2,0x94b2,0x94b2,0x94b2,0x94b2,0x9cd3,0x9492,0x8c71,0x8c71,0x8c51,0x9492,0x94b2,0x94b2,0x8410,
		0x4a69,0x9cd3,0x94b2,0x9cd3,0x9cf3,0x9cd3,0x9cd3,0x9cf3,0x8c71,0x94b2,0x94b2,0x94b2,0x94b2,0x9cf3,0x94b2,0x7bef,
		0x8410,0x9492,0x8c51,0x9492,0x9492,0x8c71,0x8c71,0x94b2,0x8c51,0x9492,0x8c71,0x8c71,0x8c71,0x94b2,0x8c71,0x7bcf,
		0x94b2,0x9492,0x8c71,0x94b2,0x94b2,0x9492,0x94b2,0x9cd3,0x8c71,0x94b2,0x9492,0x9492,0x94b2,0x94b2,0x94b2,0x7bef,
		0x94b2,0x9492,0x8c71,0x9cf3,0x9cf3,0x9cd3,0x9cd3,0x9cd3,0x94b2,0x9cd3,0x9cd3,0x9cd3,0x9cd3,0x9cd3,0x9492,0x73ae,
		0x94b2,0x94b2,0x94b2,0x94b2,0x9492,0x94b2,0x9492,0x9492,0x94b2,0x9492,0x9492,0x9492,0x9492,0x9492,0x9492,0x73ae,
		0x8430,0x7bcf,0x73ae,0x73ae,0x738e,0x73ae,0x73ae,0x73ae,0x73ae,0x73ae,0x73ae,0x738e,0x738e,0x738e,0x738e,0x738e
	},
    {
		0xa534,0xa514,0xa534,0xad75,0xb5b6,0xbdf7,0xc618,0xbdf7,0xbdf7,0xbdf7,0xc618,0xc618,0xc638,0xc638,0xc638,0xbdd7, //iron door top
		0xbdf7,0xc618,0xbdf7,0xbdd7,0xc618,0xc618,0xc618,0xc618,0xc618,0xc618,0xc618,0xc618,0xc618,0xc618,0xc618,0xa534, //99
		0xc618,0xc638,0xbdd7,0xbdd7,0xbdd7,0xbdd7,0xbdf7,0xc618,0xbdf7,0xbdf7,0xbdf7,0xbdf7,0xb5b6,0xc618,0xbdf7,0xa534,
		0xbdd7,0xbdf7,0xb5b6,0x0000,0x0000,0x0000,0x0000,0xc638,0xb5b6,0x0000,0x0000,0x0000,0x0000,0xc618,0xbdf7,0xa514,
		0x4a69,0xbdf7,0xbdd7,0x0000,0x0000,0x0000,0x0000,0xce59,0xbdf7,0x0000,0x0000,0x0000,0x0000,0xce59,0xc618,0xad55,
		0x8410,0xc618,0xb5b6,0x0000,0x0000,0x0000,0x0000,0xce59,0xbdf7,0x0000,0x0000,0x0000,0x0000,0xce59,0xc618,0xa534,
		0xc618,0xc638,0xc638,0xc618,0xce59,0xce59,0xce79,0xce59,0xc618,0xc618,0xce59,0xc638,0xce79,0xce59,0xc618,0xa534,
		0xbdd7,0xbdf7,0xb5b6,0xb5b6,0xb596,0xb596,0xb596,0xbdd7,0xb5b6,0xb5b6,0xb5b6,0xb5b6,0xb5b6,0xbdd7,0xbdd7,0xa514,
		0xc618,0xc638,0xc618,0x0000,0x0000,0x0000,0x0000,0xce59,0xbdd7,0x0000,0x0000,0x0000,0x0000,0xc638,0xbdf7,0xa514,
		0xc618,0xc618,0xbdf7,0x0000,0x0000,0x0000,0x0000,0xce79,0xbdf7,0x0000,0x0000,0x0000,0x0000,0xce59,0xc618,0xa534,
		0xc618,0xc638,0xbdf7,0x0000,0x0000,0x0000,0x0000,0xce79,0xbdf7,0x0000,0x0000,0x0000,0x0000,0xce59,0xbdf7,0xa514,
		0xbdd7,0xbdf7,0xc618,0xce59,0xc638,0xc638,0xc638,0xc638,0xbdf7,0xc638,0xc638,0xc638,0xbdf7,0xbdf7,0xb596,0x9cf3,
		0xc618,0xc638,0xc638,0xce79,0xce79,0xce79,0xce79,0xce79,0xc618,0xce59,0xce59,0xc638,0xc618,0xbdd7,0xb5b6,0xa514,
		0xc618,0xc638,0xbdd7,0xbdf7,0xc618,0xc618,0xc618,0xc618,0xbdf7,0xbdd7,0xb5b6,0xb596,0xb596,0xb5b6,0xb5b6,0xa514,
		0xc618,0xc638,0xbdd7,0xc618,0xc618,0xc638,0xc618,0xce59,0xbdd7,0xc618,0xbdd7,0xb5b6,0xbdd7,0xa534,0xa534,0x9cf3,
		0x4a69,0xbdd7,0xb596,0xbdd7,0xb596,0xb596,0xb596,0xb596,0xa534,0xb596,0xad75,0xb596,0xbdd7,0xb596,0xa514,0x9cf3
	},
    {
		0x1061,0x1061,0x18a2,0x1061,0x1061,0x1061,0x1061,0x1061,0x1061,0x1061,0x1061,0x1061,0x1061,0x18a2,0x1061,0x1061, //redstone lamp on
		0x1061,0x2903,0x1061,0x28a0,0x8a85,0x4922,0x5184,0x18a2,0x1061,0x5207,0x9ae7,0x3901,0x8a85,0x1061,0x2903,0x1061, //100
		0x18a2,0x1061,0x4942,0x71e4,0x7204,0x92a6,0x4922,0x2903,0x1061,0x5207,0x8a85,0x7204,0x4942,0x30a0,0x1061,0x18a2,
		0x1061,0x28a0,0x7204,0x7a44,0x92a6,0x7a04,0x30c0,0x18a2,0x1061,0x2880,0x8245,0x69c3,0x69e4,0x4942,0x4942,0x1061,
		0x1061,0x9ae6,0x8a85,0x8a85,0x7a04,0x3902,0x18a2,0x30c0,0x4984,0x1061,0x4922,0x7204,0x8a85,0x8a85,0x8aa6,0x1061,
		0x1061,0x8a85,0x92a6,0x7204,0x4122,0x18a2,0x49a4,0x7a24,0x8a64,0x5207,0x1061,0x30c0,0x8a85,0x8a85,0xab89,0x1061,
		0x1061,0x5207,0x7204,0x2880,0x18a2,0x5207,0x8265,0xa369,0x9328,0x8a86,0x4922,0x1061,0x30a0,0x5207,0x4922,0x1061,
		0x1061,0x18a2,0x2903,0x18a2,0x28a0,0x7204,0x92e7,0x9328,0x9328,0x9b28,0x7224,0x2080,0x18a2,0x2903,0x18a2,0x1061,
		0x1061,0x1061,0x1061,0x1061,0x4983,0xb3c9,0x9b07,0x92e7,0xb3aa,0xb3a9,0x8aa5,0x4101,0x1061,0x1061,0x1061,0x1061,
		0x1061,0x4a06,0x49a4,0x28a0,0x1061,0x5207,0xabaa,0x8ac7,0xab27,0xb3a9,0x4101,0x1061,0x4122,0x5207,0x4983,0x1061,
		0x1061,0x3922,0x8a65,0x71e4,0x30a0,0x1061,0x4921,0x4101,0x7204,0x3923,0x1061,0x61c3,0x69e3,0x8244,0x8a85,0x1061,
		0x1061,0x4921,0x5142,0x8ac6,0x8ac7,0x30c0,0x1061,0x2080,0x4101,0x1061,0x30c1,0x8265,0xb3a9,0x8244,0x69c3,0x1061,
		0x1061,0x4101,0x8aa5,0x7204,0xabaa,0x8265,0x30c0,0x18a2,0x1061,0x30e1,0x8265,0x69e3,0xb3a9,0xabaa,0x8265,0x1061,
		0x18a2,0x1061,0x4101,0x69e3,0x8265,0x8265,0x4984,0x2903,0x1061,0x5207,0xb3aa,0x69e3,0x8a65,0x4101,0x1061,0x18a2,
		0x1061,0x2903,0x1061,0x4101,0x4942,0x51a4,0x4922,0x18a2,0x1061,0x5207,0x8285,0x4101,0x4122,0x1061,0x2903,0x1061,
		0x1061,0x1061,0x18a2,0x1061,0x1061,0x1061,0x1061,0x1061,0x1061,0x1061,0x1061,0x1061,0x1061,0x18a2,0x1061,0x1061
	},
    {
		0x20c2,0x20c2,0x2923,0x20c2,0x20c2,0x20c2,0x20c2,0x20c2,0x20c2,0x20c2,0x20c2,0x20c2,0x20c2,0x2923,0x20c2,0x20c2, //redstone lamp on
		0x20c2,0x41c6,0x20c2,0x4960,0xed09,0xedf1,0x8b06,0x2923,0x20c2,0x8bcc,0xf58d,0x6202,0xed09,0x20c2,0x41c6,0x20c2, //101
		0x2923,0x20c2,0x82a3,0xc3e7,0xe613,0xf73a,0x7a83,0x41c6,0x20c2,0x8bcc,0xece9,0xc3e7,0x82c4,0x5181,0x20c2,0x2923,
		0x20c2,0x5181,0xc407,0xbbc6,0xf73a,0xcc27,0x5181,0x2923,0x20c2,0x4940,0xdca8,0xb3a6,0xffff,0x8283,0x7a83,0x20c2,
		0x20c2,0xf5ad,0xed09,0xdca8,0xf52b,0x6223,0x2923,0x5181,0x8307,0x20c2,0x7aa3,0xc407,0xfe95,0xff7a,0xed0a,0x20c2,
		0x20c2,0xf73a,0xf52a,0xbbe6,0x7a63,0x2923,0x8327,0xbc07,0xecc7,0x8bcc,0x20c2,0x59a1,0xece9,0xff59,0xfe93,0x20c2,
		0x20c2,0x8bac,0xc407,0x4140,0x2923,0x83ac,0xdc87,0xf695,0xde56,0xf73a,0x7a63,0x20c2,0x5181,0x8bcc,0x7a83,0x20c2,
		0x20c2,0x2923,0x41c6,0x2923,0x4960,0xc407,0xf695,0xf674,0xcc68,0xc427,0xc427,0x4120,0x2923,0x41c6,0x2923,0x20c2,
		0x20c2,0x20c2,0x20c2,0x20c2,0x8326,0xfef4,0xe4c8,0xc448,0xfed4,0xfed3,0xed2a,0x7242,0x20c2,0x20c2,0x20c2,0x20c2,
		0x20c2,0x83ab,0x8327,0x4981,0x20c2,0x8bcc,0xfed4,0xbc07,0xed0a,0xf73a,0xfe72,0x20c2,0x7a63,0x8bcc,0x8306,0x20c2,
		0x20c2,0x6264,0xe4a9,0xbba6,0x5181,0x20c2,0x7a83,0x9b45,0xc407,0x6a65,0x20c2,0xab85,0xbbc6,0xf73a,0xece9,0x20c2,
		0x20c2,0x8283,0x8aa3,0xb3a6,0xbba6,0x59a1,0x20c2,0x4120,0x6a22,0x20c2,0x59a1,0xdca8,0xdc68,0xdc68,0xb3a6,0x20c2,
		0x20c2,0xfe92,0xed0a,0xc407,0xfed4,0xf6b5,0x59a1,0x2923,0x20c2,0x59e2,0xdca9,0xbbc6,0xf651,0xff7a,0xdcc9,0x20c2,
		0x2923,0x20c2,0xfed4,0xbbe6,0xe4aa,0xf73a,0x8307,0x41c6,0x20c2,0x8bac,0xfef4,0xb3a6,0xe4c9,0xf73a,0x20c2,0x2923,
		0x20c2,0x41c6,0x20c2,0x6a22,0x82a4,0x9327,0x7a83,0x2923,0x20c2,0x8bcc,0xdd09,0x6a22,0x7a63,0x20c2,0x41c6,0x20c2,
		0x20c2,0x20c2,0x2923,0x20c2,0x20c2,0x20c2,0x20c2,0x20c2,0x20c2,0x20c2,0x20c2,0x20c2,0x20c2,0x2923,0x20c2,0x20c2
	},
	{
		0x0000,0x0000,0x0000,0x0000,0x0000,0x0000,0x0000,0x0000,0x0000,0x0000,0x0000,0x0000,0x0000,0x0000,0x0000,0x0000, //wooden door
		0x0000,0x0000,0x0000,0x0000,0x0000,0x0000,0x0000,0x0000,0x0000,0x0000,0x0000,0x0000,0x0000,0x0000,0x0000,0x0000, //102
		0x0000,0x0000,0x0000,0x6a86,0x9c09,0x9c09,0x9c09,0x9c09,0x9c09,0x9c09,0x9c09,0x9c09,0x9c09,0x0000,0x0000,0x0000,
		0x0000,0x0000,0x0000,0x6a86,0x9c09,0x0000,0x0000,0x0000,0x9c09,0x0000,0x0000,0x0000,0x9c09,0x0000,0x0000,0x0000,
		0x0000,0x0000,0x0000,0x6b6f,0x9c09,0x0000,0x0000,0x0000,0x9c09,0x0000,0x0000,0x0000,0x9c09,0x0000,0x0000,0x0000,
		0x0000,0x0000,0x0000,0x6a86,0x9c09,0x9c09,0x9c09,0x9c09,0x9c09,0x9c09,0x9c09,0x9c09,0x9c09,0x0000,0x0000,0x0000,
		0x0000,0x0000,0x0000,0x6a86,0x9c09,0x0000,0x0000,0x0000,0x9c09,0x0000,0x0000,0x0000,0x9c09,0x0000,0x0000,0x0000,
		0x0000,0x0000,0x0000,0x6a86,0x9c09,0x0000,0x0000,0x0000,0x9c09,0x0000,0x0000,0x0000,0x9c09,0x0000,0x0000,0x0000,
		0x0000,0x0000,0x0000,0x6b6f,0x9c09,0x9c09,0x9c09,0x9c09,0x9c09,0x9c09,0x7c52,0x6b6f,0x9c09,0x0000,0x0000,0x0000,
		0x0000,0x0000,0x0000,0x6a86,0x9c09,0x7b06,0x7b06,0x7b06,0x9c09,0x7b06,0x7b06,0x7b06,0x9c09,0x0000,0x0000,0x0000,
		0x0000,0x0000,0x0000,0x6a86,0x9c09,0x7b06,0x9388,0x9388,0x9c09,0x7b06,0x9388,0x9388,0x9c09,0x0000,0x0000,0x0000,
		0x0000,0x0000,0x0000,0x6a86,0x9c09,0x9c09,0x9c09,0x9c09,0x9c09,0x9c09,0x9c09,0x9c09,0x9c09,0x0000,0x0000,0x0000,
		0x0000,0x0000,0x0000,0x6b6f,0x9c09,0x7b06,0x7b06,0x7b06,0x9c09,0x7b06,0x7b06,0x7b06,0x9c09,0x0000,0x0000,0x0000,
		0x0000,0x0000,0x0000,0x6a86,0x9c09,0x7b06,0x9388,0x9388,0x9c09,0x7b06,0x9388,0x9388,0x9c09,0x0000,0x0000,0x0000,
		0x0000,0x0000,0x0000,0x6a86,0x9c09,0x9c09,0x9c09,0x9c09,0x9c09,0x9c09,0x9c09,0x9c09,0x9c09,0x0000,0x0000,0x0000,
		0x0000,0x0000,0x0000,0x6a86,0x6a86,0x6a86,0x6a86,0x6a86,0x6a86,0x6a86,0x6a86,0x6a86,0x6a86,0x0000,0x0000,0x0000
	},
	{
		0x0000,0x0000,0x0000,0x0000,0x0000,0x0000,0x0000,0x0000,0x0000,0x0000,0x0000,0x0000,0x0000,0x0000,0x0000,0x0000, //iron door
		0x0000,0x0000,0x0000,0x0000,0x0000,0x0000,0x0000,0x0000,0x0000,0x0000,0x0000,0x0000,0x0000,0x0000,0x0000,0x0000, //103
		0x0000,0x0000,0x0000,0x9492,0xce59,0xce59,0xce59,0xce59,0xce59,0xce59,0xce59,0xce59,0xce59,0x0000,0x0000,0x0000,
		0x0000,0x0000,0x0000,0x9492,0xce59,0x0000,0x0000,0x0000,0xce59,0x0000,0x0000,0x0000,0xce59,0x0000,0x0000,0x0000,
		0x0000,0x0000,0x0000,0x4a49,0xce59,0x0000,0x0000,0x0000,0xce59,0x0000,0x0000,0x0000,0xce59,0x0000,0x0000,0x0000,
		0x0000,0x0000,0x0000,0x9492,0xce59,0xce59,0xce59,0xce59,0xce59,0xce59,0xce59,0xce59,0xce59,0x0000,0x0000,0x0000,
		0x0000,0x0000,0x0000,0x9492,0xce59,0x0000,0x0000,0x0000,0xce59,0x0000,0x0000,0x0000,0xce59,0x0000,0x0000,0x0000,
		0x0000,0x0000,0x0000,0x9492,0xce59,0x0000,0x0000,0x0000,0xce59,0x0000,0x0000,0x0000,0xce59,0x0000,0x0000,0x0000,
		0x0000,0x0000,0x0000,0x4a49,0xce59,0xce59,0xce59,0xce59,0xce59,0xce59,0x4208,0x4208,0xce59,0x0000,0x0000,0x0000,
		0x0000,0x0000,0x0000,0x9492,0xce59,0xad75,0xad75,0xad75,0xce59,0xad75,0xad75,0xad75,0xce59,0x0000,0x0000,0x0000,
		0x0000,0x0000,0x0000,0x9492,0xce59,0xad75,0xbdf7,0xbdf7,0xce59,0xad75,0xbdf7,0xbdf7,0xce59,0x0000,0x0000,0x0000,
		0x0000,0x0000,0x0000,0x9492,0xce59,0xce59,0xce59,0xce59,0xce59,0xce59,0xce59,0xce59,0xce59,0x0000,0x0000,0x0000,
		0x0000,0x0000,0x0000,0x4a49,0xce59,0xad75,0xad75,0xad75,0xce59,0xad75,0xad75,0xad75,0xce59,0x0000,0x0000,0x0000,
		0x0000,0x0000,0x0000,0x9492,0xce59,0xad75,0xbdf7,0xbdf7,0xce59,0xad75,0xbdf7,0xbdf7,0xce59,0x0000,0x0000,0x0000,
		0x0000,0x0000,0x0000,0x9492,0xce59,0xce59,0xce59,0xce59,0xce59,0xce59,0xce59,0xce59,0xce59,0x0000,0x0000,0x0000,
		0x0000,0x0000,0x0000,0x9492,0x9492,0x9492,0x9492,0x9492,0x9492,0x9492,0x9492,0x9492,0x9492,0x0000,0x0000,0x0000
	},
	{
		0x0000,0x0000,0x0000,0x0000,0x0000,0x0000,0x0000,0x0000,0x0000,0x0000,0x0000,0x0000,0x0000,0x0000,0x0000,0x0000, //lever
		0x0000,0x0000,0x0000,0x0000,0x0000,0x0000,0x0000,0x0000,0x0000,0x0000,0x0000,0x0000,0x0000,0x0000,0x0000,0x0000, //104
		0x0000,0x0000,0x0000,0x0000,0x0000,0x0000,0x0000,0x0000,0x0000,0x0000,0x0000,0x0000,0x0000,0x0000,0x0000,0x0000,
		0x0000,0x0000,0x0000,0x0000,0x0000,0x0000,0x0000,0x0000,0x0000,0x0000,0x0000,0x0000,0x0000,0x0000,0x0000,0x0000,
		0x0000,0x0000,0x0000,0x0000,0x0000,0x0000,0x0000,0x0000,0x0000,0x0000,0x0000,0x0000,0x0000,0x0000,0x0000,0x0000,
		0x0000,0x0000,0x0000,0x0000,0x0000,0x0000,0x0000,0x0000,0x0000,0x0000,0x0000,0x0000,0x0000,0x0000,0x0000,0x0000,
		0x0000,0x0000,0x0000,0x0000,0x0000,0x0000,0x0000,0x7bef,0x6b6d,0x0000,0x0000,0x0000,0x0000,0x0000,0x0000,0x0000,
		0x0000,0x0000,0x0000,0x0000,0x0000,0x0000,0x0000,0x7bef,0x738e,0x0000,0x0000,0x0000,0x0000,0x0000,0x0000,0x0000,
		0x0000,0x0000,0x0000,0x0000,0x0000,0x0000,0x0000,0x93a8,0x6aa6,0x0000,0x0000,0x0000,0x0000,0x0000,0x0000,0x0000,
		0x0000,0x0000,0x0000,0x0000,0x0000,0x0000,0x0000,0x9be9,0x41a4,0x0000,0x0000,0x0000,0x0000,0x0000,0x0000,0x0000,
		0x0000,0x0000,0x0000,0x0000,0x0000,0x0000,0x0000,0x9be9,0x5225,0x0000,0x0000,0x0000,0x0000,0x0000,0x0000,0x0000,
		0x0000,0x0000,0x0000,0x0000,0x0000,0x0000,0x0000,0x93a8,0x5225,0x0000,0x0000,0x0000,0x0000,0x0000,0x0000,0x0000,
		0x0000,0x0000,0x0000,0x0000,0x0000,0x0000,0x0000,0x93a8,0x5225,0x0000,0x0000,0x0000,0x0000,0x0000,0x0000,0x0000,
		0x0000,0x0000,0x0000,0x0000,0x0000,0x0000,0x0000,0x6aa6,0x3963,0x0000,0x0000,0x0000,0x0000,0x0000,0x0000,0x0000,
		0x0000,0x0000,0x0000,0x0000,0x0000,0x0000,0x0000,0x9be9,0x3963,0x0000,0x0000,0x0000,0x0000,0x0000,0x0000,0x0000,
		0x0000,0x0000,0x0000,0x0000,0x0000,0x0000,0x0000,0x6aa6,0x3142,0x0000,0x0000,0x0000,0x0000,0x0000,0x0000,0x0000
	},
	{
		0x0000,0x0000,0x0000,0x0000,0x0000,0x0000,0x0000,0x0000,0x0000,0x0000,0x0000,0x0000,0x0000,0x0000,0x0000,0x0000, //wooden button
		0x0000,0x0000,0x0000,0x0000,0x0000,0x0000,0x0000,0x0000,0x0000,0x0000,0x0000,0x0000,0x0000,0x0000,0x0000,0x0000, //105
		0x0000,0x0000,0x0000,0x0000,0x0000,0x0000,0x0000,0x0000,0x0000,0x0000,0x0000,0x0000,0x0000,0x0000,0x0000,0x0000,
		0x0000,0x0000,0x0000,0x0000,0x0000,0x0000,0x0000,0x0000,0x0000,0x0000,0x0000,0x0000,0x0000,0x0000,0x0000,0x0000,
		0x0000,0x0000,0x0000,0x0000,0x0000,0x0000,0x0000,0x0000,0x0000,0x0000,0x0000,0x0000,0x0000,0x0000,0x0000,0x0000,
		0x0000,0x0000,0x0000,0x0000,0x0000,0x0000,0x0000,0x0000,0x0000,0x0000,0x0000,0x0000,0x0000,0x0000,0x0000,0x0000,
		0x0000,0x0000,0x0000,0x0000,0x0000,0x72e7,0x72e7,0x6286,0x6286,0x6286,0x49c4,0x0000,0x0000,0x0000,0x0000,0x0000,
		0x0000,0x0000,0x0000,0x0000,0x0000,0x41a4,0x41a4,0x49c4,0x49c4,0x49c4,0x41a4,0x0000,0x0000,0x0000,0x0000,0x0000,
		0x0000,0x0000,0x0000,0x0000,0x0000,0x49c4,0x6286,0x72e7,0x72e7,0x6266,0x6266,0x0000,0x0000,0x0000,0x0000,0x0000,
		0x0000,0x0000,0x0000,0x0000,0x0000,0x72e7,0x72c7,0x72c7,0x6286,0x6286,0x6286,0x0000,0x0000,0x0000,0x0000,0x0000,
		0x0000,0x0000,0x0000,0x0000,0x0000,0x0000,0x0000,0x0000,0x0000,0x0000,0x0000,0x0000,0x0000,0x0000,0x0000,0x0000,
		0x0000,0x0000,0x0000,0x0000,0x0000,0x0000,0x0000,0x0000,0x0000,0x0000,0x0000,0x0000,0x0000,0x0000,0x0000,0x0000,
		0x0000,0x0000,0x0000,0x0000,0x0000,0x0000,0x0000,0x0000,0x0000,0x0000,0x0000,0x0000,0x0000,0x0000,0x0000,0x0000,
		0x0000,0x0000,0x0000,0x0000,0x0000,0x0000,0x0000,0x0000,0x0000,0x0000,0x0000,0x0000,0x0000,0x0000,0x0000,0x0000,
		0x0000,0x0000,0x0000,0x0000,0x0000,0x0000,0x0000,0x0000,0x0000,0x0000,0x0000,0x0000,0x0000,0x0000,0x0000,0x0000,
		0x0000,0x0000,0x0000,0x0000,0x0000,0x0000,0x0000,0x0000,0x0000,0x0000,0x0000,0x0000,0x0000,0x0000,0x0000,0x0000
	},
	{
		0x0000,0x0000,0x0000,0x0000,0x0000,0x0000,0x0000,0x0000,0x0000,0x0000,0x0000,0x0000,0x0000,0x0000,0x0000,0x0000, //stone button
		0x0000,0x0000,0x0000,0x0000,0x0000,0x0000,0x0000,0x0000,0x0000,0x0000,0x0000,0x0000,0x0000,0x0000,0x0000,0x0000, //106
		0x0000,0x0000,0x0000,0x0000,0x0000,0x0000,0x0000,0x0000,0x0000,0x0000,0x0000,0x0000,0x0000,0x0000,0x0000,0x0000,
		0x0000,0x0000,0x0000,0x0000,0x0000,0x0000,0x0000,0x0000,0x0000,0x0000,0x0000,0x0000,0x0000,0x0000,0x0000,0x0000,
		0x0000,0x0000,0x0000,0x0000,0x0000,0x0000,0x0000,0x0000,0x0000,0x0000,0x0000,0x0000,0x0000,0x0000,0x0000,0x0000,
		0x0000,0x0000,0x0000,0x0000,0x0000,0x0000,0x0000,0x0000,0x0000,0x0000,0x0000,0x0000,0x0000,0x0000,0x0000,0x0000,
		0x0000,0x0000,0x0000,0x0000,0x0000,0x4a49,0x5acb,0x5acb,0x528a,0x528a,0x528a,0x0000,0x0000,0x0000,0x0000,0x0000,
		0x0000,0x0000,0x0000,0x0000,0x0000,0x4a49,0x4a49,0x4a49,0x4a49,0x4208,0x4a49,0x0000,0x0000,0x0000,0x0000,0x0000,
		0x0000,0x0000,0x0000,0x0000,0x0000,0x4a49,0x528a,0x528a,0x528a,0x5acb,0x5acb,0x0000,0x0000,0x0000,0x0000,0x0000,
		0x0000,0x0000,0x0000,0x0000,0x0000,0x4a49,0x4a49,0x528a,0x4208,0x528a,0x528a,0x0000,0x0000,0x0000,0x0000,0x0000,
		0x0000,0x0000,0x0000,0x0000,0x0000,0x0000,0x0000,0x0000,0x0000,0x0000,0x0000,0x0000,0x0000,0x0000,0x0000,0x0000,
		0x0000,0x0000,0x0000,0x0000,0x0000,0x0000,0x0000,0x0000,0x0000,0x0000,0x0000,0x0000,0x0000,0x0000,0x0000,0x0000,
		0x0000,0x0000,0x0000,0x0000,0x0000,0x0000,0x0000,0x0000,0x0000,0x0000,0x0000,0x0000,0x0000,0x0000,0x0000,0x0000,
		0x0000,0x0000,0x0000,0x0000,0x0000,0x0000,0x0000,0x0000,0x0000,0x0000,0x0000,0x0000,0x0000,0x0000,0x0000,0x0000,
		0x0000,0x0000,0x0000,0x0000,0x0000,0x0000,0x0000,0x0000,0x0000,0x0000,0x0000,0x0000,0x0000,0x0000,0x0000,0x0000,
		0x0000,0x0000,0x0000,0x0000,0x0000,0x0000,0x0000,0x0000,0x0000,0x0000,0x0000,0x0000,0x0000,0x0000,0x0000,0x0000
	},
	{
		0xe121,0xe121,0xe121,0xd142,0xe121,0xe121,0xe121,0xe121,0xe121,0xc101,0xb901,0xe121,0xe121,0xe121,0xe121,0xe121, //redstone block
		0xe121,0xc901,0xc101,0xd101,0xb101,0xc101,0xa0c1,0xa0c1,0x98c1,0x8080,0xa8e1,0xb901,0xc101,0xc101,0xc901,0xe121, //107
		0xe121,0xc101,0xb901,0xc901,0xb0e1,0xa8e1,0x98c1,0x98c1,0x80a0,0x7880,0x98c1,0x98c1,0xa0e1,0x90a1,0xc101,0xe121,
		0xe121,0xb901,0xa8e1,0xa8e1,0xd142,0x90c1,0x7060,0x7880,0x7880,0x88a1,0x80a0,0x98c1,0xb0e1,0xb0e1,0xb901,0xe121,
		0xe121,0xb101,0x80a0,0x98c1,0xb0e1,0x8080,0x7860,0x7060,0x7060,0x7060,0x7860,0x8080,0xa8e1,0xc901,0xd142,0xe121,
		0xe121,0xb101,0x98c1,0x7880,0x90c1,0x7060,0x9081,0x7060,0x7060,0x7060,0x7060,0x98c1,0xb8e1,0xa8e1,0xb901,0xe101,
		0xe121,0xb101,0x98c1,0x7060,0x7060,0x7060,0x7060,0x7060,0x7060,0x7060,0x7060,0x7060,0xb8e1,0xa8e1,0xb901,0xe121,
		0xe121,0xc101,0xa0c1,0x8080,0x7060,0x7060,0x7060,0x7060,0x7060,0x9081,0x7060,0x98c1,0x98c1,0xa8e1,0xc101,0xe121,
		0xe121,0xc101,0xa0c1,0x8080,0x7060,0x7060,0x7060,0x7060,0x7060,0x7060,0x7060,0x7880,0x7880,0x98c1,0xb101,0xe121,
		0xe121,0xc101,0xa0c1,0x7880,0x7060,0x7060,0x7060,0x98c1,0x7060,0x7060,0x7060,0x7880,0x7880,0x98c1,0xb101,0xe121,
		0xe121,0xc101,0x7860,0x7860,0x7860,0x7060,0x7060,0x7060,0xd142,0x7060,0x7880,0x7880,0x88a0,0xa0e1,0xd142,0xe121,
		0xe121,0x90a1,0x8080,0xa0e1,0x8080,0x7860,0x98c1,0xa0c1,0x7860,0x7860,0x8080,0x88a0,0x98c1,0xa0e1,0xb101,0xe121,
		0xc101,0xb8e1,0xb901,0xa0e1,0xa0e1,0xb8e1,0xb0e1,0x98c1,0x7880,0x90c1,0x88a0,0x98c1,0xa0e1,0x8080,0xb101,0xe121,
		0xc101,0xc901,0xc101,0x8080,0xb901,0xd142,0xa8e1,0xa0e1,0xa0e1,0xa0e1,0xa0e1,0xb101,0xb101,0xb901,0xc101,0xe121,
		0xe121,0xd142,0xc901,0xc101,0xd121,0xd121,0xb901,0xb901,0x8080,0xc101,0xc101,0xd142,0xb901,0xc101,0xc901,0xe121,
		0xe121,0xe121,0xe121,0xe121,0xe121,0xe121,0xe121,0xe121,0xe121,0xe121,0xe121,0xe121,0xe121,0xe121,0xe121,0xe121
	},
	{
		0x9775,0x9775,0x8774,0x7752,0x7772,0x2e4a,0x9775,0x9775,0x9775,0x2e4a,0x8f74,0x8f74,0x8f74,0x7f53,0x7f53,0x7f33, //emerald block
		0x9775,0x4f0f,0x4f0e,0x46ee,0x3e4b,0x9775,0x8774,0x5f30,0x5f30,0x5f30,0x2e4a,0x5f50,0x570f,0x570f,0x5730,0x362b, //108
		0x8774,0x4f0f,0x46ee,0x3e4b,0x9775,0x7752,0x5f30,0x4f0e,0x4f0e,0x4f0e,0x46ad,0x2e4a,0x5f30,0x4f0e,0x4eee,0x35a9,
		0x7772,0x46ee,0x3e4b,0x9775,0x7752,0x7752,0x5f30,0x4f0f,0x4f0e,0x46ee,0x46ad,0x3e4b,0x2e4a,0x4f0e,0x4ece,0x35a9,
		0x7772,0x3e4b,0x9775,0x7752,0x7752,0x6f51,0x5f30,0x4f0e,0x46ee,0x46ee,0x46ad,0x468c,0x3e4b,0x2e4a,0x4ece,0x35a9,
		0x2e4a,0x9775,0x7752,0x6f52,0x5f50,0x6751,0x5f30,0x4f0e,0x46ee,0x4f0e,0x46ad,0x46ad,0x46ad,0x3e4b,0x2e4a,0x35a9,
		0x9775,0x5750,0x6751,0x6751,0x6751,0x6751,0x8774,0x8774,0x7772,0x6751,0x46cd,0x46cd,0x3eac,0x3e8c,0x3e8c,0x35a9,
		0x9775,0x5750,0x5750,0x5f50,0x4f2f,0x4f2f,0x7772,0x6751,0x6751,0x5750,0x46cd,0x3eac,0x3eac,0x368b,0x3e8c,0x2d89,
		0x8774,0x5750,0x5f50,0x574f,0x5f50,0x4f2f,0x6f51,0x6751,0x5f50,0x574f,0x3ecd,0x3eac,0x3e8c,0x3e8c,0x3e8c,0x2d89,
		0x2e4a,0x5f10,0x5f50,0x5f10,0x5f50,0x5f50,0x7752,0x6750,0x6750,0x6750,0x3e6c,0x3e4c,0x3e6c,0x3e4c,0x3e8c,0x2d89,
		0x9775,0x2e4a,0x5f10,0x5f30,0x5f10,0x56ef,0x4f0e,0x4eae,0x4ead,0x3e6c,0x360a,0x3e2b,0x3e2b,0x35ea,0x2d89,0x3e2c,
		0x9775,0x8f74,0x2e4a,0x4ece,0x4ece,0x5f10,0x4f0e,0x4eae,0x46ad,0x3e4c,0x3e2b,0x3deb,0x35c9,0x2d89,0x8f75,0x35ea,
		0x7f73,0x6f52,0x6f52,0x2e4a,0x4ece,0x4ece,0x4f0e,0x46ad,0x3e8c,0x3e6c,0x3e2b,0x35ea,0x2d89,0x8f75,0x4f0e,0x35ea,
		0x6710,0x570f,0x4f0f,0x4eee,0x2e4a,0x4ece,0x4ead,0x46ad,0x3e8c,0x3e4b,0x360a,0x2d89,0x8f74,0x4f0f,0x3e8c,0x35ea,
		0x6710,0x570f,0x4eee,0x4eee,0x4ecd,0x2e4a,0x46ad,0x3eac,0x3e8b,0x3e6b,0x2d89,0x8774,0x4f0e,0x4f0e,0x3e6c,0x35ca,
		0x6710,0x364b,0x35ea,0x35ea,0x35ea,0x35ea,0x2d89,0x2d89,0x2d89,0x2d89,0x3e2c,0x35ea,0x35ea,0x35ea,0x35ea,0x35ea
	},
	{
		0x0000,0x0000,0x0000,0x0000,0x0000,0x0000,0x0000,0x0000,0x0000,0x0000,0x0000,0x0000,0x0000,0x0000,0x0000,0x0000, //shears
		0x0000,0x0000,0x0000,0x0000,0x0000,0x0000,0x0000,0x0000,0x0000,0x0000,0x0000,0x0000,0x0000,0x0000,0x0000,0x0000, //109
		0x0000,0x0000,0x0000,0x0000,0x0000,0x0000,0x0000,0x0000,0x69a5,0xad55,0xd6ba,0xd6ba,0xad55,0x0000,0x0000,0x0000,
		0x0000,0x0000,0x0000,0x0000,0x0000,0x0000,0x0000,0x69a5,0x738e,0xd6ba,0xd6ba,0xad55,0x0000,0xad55,0x0000,0x0000,
		0x0000,0x0000,0x0000,0x0000,0x0000,0x0000,0x69a5,0x8a06,0xad55,0xd6ba,0xad55,0x0000,0xad55,0xd6ba,0x0000,0x0000,
		0x0000,0x0000,0x0000,0x0000,0x0000,0x69a5,0xa267,0xad55,0xd6ba,0xad55,0x0000,0xad55,0xd6ba,0xd6ba,0x0000,0x0000,
		0x0000,0x0000,0x0000,0x0000,0x69a5,0xa267,0x5963,0x738e,0xad55,0x0000,0xad55,0xd6ba,0xd6ba,0xad55,0x0000,0x0000,
		0x0000,0x0000,0x0000,0x0000,0x69a5,0xa267,0x5963,0x0000,0x0000,0xad55,0xd6ba,0xad55,0x738e,0x5963,0x0000,0x0000,
		0x0000,0x0000,0x0000,0x69a5,0xa267,0x5963,0x0000,0x0000,0x0000,0x738e,0xad55,0x69a5,0x5963,0x0000,0x0000,0x0000,
		0x0000,0x0000,0x0000,0x69a5,0x8a06,0x5963,0x0000,0x0000,0x69a5,0x69a5,0x69a5,0x5963,0x0000,0x0000,0x0000,0x0000,
		0x0000,0x0000,0x0000,0xad55,0xad55,0x69a5,0x69a5,0x69a5,0x8a06,0x8a06,0x5963,0x0000,0x0000,0x0000,0x0000,0x0000,
		0x0000,0x0000,0xad55,0x0000,0x0000,0x738e,0x8a06,0x8a06,0x5963,0x5963,0x0000,0x0000,0x0000,0x0000,0x0000,0x0000,
		0x0000,0x0000,0x738e,0x0000,0x0000,0x4208,0x5963,0x5963,0x0000,0x0000,0x0000,0x0000,0x0000,0x0000,0x0000,0x0000,
		0x0000,0x0000,0x0000,0x4208,0x4208,0x0000,0x0000,0x0000,0x0000,0x0000,0x0000,0x0000,0x0000,0x0000,0x0000,0x0000,
		0x0000,0x0000,0x0000,0x0000,0x0000,0x0000,0x0000,0x0000,0x0000,0x0000,0x0000,0x0000,0x0000,0x0000,0x0000,0x0000,
		0x0000,0x0000,0x0000,0x0000,0x0000,0x0000,0x0000,0x0000,0x0000,0x0000,0x0000,0x0000,0x0000,0x0000,0x0000,0x0000
	},
	{
		0xdefc,0xe73c,0xd6fb,0xdefb,0xef5d,0xf7be,0xdf1c,0xdf1c,0xf79e,0xf7be,0xd6db,0xdefb,0xef7d,0xef7d,0xdefb,0xd6db, //wool
		0xef7d,0xef9e,0xffff,0xffff,0xffdf,0xf7be,0xe73d,0xe73c,0xdefb,0xd6db,0xdf1c,0xe73c,0xd6ba,0xd6db,0xe73c,0xe75d, //110
		0xffdf,0xffdf,0xe73c,0xe75d,0xffff,0xffdf,0xef7d,0xe73c,0xf7be,0xffdf,0xf7be,0xf7be,0xffff,0xffff,0xf7be,0xef9e,
		0xef7d,0xe73c,0xf7be,0xffdf,0xe73c,0xe73c,0xef5d,0xffdf,0xdf1c,0xe73d,0xffdf,0xffdf,0xef7d,0xe73c,0xffff,0xffdf,
		0xef9e,0xe75d,0xdf1c,0xef7d,0xf7be,0xf7be,0xd6db,0xd6bb,0xdf1c,0xef7d,0xdf1c,0xd6db,0xf7be,0xf7be,0xdefb,0xd6db,
		0xd6db,0xd6db,0xdf1c,0xffdf,0xdf1c,0xd6bb,0xdefc,0xe73c,0xdf1c,0xd6bb,0xe73c,0xe73c,0xd6db,0xdf1c,0xdefb,0xe73c,
		0xffff,0xffff,0xf7df,0xf7be,0xef5d,0xef5d,0xe75d,0xef7d,0xffdf,0xffff,0xf79e,0xe73d,0xffff,0xffff,0xf7be,0xef7d,
		0xe73c,0xe73c,0xffff,0xffff,0xf7be,0xf79e,0xffdf,0xffdf,0xdefb,0xdf1c,0xf7be,0xffdf,0xf79e,0xef9e,0xffdf,0xffdf,
		0xf7be,0xf7be,0xd6db,0xdf1c,0xffdf,0xf79e,0xdf1c,0xe73c,0xdf1c,0xe73c,0xdf1c,0xd6db,0xef5d,0xe73d,0xd6fb,0xd6db,
		0xdf1c,0xe73d,0xe73c,0xffdf,0xd6bb,0xd6db,0xe73d,0xef9e,0xdf1c,0xef9e,0xffff,0xffff,0xe75d,0xf7be,0xffff,0xffff,
		0xffdf,0xffdf,0xf7be,0xf7be,0xffff,0xffdf,0xf7be,0xf79e,0xffdf,0xffdf,0xe73c,0xef7d,0xef9e,0xef5d,0xdefb,0xef7d,
		0xdefb,0xdf1c,0xef9e,0xef9e,0xe73c,0xe73c,0xf7be,0xf7be,0xdefb,0xdf1c,0xdf1c,0xef9e,0xd6db,0xd6db,0xe73c,0xef9e,
		0xe73c,0xe73c,0xd6bb,0xd6db,0xffdf,0xffff,0xd6db,0xd6bb,0xef5d,0xf7be,0xef7d,0xf7be,0xffff,0xffff,0xef9e,0xd6db,
		0xf7be,0xf79e,0xffff,0xffff,0xffdf,0xf7be,0xef7d,0xe73c,0xd6bb,0xe75d,0xf7be,0xffdf,0xe75d,0xe75d,0xffdf,0xffff,
		0xffff,0xffff,0xef7d,0xe73d,0xffdf,0xef7d,0xef9e,0xf7be,0xffff,0xffdf,0xdf1c,0xdf1c,0xef7d,0xf7be,0xe73c,0xdefb,
		0xd6db,0xdf1c,0xffdf,0xef7d,0xdefb,0xe73c,0xffdf,0xffff,0xe75d,0xe73c,0xf79e,0xffdf,0xdefb,0xdf1c,0xffdf,0xffdf
	},
	{
		0x0000,0x0000,0x0000,0x0000,0x0000,0x0000,0x0000,0x0000,0x0000,0x0000,0x0000,0x0000,0x0000,0x0000,0x0000,0x0000, //destroy 1
		0x0000,0x0000,0x0000,0x0000,0x0000,0x0000,0x0000,0x0000,0x0000,0x0000,0x0000,0x0000,0x0000,0x0000,0x0000,0x0000, //111
		0x0000,0x0000,0x0000,0x0000,0x0000,0x0000,0x0000,0x0000,0x0000,0x0000,0x0000,0x0000,0x0000,0x0000,0x0000,0x0000,
		0x0000,0x0000,0x0000,0x0000,0x0000,0x0000,0x0000,0x0000,0x0000,0x0000,0x0000,0x0000,0x0000,0x0000,0x0000,0x0000,
		0x0000,0x0000,0x0000,0x0000,0x0000,0x0000,0x0000,0x0000,0x0000,0x0000,0x0000,0x0000,0x0000,0x0000,0x0000,0x0000,
		0x0000,0x0000,0x0000,0x0000,0x0000,0x0000,0x0000,0x0000,0x0000,0x0000,0x0000,0x0000,0x0000,0x0000,0x0000,0x0000,
		0x0000,0x0000,0x0000,0x0000,0x0000,0x0000,0x0000,0x0000,0x0000,0x0000,0x0000,0x0000,0x0000,0x0000,0x0000,0x0000,
		0x0000,0x0000,0x0000,0x0000,0x0000,0x0000,0x0000,0x39e7,0x0000,0x0000,0x0000,0x0000,0x0000,0x0000,0x0000,0x0000,
		0x0000,0x0000,0x0000,0x0000,0x0000,0x0000,0x0000,0x9cd3,0x39e7,0x0000,0x0000,0x0000,0x0000,0x0000,0x0000,0x0000,
		0x0000,0x0000,0x0000,0x0000,0x0000,0x0000,0x0000,0x0000,0x9cd3,0x0000,0x0000,0x0000,0x0000,0x0000,0x0000,0x0000,
		0x0000,0x0000,0x0000,0x0000,0x0000,0x0000,0x0000,0x0000,0x0000,0x0000,0x0000,0x0000,0x0000,0x0000,0x0000,0x0000,
		0x0000,0x0000,0x0000,0x0000,0x0000,0x0000,0x0000,0x0000,0x0000,0x0000,0x0000,0x0000,0x0000,0x0000,0x0000,0x0000,
		0x0000,0x0000,0x0000,0x0000,0x0000,0x0000,0x0000,0x0000,0x0000,0x0000,0x0000,0x0000,0x0000,0x0000,0x0000,0x0000,
		0x0000,0x0000,0x0000,0x0000,0x0000,0x0000,0x0000,0x0000,0x0000,0x0000,0x0000,0x0000,0x0000,0x0000,0x0000,0x0000,
		0x0000,0x0000,0x0000,0x0000,0x0000,0x0000,0x0000,0x0000,0x0000,0x0000,0x0000,0x0000,0x0000,0x0000,0x0000,0x0000,
		0x0000,0x0000,0x0000,0x0000,0x0000,0x0000,0x0000,0x0000,0x0000,0x0000,0x0000,0x0000,0x0000,0x0000,0x0000,0x0000
	},
	{
		0x0000,0x0000,0x0000,0x0000,0x0000,0x0000,0x0000,0x0000,0x0000,0x0000,0x0000,0x0000,0x0000,0x0000,0x0000,0x0000, //destroy 2
		0x0000,0x0000,0x0000,0x0000,0x0000,0x0000,0x0000,0x0000,0x0000,0x0000,0x0000,0x0000,0x0000,0x0000,0x0000,0x0000, //112
		0x0000,0x0000,0x0000,0x0000,0x0000,0x0000,0x0000,0x0000,0x0000,0x0000,0x0000,0x0000,0x0000,0x0000,0x0000,0x0000,
		0x0000,0x0000,0x0000,0x0000,0x0000,0x0000,0x0000,0x0000,0x0000,0x0000,0x0000,0x0000,0x0000,0x0000,0x0000,0x0000,
		0x0000,0x0000,0x0000,0x0000,0x0000,0x0000,0x0000,0x0000,0x0000,0x0000,0x0000,0x0000,0x0000,0x0000,0x0000,0x0000,
		0x0000,0x0000,0x0000,0x0000,0x0000,0x0000,0x39e7,0x0000,0x0000,0x0000,0x0000,0x0000,0x0000,0x0000,0x0000,0x0000,
		0x0000,0x0000,0x0000,0x0000,0x0000,0x0000,0x39e7,0x0000,0x0000,0x0000,0x0000,0x0000,0x0000,0x0000,0x0000,0x0000,
		0x0000,0x0000,0x0000,0x0000,0x0000,0x0000,0x9cd3,0x39e7,0x0000,0x39e7,0x0000,0x0000,0x0000,0x0000,0x0000,0x0000,
		0x0000,0x0000,0x0000,0x0000,0x0000,0x0000,0x0000,0x9cd3,0x39e7,0x9cd3,0x0000,0x0000,0x0000,0x0000,0x0000,0x0000,
		0x0000,0x0000,0x0000,0x0000,0x0000,0x0000,0x0000,0x0000,0x39e7,0x0000,0x0000,0x0000,0x0000,0x0000,0x0000,0x0000,
		0x0000,0x0000,0x0000,0x0000,0x0000,0x0000,0x0000,0x0000,0x9cd3,0x0000,0x0000,0x0000,0x0000,0x0000,0x0000,0x0000,
		0x0000,0x0000,0x0000,0x0000,0x0000,0x0000,0x0000,0x0000,0x0000,0x0000,0x0000,0x0000,0x0000,0x0000,0x0000,0x0000,
		0x0000,0x0000,0x0000,0x0000,0x0000,0x0000,0x0000,0x0000,0x0000,0x0000,0x0000,0x0000,0x0000,0x0000,0x0000,0x0000,
		0x0000,0x0000,0x0000,0x0000,0x0000,0x0000,0x0000,0x0000,0x0000,0x0000,0x0000,0x0000,0x0000,0x0000,0x0000,0x0000,
		0x0000,0x0000,0x0000,0x0000,0x0000,0x0000,0x0000,0x0000,0x0000,0x0000,0x0000,0x0000,0x0000,0x0000,0x0000,0x0000,
		0x0000,0x0000,0x0000,0x0000,0x0000,0x0000,0x0000,0x0000,0x0000,0x0000,0x0000,0x0000,0x0000,0x0000,0x0000,0x0000
	},
	{
		0x0000,0x0000,0x0000,0x0000,0x0000,0x0000,0x0000,0x0000,0x0000,0x0000,0x0000,0x0000,0x0000,0x0000,0x0000,0x0000, //destroy 3
		0x0000,0x0000,0x0000,0x0000,0x0000,0x0000,0x0000,0x0000,0x0000,0x0000,0x0000,0x0000,0x0000,0x0000,0x0000,0x0000, //113
		0x0000,0x0000,0x0000,0x0000,0x0000,0x0000,0x0000,0x0000,0x0000,0x0000,0x0000,0x0000,0x0000,0x0000,0x0000,0x0000,
		0x0000,0x0000,0x0000,0x0000,0x0000,0x0000,0x0000,0x0000,0x0000,0x0000,0x0000,0x0000,0x0000,0x0000,0x0000,0x0000,
		0x0000,0x0000,0x0000,0x0000,0x0000,0x0000,0x39e7,0x0000,0x0000,0x0000,0x0000,0x0000,0x0000,0x0000,0x0000,0x0000,
		0x0000,0x0000,0x0000,0x0000,0x0000,0x0000,0x39e7,0x0000,0x0000,0x0000,0x0000,0x0000,0x0000,0x0000,0x0000,0x0000,
		0x0000,0x0000,0x0000,0x0000,0x0000,0x0000,0x39e7,0x0000,0x0000,0x0000,0x39e7,0x39e7,0x0000,0x0000,0x0000,0x0000,
		0x0000,0x0000,0x0000,0x0000,0x0000,0x0000,0x9cd3,0x39e7,0x0000,0x39e7,0x9cd3,0x9cd3,0x0000,0x0000,0x0000,0x0000,
		0x0000,0x0000,0x0000,0x0000,0x0000,0x0000,0x0000,0x9cd3,0x39e7,0x9cd3,0x0000,0x0000,0x0000,0x0000,0x0000,0x0000,
		0x0000,0x0000,0x0000,0x0000,0x0000,0x0000,0x0000,0x0000,0x39e7,0x0000,0x0000,0x0000,0x0000,0x0000,0x0000,0x0000,
		0x0000,0x0000,0x0000,0x0000,0x0000,0x0000,0x0000,0x0000,0x39e7,0x0000,0x0000,0x0000,0x0000,0x0000,0x0000,0x0000,
		0x0000,0x0000,0x0000,0x0000,0x0000,0x0000,0x0000,0x39e7,0x9cd3,0x0000,0x0000,0x0000,0x0000,0x0000,0x0000,0x0000,
		0x0000,0x0000,0x0000,0x0000,0x0000,0x0000,0x0000,0x9cd3,0x0000,0x0000,0x0000,0x0000,0x0000,0x0000,0x0000,0x0000,
		0x0000,0x0000,0x0000,0x0000,0x0000,0x0000,0x0000,0x0000,0x0000,0x0000,0x0000,0x0000,0x0000,0x0000,0x0000,0x0000,
		0x0000,0x0000,0x0000,0x0000,0x0000,0x0000,0x0000,0x0000,0x0000,0x0000,0x0000,0x0000,0x0000,0x0000,0x0000,0x0000,
		0x0000,0x0000,0x0000,0x0000,0x0000,0x0000,0x0000,0x0000,0x0000,0x0000,0x0000,0x0000,0x0000,0x0000,0x0000,0x0000
	},
	{
		0x0000,0x0000,0x0000,0x0000,0x0000,0x0000,0x0000,0x0000,0x0000,0x0000,0x0000,0x0000,0x0000,0x0000,0x0000,0x0000, //destroy 4
		0x0000,0x0000,0x0000,0x0000,0x0000,0x0000,0x0000,0x0000,0x0000,0x0000,0x0000,0x0000,0x0000,0x0000,0x0000,0x0000, //114
		0x0000,0x0000,0x0000,0x0000,0x0000,0x0000,0x0000,0x0000,0x0000,0x0000,0x0000,0x0000,0x0000,0x0000,0x0000,0x0000,
		0x0000,0x0000,0x0000,0x0000,0x0000,0x0000,0x0000,0x39e7,0x0000,0x0000,0x0000,0x0000,0x0000,0x0000,0x0000,0x0000,
		0x0000,0x0000,0x0000,0x0000,0x0000,0x0000,0x39e7,0x9cd3,0x0000,0x0000,0x0000,0x0000,0x0000,0x0000,0x0000,0x0000,
		0x0000,0x0000,0x0000,0x0000,0x0000,0x0000,0x39e7,0x0000,0x0000,0x39e7,0x0000,0x0000,0x39e7,0x0000,0x0000,0x0000,
		0x0000,0x0000,0x0000,0x0000,0x0000,0x39e7,0x39e7,0x0000,0x0000,0x9cd3,0x39e7,0x39e7,0x9cd3,0x0000,0x0000,0x0000,
		0x0000,0x0000,0x0000,0x0000,0x0000,0x9cd3,0x9cd3,0x39e7,0x0000,0x39e7,0x9cd3,0x9cd3,0x0000,0x0000,0x0000,0x0000,
		0x0000,0x0000,0x0000,0x0000,0x0000,0x0000,0x0000,0x9cd3,0x39e7,0x9cd3,0x0000,0x0000,0x0000,0x0000,0x0000,0x0000,
		0x0000,0x0000,0x0000,0x0000,0x0000,0x0000,0x0000,0x0000,0x39e7,0x0000,0x0000,0x0000,0x0000,0x0000,0x0000,0x0000,
		0x0000,0x0000,0x0000,0x0000,0x0000,0x0000,0x0000,0x0000,0x39e7,0x0000,0x0000,0x0000,0x0000,0x0000,0x0000,0x0000,
		0x0000,0x0000,0x0000,0x0000,0x0000,0x0000,0x39e7,0x39e7,0x9cd3,0x0000,0x0000,0x0000,0x0000,0x0000,0x0000,0x0000,
		0x0000,0x0000,0x0000,0x0000,0x0000,0x0000,0x9cd3,0x9cd3,0x0000,0x0000,0x0000,0x0000,0x0000,0x0000,0x0000,0x0000,
		0x0000,0x0000,0x0000,0x0000,0x0000,0x0000,0x0000,0x0000,0x0000,0x0000,0x0000,0x0000,0x0000,0x0000,0x0000,0x0000,
		0x0000,0x0000,0x0000,0x0000,0x0000,0x0000,0x0000,0x0000,0x0000,0x0000,0x0000,0x0000,0x0000,0x0000,0x0000,0x0000,
		0x0000,0x0000,0x0000,0x0000,0x0000,0x0000,0x0000,0x0000,0x0000,0x0000,0x0000,0x0000,0x0000,0x0000,0x0000,0x0000
	},
	{
		0x0000,0x0000,0x0000,0x0000,0x0000,0x0000,0x0000,0x0000,0x0000,0x0000,0x0000,0x0000,0x0000,0x0000,0x0000,0x0000, //destroy 5
		0x0000,0x0000,0x0000,0x0000,0x0000,0x0000,0x0000,0x0000,0x0000,0x0000,0x0000,0x0000,0x0000,0x0000,0x0000,0x0000, //115
		0x0000,0x0000,0x0000,0x0000,0x0000,0x0000,0x0000,0x0000,0x39e7,0x0000,0x0000,0x0000,0x0000,0x0000,0x0000,0x0000,
		0x0000,0x0000,0x0000,0x0000,0x0000,0x0000,0x0000,0x39e7,0x9cd3,0x0000,0x0000,0x0000,0x0000,0x0000,0x0000,0x0000,
		0x0000,0x0000,0x0000,0x0000,0x0000,0x0000,0x39e7,0x9cd3,0x0000,0x39e7,0x0000,0x0000,0x0000,0x39e7,0x0000,0x0000,
		0x0000,0x0000,0x0000,0x0000,0x0000,0x0000,0x39e7,0x0000,0x0000,0x39e7,0x0000,0x0000,0x39e7,0x9cd3,0x0000,0x0000,
		0x0000,0x0000,0x0000,0x0000,0x39e7,0x39e7,0x39e7,0x0000,0x0000,0x9cd3,0x39e7,0x39e7,0x9cd3,0x0000,0x0000,0x0000,
		0x0000,0x0000,0x0000,0x39e7,0x9cd3,0x9cd3,0x9cd3,0x39e7,0x0000,0x39e7,0x9cd3,0x9cd3,0x0000,0x0000,0x0000,0x0000,
		0x0000,0x0000,0x0000,0x9cd3,0x0000,0x0000,0x0000,0x9cd3,0x39e7,0x9cd3,0x0000,0x0000,0x0000,0x0000,0x0000,0x0000,
		0x0000,0x0000,0x0000,0x0000,0x0000,0x0000,0x0000,0x0000,0x39e7,0x0000,0x0000,0x0000,0x0000,0x0000,0x0000,0x0000,
		0x0000,0x0000,0x0000,0x0000,0x0000,0x0000,0x0000,0x0000,0x39e7,0x0000,0x0000,0x0000,0x0000,0x0000,0x0000,0x0000,
		0x0000,0x0000,0x0000,0x0000,0x0000,0x39e7,0x39e7,0x39e7,0x9cd3,0x0000,0x0000,0x0000,0x0000,0x0000,0x0000,0x0000,
		0x0000,0x0000,0x0000,0x0000,0x0000,0x9cd3,0x9cd3,0x9cd3,0x39e7,0x0000,0x0000,0x0000,0x0000,0x0000,0x0000,0x0000,
		0x0000,0x0000,0x0000,0x0000,0x0000,0x0000,0x0000,0x0000,0x9cd3,0x0000,0x0000,0x0000,0x0000,0x0000,0x0000,0x0000,
		0x0000,0x0000,0x0000,0x0000,0x0000,0x0000,0x0000,0x0000,0x0000,0x0000,0x0000,0x0000,0x0000,0x0000,0x0000,0x0000,
		0x0000,0x0000,0x0000,0x0000,0x0000,0x0000,0x0000,0x0000,0x0000,0x0000,0x0000,0x0000,0x0000,0x0000,0x0000,0x0000
	},
	{
		0x0000,0x0000,0x0000,0x0000,0x0000,0x0000,0x0000,0x0000,0x0000,0x0000,0x0000,0x0000,0x0000,0x0000,0x0000,0x0000, //destroy 6
		0x0000,0x0000,0x0000,0x0000,0x0000,0x0000,0x0000,0x0000,0x0000,0x0000,0x0000,0x0000,0x0000,0x0000,0x0000,0x0000, //116
		0x0000,0x0000,0x0000,0x0000,0x0000,0x0000,0x39e7,0x0000,0x39e7,0x39e7,0x0000,0x0000,0x0000,0x0000,0x0000,0x0000,
		0x0000,0x0000,0x0000,0x0000,0x0000,0x0000,0x9cd3,0x39e7,0x9cd3,0x9cd3,0x0000,0x0000,0x0000,0x0000,0x0000,0x0000,
		0x0000,0x0000,0x0000,0x0000,0x0000,0x0000,0x39e7,0x9cd3,0x0000,0x39e7,0x0000,0x0000,0x0000,0x39e7,0x39e7,0x0000,
		0x0000,0x0000,0x0000,0x0000,0x39e7,0x0000,0x39e7,0x0000,0x0000,0x39e7,0x0000,0x0000,0x39e7,0x9cd3,0x9cd3,0x0000,
		0x0000,0x0000,0x0000,0x0000,0x39e7,0x39e7,0x39e7,0x0000,0x0000,0x9cd3,0x39e7,0x39e7,0x9cd3,0x0000,0x0000,0x0000,
		0x0000,0x0000,0x0000,0x39e7,0x9cd3,0x9cd3,0x9cd3,0x39e7,0x0000,0x39e7,0x9cd3,0x9cd3,0x0000,0x0000,0x0000,0x0000,
		0x0000,0x0000,0x39e7,0x9cd3,0x0000,0x0000,0x0000,0x9cd3,0x39e7,0x9cd3,0x0000,0x0000,0x0000,0x0000,0x0000,0x0000,
		0x0000,0x0000,0x9cd3,0x0000,0x0000,0x0000,0x0000,0x0000,0x39e7,0x0000,0x0000,0x0000,0x0000,0x0000,0x0000,0x0000,
		0x0000,0x0000,0x0000,0x0000,0x0000,0x39e7,0x0000,0x0000,0x39e7,0x0000,0x0000,0x0000,0x0000,0x0000,0x0000,0x0000,
		0x0000,0x0000,0x0000,0x0000,0x0000,0x39e7,0x39e7,0x39e7,0x9cd3,0x0000,0x0000,0x0000,0x0000,0x0000,0x0000,0x0000,
		0x0000,0x0000,0x0000,0x0000,0x39e7,0x9cd3,0x9cd3,0x9cd3,0x39e7,0x0000,0x0000,0x0000,0x0000,0x0000,0x0000,0x0000,
		0x0000,0x0000,0x0000,0x0000,0x9cd3,0x0000,0x0000,0x0000,0x9cd3,0x39e7,0x0000,0x0000,0x0000,0x0000,0x0000,0x0000,
		0x0000,0x0000,0x0000,0x0000,0x0000,0x0000,0x0000,0x0000,0x0000,0x9cd3,0x0000,0x0000,0x0000,0x0000,0x0000,0x0000,
		0x0000,0x0000,0x0000,0x0000,0x0000,0x0000,0x0000,0x0000,0x0000,0x0000,0x0000,0x0000,0x0000,0x0000,0x0000,0x0000
	},
	{
		0x0000,0x0000,0x0000,0x0000,0x0000,0x0000,0x0000,0x0000,0x0000,0x0000,0x0000,0x0000,0x0000,0x0000,0x0000,0x0000, //destroy 7
		0x0000,0x0000,0x0000,0x0000,0x0000,0x39e7,0x0000,0x0000,0x0000,0x0000,0x0000,0x0000,0x0000,0x0000,0x0000,0x0000, //117
		0x0000,0x0000,0x0000,0x0000,0x0000,0x9cd3,0x39e7,0x0000,0x39e7,0x39e7,0x0000,0x0000,0x0000,0x0000,0x0000,0x0000,
		0x0000,0x0000,0x0000,0x0000,0x0000,0x0000,0x9cd3,0x39e7,0x9cd3,0x9cd3,0x0000,0x0000,0x0000,0x0000,0x0000,0x0000,
		0x0000,0x0000,0x0000,0x0000,0x39e7,0x0000,0x39e7,0x9cd3,0x0000,0x39e7,0x0000,0x0000,0x0000,0x39e7,0x39e7,0x0000,
		0x0000,0x0000,0x0000,0x0000,0x39e7,0x0000,0x39e7,0x0000,0x0000,0x39e7,0x0000,0x0000,0x39e7,0x9cd3,0x9cd3,0x0000,
		0x0000,0x0000,0x0000,0x0000,0x39e7,0x39e7,0x39e7,0x0000,0x0000,0x9cd3,0x39e7,0x39e7,0x9cd3,0x0000,0x0000,0x0000,
		0x0000,0x0000,0x0000,0x39e7,0x9cd3,0x9cd3,0x9cd3,0x39e7,0x0000,0x39e7,0x9cd3,0x39e7,0x0000,0x0000,0x0000,0x0000,
		0x0000,0x0000,0x39e7,0x9cd3,0x0000,0x0000,0x0000,0x9cd3,0x39e7,0x9cd3,0x0000,0x9cd3,0x0000,0x0000,0x0000,0x0000,
		0x0000,0x0000,0x39e7,0x0000,0x39e7,0x0000,0x0000,0x0000,0x39e7,0x0000,0x0000,0x0000,0x0000,0x0000,0x0000,0x0000,
		0x0000,0x0000,0x9cd3,0x0000,0x9cd3,0x39e7,0x0000,0x0000,0x39e7,0x39e7,0x0000,0x0000,0x0000,0x0000,0x0000,0x0000,
		0x0000,0x0000,0x0000,0x0000,0x0000,0x39e7,0x39e7,0x39e7,0x9cd3,0x9cd3,0x0000,0x0000,0x0000,0x0000,0x0000,0x0000,
		0x0000,0x0000,0x0000,0x0000,0x39e7,0x9cd3,0x9cd3,0x9cd3,0x39e7,0x0000,0x0000,0x0000,0x0000,0x0000,0x0000,0x0000,
		0x0000,0x0000,0x0000,0x39e7,0x9cd3,0x0000,0x0000,0x0000,0x9cd3,0x39e7,0x39e7,0x39e7,0x0000,0x0000,0x0000,0x0000,
		0x0000,0x0000,0x0000,0x9cd3,0x0000,0x0000,0x0000,0x0000,0x0000,0x9cd3,0x9cd3,0x9cd3,0x0000,0x0000,0x0000,0x0000,
		0x0000,0x0000,0x0000,0x0000,0x0000,0x0000,0x0000,0x0000,0x0000,0x0000,0x0000,0x0000,0x0000,0x0000,0x0000,0x0000
	},
	{
		0x0000,0x0000,0x0000,0x0000,0x0000,0x0000,0x0000,0x0000,0x0000,0x0000,0x0000,0x0000,0x0000,0x0000,0x0000,0x0000, //destroy 8
		0x0000,0x0000,0x0000,0x0000,0x39e7,0x39e7,0x0000,0x0000,0x0000,0x0000,0x0000,0x0000,0x0000,0x0000,0x0000,0x0000, //118
		0x0000,0x0000,0x0000,0x0000,0x9cd3,0x9cd3,0x39e7,0x0000,0x39e7,0x39e7,0x0000,0x0000,0x0000,0x0000,0x0000,0x0000,
		0x0000,0x0000,0x39e7,0x39e7,0x0000,0x0000,0x9cd3,0x39e7,0x9cd3,0x9cd3,0x0000,0x0000,0x0000,0x39e7,0x0000,0x0000,
		0x0000,0x0000,0x9cd3,0x9cd3,0x39e7,0x0000,0x39e7,0x9cd3,0x0000,0x39e7,0x39e7,0x0000,0x0000,0x39e7,0x39e7,0x0000,
		0x0000,0x0000,0x0000,0x0000,0x39e7,0x0000,0x39e7,0x0000,0x0000,0x39e7,0x9cd3,0x0000,0x39e7,0x9cd3,0x9cd3,0x39e7,
		0x0000,0x0000,0x0000,0x0000,0x39e7,0x39e7,0x39e7,0x0000,0x0000,0x9cd3,0x39e7,0x39e7,0x9cd3,0x0000,0x0000,0x9cd3,
		0x0000,0x0000,0x0000,0x39e7,0x9cd3,0x9cd3,0x9cd3,0x39e7,0x0000,0x39e7,0x9cd3,0x39e7,0x0000,0x0000,0x0000,0x0000,
		0x0000,0x0000,0x39e7,0x9cd3,0x0000,0x39e7,0x0000,0x9cd3,0x39e7,0x9cd3,0x0000,0x39e7,0x0000,0x0000,0x0000,0x0000,
		0x0000,0x0000,0x39e7,0x0000,0x39e7,0x9cd3,0x0000,0x0000,0x39e7,0x0000,0x0000,0x9cd3,0x39e7,0x0000,0x0000,0x0000,
		0x0000,0x0000,0x9cd3,0x0000,0x9cd3,0x39e7,0x0000,0x0000,0x39e7,0x39e7,0x0000,0x0000,0x9cd3,0x0000,0x0000,0x0000,
		0x0000,0x0000,0x0000,0x0000,0x0000,0x39e7,0x39e7,0x39e7,0x9cd3,0x9cd3,0x39e7,0x39e7,0x0000,0x0000,0x0000,0x0000,
		0x0000,0x39e7,0x0000,0x0000,0x39e7,0x9cd3,0x9cd3,0x9cd3,0x39e7,0x0000,0x9cd3,0x9cd3,0x0000,0x0000,0x0000,0x0000,
		0x0000,0x9cd3,0x39e7,0x39e7,0x9cd3,0x0000,0x0000,0x0000,0x9cd3,0x39e7,0x39e7,0x39e7,0x0000,0x0000,0x0000,0x0000,
		0x0000,0x0000,0x9cd3,0x9cd3,0x39e7,0x0000,0x0000,0x0000,0x39e7,0x9cd3,0x9cd3,0x9cd3,0x39e7,0x0000,0x0000,0x0000,
		0x0000,0x0000,0x0000,0x0000,0x9cd3,0x0000,0x0000,0x0000,0x9cd3,0x0000,0x0000,0x0000,0x9cd3,0x0000,0x0000,0x0000
	},
	{
		0x0000,0x0000,0x0000,0x0000,0x0000,0x0000,0x39e7,0x0000,0x9cd3,0x0000,0x0000,0x0000,0x0000,0x0000,0x9cd3,0x0000, //destroy 9
		0x0000,0x0000,0x0000,0x39e7,0x39e7,0x39e7,0x9cd3,0x0000,0x0000,0x0000,0x39e7,0x0000,0x39e7,0x0000,0x0000,0x0000, //119
		0x0000,0x39e7,0x0000,0x9cd3,0x9cd3,0x9cd3,0x39e7,0x0000,0x39e7,0x39e7,0x9cd3,0x0000,0x9cd3,0x39e7,0x0000,0x0000,
		0x0000,0x9cd3,0x39e7,0x39e7,0x0000,0x0000,0x9cd3,0x39e7,0x9cd3,0x9cd3,0x0000,0x0000,0x0000,0x39e7,0x0000,0x0000,
		0x0000,0x39e7,0x9cd3,0x9cd3,0x39e7,0x0000,0x39e7,0x9cd3,0x0000,0x39e7,0x39e7,0x0000,0x0000,0x39e7,0x39e7,0x0000,
		0x0000,0x9cd3,0x0000,0x0000,0x39e7,0x0000,0x39e7,0x0000,0x0000,0x39e7,0x9cd3,0x0000,0x39e7,0x9cd3,0x9cd3,0x39e7,
		0x0000,0x0000,0x0000,0x0000,0x39e7,0x39e7,0x39e7,0x0000,0x0000,0x9cd3,0x39e7,0x39e7,0x9cd3,0x0000,0x0000,0x9cd3,
		0x0000,0x0000,0x0000,0x39e7,0x9cd3,0x9cd3,0x9cd3,0x39e7,0x0000,0x39e7,0x9cd3,0x39e7,0x0000,0x0000,0x0000,0x0000,
		0x0000,0x0000,0x39e7,0x9cd3,0x0000,0x39e7,0x0000,0x9cd3,0x39e7,0x9cd3,0x0000,0x39e7,0x0000,0x0000,0x0000,0x0000,
		0x0000,0x0000,0x39e7,0x0000,0x39e7,0x9cd3,0x0000,0x0000,0x39e7,0x0000,0x0000,0x9cd3,0x39e7,0x0000,0x39e7,0x0000,
		0x39e7,0x0000,0x9cd3,0x0000,0x9cd3,0x39e7,0x0000,0x0000,0x39e7,0x39e7,0x0000,0x0000,0x9cd3,0x39e7,0x9cd3,0x0000,
		0x9cd3,0x39e7,0x0000,0x0000,0x0000,0x39e7,0x39e7,0x39e7,0x9cd3,0x9cd3,0x39e7,0x39e7,0x0000,0x39e7,0x0000,0x0000,
		0x0000,0x39e7,0x0000,0x0000,0x39e7,0x9cd3,0x9cd3,0x9cd3,0x39e7,0x0000,0x9cd3,0x9cd3,0x0000,0x9cd3,0x0000,0x0000,
		0x0000,0x9cd3,0x39e7,0x39e7,0x9cd3,0x0000,0x0000,0x0000,0x9cd3,0x39e7,0x39e7,0x39e7,0x0000,0x0000,0x0000,0x0000,
		0x0000,0x0000,0x39e7,0x9cd3,0x39e7,0x39e7,0x0000,0x0000,0x39e7,0x9cd3,0x9cd3,0x9cd3,0x39e7,0x39e7,0x0000,0x0000,
		0x0000,0x0000,0x9cd3,0x0000,0x9cd3,0x9cd3,0x0000,0x0000,0x39e7,0x0000,0x0000,0x0000,0x9cd3,0x9cd3,0x39e7,0x0000
	},
	{
		0x0000,0x0000,0x39e7,0x0000,0x0000,0x0000,0x39e7,0x0000,0x9cd3,0x0000,0x39e7,0x0000,0x39e7,0x0000,0x9cd3,0x0000, //destroy 10
		0x0000,0x0000,0x9cd3,0x39e7,0x39e7,0x39e7,0x9cd3,0x0000,0x0000,0x0000,0x39e7,0x0000,0x39e7,0x0000,0x0000,0x0000, //120
		0x0000,0x39e7,0x0000,0x9cd3,0x9cd3,0x9cd3,0x39e7,0x0000,0x39e7,0x39e7,0x9cd3,0x0000,0x9cd3,0x39e7,0x0000,0x0000,
		0x0000,0x9cd3,0x39e7,0x39e7,0x0000,0x0000,0x9cd3,0x39e7,0x9cd3,0x9cd3,0x0000,0x0000,0x0000,0x39e7,0x0000,0x0000,
		0x39e7,0x39e7,0x9cd3,0x9cd3,0x39e7,0x0000,0x39e7,0x9cd3,0x0000,0x39e7,0x39e7,0x0000,0x0000,0x39e7,0x39e7,0x0000,
		0x9cd3,0x9cd3,0x0000,0x0000,0x39e7,0x0000,0x39e7,0x0000,0x0000,0x39e7,0x9cd3,0x0000,0x39e7,0x9cd3,0x9cd3,0x39e7,
		0x0000,0x0000,0x0000,0x0000,0x39e7,0x39e7,0x39e7,0x0000,0x0000,0x9cd3,0x39e7,0x39e7,0x9cd3,0x0000,0x0000,0x9cd3,
		0x39e7,0x39e7,0x0000,0x39e7,0x9cd3,0x9cd3,0x9cd3,0x39e7,0x0000,0x39e7,0x9cd3,0x39e7,0x0000,0x0000,0x0000,0x0000,
		0x9cd3,0x9cd3,0x39e7,0x9cd3,0x0000,0x39e7,0x0000,0x9cd3,0x39e7,0x9cd3,0x0000,0x39e7,0x0000,0x0000,0x0000,0x39e7,
		0x0000,0x0000,0x39e7,0x0000,0x39e7,0x9cd3,0x0000,0x0000,0x39e7,0x0000,0x0000,0x9cd3,0x39e7,0x0000,0x39e7,0x9cd3,
		0x39e7,0x0000,0x9cd3,0x0000,0x9cd3,0x39e7,0x0000,0x0000,0x39e7,0x39e7,0x0000,0x0000,0x9cd3,0x39e7,0x9cd3,0x0000,
		0x9cd3,0x39e7,0x0000,0x0000,0x0000,0x39e7,0x39e7,0x39e7,0x9cd3,0x9cd3,0x39e7,0x39e7,0x0000,0x39e7,0x0000,0x0000,
		0x0000,0x39e7,0x0000,0x0000,0x39e7,0x9cd3,0x9cd3,0x9cd3,0x39e7,0x0000,0x9cd3,0x9cd3,0x0000,0x9cd3,0x39e7,0x39e7,
		0x0000,0x9cd3,0x39e7,0x39e7,0x9cd3,0x0000,0x0000,0x0000,0x9cd3,0x39e7,0x39e7,0x39e7,0x0000,0x0000,0x9cd3,0x9cd3,
		0x0000,0x0000,0x39e7,0x9cd3,0x39e7,0x39e7,0x0000,0x0000,0x39e7,0x9cd3,0x9cd3,0x9cd3,0x39e7,0x39e7,0x0000,0x0000,
		0x0000,0x0000,0x39e7,0x0000,0x9cd3,0x9cd3,0x0000,0x0000,0x39e7,0x0000,0x0000,0x0000,0x9cd3,0x9cd3,0x39e7,0x0000
	},
    {
		0x0000,0x0000,0x0000,0x0000,0x0000,0x0000,0x0000,0x0000,0x0000,0x0000,0x0000,0x0000,0x0000,0x0000,0x0000,0x0000, //sheep spawn egg
		0x0000,0x0000,0x0000,0x0000,0x0000,0x0000,0x0000,0x0000,0x0000,0x0000,0x0000,0x0000,0x0000,0x0000,0x0000,0x0000, //121
		0x0000,0x0000,0x0000,0x0000,0x0000,0x0000,0x0000,0x738e,0x630c,0x0000,0x0000,0x0000,0x0000,0x0000,0x0000,0x0000,
		0x0000,0x0000,0x0000,0x0000,0x0000,0x82cb,0x82cb,0xce59,0xb5b6,0x738e,0x7acb,0x0000,0x0000,0x0000,0x0000,0x0000,
		0x0000,0x0000,0x0000,0x0000,0x82cb,0xa3ae,0xa3ae,0xcc92,0xd69a,0xb5b6,0x8b2c,0x7aaa,0x0000,0x0000,0x0000,0x0000,
		0x0000,0x0000,0x0000,0x0000,0x7acb,0xa3ae,0xb410,0xcc71,0xdedb,0xce79,0xabef,0x630c,0x0000,0x0000,0x0000,0x0000,
		0x0000,0x0000,0x0000,0x738e,0xc638,0xcc92,0xcc92,0xdedb,0xdedb,0xce79,0xb5b6,0xb5b6,0x630c,0x0000,0x0000,0x0000,
		0x0000,0x0000,0x0000,0x738e,0xce79,0xdedb,0xdefb,0xdedb,0xd69a,0xa3ae,0x82eb,0xb5b6,0x630c,0x0000,0x0000,0x0000,
		0x0000,0x0000,0x738e,0xce59,0xd69a,0xcc92,0xdcf3,0xd69a,0xc638,0xbc30,0x82eb,0xb5b6,0xb5b6,0x630c,0x0000,0x0000,
		0x0000,0x0000,0x7acb,0xa3ae,0xce79,0xe514,0xdedb,0xce59,0xc638,0xc638,0xb5b6,0xb5b6,0xb5b6,0x5acb,0x0000,0x0000,
		0x0000,0x0000,0x7acb,0x82eb,0xce59,0xdedb,0xd69a,0xc451,0xc638,0xc638,0xb5b6,0xb5b6,0x7acb,0x52aa,0x0000,0x0000,
		0x0000,0x0000,0x0000,0x738e,0xc638,0xce59,0xabae,0xa3ae,0x82eb,0xb5b6,0x82eb,0x82eb,0x6a69,0x0000,0x0000,0x0000,
		0x0000,0x0000,0x0000,0x738e,0xb596,0xb5b6,0xa3ae,0x82eb,0x82cb,0xb5b6,0x82eb,0x728a,0x6a69,0x0000,0x0000,0x0000,
		0x0000,0x0000,0x0000,0x0000,0x630c,0x630c,0xb5b6,0xb5b6,0xb5b6,0xb5b6,0x5acb,0x6a69,0x0000,0x0000,0x0000,0x0000,
		0x0000,0x0000,0x0000,0x0000,0x0000,0x0000,0x630c,0x728a,0x72aa,0x5acb,0x0000,0x0000,0x0000,0x0000,0x0000,0x0000,
		0x0000,0x0000,0x0000,0x0000,0x0000,0x0000,0x0000,0x0000,0x0000,0x0000,0x0000,0x0000,0x0000,0x0000,0x0000,0x0000
	},
    {
		0x0000,0x0000,0x0000,0x0000,0x0000,0x0000,0x0000,0x0000,0x0000,0x0000,0x0000,0x0000,0x0000,0x0000,0x0000,0x0000, //pig spawn egg
		0x0000,0x0000,0x0000,0x0000,0x0000,0x0000,0x0000,0x0000,0x0000,0x0000,0x0000,0x0000,0x0000,0x0000,0x0000,0x0000, //122
		0x0000,0x0000,0x0000,0x0000,0x0000,0x0000,0x0000,0x728a,0x6228,0x0000,0x0000,0x0000,0x0000,0x0000,0x0000,0x0000,
		0x0000,0x0000,0x0000,0x0000,0x0000,0x6985,0x6985,0xd471,0xbc10,0x728a,0x6986,0x0000,0x0000,0x0000,0x0000,0x0000,
		0x0000,0x0000,0x0000,0x0000,0x6985,0x8a07,0x8a07,0xaa89,0xdcb2,0xbc10,0x79a6,0x6985,0x0000,0x0000,0x0000,0x0000,
		0x0000,0x0000,0x0000,0x0000,0x6985,0x8a07,0x9a28,0xaa69,0xe4f3,0xd492,0x9228,0x6228,0x0000,0x0000,0x0000,0x0000,
		0x0000,0x0000,0x0000,0x728a,0xcc71,0xaa89,0xaa69,0xe4f3,0xe4d2,0xd491,0xbc10,0xbc10,0x6228,0x0000,0x0000,0x0000,
		0x0000,0x0000,0x0000,0x728a,0xd491,0xe4d2,0xecf3,0xe4d3,0xdcb2,0x89e7,0x7186,0xbc10,0x6228,0x0000,0x0000,0x0000,
		0x0000,0x0000,0x7289,0xd471,0xdcb2,0xaa6a,0xbaca,0xdcb2,0xcc71,0xa248,0x71a6,0xbc10,0xbc10,0x6228,0x0000,0x0000,
		0x0000,0x0000,0x6986,0x89e7,0xdcb2,0xc2aa,0xdcd2,0xd491,0xcc71,0xcc71,0xbc10,0xbc10,0xbc10,0x5a07,0x0000,0x0000,
		0x0000,0x0000,0x6986,0x71a6,0xd491,0xe4d3,0xdcb2,0xaa48,0xcc71,0xcc71,0xbc10,0xbc10,0x6985,0x59e8,0x0000,0x0000,
		0x0000,0x0000,0x0000,0x728a,0xcc71,0xd491,0x9207,0x89e7,0x71a6,0xbc10,0x71a6,0x71a6,0x5945,0x0000,0x0000,0x0000,
		0x0000,0x0000,0x0000,0x728a,0xbc0f,0xbc10,0x89e8,0x71a6,0x6985,0xbc10,0x71a6,0x6165,0x5945,0x0000,0x0000,0x0000,
		0x0000,0x0000,0x0000,0x0000,0x6228,0x6228,0xbc10,0xbc10,0xbc10,0xbc0f,0x59e7,0x6145,0x0000,0x0000,0x0000,0x0000,
		0x0000,0x0000,0x0000,0x0000,0x0000,0x0000,0x6228,0x6165,0x6165,0x5a07,0x0000,0x0000,0x0000,0x0000,0x0000,0x0000,
		0x0000,0x0000,0x0000,0x0000,0x0000,0x0000,0x0000,0x0000,0x0000,0x0000,0x0000,0x0000,0x0000,0x0000,0x0000,0x0000
	},
    {
        0xecd2,0xecd2,0xe450,0xe450,0xecd3,0xecd3,0xecd3,0xecd3,0xed14,0xed14,0xed13,0xed13,0xecf3,0xecf3,0xed34,0xed34, //pig face front
        0xecd2,0xecd2,0xe450,0xe450,0xecd3,0xecd3,0xecd3,0xecd3,0xed14,0xed14,0xed13,0xed13,0xecf3,0xecf3,0xed34,0xed34, //123
        0xe4b2,0xe4b2,0xe430,0xe430,0xecf3,0xecf3,0xed13,0xed13,0xecd3,0xecd3,0xf534,0xf534,0xf575,0xf575,0xf595,0xf595, 
        0xe4b2,0xe4b2,0xe430,0xe430,0xecf3,0xecf3,0xed13,0xed13,0xecd3,0xecd3,0xf534,0xf534,0xf575,0xf575,0xf595,0xf595, 
        0xecb2,0xecb2,0xed34,0xed34,0xed54,0xed54,0xed34,0xed34,0xed14,0xed14,0xed14,0xed14,0xed54,0xed54,0xf595,0xf595, 
        0xecb2,0xecb2,0xed34,0xed34,0xed54,0xed54,0xed34,0xed34,0xed14,0xed14,0xed14,0xed14,0xed54,0xed54,0xf595,0xf595, 
        0x0001,0x0001,0xffff,0xffff,0xecf3,0xecf3,0xecf3,0xecf3,0xed54,0xed54,0xf534,0xf534,0xffdf,0xffdf,0x0001,0x0001, 
        0x0001,0x0001,0xffff,0xffff,0xecf3,0xecf3,0xecf3,0xecf3,0xed54,0xed54,0xf534,0xf534,0xffdf,0xffdf,0x0001,0x0001, 
        0xecb3,0xecb3,0xed14,0xed14,0xedd7,0xedd7,0xf618,0xf618,0xee18,0xee18,0xf618,0xf618,0xed14,0xed14,0xed34,0xed34, 
        0xecb3,0xecb3,0xed14,0xed14,0xedd7,0xedd7,0xf618,0xf618,0xee18,0xee18,0xf618,0xf618,0xed14,0xed14,0xed34,0xed34, 
        0xed13,0xed13,0xed13,0xed13,0x9249,0x9249,0xed14,0xed14,0xf555,0xf555,0x9a8a,0x9a8a,0xed13,0xed13,0xf575,0xf575, 
        0xed13,0xed13,0xed13,0xed13,0x9249,0x9249,0xed14,0xed14,0xf555,0xf555,0x9a8a,0x9a8a,0xed13,0xed13,0xf575,0xf575, 
        0xec92,0xec92,0xed14,0xed14,0xedd7,0xedd7,0xf618,0xf618,0xee18,0xee18,0xf618,0xf618,0xed14,0xed14,0xed95,0xed95, 
        0xec92,0xec92,0xed14,0xed14,0xedd7,0xedd7,0xf618,0xf618,0xee18,0xee18,0xf618,0xf618,0xed14,0xed14,0xed95,0xed95, 
        0xecf3,0xecf3,0xecf3,0xecf3,0xed14,0xed14,0xed54,0xed54,0xed95,0xed95,0xed55,0xed55,0xf575,0xf575,0xf575,0xf575, 
        0xecf3,0xecf3,0xecf3,0xecf3,0xed14,0xed14,0xed54,0xed54,0xed95,0xed95,0xed55,0xed55,0xf575,0xf575,0xf575,0xf575, 
    
    },
    {
        0xed54,0xed54,0xed14,0xed14,0xed54,0xed54,0xf514,0xf514,0xecd3,0xecd3,0xed74,0xed74,0xed34,0xed34,0xed14,0xed14, //pig face right
        0xed54,0xed54,0xed14,0xed14,0xed54,0xed54,0xf514,0xf514,0xecd3,0xecd3,0xed74,0xed74,0xed34,0xed34,0xed14,0xed14, //124
        0xf575,0xf575,0xe4d3,0xe4d3,0xe4b1,0xe4b1,0xe451,0xe451,0xe430,0xe430,0xecf3,0xecf3,0xecd3,0xecd3,0xecf3,0xecf3, 
        0xf575,0xf575,0xe4d3,0xe4d3,0xe4b1,0xe4b1,0xe451,0xe451,0xe430,0xe430,0xecf3,0xecf3,0xecd3,0xecd3,0xecf3,0xecf3, 
        0xf595,0xf595,0xed14,0xed14,0xc431,0xc431,0xc40f,0xc40f,0xecb2,0xecb2,0xe430,0xe430,0xe430,0xe430,0xecb3,0xecb3, 
        0xf595,0xf595,0xed14,0xed14,0xc431,0xc431,0xc40f,0xc40f,0xecb2,0xecb2,0xe430,0xe430,0xe430,0xe430,0xecb3,0xecb3, 
        0xf534,0xf534,0xc431,0xc431,0x9249,0x9249,0xbbcf,0xbbcf,0xecd2,0xecd2,0xecd3,0xecd3,0xed13,0xed13,0xed13,0xed13, 
        0xf534,0xf534,0xc431,0xc431,0x9249,0x9249,0xbbcf,0xbbcf,0xecd2,0xecd2,0xecd3,0xecd3,0xed13,0xed13,0xed13,0xed13, 
        0xf554,0xf554,0xc3f0,0xc3f0,0x9249,0x9249,0xc3ef,0xc3ef,0xec92,0xec92,0xecb2,0xecb2,0xecb2,0xecb2,0xec92,0xec92, 
        0xf554,0xf554,0xc3f0,0xc3f0,0x9249,0x9249,0xc3ef,0xc3ef,0xec92,0xec92,0xecb2,0xecb2,0xecb2,0xecb2,0xec92,0xec92, 
        0xf575,0xf575,0xed54,0xed54,0x8a49,0x8a49,0xc40f,0xc40f,0xecb2,0xecb2,0xec92,0xec92,0xecb2,0xecb2,0xecb2,0xecb2, 
        0xf575,0xf575,0xed54,0xed54,0x8a49,0x8a49,0xc40f,0xc40f,0xecb2,0xecb2,0xec92,0xec92,0xecb2,0xecb2,0xecb2,0xecb2, 
        0xe491,0xe491,0xe451,0xe451,0xed14,0xed14,0xed33,0xed33,0xecf3,0xecf3,0xdbef,0xdbef,0xecd2,0xecd2,0xec92,0xec92, 
        0xe491,0xe491,0xe451,0xe451,0xed14,0xed14,0xed33,0xed33,0xecf3,0xecf3,0xdbef,0xdbef,0xecd2,0xecd2,0xec92,0xec92, 
        0xecf4,0xecf4,0xed34,0xed34,0xed13,0xed13,0xecf3,0xecf3,0xecd3,0xecd3,0xecb2,0xecb2,0xec92,0xec92,0xec71,0xec71, 
        0xecf4,0xecf4,0xed34,0xed34,0xed13,0xed13,0xecf3,0xecf3,0xecd3,0xecd3,0xecb2,0xecb2,0xec92,0xec92,0xec71,0xec71, 
    
    },
    {
        0xec30,0xec30,0xec71,0xec71,0xec91,0xec91,0xdb8e,0xdb8e,0xe42f,0xe42f,0xec91,0xec91,0xecb2,0xecb2,0xec92,0xec92, //pig face left
        0xec30,0xec30,0xec71,0xec71,0xec91,0xec91,0xdb8e,0xdb8e,0xe42f,0xe42f,0xec91,0xec91,0xecb2,0xecb2,0xec92,0xec92, //125
        0xe3ef,0xe3ef,0xdc2f,0xdc2f,0xdbae,0xdbae,0xe40f,0xe40f,0xec71,0xec71,0xe3ef,0xe3ef,0xe3cf,0xe3cf,0xdbf0,0xdbf0, 
        0xe3ef,0xe3ef,0xdc2f,0xdc2f,0xdbae,0xdbae,0xe40f,0xe40f,0xec71,0xec71,0xe3ef,0xe3ef,0xe3cf,0xe3cf,0xdbf0,0xdbf0, 
        0xe3af,0xe3af,0xdbae,0xdbae,0xec30,0xec30,0xe451,0xe451,0xb36e,0xb36e,0xbb8e,0xbb8e,0xecb2,0xecb2,0xecd3,0xecd3, 
        0xe3af,0xe3af,0xdbae,0xdbae,0xec30,0xec30,0xe451,0xe451,0xb36e,0xb36e,0xbb8e,0xbb8e,0xecb2,0xecb2,0xecd3,0xecd3, 
        0xebf0,0xebf0,0xdb6d,0xdb6d,0xec30,0xec30,0xec92,0xec92,0xb36e,0xb36e,0x8228,0x8228,0xbbef,0xbbef,0xecd3,0xecd3, 
        0xebf0,0xebf0,0xdb6d,0xdb6d,0xec30,0xec30,0xec92,0xec92,0xb36e,0xb36e,0x8228,0x8228,0xbbef,0xbbef,0xecd3,0xecd3, 
        0xe3d0,0xe3d0,0xe430,0xe430,0xec30,0xec30,0xec51,0xec51,0xb36e,0xb36e,0x8228,0x8228,0xbbae,0xbbae,0xec92,0xec92, 
        0xe3d0,0xe3d0,0xe430,0xe430,0xec30,0xec30,0xec51,0xec51,0xb36e,0xb36e,0x8228,0x8228,0xbbae,0xbbae,0xec92,0xec92, 
        0xebf0,0xebf0,0xdb8d,0xdb8d,0xdb6d,0xdb6d,0xe471,0xe471,0xb34d,0xb34d,0x7a08,0x7a08,0xecd2,0xecd2,0xecf3,0xecf3, 
        0xebf0,0xebf0,0xdb8d,0xdb8d,0xdb6d,0xdb6d,0xe471,0xe471,0xb34d,0xb34d,0x7a08,0x7a08,0xecd2,0xecd2,0xecf3,0xecf3, 
        0xdb6d,0xdb6d,0xdbad,0xdbad,0xec10,0xec10,0xec70,0xec70,0xec10,0xec10,0xec51,0xec51,0xec71,0xec71,0xecd3,0xecd3, 
        0xdb6d,0xdb6d,0xdbad,0xdbad,0xec10,0xec10,0xec70,0xec70,0xec10,0xec10,0xec51,0xec51,0xec71,0xec71,0xecd3,0xecd3, 
        0xec30,0xec30,0xec10,0xec10,0xec51,0xec51,0xec50,0xec50,0xec71,0xec71,0xec71,0xec71,0xec91,0xec91,0xec92,0xec92, 
        0xec30,0xec30,0xec10,0xec10,0xec51,0xec51,0xec50,0xec50,0xec71,0xec71,0xec71,0xec71,0xec91,0xec91,0xec92,0xec92, 
    
    },
    {
        0xecd3,0xecd3,0xecd3,0xecd3,0xecd3,0xecd3,0xecd3,0xecd3,0xecd3,0xecd3,0xecf3,0xecf3,0xecf4,0xecf4,0xf534,0xf534, //pig face sides
        0xecd3,0xecd3,0xecd3,0xecd3,0xecd3,0xecd3,0xecd3,0xecd3,0xecd3,0xecd3,0xecf3,0xecf3,0xecf4,0xecf4,0xf534,0xf534, //126
        0xecd3,0xecd3,0xecf3,0xecf3,0xecb3,0xecb3,0xecb2,0xecb2,0xecd3,0xecd3,0xed13,0xed13,0xecf3,0xecf3,0xe4b1,0xe4b1, 
        0xecd3,0xecd3,0xecf3,0xecf3,0xecb3,0xecb3,0xecb2,0xecb2,0xecd3,0xecd3,0xed13,0xed13,0xecf3,0xecf3,0xe4b1,0xe4b1, 
        0xed13,0xed13,0xecb2,0xecb2,0xecd3,0xecd3,0xe471,0xe471,0xecd3,0xecd3,0xecf3,0xecf3,0xecd3,0xecd3,0xe491,0xe491, 
        0xed13,0xed13,0xecb2,0xecb2,0xecd3,0xecd3,0xe471,0xe471,0xecd3,0xecd3,0xecf3,0xecf3,0xecd3,0xecd3,0xe491,0xe491, 
        0xec92,0xec92,0xe40f,0xe40f,0xecf2,0xecf2,0xe450,0xe450,0xed14,0xed14,0xe451,0xe451,0xecd3,0xecd3,0xe471,0xe471, 
        0xec92,0xec92,0xe40f,0xe40f,0xecf2,0xecf2,0xe450,0xe450,0xed14,0xed14,0xe451,0xe451,0xecd3,0xecd3,0xe471,0xe471, 
        0xecd2,0xecd2,0xe470,0xe470,0xed33,0xed33,0xe450,0xe450,0xecd3,0xecd3,0xdc10,0xdc10,0xed14,0xed14,0xe471,0xe471, 
        0xecd2,0xecd2,0xe470,0xe470,0xed33,0xed33,0xe450,0xe450,0xecd3,0xecd3,0xdc10,0xdc10,0xed14,0xed14,0xe471,0xe471, 
        0xecd3,0xecd3,0xe430,0xe430,0xecb3,0xecb3,0xe3ef,0xe3ef,0xecd3,0xecd3,0xe471,0xe471,0xf575,0xf575,0xecd3,0xecd3, 
        0xecd3,0xecd3,0xe430,0xe430,0xecb3,0xecb3,0xe3ef,0xe3ef,0xecd3,0xecd3,0xe471,0xe471,0xf575,0xf575,0xecd3,0xecd3, 
        0xecf3,0xecf3,0xe491,0xe491,0xecf3,0xecf3,0xec91,0xec91,0xed33,0xed33,0xe491,0xe491,0xed14,0xed14,0xecd3,0xecd3, 
        0xecf3,0xecf3,0xe491,0xe491,0xecf3,0xecf3,0xec91,0xec91,0xed33,0xed33,0xe491,0xe491,0xed14,0xed14,0xecd3,0xecd3, 
        0xecf3,0xecf3,0xe471,0xe471,0xecb2,0xecb2,0xecd3,0xecd3,0xed34,0xed34,0xe4b2,0xe4b2,0xecf3,0xecf3,0xed14,0xed14, 
        0xecf3,0xecf3,0xe471,0xe471,0xecb2,0xecb2,0xecd3,0xecd3,0xed34,0xed34,0xe4b2,0xe4b2,0xecf3,0xecf3,0xed14,0xed14, 
    
    },
    {
        0xec51,0xecb1,0xecd2,0xec51,0xec71,0xec50,0xec51,0xe410,0x0000,0x0000,0x0000,0x0000,0x0000,0x0000,0x0000,0x0000, //pig body sides
        0xec51,0xec91,0xec51,0xecd2,0xec31,0xe451,0xec92,0xec91,0x0000,0x0000,0x0000,0x0000,0x0000,0x0000,0x0000,0x0000, //127
        0xe3f0,0xe3cf,0xdb6d,0xec10,0xe410,0xec30,0xdb6d,0xec10,0x0000,0x0000,0x0000,0x0000,0x0000,0x0000,0x0000,0x0000, 
        0xec10,0xec70,0xd32c,0xec51,0xec50,0xec30,0xdb4d,0xe3cf,0x0000,0x0000,0x0000,0x0000,0x0000,0x0000,0x0000,0x0000, 
        0xebf0,0xebef,0xdbae,0xec10,0xdb6d,0xec50,0xd30c,0xe3ef,0x0000,0x0000,0x0000,0x0000,0x0000,0x0000,0x0000,0x0000, 
        0xec0f,0xdbef,0xdb8d,0xec30,0xdb4c,0xe40f,0xdb4c,0xebaf,0x0000,0x0000,0x0000,0x0000,0x0000,0x0000,0x0000,0x0000, 
        0xe430,0xec0f,0xdb2c,0xec0f,0xd30c,0xe3ce,0xd2eb,0xebae,0x0000,0x0000,0x0000,0x0000,0x0000,0x0000,0x0000,0x0000, 
        0xe410,0xe3ce,0xdb2c,0xe3ae,0xd2eb,0xe3cf,0xd2cb,0xe34d,0x0000,0x0000,0x0000,0x0000,0x0000,0x0000,0x0000,0x0000, 
        0xe3cf,0xe3cf,0xdb0c,0xe38e,0xd2cb,0xe36e,0xd2ca,0xe3ad,0x0000,0x0000,0x0000,0x0000,0x0000,0x0000,0x0000,0x0000, 
        0xe3cf,0xebcf,0xd2cb,0xe34d,0xe36d,0xe30c,0xd269,0xe36c,0x0000,0x0000,0x0000,0x0000,0x0000,0x0000,0x0000,0x0000, 
        0xe3cf,0xe3ce,0xdacb,0xe36d,0xe38e,0xe3ad,0xd2aa,0xe30c,0x0000,0x0000,0x0000,0x0000,0x0000,0x0000,0x0000,0x0000, 
        0xecd1,0xe3af,0xdaeb,0xdb2c,0xe32c,0xe38d,0xe38d,0xe3cd,0x0000,0x0000,0x0000,0x0000,0x0000,0x0000,0x0000,0x0000, 
        0xe3cf,0xebcf,0xdb0b,0xe36e,0xe36d,0xe36d,0xe3ce,0xe3ae,0x0000,0x0000,0x0000,0x0000,0x0000,0x0000,0x0000,0x0000, 
        0xe3af,0xe3ae,0xec0f,0xebce,0xec2f,0xe3ae,0xebee,0xec0f,0x0000,0x0000,0x0000,0x0000,0x0000,0x0000,0x0000,0x0000, 
        0xe3ef,0xe3ef,0xe38e,0xec0f,0xe3ce,0xe3ae,0xe36e,0xe3ae,0x0000,0x0000,0x0000,0x0000,0x0000,0x0000,0x0000,0x0000, 
        0xe3f0,0xe3ef,0xe3cf,0xe3cf,0xec30,0xebcf,0xec30,0xdb8d,0x0000,0x0000,0x0000,0x0000,0x0000,0x0000,0x0000,0x0000, 
    
    },
    {
        0xec30,0xec30,0xec51,0xec51,0xe3cf,0xe3cf,0xe40f,0xe40f,0xec10,0xec10,0xec31,0xec31,0xec71,0xec71,0xec10,0xec10, //pig body back
        0xec30,0xec30,0xec51,0xec51,0xe3cf,0xe3cf,0xe40f,0xe40f,0xec10,0xec10,0xec31,0xec31,0xec71,0xec71,0xec10,0xec10, //128
        0xec30,0xec30,0xe3cf,0xe3cf,0xe430,0xe430,0xec30,0xec30,0xec30,0xec30,0xec31,0xec31,0xec30,0xec30,0xe410,0xe410, 
        0xec30,0xec30,0xe3cf,0xe3cf,0xe430,0xe430,0xec30,0xec30,0xec30,0xec30,0xec31,0xec31,0xec30,0xec30,0xe410,0xe410, 
        0xe3cf,0xe3cf,0xebef,0xebef,0xe40f,0xe40f,0xb30c,0xb30c,0xb32c,0xb32c,0xec70,0xec70,0xec50,0xec50,0xec30,0xec30, 
        0xe3cf,0xe3cf,0xebef,0xebef,0xe40f,0xe40f,0xb30c,0xb30c,0xb32c,0xb32c,0xec70,0xec70,0xec50,0xec50,0xec30,0xec30, 
        0xe3af,0xe3af,0xec2f,0xec2f,0xb2eb,0xb2eb,0xec91,0xec91,0xec10,0xec10,0xb32c,0xb32c,0xe3f0,0xe3f0,0xec50,0xec50, 
        0xe3af,0xe3af,0xec2f,0xec2f,0xb2eb,0xb2eb,0xec91,0xec91,0xec10,0xec10,0xb32c,0xb32c,0xe3f0,0xe3f0,0xec50,0xec50, 
        0xe3ef,0xe3ef,0xec2f,0xec2f,0xb2eb,0xb2eb,0xe40f,0xe40f,0xb30c,0xb30c,0xec10,0xec10,0xe430,0xe430,0xe3cf,0xe3cf, 
        0xe3ef,0xe3ef,0xec2f,0xec2f,0xb2eb,0xb2eb,0xe40f,0xe40f,0xb30c,0xb30c,0xec10,0xec10,0xe430,0xe430,0xe3cf,0xe3cf, 
        0xe3ef,0xe3ef,0xe3ce,0xe3ce,0xb2eb,0xb2eb,0xe410,0xe410,0xec50,0xec50,0xe3ef,0xe3ef,0xe3cf,0xe3cf,0xe40f,0xe40f, 
        0xe3ef,0xe3ef,0xe3ce,0xe3ce,0xb2eb,0xb2eb,0xe410,0xe410,0xec50,0xec50,0xe3ef,0xe3ef,0xe3cf,0xe3cf,0xe40f,0xe40f, 
        0xe3cf,0xe3cf,0xebef,0xebef,0xec30,0xec30,0xb32c,0xb32c,0xb30c,0xb30c,0xb2eb,0xb2eb,0xec10,0xec10,0xec50,0xec50, 
        0xe3cf,0xe3cf,0xebef,0xebef,0xec30,0xec30,0xb32c,0xb32c,0xb30c,0xb30c,0xb2eb,0xb2eb,0xec10,0xec10,0xec50,0xec50, 
        0xe410,0xe410,0xec31,0xec31,0xec50,0xec50,0xec30,0xec30,0xe3f0,0xe3f0,0xebaf,0xebaf,0xe430,0xe430,0xec30,0xec30, 
        0xe410,0xe410,0xec31,0xec31,0xec50,0xec50,0xec30,0xec30,0xe3f0,0xe3f0,0xebaf,0xebaf,0xe430,0xe430,0xec30,0xec30, 
    
    },
    {
        0xec91,0xec51,0xec92,0xec31,0x0000,0x0000,0x0000,0x0000,0x0000,0x0000,0x0000,0x0000,0x0000,0x0000,0x0000,0x0000, //pig feet back
        0xec71,0xec31,0xec51,0xec71,0x0000,0x0000,0x0000,0x0000,0x0000,0x0000,0x0000,0x0000,0x0000,0x0000,0x0000,0x0000, //129
        0xec51,0xec51,0xec51,0xec71,0x0000,0x0000,0x0000,0x0000,0x0000,0x0000,0x0000,0x0000,0x0000,0x0000,0x0000,0x0000, 
        0xec71,0xecb1,0xec71,0xec72,0x0000,0x0000,0x0000,0x0000,0x0000,0x0000,0x0000,0x0000,0x0000,0x0000,0x0000,0x0000, 
        0xec71,0xec91,0xec51,0xec71,0x0000,0x0000,0x0000,0x0000,0x0000,0x0000,0x0000,0x0000,0x0000,0x0000,0x0000,0x0000, 
        0xec30,0xe410,0xec71,0xecd2,0x0000,0x0000,0x0000,0x0000,0x0000,0x0000,0x0000,0x0000,0x0000,0x0000,0x0000,0x0000, 
        0xebef,0xec10,0xe491,0xec71,0x0000,0x0000,0x0000,0x0000,0x0000,0x0000,0x0000,0x0000,0x0000,0x0000,0x0000,0x0000, 
        0xec90,0xe410,0xec30,0xe410,0x0000,0x0000,0x0000,0x0000,0x0000,0x0000,0x0000,0x0000,0x0000,0x0000,0x0000,0x0000, 
        0xe3ef,0xdb8e,0xe3cf,0xe3ef,0x0000,0x0000,0x0000,0x0000,0x0000,0x0000,0x0000,0x0000,0x0000,0x0000,0x0000,0x0000, 
        0xebef,0xe3ef,0xe3ef,0xebcf,0x0000,0x0000,0x0000,0x0000,0x0000,0x0000,0x0000,0x0000,0x0000,0x0000,0x0000,0x0000, 
        0x0000,0x0000,0x0000,0x0000,0x0000,0x0000,0x0000,0x0000,0x0000,0x0000,0x0000,0x0000,0x0000,0x0000,0x0000,0x0000, 
        0x0000,0x0000,0x0000,0x0000,0x0000,0x0000,0x0000,0x0000,0x0000,0x0000,0x0000,0x0000,0x0000,0x0000,0x0000,0x0000, 
        0x0000,0x0000,0x0000,0x0000,0x0000,0x0000,0x0000,0x0000,0x0000,0x0000,0x0000,0x0000,0x0000,0x0000,0x0000,0x0000, 
        0x0000,0x0000,0x0000,0x0000,0x0000,0x0000,0x0000,0x0000,0x0000,0x0000,0x0000,0x0000,0x0000,0x0000,0x0000,0x0000, 
        0x0000,0x0000,0x0000,0x0000,0x0000,0x0000,0x0000,0x0000,0x0000,0x0000,0x0000,0x0000,0x0000,0x0000,0x0000,0x0000, 
        0x0000,0x0000,0x0000,0x0000,0x0000,0x0000,0x0000,0x0000,0x0000,0x0000,0x0000,0x0000,0x0000,0x0000,0x0000,0x0000, 
    },
    {
		0xf7be,0xef5d,0xe73c,0xdefb,0xe73c,0xe73c,0xef5d,0xef7d,0xef5d,0xe73c,0xe73c,0xe73c,0xef5d,0xf7be,0xffdf,0xffff, //sheep wool 
		0xffdf,0xf79e,0xdefb,0xe73c,0xe73c,0xe73c,0xef5d,0xef7d,0xef7d,0xef7d,0xef7d,0xef7d,0xf79e,0xffff,0xf7be,0xf79e, //130
		0xef7d,0xef7d,0xdefb,0xef5d,0xe73c,0xef5d,0xef5d,0xf79e,0xf79e,0xe71c,0xffff,0xef5d,0xef7d,0xf7be,0xef7d,0xef5d,
		0xdefb,0xd6ba,0xdefb,0xdedb,0xef5d,0xffdf,0xef7d,0xffdf,0xffdf,0xf79e,0xffff,0xf7be,0xe73c,0xef5d,0xef5d,0xe71c,
		0xce59,0xef5d,0xd6ba,0xdedb,0xe73c,0xef7d,0xf79e,0xef5d,0xf7be,0xffff,0xffdf,0xffff,0xdefb,0xe73c,0xef5d,0xdedb,
		0xd6ba,0xd6ba,0xd6ba,0xdefb,0xe73c,0xef5d,0xef7d,0xe73c,0xffdf,0xf79e,0xffdf,0xffff,0xffdf,0xf79e,0xe73c,0xef7d,
		0xd6ba,0xd69a,0xe71c,0xe73c,0xe73c,0xef5d,0xef7d,0xf7be,0xffdf,0xffff,0xf7be,0xf79e,0xef7d,0xffdf,0xf7be,0xffff,
		0xd6ba,0xd6ba,0xef5d,0xe73c,0xe73c,0xe73c,0xe73c,0xffdf,0xf79e,0xf7be,0xef7d,0xef5d,0xef7d,0xffff,0xffff,0xffff,
		0xe73c,0xd6ba,0xe73c,0xe71c,0xe71c,0xef5d,0xef7d,0xf79e,0xef5d,0xef7d,0xef5d,0xffff,0xf7be,0xffff,0xffdf,0xffff,
		0xf79e,0xef5d,0xef7d,0xdefb,0xdedb,0xe71c,0xef5d,0xef7d,0xef5d,0xef5d,0xe71c,0xef7d,0xffdf,0xf79e,0xef7d,0xffff,
		0xf79e,0xffdf,0xef7d,0xe73c,0xe71c,0xe71c,0xef5d,0xef7d,0xf79e,0xef7d,0xffdf,0xffff,0xffff,0xffff,0xef7d,0xe71c,
		0xffff,0xffdf,0xf7be,0xef7d,0xe73c,0xe73c,0xf79e,0xf79e,0xffff,0xe71c,0xffff,0xffdf,0xffdf,0xffdf,0xef7d,0xe73c,
		0xf7be,0xffdf,0xef5d,0xef5d,0xe73c,0xe71c,0xef5d,0xef7d,0xf79e,0xf7be,0xf7be,0xf79e,0xf79e,0xef5d,0xe71c,0xdedb,
		0xf79e,0xf79e,0xef5d,0xef5d,0xe73c,0xe73c,0xef5d,0xef7d,0xef7d,0xe73c,0xf79e,0xef5d,0xef7d,0xf79e,0xdedb,0xdefb,
		0xef7d,0xef7d,0xef7d,0xf79e,0xef7d,0xef5d,0xf79e,0xffff,0xf79e,0xf79e,0xffff,0xef5d,0xef5d,0xe73c,0xdefb,0xdefb,
		0xf79e,0xf79e,0xef7d,0xffdf,0xef5d,0xf7be,0xf7be,0xffdf,0xffff,0xef7d,0xf7be,0xf79e,0xf79e,0xe73c,0xe71c,0xdedb
	},
    {
		0xdefb,0xce79,0xe73c,0xd6ba,0x0000,0x0000,0x0000,0x0000,0x0000,0x0000,0x0000,0x0000,0x0000,0x0000,0x0000,0x0000, //sheep leg
		0xd6ba,0xdedb,0xdedb,0xdefb,0x0000,0x0000,0x0000,0x0000,0x0000,0x0000,0x0000,0x0000,0x0000,0x0000,0x0000,0x0000, //131
		0xd6ba,0xd6ba,0xdedb,0xce59,0x0000,0x0000,0x0000,0x0000,0x0000,0x0000,0x0000,0x0000,0x0000,0x0000,0x0000,0x0000,
		0xce59,0xd69a,0xdedb,0xdedb,0x0000,0x0000,0x0000,0x0000,0x0000,0x0000,0x0000,0x0000,0x0000,0x0000,0x0000,0x0000,
		0xa3eb,0x9baa,0xa40c,0xac6e,0x0000,0x0000,0x0000,0x0000,0x0000,0x0000,0x0000,0x0000,0x0000,0x0000,0x0000,0x0000,
		0xa3ec,0x9bcb,0xac2d,0xac4e,0x0000,0x0000,0x0000,0x0000,0x0000,0x0000,0x0000,0x0000,0x0000,0x0000,0x0000,0x0000,
		0xac4d,0xac2d,0xac4e,0xac8e,0x0000,0x0000,0x0000,0x0000,0x0000,0x0000,0x0000,0x0000,0x0000,0x0000,0x0000,0x0000,
		0xa3ec,0x9bcc,0xac8e,0xb48f,0x0000,0x0000,0x0000,0x0000,0x0000,0x0000,0x0000,0x0000,0x0000,0x0000,0x0000,0x0000,
		0xa40d,0xb48f,0xb46e,0xb4af,0x0000,0x0000,0x0000,0x0000,0x0000,0x0000,0x0000,0x0000,0x0000,0x0000,0x0000,0x0000,
		0xac2d,0xa40c,0xac4e,0xac2d,0x0000,0x0000,0x0000,0x0000,0x0000,0x0000,0x0000,0x0000,0x0000,0x0000,0x0000,0x0000,
		0xa40d,0xac4e,0xa42d,0xa42d,0x0000,0x0000,0x0000,0x0000,0x0000,0x0000,0x0000,0x0000,0x0000,0x0000,0x0000,0x0000,
		0x5247,0x5247,0x5247,0x5247,0x0000,0x0000,0x0000,0x0000,0x0000,0x0000,0x0000,0x0000,0x0000,0x0000,0x0000,0x0000,
		0x0000,0x0000,0x0000,0x0000,0x0000,0x0000,0x0000,0x0000,0x0000,0x0000,0x0000,0x0000,0x0000,0x0000,0x0000,0x0000,
		0x0000,0x0000,0x0000,0x0000,0x0000,0x0000,0x0000,0x0000,0x0000,0x0000,0x0000,0x0000,0x0000,0x0000,0x0000,0x0000,
		0x0000,0x0000,0x0000,0x0000,0x0000,0x0000,0x0000,0x0000,0x0000,0x0000,0x0000,0x0000,0x0000,0x0000,0x0000,0x0000,
		0x0000,0x0000,0x0000,0x0000,0x0000,0x0000,0x0000,0x0000,0x0000,0x0000,0x0000,0x0000,0x0000,0x0000,0x0000,0x0000
	},
    {
		0xd6ba,0xd6ba,0xd6ba,0xd6ba,0xd6ba,0xce59,0xce59,0xce59,0xc638,0xc638,0xc638,0xc638,0xc638,0xc638,0xc638,0xc638, //sheap face
		0xd6ba,0xd6ba,0xd6ba,0xd6ba,0xd6ba,0xce59,0xce59,0xce59,0xc638,0xc638,0xc638,0xc638,0xc638,0xc638,0xc638,0xc638, //132
		0xd6ba,0xd6ba,0xd6ba,0xd6ba,0xd6ba,0xce59,0xce59,0xce59,0xc638,0xc638,0xc638,0xc638,0xc638,0xc638,0xc638,0xc638,
		0xb48f,0xb48f,0xb48f,0xb4af,0xb4af,0xb4af,0xb4af,0xb4af,0xb4af,0xb4af,0xb4af,0xb4d0,0xb4d0,0xac8f,0xac8f,0xac8f,
		0xb48f,0xb48f,0xb48f,0xb4af,0xb4af,0xb4af,0xb4af,0xb4af,0xb4af,0xb4af,0xb4af,0xb4d0,0xb4d0,0xac8f,0xac8f,0xac8f,
		0x0001,0x0001,0x0001,0xffff,0xffff,0xb46e,0xb46e,0xb46e,0xac4e,0xac4e,0xac4e,0xffff,0xffff,0x0001,0x0001,0x0001,
		0x0001,0x0001,0x0001,0xffff,0xffff,0xb46e,0xb46e,0xb46e,0xac4e,0xac4e,0xac4e,0xffff,0xffff,0x0001,0x0001,0x0001,
		0x0001,0x0001,0x0001,0xffff,0xffff,0xb46e,0xb46e,0xb46e,0xac4e,0xac4e,0xac4e,0xffff,0xffff,0x0001,0x0001,0x0001,
		0x8b8b,0x8b8b,0x8b8b,0xac4e,0xac4e,0xac2d,0xac2d,0xac2d,0xa40d,0xa40d,0xa40d,0xa40d,0xa40d,0x8b6b,0x8b6b,0x8b6b,
		0x8b8b,0x8b8b,0x8b8b,0xac4e,0xac4e,0xac2d,0xac2d,0xac2d,0xa40d,0xa40d,0xa40d,0xa40d,0xa40d,0x8b6b,0x8b6b,0x8b6b,
		0x8b8b,0x8b8b,0x8b8b,0xac4e,0xac4e,0xac2d,0xac2d,0xac2d,0xa40d,0xa40d,0xa40d,0xa40d,0xa40d,0x8b6b,0x8b6b,0x8b6b,
		0xd6ba,0xd6ba,0xd6ba,0x93cc,0x93cc,0xfdb6,0xfdb6,0xfdb6,0xfdb6,0xfdb6,0xfdb6,0x8b8b,0x8b8b,0xdefb,0xdefb,0xdefb,
		0xd6ba,0xd6ba,0xd6ba,0x93cc,0x93cc,0xfdb6,0xfdb6,0xfdb6,0xfdb6,0xfdb6,0xfdb6,0x8b8b,0x8b8b,0xdefb,0xdefb,0xdefb,
		0xc638,0xc638,0xc638,0x8b8b,0x8b8b,0xd4b2,0xd4b2,0xd4b2,0xdcf3,0xdcf3,0xdcf3,0x8b8b,0x8b8b,0xdefb,0xdefb,0xdefb,
		0xc638,0xc638,0xc638,0x8b8b,0x8b8b,0xd4b2,0xd4b2,0xd4b2,0xdcf3,0xdcf3,0xdcf3,0x8b8b,0x8b8b,0xdefb,0xdefb,0xdefb,
		0xc638,0xc638,0xc638,0x8b8b,0x8b8b,0xd4b2,0xd4b2,0xd4b2,0xdcf3,0xdcf3,0xdcf3,0x8b8b,0x8b8b,0xdefb,0xdefb,0xdefb
	},
    {
		0xe71c,0xbd32,0xbcf1,0xbd11,0xb4d0,0xc552,0xc552,0xbcf1,0xd6ba,0xd69a,0xd69a,0xbd11,0xbd11,0xe71c,0xbd11,0xb4d0, //sheep sheared
		0xb4d0,0xbd11,0xbcf0,0xbcf1,0xc532,0xc593,0xcd94,0xdedb,0xbd32,0xbd12,0xbcf1,0xbd11,0xb4d0,0xb4d0,0xac6e,0xac4e, //133
		0xbcf1,0xb48f,0xb4d0,0xbd11,0xbd11,0xbd32,0xc553,0xc532,0xc552,0xce79,0xbcf0,0xb4af,0xb48f,0xe71c,0xac4e,0xb46e,
		0xce59,0xc618,0xbd11,0xbd11,0xd6ba,0xc532,0xc552,0xbd32,0xef5d,0xbcd0,0xef5d,0xb48f,0xd69a,0xac6e,0xac4d,0xac4e,
		0xbcf1,0xbcf0,0xc531,0xc511,0xbcf0,0xdedb,0xdefb,0xbd32,0xc552,0xbd11,0xb48f,0xc532,0xce59,0xb48f,0xd6ba,0xac4e,
		0xc532,0xbd32,0xc618,0xbd11,0xcd94,0xc552,0xc553,0xd69a,0xc553,0xbcf1,0xb4d0,0xbd11,0xe73c,0xb4af,0xac4e,0xac2d,
		0xc532,0xc552,0xbd32,0xd69a,0xc593,0xcd94,0xc573,0xc552,0xc552,0xef7d,0xb4d0,0xdefb,0xb4b0,0xe73c,0xa40d,0x9bcb,
		0xbcf1,0xbd31,0xd6ba,0xd69a,0xc552,0xc553,0xc553,0xbd32,0xc553,0xbd11,0xdedb,0xb4af,0xb48f,0xac8f,0xac4e,0xef7d,
		0xc552,0xc552,0xc553,0xce59,0xc552,0xd6ba,0xc553,0xdefb,0xbcf1,0xbcf0,0xbcd0,0xef5d,0xa44e,0xb48e,0xe73c,0xac2d,
		0xb4d0,0xb4af,0xbd11,0xc552,0xbd11,0xce59,0xc573,0xc532,0xd6ba,0xbd11,0xb4d0,0xbcf0,0xb4af,0xdefb,0xac8e,0xac4e,
		0xdefb,0xef5d,0xbd11,0xbd11,0xce79,0xc573,0xc552,0xbd32,0xc532,0xdedb,0xbcf1,0xac8f,0xef5d,0xac8e,0xb4af,0xce79,
		0xef5d,0xe73c,0xe71c,0xc552,0xc532,0xd69a,0xc552,0xdefb,0xc553,0xc532,0xbcf0,0xb4b0,0xe73c,0xb4af,0xb4b0,0xd69a,
		0xb4d0,0xbd11,0xd6ba,0xbd12,0xd69a,0xce59,0xbd31,0xc552,0xc552,0xbd11,0xc552,0xb4d0,0xdefb,0xb4af,0xce79,0xac8e,
		0xcd93,0xdefb,0xd6ba,0xc552,0xbd32,0xbd11,0xbd11,0xdedb,0xbd11,0xc552,0xbd11,0xd6ba,0xb4b0,0xb4b0,0xac8e,0xac6e,
		0xcd94,0xd5d5,0xc573,0xdefb,0xc552,0xbd11,0xbd32,0xc553,0xdefb,0xcd73,0xef5d,0xbcf1,0xd6ba,0xbd11,0xce59,0xb4af,
		0xc573,0xcdb4,0xdedb,0xe73c,0xc573,0xc553,0xc552,0xbd32,0xc552,0xdedb,0xe73c,0xb4d0,0xdefb,0xbcf1,0xbcf1,0xbcf1
	},
    {
		0x0000,0x0000,0x0000,0x0000,0x0000,0x0000,0x0000,0x0000,0x0000,0x0000,0x0000,0x0000,0x0000,0x0000,0x0000,0x0000, //raw pork
		0x0000,0x0000,0x0000,0x0000,0x0000,0x0000,0x0000,0x0000,0x0000,0x0000,0x0000,0x0000,0x0000,0x0000,0x0000,0x0000, //134
		0x0000,0x0000,0x0000,0x0000,0x0000,0x0000,0x0000,0x0000,0x0000,0xa28a,0xa28a,0xa28a,0xa28a,0x0000,0x0000,0x0000,
		0x0000,0x0000,0x0000,0x0000,0x0000,0x0000,0x0000,0x0000,0xa28a,0xeb8e,0xeb8e,0xeb8e,0xfbae,0x81e7,0x0000,0x0000,
		0x0000,0x0000,0x0000,0x0000,0x0000,0x0000,0x0000,0xa28a,0xeb8e,0xeb8e,0xfbae,0xfc71,0xfc71,0xa28a,0x81e7,0x0000,
		0x0000,0x0000,0x0000,0x0000,0x0000,0x0000,0xa28a,0xfd75,0xfc71,0xeb8e,0xeb8e,0xfbae,0xfd75,0xeb8e,0x81e7,0x0000,
		0x0000,0x0000,0x0000,0x0000,0xa28a,0xa28a,0xfbae,0xeb8e,0xfc71,0xfbae,0xfbae,0xfc71,0xfd75,0xfbae,0x81e7,0x0000,
		0x0000,0x0000,0x0000,0xa28a,0xfc71,0xfc71,0xeb8e,0xeb8e,0xfbae,0xfbae,0xfbae,0xfc71,0xfd75,0xeb8e,0x5124,0x0000,
		0x0000,0x0000,0x0000,0xa28a,0xfbae,0xfd75,0xfbae,0xeb8e,0xeb8e,0xfbae,0xfd75,0xfd75,0xfd75,0x81e7,0x5124,0x0000,
		0x0000,0x0000,0xa28a,0xeb8e,0xeb8e,0xfc71,0xfd75,0xeb8e,0xfbae,0xfd75,0xfe38,0xfd75,0xeb8e,0x81e7,0x0000,0x0000,
		0x0000,0x0000,0xa28a,0xeb8e,0xeb8e,0xfbae,0xfd75,0xfe38,0xfd75,0xfe38,0xfd75,0xeb8e,0x81e7,0x5124,0x0000,0x0000,
		0x0000,0x0000,0xa28a,0xeb8e,0xfbae,0xfbae,0xfe38,0xfe38,0xfe38,0xfd75,0xeb8e,0x81e7,0x5124,0x0000,0x0000,0x0000,
		0x0000,0x0000,0x0000,0x81e7,0xa28a,0xfd75,0xfe38,0xfe38,0xfc71,0x81e7,0x5124,0x5124,0x0000,0x0000,0x0000,0x0000,
		0x0000,0x0000,0x0000,0x81e7,0x81e7,0xa28a,0xfd75,0xfbae,0x81e7,0x5124,0x0000,0x0000,0x0000,0x0000,0x0000,0x0000,
		0x0000,0x0000,0x0000,0x0000,0x0000,0x5124,0x5124,0x5124,0x5124,0x0000,0x0000,0x0000,0x0000,0x0000,0x0000,0x0000,
		0x0000,0x0000,0x0000,0x0000,0x0000,0x0000,0x0000,0x0000,0x0000,0x0000,0x0000,0x0000,0x0000,0x0000,0x0000,0x0000
	},
    {
		0x0000,0x0000,0x0000,0x0000,0x0000,0x0000,0x0000,0x0000,0x0000,0x0000,0x0000,0x0000,0x0000,0x0000,0x0000,0x0000, //cooked pork 
		0x0000,0x0000,0x0000,0x0000,0x0000,0x0000,0x0000,0x0000,0x0000,0x0000,0x0000,0x0000,0x0000,0x0000,0x0000,0x0000, //135
		0x0000,0x0000,0x0000,0x0000,0x0000,0x0000,0x0000,0x0000,0x0000,0x0000,0x0000,0x0000,0x0000,0x0000,0x0000,0x0000,
		0x0000,0x0000,0x0000,0x0000,0x0000,0x0000,0x0000,0x0000,0x0000,0x8b46,0x9bc8,0x9bc8,0x8b46,0x0000,0x0000,0x0000,
		0x0000,0x0000,0x0000,0x0000,0x0000,0x0000,0x0000,0x0000,0x8b46,0xb4ef,0xb50f,0xa3c8,0xb469,0x5a64,0x0000,0x0000,
		0x0000,0x0000,0x0000,0x0000,0x0000,0x0000,0x0000,0x8b46,0x9bea,0xbd2e,0xde54,0xbd0e,0xcdd0,0xaccb,0x5a64,0x0000,
		0x0000,0x0000,0x0000,0x0000,0x0000,0x0000,0x8b46,0xa4ae,0xcdd1,0xc56f,0xc58f,0xe675,0xde33,0xa48b,0x5a64,0x0000,
		0x0000,0x0000,0x0000,0x0000,0x8b46,0x9bc8,0xc56e,0xbd0e,0xe695,0xd5f2,0xcdb0,0xcdb0,0xc590,0xb50e,0x5a64,0x0000,
		0x0000,0x0000,0x0000,0x8b46,0xacac,0xcd8f,0xde54,0xd612,0xc56f,0xd633,0xde75,0xc56f,0xb4ed,0x8b87,0x5a64,0x0000,
		0x0000,0x0000,0x0000,0x9bc8,0xcdd2,0xcdb1,0xc54f,0xde75,0xc56f,0xcdb0,0xd612,0xde54,0xb4cd,0x5a64,0x0000,0x0000,
		0x0000,0x0000,0x9bc8,0xac6b,0xe6b5,0xcd90,0xcd90,0xc58f,0xde74,0xd5f2,0xc54f,0xb4ac,0x8b87,0x5a64,0x0000,0x0000,
		0x0000,0x0000,0x9bc8,0xb4cc,0xde53,0xe6b5,0xde54,0xbd2e,0xbd0d,0xd633,0xc570,0x8b46,0x5a64,0x0000,0x0000,0x0000,
		0x0000,0x0000,0x0000,0x8b88,0xc56e,0xc56e,0xde74,0xcdb1,0xb50d,0x9366,0x8305,0x5a64,0x0000,0x0000,0x0000,0x0000,
		0x0000,0x0000,0x0000,0x72e6,0x9366,0x9bc8,0x9bc8,0x9bc7,0x8b46,0x5a64,0x0000,0x0000,0x0000,0x0000,0x0000,0x0000,
		0x0000,0x0000,0x0000,0x0000,0x0000,0x5a64,0x5a64,0x5a64,0x5a64,0x0000,0x0000,0x0000,0x0000,0x0000,0x0000,0x0000,
		0x0000,0x0000,0x0000,0x0000,0x0000,0x0000,0x0000,0x0000,0x0000,0x0000,0x0000,0x0000,0x0000,0x0000,0x0000,0x0000
	},
};

*/
