#include "eninge.h"

const unsigned short skyColors[16] = {0x0841, 0x1083, 0x18e6, 0x2148, 0x29aa, 0x320c, 0x3a6e, 0x42b0, 0x4af1, 0x5353, 0x5b95, 0x63f7, 0x6c59, 0x74bb, 0x7cfd, 0x855f};

const static int skyboxColors[16][128] = {
	{
		0x949d949d,
		0x949d949d,
		0x949d949d,
		0x949d949d,
		0x949d949d,
		0x949d949d,
		0x949d949d,
		0x949d949d,
		0x949d949d,
		0x949d949d,
		0x949d949d,
		0x949d949d,
		0x949d949d,
		0x949d949d,
		0x949d949d,
		0x949d949d,
		0x949d949d,
		0x949d949d,
		0x949d949d,
		0x949d949d,
		0x949d949d,
		0x949d949d,
		0x949d949d,
		0x949d949d,
		0x949d949d,
		0x949d949d,
		0x949d949d,
		0x949d949d,
		0x949d949d,
		0x949d949d,
		0x949d949d,
		0x949d949d,
		0x949d949d,
		0x949d949d,
		0x949d949d,
		0x949d949d,
		0x949d949d,
		0x949d949d,
		0x949d949d,
		0x949d949d,
		0x949d949d,
		0x949d949d,
		0x949d949d,
		0x949d949d,
		0x949d949d,
		0x949d949d,
		0x949d949d,
		0x949d949d,
		0x949d949d,
		0x949d949d,
		0x949d949d,
		0x949d949d,
		0x949d949d,
		0x949d949d,
		0x949d949d,
		0x949d949d,
		0x949d949d,
		0x949d949d,
		0x949d949d,
		0x949d949d,
		0x94bd94bd,
		0x9cdd9cdd,
		0x9d1d9d1d,
		0xa55da55d,
		0xa57da57d,
		0xa5bda5bd,
		0xaddeadde,
		0xae1eae1e,
		0xae1eae1e,
		0xae1eae1e,
		0xae1eae1e,
		0xae1eae1e,
		0xae1eae1e,
		0xae1eae1e,
		0xae1eae1e,
		0xae1eae1e,
		0xae1eae1e,
		0xae1eae1e,
		0xae1eae1e,
		0xae1eae1e,
		0xae1eae1e,
		0xae1eae1e,
		0xae1eae1e,
		0xae1eae1e,
		0xae1eae1e,
		0xae1eae1e,
		0xae1eae1e,
		0xae1eae1e,
		0xae1eae1e,
		0xae1eae1e,
		0xae1eae1e,
		0xae1eae1e,
		0xae1eae1e,
		0xae1eae1e,
		0xae1eae1e,
		0xae1eae1e,
		0xae1eae1e,
		0xae1eae1e,
		0xae1eae1e,
		0xae1eae1e,
		0xae1eae1e,
		0xae1eae1e,
		0xae1eae1e,
		0xae1eae1e,
		0xae1eae1e,
		0xae1eae1e,
		0xae1eae1e,
		0xae1eae1e,
		0xae1eae1e,
		0xae1eae1e,
		0xae1eae1e,
		0xae1eae1e,
		0xae1eae1e,
		0xae1eae1e,
		0xae1eae1e,
		0xae1eae1e,
		0xae1eae1e,
		0xae1eae1e,
		0xae1eae1e,
		0xae1eae1e,
		0xae1eae1e,
		0xae1eae1e,
		0xae1eae1e,
		0xae1eae1e,
		0xae1eae1e,
		0xae1eae1e,
		0xae1eae1e,
		0xae1eae1e,
	},
	{
		0x843b843b,
		0x843b843b,
		0x843b843b,
		0x843b843b,
		0x843b843b,
		0x843b843b,
		0x843b843b,
		0x843b843b,
		0x843b843b,
		0x843b843b,
		0x843b843b,
		0x843b843b,
		0x843b843b,
		0x843b843b,
		0x843b843b,
		0x843b843b,
		0x843b843b,
		0x843b843b,
		0x843b843b,
		0x843b843b,
		0x843b843b,
		0x843b843b,
		0x843b843b,
		0x843b843b,
		0x843b843b,
		0x843b843b,
		0x843b843b,
		0x843b843b,
		0x843b843b,
		0x843b843b,
		0x843b843b,
		0x843b843b,
		0x843b843b,
		0x843b843b,
		0x843b843b,
		0x843b843b,
		0x843b843b,
		0x843b843b,
		0x843b843b,
		0x843b843b,
		0x843b843b,
		0x843b843b,
		0x843b843b,
		0x843b843b,
		0x843b843b,
		0x843b843b,
		0x843b843b,
		0x843b843b,
		0x843b843b,
		0x843b843b,
		0x843b843b,
		0x843b843b,
		0x843b843b,
		0x843b843b,
		0x843b843b,
		0x843b843b,
		0x843b843b,
		0x843b843b,
		0x843b843b,
		0x843b843b,
		0x8c5b8c5b,
		0x8c7b8c7b,
		0x94bb94bb,
		0x94db94db,
		0x951b951b,
		0x9d3b9d3b,
		0x9d7b9d7b,
		0xa59ba59b,
		0xa59ba59b,
		0xa59ba59b,
		0xa59ba59b,
		0xa59ba59b,
		0xa59ba59b,
		0xa59ba59b,
		0xa59ba59b,
		0xa59ba59b,
		0xa59ba59b,
		0xa59ba59b,
		0xa59ba59b,
		0xa59ba59b,
		0xa59ba59b,
		0xa59ba59b,
		0xa59ba59b,
		0xa59ba59b,
		0xa59ba59b,
		0xa59ba59b,
		0xa59ba59b,
		0xa59ba59b,
		0xa59ba59b,
		0xa59ba59b,
		0xa59ba59b,
		0xa59ba59b,
		0xa59ba59b,
		0xa59ba59b,
		0xa59ba59b,
		0xa59ba59b,
		0xa59ba59b,
		0xa59ba59b,
		0xa59ba59b,
		0xa59ba59b,
		0xa59ba59b,
		0xa59ba59b,
		0xa59ba59b,
		0xa59ba59b,
		0xa59ba59b,
		0xa59ba59b,
		0xa59ba59b,
		0xa59ba59b,
		0xa59ba59b,
		0xa59ba59b,
		0xa59ba59b,
		0xa59ba59b,
		0xa59ba59b,
		0xa59ba59b,
		0xa59ba59b,
		0xa59ba59b,
		0xa59ba59b,
		0xa59ba59b,
		0xa59ba59b,
		0xa59ba59b,
		0xa59ba59b,
		0xa59ba59b,
		0xa59ba59b,
		0xa59ba59b,
		0xa59ba59b,
		0xa59ba59b,
		0xa59ba59b,
		0xa59ba59b
	},
	{
		0x7bd97bd9,
		0x7bd97bd9,
		0x7bd97bd9,
		0x7bd97bd9,
		0x7bd97bd9,
		0x7bd97bd9,
		0x7bd97bd9,
		0x7bd97bd9,
		0x7bd97bd9,
		0x7bd97bd9,
		0x7bd97bd9,
		0x7bd97bd9,
		0x7bd97bd9,
		0x7bd97bd9,
		0x7bd97bd9,
		0x7bd97bd9,
		0x7bd97bd9,
		0x7bd97bd9,
		0x7bd97bd9,
		0x7bd97bd9,
		0x7bd97bd9,
		0x7bd97bd9,
		0x7bd97bd9,
		0x7bd97bd9,
		0x7bd97bd9,
		0x7bd97bd9,
		0x7bd97bd9,
		0x7bd97bd9,
		0x7bd97bd9,
		0x7bd97bd9,
		0x7bd97bd9,
		0x7bd97bd9,
		0x7bd97bd9,
		0x7bd97bd9,
		0x7bd97bd9,
		0x7bd97bd9,
		0x7bd97bd9,
		0x7bd97bd9,
		0x7bd97bd9,
		0x7bd97bd9,
		0x7bd97bd9,
		0x7bd97bd9,
		0x7bd97bd9,
		0x7bd97bd9,
		0x7bd97bd9,
		0x7bd97bd9,
		0x7bd97bd9,
		0x7bd97bd9,
		0x7bd97bd9,
		0x7bd97bd9,
		0x7bd97bd9,
		0x7bd97bd9,
		0x7bd97bd9,
		0x7bd97bd9,
		0x7bd97bd9,
		0x7bd97bd9,
		0x7bd97bd9,
		0x7bd97bd9,
		0x7bd97bd9,
		0x7bd97bd9,
		0x7bf97bf9,
		0x84398439,
		0x84598459,
		0x8c998c99,
		0x8cb98cb9,
		0x94d994d9,
		0x95199519,
		0x953a953a,
		0x953a953a,
		0x953a953a,
		0x953a953a,
		0x953a953a,
		0x953a953a,
		0x953a953a,
		0x953a953a,
		0x953a953a,
		0x953a953a,
		0x953a953a,
		0x953a953a,
		0x953a953a,
		0x953a953a,
		0x953a953a,
		0x953a953a,
		0x953a953a,
		0x953a953a,
		0x953a953a,
		0x953a953a,
		0x953a953a,
		0x953a953a,
		0x953a953a,
		0x953a953a,
		0x953a953a,
		0x953a953a,
		0x953a953a,
		0x953a953a,
		0x953a953a,
		0x953a953a,
		0x953a953a,
		0x953a953a,
		0x953a953a,
		0x953a953a,
		0x953a953a,
		0x953a953a,
		0x953a953a,
		0x953a953a,
		0x953a953a,
		0x953a953a,
		0x953a953a,
		0x953a953a,
		0x953a953a,
		0x953a953a,
		0x953a953a,
		0x953a953a,
		0x953a953a,
		0x953a953a,
		0x953a953a,
		0x953a953a,
		0x953a953a,
		0x953a953a,
		0x953a953a,
		0x953a953a,
		0x953a953a,
		0x953a953a,
		0x953a953a,
		0x953a953a,
		0x953a953a,
		0x953a953a,
		0x953a953a
	},
	{
		0x73767376,
		0x73767376,
		0x73767376,
		0x73767376,
		0x73767376,
		0x73767376,
		0x73767376,
		0x73767376,
		0x73767376,
		0x73767376,
		0x73767376,
		0x73767376,
		0x73767376,
		0x73767376,
		0x73767376,
		0x73767376,
		0x73767376,
		0x73767376,
		0x73767376,
		0x73767376,
		0x73767376,
		0x73767376,
		0x73767376,
		0x73767376,
		0x73767376,
		0x73767376,
		0x73767376,
		0x73767376,
		0x73767376,
		0x73767376,
		0x73767376,
		0x73767376,
		0x73767376,
		0x73767376,
		0x73767376,
		0x73767376,
		0x73767376,
		0x73767376,
		0x73767376,
		0x73767376,
		0x73767376,
		0x73767376,
		0x73767376,
		0x73767376,
		0x73767376,
		0x73767376,
		0x73767376,
		0x73767376,
		0x73767376,
		0x73767376,
		0x73767376,
		0x73767376,
		0x73767376,
		0x73767376,
		0x73767376,
		0x73767376,
		0x73767376,
		0x73767376,
		0x73767376,
		0x73767376,
		0x73967396,
		0x73d773d7,
		0x7bf77bf7,
		0x7c177c17,
		0x7c377c37,
		0x84778477,
		0x84978497,
		0x84b784b7,
		0x8cb78cb7,
		0x8cb78cb7,
		0x8cb78cb7,
		0x8cb78cb7,
		0x8cb78cb7,
		0x8cb78cb7,
		0x8cb78cb7,
		0x8cb78cb7,
		0x8cb78cb7,
		0x8cb78cb7,
		0x8cb78cb7,
		0x8cb78cb7,
		0x8cb78cb7,
		0x8cb78cb7,
		0x8cb78cb7,
		0x8cb78cb7,
		0x8cb78cb7,
		0x8cb78cb7,
		0x8cb78cb7,
		0x8cb78cb7,
		0x8cb78cb7,
		0x8cb78cb7,
		0x8cb78cb7,
		0x8cb78cb7,
		0x8cb78cb7,
		0x8cb78cb7,
		0x8cb78cb7,
		0x8cb78cb7,
		0x8cb78cb7,
		0x8cb78cb7,
		0x8cb78cb7,
		0x8cb78cb7,
		0x8cb78cb7,
		0x8cb78cb7,
		0x8cb78cb7,
		0x8cb78cb7,
		0x8cb78cb7,
		0x8cb78cb7,
		0x8cb78cb7,
		0x8cb78cb7,
		0x8cb78cb7,
		0x8cb78cb7,
		0x8cb78cb7,
		0x8cb78cb7,
		0x8cb78cb7,
		0x8cb78cb7,
		0x8cb78cb7,
		0x8cb78cb7,
		0x8cb78cb7,
		0x8cb78cb7,
		0x8cb78cb7,
		0x8cb78cb7,
		0x8cb78cb7,
		0x8cb78cb7,
		0x8cb78cb7,
		0x8cb78cb7,
		0x8cb78cb7,
		0x8cb78cb7,
		0x8cb78cb7,
		0x8cb78cb7
	},
	{
		0x63146314,
		0x63146314,
		0x63146314,
		0x63146314,
		0x63146314,
		0x63146314,
		0x63146314,
		0x63146314,
		0x63146314,
		0x63146314,
		0x63146314,
		0x63146314,
		0x63146314,
		0x63146314,
		0x63146314,
		0x63146314,
		0x63146314,
		0x63146314,
		0x63146314,
		0x63146314,
		0x63146314,
		0x63146314,
		0x63146314,
		0x63146314,
		0x63146314,
		0x63146314,
		0x63146314,
		0x63146314,
		0x63146314,
		0x63146314,
		0x63146314,
		0x63146314,
		0x63146314,
		0x63146314,
		0x63146314,
		0x63146314,
		0x63146314,
		0x63146314,
		0x63146314,
		0x63146314,
		0x63146314,
		0x63146314,
		0x63146314,
		0x63146314,
		0x63146314,
		0x63146314,
		0x63146314,
		0x63146314,
		0x63146314,
		0x63146314,
		0x63146314,
		0x63146314,
		0x63146314,
		0x63146314,
		0x63146314,
		0x63146314,
		0x63146314,
		0x63146314,
		0x63146314,
		0x63146314,
		0x6b346b34,
		0x6b746b74,
		0x6b946b94,
		0x73b573b5,
		0x73d573d5,
		0x74157415,
		0x7c357c35,
		0x7c557c55,
		0x7c557c55,
		0x7c557c55,
		0x7c557c55,
		0x7c557c55,
		0x7c557c55,
		0x7c557c55,
		0x7c557c55,
		0x7c557c55,
		0x7c557c55,
		0x7c557c55,
		0x7c557c55,
		0x7c557c55,
		0x7c557c55,
		0x7c557c55,
		0x7c557c55,
		0x7c557c55,
		0x7c557c55,
		0x7c557c55,
		0x7c557c55,
		0x7c557c55,
		0x7c557c55,
		0x7c557c55,
		0x7c557c55,
		0x7c557c55,
		0x7c557c55,
		0x7c557c55,
		0x7c557c55,
		0x7c557c55,
		0x7c557c55,
		0x7c557c55,
		0x7c557c55,
		0x7c557c55,
		0x7c557c55,
		0x7c557c55,
		0x7c557c55,
		0x7c557c55,
		0x7c557c55,
		0x7c557c55,
		0x7c557c55,
		0x7c557c55,
		0x7c557c55,
		0x7c557c55,
		0x7c557c55,
		0x7c557c55,
		0x7c557c55,
		0x7c557c55,
		0x7c557c55,
		0x7c557c55,
		0x7c557c55,
		0x7c557c55,
		0x7c557c55,
		0x7c557c55,
		0x7c557c55,
		0x7c557c55,
		0x7c557c55,
		0x7c557c55,
		0x7c557c55,
		0x7c557c55,
		0x7c557c55,
		0x7c557c55
	},
	{
		0x5ad25ad2,
		0x5ad25ad2,
		0x5ad25ad2,
		0x5ad25ad2,
		0x5ad25ad2,
		0x5ad25ad2,
		0x5ad25ad2,
		0x5ad25ad2,
		0x5ad25ad2,
		0x5ad25ad2,
		0x5ad25ad2,
		0x5ad25ad2,
		0x5ad25ad2,
		0x5ad25ad2,
		0x5ad25ad2,
		0x5ad25ad2,
		0x5ad25ad2,
		0x5ad25ad2,
		0x5ad25ad2,
		0x5ad25ad2,
		0x5ad25ad2,
		0x5ad25ad2,
		0x5ad25ad2,
		0x5ad25ad2,
		0x5ad25ad2,
		0x5ad25ad2,
		0x5ad25ad2,
		0x5ad25ad2,
		0x5ad25ad2,
		0x5ad25ad2,
		0x5ad25ad2,
		0x5ad25ad2,
		0x5ad25ad2,
		0x5ad25ad2,
		0x5ad25ad2,
		0x5ad25ad2,
		0x5ad25ad2,
		0x5ad25ad2,
		0x5ad25ad2,
		0x5ad25ad2,
		0x5ad25ad2,
		0x5ad25ad2,
		0x5ad25ad2,
		0x5ad25ad2,
		0x5ad25ad2,
		0x5ad25ad2,
		0x5ad25ad2,
		0x5ad25ad2,
		0x5ad25ad2,
		0x5ad25ad2,
		0x5ad25ad2,
		0x5ad25ad2,
		0x5ad25ad2,
		0x5ad25ad2,
		0x5ad25ad2,
		0x5ad25ad2,
		0x5ad25ad2,
		0x5ad25ad2,
		0x5ad25ad2,
		0x5ad25ad2,
		0x5af25af2,
		0x5af25af2,
		0x63326332,
		0x63526352,
		0x63736373,
		0x6b936b93,
		0x6bb36bb3,
		0x6bd36bd3,
		0x6bf36bf3,
		0x6bf36bf3,
		0x6bf36bf3,
		0x6bf36bf3,
		0x6bf36bf3,
		0x6bf36bf3,
		0x6bf36bf3,
		0x6bf36bf3,
		0x6bf36bf3,
		0x6bf36bf3,
		0x6bf36bf3,
		0x6bf36bf3,
		0x6bf36bf3,
		0x6bf36bf3,
		0x6bf36bf3,
		0x6bf36bf3,
		0x6bf36bf3,
		0x6bf36bf3,
		0x6bf36bf3,
		0x6bf36bf3,
		0x6bf36bf3,
		0x6bf36bf3,
		0x6bf36bf3,
		0x6bf36bf3,
		0x6bf36bf3,
		0x6bf36bf3,
		0x6bf36bf3,
		0x6bf36bf3,
		0x6bf36bf3,
		0x6bf36bf3,
		0x6bf36bf3,
		0x6bf36bf3,
		0x6bf36bf3,
		0x6bf36bf3,
		0x6bf36bf3,
		0x6bf36bf3,
		0x6bf36bf3,
		0x6bf36bf3,
		0x6bf36bf3,
		0x6bf36bf3,
		0x6bf36bf3,
		0x6bf36bf3,
		0x6bf36bf3,
		0x6bf36bf3,
		0x6bf36bf3,
		0x6bf36bf3,
		0x6bf36bf3,
		0x6bf36bf3,
		0x6bf36bf3,
		0x6bf36bf3,
		0x6bf36bf3,
		0x6bf36bf3,
		0x6bf36bf3,
		0x6bf36bf3,
		0x6bf36bf3,
		0x6bf36bf3,
		0x6bf36bf3,
		0x6bf36bf3,
		0x6bf36bf3,
		0x6bf36bf3
	},
	{
		0x4a6f4a6f,
		0x4a6f4a6f,
		0x4a6f4a6f,
		0x4a6f4a6f,
		0x4a6f4a6f,
		0x4a6f4a6f,
		0x4a6f4a6f,
		0x4a6f4a6f,
		0x4a6f4a6f,
		0x4a6f4a6f,
		0x4a6f4a6f,
		0x4a6f4a6f,
		0x4a6f4a6f,
		0x4a6f4a6f,
		0x4a6f4a6f,
		0x4a6f4a6f,
		0x4a6f4a6f,
		0x4a6f4a6f,
		0x4a6f4a6f,
		0x4a6f4a6f,
		0x4a6f4a6f,
		0x4a6f4a6f,
		0x4a6f4a6f,
		0x4a6f4a6f,
		0x4a6f4a6f,
		0x4a6f4a6f,
		0x4a6f4a6f,
		0x4a6f4a6f,
		0x4a6f4a6f,
		0x4a6f4a6f,
		0x4a6f4a6f,
		0x4a6f4a6f,
		0x4a6f4a6f,
		0x4a6f4a6f,
		0x4a6f4a6f,
		0x4a6f4a6f,
		0x4a6f4a6f,
		0x4a6f4a6f,
		0x4a6f4a6f,
		0x4a6f4a6f,
		0x4a6f4a6f,
		0x4a6f4a6f,
		0x4a6f4a6f,
		0x4a6f4a6f,
		0x4a6f4a6f,
		0x4a6f4a6f,
		0x4a6f4a6f,
		0x4a6f4a6f,
		0x4a6f4a6f,
		0x4a6f4a6f,
		0x4a6f4a6f,
		0x4a6f4a6f,
		0x4a6f4a6f,
		0x4a6f4a6f,
		0x4a6f4a6f,
		0x4a6f4a6f,
		0x4a6f4a6f,
		0x4a6f4a6f,
		0x4a6f4a6f,
		0x4a6f4a6f,
		0x526f526f,
		0x52905290,
		0x52b052b0,
		0x52f052f0,
		0x5af05af0,
		0x5b305b30,
		0x5b305b30,
		0x63516351,
		0x63716371,
		0x63716371,
		0x63716371,
		0x63716371,
		0x63716371,
		0x63716371,
		0x63716371,
		0x63716371,
		0x63716371,
		0x63716371,
		0x63716371,
		0x63716371,
		0x63716371,
		0x63716371,
		0x63716371,
		0x63716371,
		0x63716371,
		0x63716371,
		0x63716371,
		0x63716371,
		0x63716371,
		0x63716371,
		0x63716371,
		0x63716371,
		0x63716371,
		0x63716371,
		0x63716371,
		0x63716371,
		0x63716371,
		0x63716371,
		0x63716371,
		0x63716371,
		0x63716371,
		0x63716371,
		0x63716371,
		0x63716371,
		0x63716371,
		0x63716371,
		0x63716371,
		0x63716371,
		0x63716371,
		0x63716371,
		0x63716371,
		0x63716371,
		0x63716371,
		0x63716371,
		0x63716371,
		0x63716371,
		0x63716371,
		0x63716371,
		0x63716371,
		0x63716371,
		0x63716371,
		0x63716371,
		0x63716371,
		0x63716371,
		0x63716371,
		0x63716371,
		0x63716371,
		0x63716371
	},
	{
		0x420d420d,
		0x420d420d,
		0x420d420d,
		0x420d420d,
		0x420d420d,
		0x420d420d,
		0x420d420d,
		0x420d420d,
		0x420d420d,
		0x420d420d,
		0x420d420d,
		0x420d420d,
		0x420d420d,
		0x420d420d,
		0x420d420d,
		0x420d420d,
		0x420d420d,
		0x420d420d,
		0x420d420d,
		0x420d420d,
		0x420d420d,
		0x420d420d,
		0x420d420d,
		0x420d420d,
		0x420d420d,
		0x420d420d,
		0x420d420d,
		0x420d420d,
		0x420d420d,
		0x420d420d,
		0x420d420d,
		0x420d420d,
		0x420d420d,
		0x420d420d,
		0x420d420d,
		0x420d420d,
		0x420d420d,
		0x420d420d,
		0x420d420d,
		0x420d420d,
		0x420d420d,
		0x420d420d,
		0x420d420d,
		0x420d420d,
		0x420d420d,
		0x420d420d,
		0x420d420d,
		0x420d420d,
		0x420d420d,
		0x420d420d,
		0x420d420d,
		0x420d420d,
		0x420d420d,
		0x420d420d,
		0x420d420d,
		0x420d420d,
		0x420d420d,
		0x420d420d,
		0x420d420d,
		0x420d420d,
		0x420d420d,
		0x422d422d,
		0x4a4d4a4d,
		0x4a6e4a6e,
		0x4a8e4a8e,
		0x4aae4aae,
		0x52ce52ce,
		0x52ee52ee,
		0x52ee52ee,
		0x52ee52ee,
		0x52ee52ee,
		0x52ee52ee,
		0x52ee52ee,
		0x52ee52ee,
		0x52ee52ee,
		0x52ee52ee,
		0x52ee52ee,
		0x52ee52ee,
		0x52ee52ee,
		0x52ee52ee,
		0x52ee52ee,
		0x52ee52ee,
		0x52ee52ee,
		0x52ee52ee,
		0x52ee52ee,
		0x52ee52ee,
		0x52ee52ee,
		0x52ee52ee,
		0x52ee52ee,
		0x52ee52ee,
		0x52ee52ee,
		0x52ee52ee,
		0x52ee52ee,
		0x52ee52ee,
		0x52ee52ee,
		0x52ee52ee,
		0x52ee52ee,
		0x52ee52ee,
		0x52ee52ee,
		0x52ee52ee,
		0x52ee52ee,
		0x52ee52ee,
		0x52ee52ee,
		0x52ee52ee,
		0x52ee52ee,
		0x52ee52ee,
		0x52ee52ee,
		0x52ee52ee,
		0x52ee52ee,
		0x52ee52ee,
		0x52ee52ee,
		0x52ee52ee,
		0x52ee52ee,
		0x52ee52ee,
		0x52ee52ee,
		0x52ee52ee,
		0x52ee52ee,
		0x52ee52ee,
		0x52ee52ee,
		0x52ee52ee,
		0x52ee52ee,
		0x52ee52ee,
		0x52ee52ee,
		0x52ee52ee,
		0x52ee52ee,
		0x52ee52ee,
		0x52ee52ee,
		0x52ee52ee
	},
	{
		0x31ab31ab,
		0x31ab31ab,
		0x31ab31ab,
		0x31ab31ab,
		0x31ab31ab,
		0x31ab31ab,
		0x31ab31ab,
		0x31ab31ab,
		0x31ab31ab,
		0x31ab31ab,
		0x31ab31ab,
		0x31ab31ab,
		0x31ab31ab,
		0x31ab31ab,
		0x31ab31ab,
		0x31ab31ab,
		0x31ab31ab,
		0x31ab31ab,
		0x31ab31ab,
		0x31ab31ab,
		0x31ab31ab,
		0x31ab31ab,
		0x31ab31ab,
		0x31ab31ab,
		0x31ab31ab,
		0x31ab31ab,
		0x31ab31ab,
		0x31ab31ab,
		0x31ab31ab,
		0x31ab31ab,
		0x31ab31ab,
		0x31ab31ab,
		0x31ab31ab,
		0x31ab31ab,
		0x31ab31ab,
		0x31ab31ab,
		0x31ab31ab,
		0x31ab31ab,
		0x31ab31ab,
		0x31ab31ab,
		0x31ab31ab,
		0x31ab31ab,
		0x31ab31ab,
		0x31ab31ab,
		0x31ab31ab,
		0x31ab31ab,
		0x31ab31ab,
		0x31ab31ab,
		0x31ab31ab,
		0x31ab31ab,
		0x31ab31ab,
		0x31ab31ab,
		0x31ab31ab,
		0x31ab31ab,
		0x31ab31ab,
		0x31ab31ab,
		0x31ab31ab,
		0x31ab31ab,
		0x31ab31ab,
		0x31ab31ab,
		0x39ab39ab,
		0x39cb39cb,
		0x39eb39eb,
		0x3a0b3a0b,
		0x422b422b,
		0x422c422c,
		0x424c424c,
		0x426c426c,
		0x426c426c,
		0x426c426c,
		0x426c426c,
		0x426c426c,
		0x426c426c,
		0x426c426c,
		0x426c426c,
		0x426c426c,
		0x426c426c,
		0x426c426c,
		0x426c426c,
		0x426c426c,
		0x426c426c,
		0x426c426c,
		0x426c426c,
		0x426c426c,
		0x426c426c,
		0x426c426c,
		0x426c426c,
		0x426c426c,
		0x426c426c,
		0x426c426c,
		0x426c426c,
		0x426c426c,
		0x426c426c,
		0x426c426c,
		0x426c426c,
		0x426c426c,
		0x426c426c,
		0x426c426c,
		0x426c426c,
		0x426c426c,
		0x426c426c,
		0x426c426c,
		0x426c426c,
		0x426c426c,
		0x426c426c,
		0x426c426c,
		0x426c426c,
		0x426c426c,
		0x426c426c,
		0x426c426c,
		0x426c426c,
		0x426c426c,
		0x426c426c,
		0x426c426c,
		0x426c426c,
		0x426c426c,
		0x426c426c,
		0x426c426c,
		0x426c426c,
		0x426c426c,
		0x426c426c,
		0x426c426c,
		0x426c426c,
		0x426c426c,
		0x426c426c,
		0x426c426c,
		0x426c426c,
		0x426c426c
	},
	{
		0x29482948,
		0x29482948,
		0x29482948,
		0x29482948,
		0x29482948,
		0x29482948,
		0x29482948,
		0x29482948,
		0x29482948,
		0x29482948,
		0x29482948,
		0x29482948,
		0x29482948,
		0x29482948,
		0x29482948,
		0x29482948,
		0x29482948,
		0x29482948,
		0x29482948,
		0x29482948,
		0x29482948,
		0x29482948,
		0x29482948,
		0x29482948,
		0x29482948,
		0x29482948,
		0x29482948,
		0x29482948,
		0x29482948,
		0x29482948,
		0x29482948,
		0x29482948,
		0x29482948,
		0x29482948,
		0x29482948,
		0x29482948,
		0x29482948,
		0x29482948,
		0x29482948,
		0x29482948,
		0x29482948,
		0x29482948,
		0x29482948,
		0x29482948,
		0x29482948,
		0x29482948,
		0x29482948,
		0x29482948,
		0x29482948,
		0x29482948,
		0x29482948,
		0x29482948,
		0x29482948,
		0x29482948,
		0x29482948,
		0x29482948,
		0x29482948,
		0x29482948,
		0x29482948,
		0x29482948,
		0x29682968,
		0x29692969,
		0x29892989,
		0x31a931a9,
		0x31a931a9,
		0x31c931c9,
		0x31ea31ea,
		0x31ea31ea,
		0x39ea39ea,
		0x39ea39ea,
		0x39ea39ea,
		0x39ea39ea,
		0x39ea39ea,
		0x39ea39ea,
		0x39ea39ea,
		0x39ea39ea,
		0x39ea39ea,
		0x39ea39ea,
		0x39ea39ea,
		0x39ea39ea,
		0x39ea39ea,
		0x39ea39ea,
		0x39ea39ea,
		0x39ea39ea,
		0x39ea39ea,
		0x39ea39ea,
		0x39ea39ea,
		0x39ea39ea,
		0x39ea39ea,
		0x39ea39ea,
		0x39ea39ea,
		0x39ea39ea,
		0x39ea39ea,
		0x39ea39ea,
		0x39ea39ea,
		0x39ea39ea,
		0x39ea39ea,
		0x39ea39ea,
		0x39ea39ea,
		0x39ea39ea,
		0x39ea39ea,
		0x39ea39ea,
		0x39ea39ea,
		0x39ea39ea,
		0x39ea39ea,
		0x39ea39ea,
		0x39ea39ea,
		0x39ea39ea,
		0x39ea39ea,
		0x39ea39ea,
		0x39ea39ea,
		0x39ea39ea,
		0x39ea39ea,
		0x39ea39ea,
		0x39ea39ea,
		0x39ea39ea,
		0x39ea39ea,
		0x39ea39ea,
		0x39ea39ea,
		0x39ea39ea,
		0x39ea39ea,
		0x39ea39ea,
		0x39ea39ea,
		0x39ea39ea,
		0x39ea39ea,
		0x39ea39ea,
		0x39ea39ea,
		0x39ea39ea
	},
	{
		0x18e618e6,
		0x18e618e6,
		0x18e618e6,
		0x18e618e6,
		0x18e618e6,
		0x18e618e6,
		0x18e618e6,
		0x18e618e6,
		0x18e618e6,
		0x18e618e6,
		0x18e618e6,
		0x18e618e6,
		0x18e618e6,
		0x18e618e6,
		0x18e618e6,
		0x18e618e6,
		0x18e618e6,
		0x18e618e6,
		0x18e618e6,
		0x18e618e6,
		0x18e618e6,
		0x18e618e6,
		0x18e618e6,
		0x18e618e6,
		0x18e618e6,
		0x18e618e6,
		0x18e618e6,
		0x18e618e6,
		0x18e618e6,
		0x18e618e6,
		0x18e618e6,
		0x18e618e6,
		0x18e618e6,
		0x18e618e6,
		0x18e618e6,
		0x18e618e6,
		0x18e618e6,
		0x18e618e6,
		0x18e618e6,
		0x18e618e6,
		0x18e618e6,
		0x18e618e6,
		0x18e618e6,
		0x18e618e6,
		0x18e618e6,
		0x18e618e6,
		0x18e618e6,
		0x18e618e6,
		0x18e618e6,
		0x18e618e6,
		0x18e618e6,
		0x18e618e6,
		0x18e618e6,
		0x18e618e6,
		0x18e618e6,
		0x18e618e6,
		0x18e618e6,
		0x18e618e6,
		0x18e618e6,
		0x18e618e6,
		0x21062106,
		0x21062106,
		0x21262126,
		0x21272127,
		0x21472147,
		0x29672967,
		0x29672967,
		0x29882988,
		0x29882988,
		0x29882988,
		0x29882988,
		0x29882988,
		0x29882988,
		0x29882988,
		0x29882988,
		0x29882988,
		0x29882988,
		0x29882988,
		0x29882988,
		0x29882988,
		0x29882988,
		0x29882988,
		0x29882988,
		0x29882988,
		0x29882988,
		0x29882988,
		0x29882988,
		0x29882988,
		0x29882988,
		0x29882988,
		0x29882988,
		0x29882988,
		0x29882988,
		0x29882988,
		0x29882988,
		0x29882988,
		0x29882988,
		0x29882988,
		0x29882988,
		0x29882988,
		0x29882988,
		0x29882988,
		0x29882988,
		0x29882988,
		0x29882988,
		0x29882988,
		0x29882988,
		0x29882988,
		0x29882988,
		0x29882988,
		0x29882988,
		0x29882988,
		0x29882988,
		0x29882988,
		0x29882988,
		0x29882988,
		0x29882988,
		0x29882988,
		0x29882988,
		0x29882988,
		0x29882988,
		0x29882988,
		0x29882988,
		0x29882988,
		0x29882988,
		0x29882988,
		0x29882988,
		0x29882988
	},
	{
		0x10831083,
		0x10831083,
		0x10831083,
		0x10831083,
		0x10831083,
		0x10831083,
		0x10831083,
		0x10831083,
		0x10831083,
		0x10831083,
		0x10831083,
		0x10831083,
		0x10831083,
		0x10831083,
		0x10831083,
		0x10831083,
		0x10831083,
		0x10831083,
		0x10831083,
		0x10831083,
		0x10831083,
		0x10831083,
		0x10831083,
		0x10831083,
		0x10831083,
		0x10831083,
		0x10831083,
		0x10831083,
		0x10831083,
		0x10831083,
		0x10831083,
		0x10831083,
		0x10831083,
		0x10831083,
		0x10831083,
		0x10831083,
		0x10831083,
		0x10831083,
		0x10831083,
		0x10831083,
		0x10831083,
		0x10831083,
		0x10831083,
		0x10831083,
		0x10831083,
		0x10831083,
		0x10831083,
		0x10831083,
		0x10831083,
		0x10831083,
		0x10831083,
		0x10831083,
		0x10831083,
		0x10831083,
		0x10831083,
		0x10831083,
		0x10831083,
		0x10831083,
		0x10831083,
		0x10831083,
		0x10831083,
		0x10a410a4,
		0x10a410a4,
		0x10c410c4,
		0x18c418c4,
		0x18e518e5,
		0x18e518e5,
		0x19051905,
		0x19051905,
		0x19051905,
		0x19051905,
		0x19051905,
		0x19051905,
		0x19051905,
		0x19051905,
		0x19051905,
		0x19051905,
		0x19051905,
		0x19051905,
		0x19051905,
		0x19051905,
		0x19051905,
		0x19051905,
		0x19051905,
		0x19051905,
		0x19051905,
		0x19051905,
		0x19051905,
		0x19051905,
		0x19051905,
		0x19051905,
		0x19051905,
		0x19051905,
		0x19051905,
		0x19051905,
		0x19051905,
		0x19051905,
		0x19051905,
		0x19051905,
		0x19051905,
		0x19051905,
		0x19051905,
		0x19051905,
		0x19051905,
		0x19051905,
		0x19051905,
		0x19051905,
		0x19051905,
		0x19051905,
		0x19051905,
		0x19051905,
		0x19051905,
		0x19051905,
		0x19051905,
		0x19051905,
		0x19051905,
		0x19051905,
		0x19051905,
		0x19051905,
		0x19051905,
		0x19051905,
		0x19051905,
		0x19051905,
		0x19051905,
		0x19051905,
		0x19051905,
		0x19051905,
		0x19051905
	},
	{
		0x00210021,
		0x00210021,
		0x00210021,
		0x00210021,
		0x00210021,
		0x00210021,
		0x00210021,
		0x00210021,
		0x00210021,
		0x00210021,
		0x00210021,
		0x00210021,
		0x00210021,
		0x00210021,
		0x00210021,
		0x00210021,
		0x00210021,
		0x00210021,
		0x00210021,
		0x00210021,
		0x00210021,
		0x00210021,
		0x00210021,
		0x00210021,
		0x00210021,
		0x00210021,
		0x00210021,
		0x00210021,
		0x00210021,
		0x00210021,
		0x00210021,
		0x00210021,
		0x00210021,
		0x00210021,
		0x00210021,
		0x00210021,
		0x00210021,
		0x00210021,
		0x00210021,
		0x00210021,
		0x00210021,
		0x00210021,
		0x00210021,
		0x00210021,
		0x00210021,
		0x00210021,
		0x00210021,
		0x00210021,
		0x00210021,
		0x00210021,
		0x00210021,
		0x00210021,
		0x00210021,
		0x00210021,
		0x00210021,
		0x00210021,
		0x00210021,
		0x00210021,
		0x00210021,
		0x00210021,
		0x00410041,
		0x08410841,
		0x08420842,
		0x08620862,
		0x08620862,
		0x08620862,
		0x10831083,
		0x10831083,
		0x10831083,
		0x10831083,
		0x10831083,
		0x10831083,
		0x10831083,
		0x10831083,
		0x10831083,
		0x10831083,
		0x10831083,
		0x10831083,
		0x10831083,
		0x10831083,
		0x10831083,
		0x10831083,
		0x10831083,
		0x10831083,
		0x10831083,
		0x10831083,
		0x10831083,
		0x10831083,
		0x10831083,
		0x10831083,
		0x10831083,
		0x10831083,
		0x10831083,
		0x10831083,
		0x10831083,
		0x10831083,
		0x10831083,
		0x10831083,
		0x10831083,
		0x10831083,
		0x10831083,
		0x10831083,
		0x10831083,
		0x10831083,
		0x10831083,
		0x10831083,
		0x10831083,
		0x10831083,
		0x10831083,
		0x10831083,
		0x10831083,
		0x10831083,
		0x10831083,
		0x10831083,
		0x10831083,
		0x10831083,
		0x10831083,
		0x10831083,
		0x10831083,
		0x10831083,
		0x10831083,
		0x10831083,
		0x10831083,
		0x10831083,
		0x10831083,
		0x10831083,
		0x10831083,
		0x10831083
	},
	{
		0x00000000,
		0x00000000,
		0x00000000,
		0x00000000,
		0x00000000,
		0x00000000,
		0x00000000,
		0x00000000,
		0x00000000,
		0x00000000,
		0x00000000,
		0x00000000,
		0x00000000,
		0x00000000,
		0x00000000,
		0x00000000,
		0x00000000,
		0x00000000,
		0x00000000,
		0x00000000,
		0x00000000,
		0x00000000,
		0x00000000,
		0x00000000,
		0x00000000,
		0x00000000,
		0x00000000,
		0x00000000,
		0x00000000,
		0x00000000,
		0x00000000,
		0x00000000,
		0x00000000,
		0x00000000,
		0x00000000,
		0x00000000,
		0x00000000,
		0x00000000,
		0x00000000,
		0x00000000,
		0x00000000,
		0x00000000,
		0x00000000,
		0x00000000,
		0x00000000,
		0x00000000,
		0x00000000,
		0x00000000,
		0x00000000,
		0x00000000,
		0x00000000,
		0x00000000,
		0x00000000,
		0x00000000,
		0x00000000,
		0x00000000,
		0x00000000,
		0x00000000,
		0x00000000,
		0x00000000,
		0x00000000,
		0x00000000,
		0x00000000,
		0x00210021,
		0x00210021,
		0x00210021,
		0x08420842,
		0x08420842,
		0x08420842,
		0x08420842,
		0x08420842,
		0x08420842,
		0x08420842,
		0x08420842,
		0x08420842,
		0x08420842,
		0x08420842,
		0x08420842,
		0x08420842,
		0x08420842,
		0x08420842,
		0x08420842,
		0x08420842,
		0x08420842,
		0x08420842,
		0x08420842,
		0x08420842,
		0x08420842,
		0x08420842,
		0x08420842,
		0x08420842,
		0x08420842,
		0x08420842,
		0x08420842,
		0x08420842,
		0x08420842,
		0x08420842,
		0x08420842,
		0x08420842,
		0x08420842,
		0x08420842,
		0x08420842,
		0x08420842,
		0x08420842,
		0x08420842,
		0x08420842,
		0x08420842,
		0x08420842,
		0x08420842,
		0x08420842,
		0x08420842,
		0x08420842,
		0x08420842,
		0x08420842,
		0x08420842,
		0x08420842,
		0x08420842,
		0x08420842,
		0x08420842,
		0x08420842,
		0x08420842,
		0x08420842,
		0x08420842,
		0x08420842,
		0x08420842,
		0x08420842,
		0x08420842,
		0x08420842
	},
	{
		0x00000000,
		0x00000000,
		0x00000000,
		0x00000000,
		0x00000000,
		0x00000000,
		0x00000000,
		0x00000000,
		0x00000000,
		0x00000000,
		0x00000000,
		0x00000000,
		0x00000000,
		0x00000000,
		0x00000000,
		0x00000000,
		0x00000000,
		0x00000000,
		0x00000000,
		0x00000000,
		0x00000000,
		0x00000000,
		0x00000000,
		0x00000000,
		0x00000000,
		0x00000000,
		0x00000000,
		0x00000000,
		0x00000000,
		0x00000000,
		0x00000000,
		0x00000000,
		0x00000000,
		0x00000000,
		0x00000000,
		0x00000000,
		0x00000000,
		0x00000000,
		0x00000000,
		0x00000000,
		0x00000000,
		0x00000000,
		0x00000000,
		0x00000000,
		0x00000000,
		0x00000000,
		0x00000000,
		0x00000000,
		0x00000000,
		0x00000000,
		0x00000000,
		0x00000000,
		0x00000000,
		0x00000000,
		0x00000000,
		0x00000000,
		0x00000000,
		0x00000000,
		0x00000000,
		0x00000000,
		0x00000000,
		0x00000000,
		0x00000000,
		0x00210021,
		0x00210021,
		0x00210021,
		0x08420842,
		0x08420842,
		0x08420842,
		0x08420842,
		0x08420842,
		0x08420842,
		0x08420842,
		0x08420842,
		0x08420842,
		0x08420842,
		0x08420842,
		0x08420842,
		0x08420842,
		0x08420842,
		0x08420842,
		0x08420842,
		0x08420842,
		0x08420842,
		0x08420842,
		0x08420842,
		0x08420842,
		0x08420842,
		0x08420842,
		0x08420842,
		0x08420842,
		0x08420842,
		0x08420842,
		0x08420842,
		0x08420842,
		0x08420842,
		0x08420842,
		0x08420842,
		0x08420842,
		0x08420842,
		0x08420842,
		0x08420842,
		0x08420842,
		0x08420842,
		0x08420842,
		0x08420842,
		0x08420842,
		0x08420842,
		0x08420842,
		0x08420842,
		0x08420842,
		0x08420842,
		0x08420842,
		0x08420842,
		0x08420842,
		0x08420842,
		0x08420842,
		0x08420842,
		0x08420842,
		0x08420842,
		0x08420842,
		0x08420842,
		0x08420842,
		0x08420842,
		0x08420842,
		0x08420842,
		0x08420842,
		0x08420842
	},
	{
		0x00000000,
		0x00000000,
		0x00000000,
		0x00000000,
		0x00000000,
		0x00000000,
		0x00000000,
		0x00000000,
		0x00000000,
		0x00000000,
		0x00000000,
		0x00000000,
		0x00000000,
		0x00000000,
		0x00000000,
		0x00000000,
		0x00000000,
		0x00000000,
		0x00000000,
		0x00000000,
		0x00000000,
		0x00000000,
		0x00000000,
		0x00000000,
		0x00000000,
		0x00000000,
		0x00000000,
		0x00000000,
		0x00000000,
		0x00000000,
		0x00000000,
		0x00000000,
		0x00000000,
		0x00000000,
		0x00000000,
		0x00000000,
		0x00000000,
		0x00000000,
		0x00000000,
		0x00000000,
		0x00000000,
		0x00000000,
		0x00000000,
		0x00000000,
		0x00000000,
		0x00000000,
		0x00000000,
		0x00000000,
		0x00000000,
		0x00000000,
		0x00000000,
		0x00000000,
		0x00000000,
		0x00000000,
		0x00000000,
		0x00000000,
		0x00000000,
		0x00000000,
		0x00000000,
		0x00000000,
		0x00000000,
		0x00000000,
		0x00000000,
		0x00210021,
		0x00210021,
		0x00210021,
		0x08420842,
		0x08420842,
		0x08420842,
		0x08420842,
		0x08420842,
		0x08420842,
		0x08420842,
		0x08420842,
		0x08420842,
		0x08420842,
		0x08420842,
		0x08420842,
		0x08420842,
		0x08420842,
		0x08420842,
		0x08420842,
		0x08420842,
		0x08420842,
		0x08420842,
		0x08420842,
		0x08420842,
		0x08420842,
		0x08420842,
		0x08420842,
		0x08420842,
		0x08420842,
		0x08420842,
		0x08420842,
		0x08420842,
		0x08420842,
		0x08420842,
		0x08420842,
		0x08420842,
		0x08420842,
		0x08420842,
		0x08420842,
		0x08420842,
		0x08420842,
		0x08420842,
		0x08420842,
		0x08420842,
		0x08420842,
		0x08420842,
		0x08420842,
		0x08420842,
		0x08420842,
		0x08420842,
		0x08420842,
		0x08420842,
		0x08420842,
		0x08420842,
		0x08420842,
		0x08420842,
		0x08420842,
		0x08420842,
		0x08420842,
		0x08420842,
		0x08420842,
		0x08420842,
		0x08420842,
		0x08420842,
		0x08420842
	}
};

const static color_t minercaftLogo[9702] = {
	0x4389,0x4389,0x4389,0x4389,0x4389,0x4389,0x4389,0x4389,0x4389,0x4389,0x4389,0x4389,0x4389,0x4389,0x4389,0x4389,0x4389,0x4389,0x4389,0x4389,0x4389,0x4389,0x4389,0x4389,0x4389,0x4389,0x4389,0x4389,0x4389,0x4389,0x4389,0x4389,0x4389,0x4389,0x4389,0x4389,0x4389,0x4389,0x4389,0x4389,0x4389,0x4389,0x4389,0x4389,0x4389,0x4389,0x4389,0x4389,0x4389,0x4389,0x4389,0x4389,0x4389,0x4389,0x4389,0x4389,0x4389,0x4389,0x4389,0x4389,0x4389,0x4389,0x4389,0x4389,0x4389,0x4389,0x4389,0x4389,0x4389,0x4389,0x4389,0x4389,0x4389,0x4389,0x4389,0x4389,0x4389,0x4389,0x4389,0x4389,0x4389,0x4389,0x4389,0x4389,0x4389,0x4389,0x4389,0x4389,0x4389,0x4389,0x4389,0x4389,0x4389,0x4389,0x4389,0x4389,0x4389,0x4389,0x4389,0x4389,0x4389,0x4389,0x4389,0x4389,0x4389,0x4389,0x4389,0x4389,0x4389,0x4389,0x4389,0x4389,0x4389,0x4389,0x4389,0x4389,0x4389,0x4389,0x4389,0x4389,0x4389,0x4389,0x4389,0x4389,0x4389,0x4389,0x4389,0x4389,0x4389,0x4389,0x4389,0x4389,0x4389,0x4389,0x4389,0x4389,0x4389,0x4389,0x4389,0x4389,0x4389,0x4389,0x4389,0x4389,0x4389,0x4389,0x4389,0x4389,0x4389,0x4389,0x4389,0x4389,0x4389,0x4389,0x4389,0x4389,0x4389,0x4389,0x4389,0x4389,0x4389,0x4389,0x4389,0x4389,0x4389,0x4389,0x4389,0x4389,0x4389,0x4389,0x4389,0x4389,0x4389,0x4389,0x4389,0x4389,0x4389,0x4389,0x4389,0x4389,0x4389,0x4389,0x4389,0x4389,0x4389,0x4389,0x4389,0x4389,0x4389,0x4389,0x4389,0x4389,0x4389,0x4389,0x4389,0x4389,0x4389,0x4389,0x4389,0x4389,0x4389,0x4389,0x4389,0x4389,0x4389,0x4389,0x4389,0x4389,0x4389,0x4389,0x4389,0x4389,0x4389,0x4389,0x4389,0x4389,0x4389,0x4389,0x4389,0x4389,0x4389,0x4389,0x4389,0x4389,0x4389,0x4389,0x4389,0x4389,0x4389,0x4389,0x4389,
	0x4389,0x4389,0x4389,0x4389,0x4389,0x4389,0x4389,0x4389,0x4389,0x4389,0x4389,0x4389,0x4389,0x4389,0x4389,0x4389,0x4389,0x4389,0x4389,0x4389,0x4389,0x4389,0x4389,0x4389,0x4389,0x4389,0x4389,0x4389,0x4389,0x4389,0x4389,0x4389,0x4389,0x4389,0x4389,0x4389,0x4389,0x4389,0x4389,0x4389,0x4389,0x4389,0x4389,0x4389,0x4389,0x4389,0x4389,0x4389,0x4389,0x4389,0x4389,0x4389,0x4389,0x4389,0x4389,0x4389,0x4389,0x4389,0x4389,0x4389,0x4389,0x4389,0x4389,0x4389,0x4389,0x4389,0x4389,0x4389,0x4389,0x4389,0x4389,0x4389,0x4389,0x4389,0x4389,0x4389,0x4389,0x4389,0x4389,0x4389,0x4389,0x4389,0x4389,0x4389,0x4389,0x4389,0x4389,0x4389,0x4389,0x4389,0x4389,0x4389,0x4389,0x4389,0x4389,0x4389,0x4389,0x4389,0x4389,0x4389,0x4389,0x4389,0x4389,0x4389,0x4389,0x4389,0x4389,0x4389,0x4389,0x4389,0x4389,0x4389,0x4389,0x4389,0x4389,0x4389,0x4389,0x4389,0x4389,0x4389,0x4389,0x4389,0x4389,0x4389,0x4389,0x4389,0x4389,0x4389,0x4389,0x4389,0x4389,0x4389,0x4389,0x4389,0x4389,0x4389,0x4389,0x4389,0x4389,0x4389,0x4389,0x4389,0x4389,0x4389,0x4389,0x4389,0x4389,0x4389,0x4389,0x4389,0x4389,0x4389,0x4389,0x4389,0x4389,0x4389,0x4389,0x4389,0x4389,0x4389,0x4389,0x4389,0x4389,0x4389,0x4389,0x4389,0x4389,0x4389,0x4389,0x4389,0x4389,0x4389,0x4389,0x4389,0x4389,0x4389,0x4389,0x4389,0x4389,0x4389,0x4389,0x4389,0x4389,0x4389,0x4389,0x4389,0x4389,0x4389,0x4389,0x4389,0x4389,0x4389,0x4389,0x4389,0x4389,0x4389,0x4389,0x4389,0x4389,0x4389,0x4389,0x4389,0x4389,0x4389,0x4389,0x4389,0x4389,0x4389,0x4389,0x4389,0x4389,0x4389,0x4389,0x4389,0x4389,0x4389,0x4389,0x4389,0x4389,0x4389,0x4389,0x4389,0x4389,0x4389,0x4389,0x4389,0x4389,0x4389,0x4389,0x4389,0x4389,
	0x4389,0x4389,0x4389,0x4389,0x4389,0x4389,0x4389,0x4389,0x4389,0x4389,0x0000,0x0000,0x0000,0x0000,0x0000,0x0000,0x0000,0x0000,0x0000,0x0000,0x736d,0x4389,0x4389,0x4389,0x4389,0x4389,0x4389,0x4389,0x4389,0x4389,0x4389,0x0000,0x0000,0x0000,0x0000,0x0000,0x0000,0x0000,0x0000,0x0000,0x0000,0x0000,0x4389,0x0000,0x0000,0x0000,0x0000,0x0000,0x0000,0x0000,0x0000,0x0000,0x0000,0x0000,0xdedb,0x4389,0x0000,0x1082,0x1082,0x0000,0x1082,0x1082,0x0000,0x1082,0x0000,0x1082,0x4389,0x4389,0x4389,0x4389,0x4a69,0x0000,0x0000,0x0000,0x0000,0x0000,0x0000,0x0000,0x0000,0x0000,0x0000,0x4389,0x4389,0x0000,0x0000,0x0000,0x0000,0x0000,0x0000,0x0000,0x0000,0x0000,0x0000,0x0000,0x0000,0x0000,0x0000,0x0000,0x0000,0x0000,0x0000,0x0000,0x0000,0x0000,0x0000,0x2104,0x4389,0x0000,0x0000,0x0000,0x0000,0x0000,0x0000,0x0000,0x0000,0x0000,0x0000,0x0000,0x0000,0x0000,0x0000,0x0000,0x0000,0x0000,0x0000,0x0000,0x0000,0x0000,0x0000,0x0000,0x4389,0x0000,0x0000,0x0000,0x0000,0x0000,0x0000,0x0000,0x0000,0x0000,0x0000,0x0000,0x0000,0x0000,0x0000,0x0000,0x0000,0x0000,0x0000,0x0000,0x0000,0x0000,0x0000,0x0000,0x4389,0x0000,0x0000,0x0000,0x0000,0x0000,0x0000,0x0000,0x0000,0x0000,0x0000,0x0000,0x0000,0x0000,0x0000,0x0000,0x0000,0x0000,0x0000,0x0000,0x0000,0x0000,0x0000,0x0000,0x4389,0x736d,0x0000,0x0000,0x0000,0x0000,0x0000,0x0000,0x0000,0x0000,0x0000,0x0000,0x0000,0x0000,0x0000,0x0000,0x0000,0x0000,0x0000,0x0000,0x0000,0x0000,0x0000,0x0000,0x0000,0x4249,0x0000,0x0000,0x0000,0x0000,0x0000,0x0000,0x0000,0x0000,0x0000,0x0000,0x0000,0x0000,0x0000,0x0000,0x0000,0x0000,0x0000,0x0000,0x0000,0x0000,0x0000,0x0000,0x0000,0x0000,0x4389,0x4389,0x4389,
	0x4389,0x4389,0x4389,0x4389,0x4389,0x4389,0x4389,0x4389,0x4389,0xdedb,0x0000,0xb534,0xb534,0xb534,0xb534,0xb534,0xb534,0xb534,0xb534,0x73ae,0x0000,0x9d14,0x4389,0x4389,0x4389,0x4389,0x4389,0x4389,0x4389,0x4389,0x4389,0x0000,0xb534,0xb534,0xb534,0xb534,0xb534,0xb534,0xb534,0xb534,0xb554,0x0000,0x0000,0x0000,0xc596,0xb534,0xb534,0xb534,0xb534,0xb534,0xb534,0xb534,0xb534,0x0000,0x0000,0x0000,0xbd95,0xb534,0xb534,0xb534,0xb534,0xb534,0xb534,0xb534,0xb534,0x0000,0x4389,0x4389,0x4389,0x4389,0x0000,0xbd95,0xb534,0xb534,0xb534,0xb534,0xb534,0xb534,0xb534,0xb534,0x0000,0x4389,0x0000,0x9491,0xb534,0xb534,0xb534,0xb534,0xb534,0xb534,0xb534,0xb534,0xb534,0xb534,0xb534,0xb534,0xb534,0xb534,0xb534,0xb534,0xb534,0xb534,0xb534,0xb534,0xb554,0x0020,0x0000,0x1082,0xb534,0xb534,0xb534,0xb534,0xb534,0xb534,0xb534,0xb534,0xb534,0xb534,0xb534,0xb534,0xb534,0xb534,0xb534,0xb534,0xb534,0xb534,0xb534,0xb534,0xb534,0x6b4d,0x4389,0x0000,0xb534,0xb534,0xb534,0xb534,0x1082,0xb534,0xb534,0xb534,0xb534,0xb534,0xb534,0xb534,0xb534,0xb534,0xb534,0xb534,0xb534,0xb534,0xb534,0xb534,0xb534,0x0000,0x4389,0x0000,0xb534,0xb534,0xb534,0xb534,0xb534,0xb534,0xb534,0xb534,0xb534,0xb534,0xb534,0xb534,0xb534,0xb534,0xb534,0xb534,0xb534,0xb534,0xb534,0xb534,0xb534,0xb534,0x0000,0x0000,0x0000,0xb534,0xb534,0xb534,0xb534,0xb534,0xb534,0xb534,0xb534,0xb534,0xb534,0xb534,0xb534,0x73ae,0xb534,0xb534,0xb534,0xb534,0xb534,0xb534,0xb534,0xb534,0x0000,0x0000,0x0000,0xb534,0xb534,0xb534,0xb534,0xb534,0xb534,0xb534,0xb534,0xb534,0xb534,0xb534,0xb534,0xb534,0xb534,0xb534,0x39c7,0xb534,0xb534,0xb534,0xb534,0xb534,0xb554,0x0000,0x4389,0x4389,0x4389,
	0x4389,0x4389,0x4389,0x4389,0x4389,0x4389,0x4389,0x4389,0x4389,0x2104,0x5b0b,0xb534,0xb534,0xb534,0xb534,0xb534,0xb534,0xb534,0xb534,0x2104,0x0000,0x0000,0x9d14,0x4389,0x4389,0x4389,0x4389,0x4389,0x4389,0x4389,0x4389,0x0000,0xb534,0xb534,0xb534,0xb534,0xb534,0xb534,0xb534,0xb534,0xb554,0x0000,0x0000,0x0000,0xb534,0xb534,0xb534,0xb534,0xb534,0xb534,0xb534,0xb534,0xb534,0x0000,0x0000,0x0000,0xb534,0xb534,0xb534,0xb534,0xb534,0xb534,0xb534,0xb534,0xb534,0x0000,0x39c7,0x4389,0x4389,0x4389,0x0000,0xb534,0xb534,0xb534,0xb534,0xb534,0xb534,0xb534,0xb534,0xb534,0x0000,0x9cd3,0x0000,0xb534,0xb534,0xb534,0xb534,0xb534,0xb534,0xb534,0xb534,0xb534,0xb534,0xb534,0xb534,0xb534,0xb534,0xb534,0xb534,0xb534,0xb534,0xb534,0xb534,0xb534,0xb554,0x0020,0x0000,0xbd95,0xb534,0xb534,0xb534,0xb534,0xb534,0xb534,0xb534,0xb534,0xb534,0xb534,0xb534,0xb534,0xb534,0xb534,0xb534,0xb534,0xb534,0xb534,0xb534,0xb534,0xb534,0x0000,0x4389,0x0000,0xb534,0xb534,0xb534,0xb534,0xb534,0x4249,0xb534,0xb534,0xb534,0xb534,0xb534,0xb534,0xb534,0xb534,0xb534,0xb534,0xb534,0xb534,0xb534,0xb534,0xb534,0x0000,0x39c7,0x0000,0xbd95,0xb534,0xb534,0xb534,0xb534,0xb534,0xb534,0xb534,0xb534,0xb534,0xb534,0xb534,0xb534,0xb534,0xb534,0xb534,0xb534,0xb534,0xb534,0xb534,0xb534,0xb534,0x0000,0x0000,0x0000,0xb534,0xb534,0xb534,0xb534,0xb534,0xb534,0xb534,0xb534,0xb534,0xb534,0xb534,0xb534,0xb534,0x0000,0xb534,0xb534,0xb534,0xb534,0xb534,0xb534,0xb534,0x8410,0x0000,0x0000,0xb534,0xb534,0xb534,0xb534,0xb534,0xb534,0xb534,0xb534,0xb534,0xb534,0xb534,0xb534,0xb534,0xb534,0xb534,0x0000,0xb534,0xb534,0xb534,0xb534,0xb534,0xb534,0x6b4d,0x18e3,0x4389,0x4389,
	0x4389,0x4389,0x4389,0x4389,0x4389,0x4389,0x4389,0x4389,0x4389,0x0000,0xb534,0xb534,0xb534,0xb534,0xb534,0xb534,0xb534,0xb534,0xb534,0x0000,0x0000,0x0000,0x0000,0x9cd3,0x4389,0x4389,0x4389,0x4389,0x4389,0x4389,0x2104,0x5b0b,0xb534,0xb534,0xb534,0xb534,0xb534,0xb534,0xb534,0xb534,0xbd95,0x0000,0x0000,0x0000,0xb534,0xb534,0xb534,0xb534,0xb534,0xb534,0xb534,0xb534,0xb534,0x0000,0x0000,0x1082,0xb534,0xb534,0xb534,0xb534,0xb534,0xb534,0xb534,0xb534,0xb534,0x0000,0x0000,0x4389,0x4389,0x4389,0x0000,0xb534,0xb534,0xb534,0xb534,0xb534,0xb534,0xb534,0xb534,0xb534,0x0000,0x0000,0x0000,0xb534,0xb534,0xb534,0xb534,0xb534,0xb534,0xb534,0xb534,0xb534,0xb534,0xb534,0xb534,0xb534,0xb534,0xb534,0xb534,0xb534,0xb534,0xb534,0xb534,0xb534,0xbd95,0x0020,0x0000,0xbd95,0xb534,0xb534,0xb534,0xb534,0xb534,0xb534,0xb534,0xb534,0xb534,0xb534,0xb534,0xb534,0xb534,0xb534,0xb534,0xb534,0xb534,0xb534,0xb534,0xb534,0xbd95,0x0000,0x4389,0x0000,0xb534,0xb534,0xb534,0xb534,0xb534,0x2985,0xb534,0xb534,0xb534,0xb534,0xb534,0xb534,0xb534,0xb534,0xb534,0xb534,0xb534,0xb534,0xb534,0xb534,0xb534,0x4249,0x0000,0x0000,0x9491,0xb534,0xb534,0xb534,0xb534,0xb534,0xb534,0xb534,0xb534,0xb534,0xb534,0xb534,0xb534,0xb534,0xb534,0xb534,0xb534,0xb534,0xb534,0xb534,0xb534,0xb534,0x0000,0x0000,0x0000,0xb534,0xb534,0xb534,0xb534,0xb534,0xb534,0xb534,0xb534,0xb534,0xb534,0xb534,0xb534,0xb534,0xb534,0x0000,0x39c7,0xb534,0xb534,0xb534,0xb534,0xb534,0xb534,0x0000,0x0000,0xa4d2,0xb534,0xb534,0xb534,0xb534,0xb534,0xb534,0xbd95,0xb534,0xb534,0xb534,0xb534,0xb534,0xb534,0xb534,0x0000,0xb534,0xb534,0xb534,0xb534,0xb534,0xb534,0x6b4d,0xe73c,0x4389,0x4389,
	0x4389,0x4389,0x4389,0x4389,0x4389,0x4389,0x4389,0x4389,0x4a69,0x0000,0xb534,0xb534,0xb534,0xb534,0xb534,0xb534,0xb534,0xb534,0x4aaa,0x0000,0x0000,0x0000,0x0000,0x4249,0x4389,0x4389,0x4389,0x4389,0x4389,0x4389,0x0000,0xb534,0xb534,0xb534,0xb534,0xb534,0xb534,0xb534,0xb534,0xb534,0x0000,0x0000,0x0000,0x39c7,0xb534,0xb534,0xb534,0xb534,0xb534,0xb534,0xb534,0xb534,0xb554,0x0000,0x0000,0xad13,0xb534,0xb534,0xb534,0xb534,0xb534,0xb534,0xb534,0xb534,0xb534,0x0000,0x0000,0x4389,0x4389,0x4389,0x0000,0xb534,0xb534,0xb534,0xb534,0xb534,0xb534,0xb534,0xb534,0xb534,0x0000,0x0000,0x0000,0xb534,0xb534,0xb534,0xb534,0xb534,0xb534,0xb534,0xb534,0xb534,0xb534,0xb534,0xb534,0xb534,0xb534,0xb534,0xb534,0xb534,0xb534,0xb534,0xb534,0xb534,0xc596,0x0020,0x0000,0xbd95,0xb534,0xb534,0xb534,0xb534,0xb534,0xb534,0xb534,0xb534,0xb534,0xb534,0xb534,0xb534,0xb534,0xb534,0xb534,0xb534,0xb534,0xb534,0xb534,0xb534,0xb554,0x0000,0x4389,0x0000,0xb534,0xb534,0xb534,0xb534,0xb534,0x1082,0xb534,0xb534,0xb534,0xb534,0xb534,0xb534,0xb534,0xb534,0xb534,0xb534,0xb534,0xb534,0xb534,0xb534,0xb534,0x5b0b,0x0000,0x0000,0x2985,0xb534,0xb534,0xb534,0xb534,0xb534,0xb534,0xb534,0xb534,0xb534,0xb534,0xb534,0xb534,0xb534,0xb534,0xb534,0xb534,0xb534,0xb534,0xb534,0xb534,0xb534,0x0000,0x0000,0x0000,0xb534,0xb534,0xb534,0xb534,0xb534,0xb534,0xb534,0xb534,0xb534,0xb534,0xb534,0xb534,0xb534,0xb534,0xb534,0x0000,0xb534,0xb534,0xb534,0xb534,0xb534,0xb534,0x6b4d,0x0000,0x0000,0xb534,0xad13,0xb534,0xb534,0xb534,0xc596,0xb534,0xb534,0xb534,0xb534,0xb534,0xb534,0xb534,0xb534,0xb554,0x0000,0xb534,0xb534,0xb534,0xb534,0xb534,0x4aaa,0xe73c,0x4389,0x4389,
	0x4389,0x4389,0x4389,0x4389,0x4389,0x4389,0x4389,0x4389,0x736d,0x73ae,0xb534,0xb534,0xe6fb,0xe6fb,0xde79,0xad13,0xb534,0xb534,0x39c7,0x0000,0x0000,0x0000,0x0000,0x0000,0x4389,0x4389,0x4389,0x2985,0x0000,0x4a69,0x0000,0x0000,0x0000,0xb534,0xb534,0xb534,0xb534,0xb534,0xb534,0xb534,0x0000,0x0000,0x0000,0xbd95,0xb534,0xb534,0xb534,0xb534,0xb534,0xb534,0xb534,0xb534,0xb534,0x0000,0x0000,0xb534,0xb534,0xb534,0xb534,0xb534,0xb534,0xb534,0xb534,0x5b0b,0x0000,0x0000,0x0000,0x0000,0x4389,0x4389,0x0000,0x0000,0xb534,0xb534,0xb534,0xb534,0xb534,0xb534,0xb534,0xb534,0x0000,0x0000,0x0000,0xb534,0xb534,0xb534,0xb534,0xb534,0xb534,0xb534,0xb534,0xb534,0xb534,0xe6fb,0xe6fb,0xe6fb,0xe6fb,0xe6fb,0xe6fb,0xe6fb,0xe6fb,0xe6fb,0xe6fb,0xb554,0x2985,0x0020,0x0000,0xbd95,0xb534,0xb534,0xb534,0xb534,0xb534,0xb534,0xb534,0xb534,0xb534,0xb534,0xe6fb,0xe6fb,0xe6fb,0xe6fb,0xe6fb,0xe6fb,0xe6fb,0xe6fb,0xe6fb,0xd638,0x8c50,0x0000,0x4389,0x0000,0xb534,0xb534,0xb534,0xb534,0xb534,0x0000,0xb534,0xb534,0xb534,0xb554,0xb554,0xb534,0xb534,0xb534,0xb534,0xb534,0xb534,0xb534,0xb534,0xb534,0xb534,0x5b0b,0x0000,0x0000,0x0000,0xb534,0xb534,0xb534,0xb534,0xb534,0xbd95,0xd638,0xe6fb,0xb554,0xb534,0xb534,0xb534,0xb534,0xe6fb,0xef7c,0xef7c,0xb534,0xb534,0xb534,0xb534,0xb534,0x73ae,0x0000,0x0000,0xb534,0xb534,0xb534,0xb534,0xb534,0xb534,0xb534,0xb534,0xb534,0xb534,0xe6fb,0xef7c,0xef7c,0xef7c,0xf7df,0x0000,0xef7c,0xef7c,0xef7c,0xef7c,0xef7c,0xef7c,0x4249,0x0000,0x0000,0xb554,0xe6fb,0xef7c,0xe6fb,0xde79,0x1082,0xb554,0xb534,0xb534,0xb534,0xb534,0xb534,0xb534,0xb534,0xb534,0x0000,0xa4d2,0xe6fb,0xe6fb,0xef7c,0xe6fb,0x0000,0x18e3,0x4389,0x4389,
	0x4389,0x4389,0x4389,0x4389,0x4389,0x4389,0x4389,0x4389,0x0000,0x0000,0x0000,0x0000,0x0000,0xb554,0xc596,0xde79,0xc596,0x39c7,0x0000,0x6b4d,0xa4d2,0x0000,0x0000,0x0000,0x0000,0x4389,0x4389,0x0000,0xb534,0xb534,0xb534,0xb534,0x39c7,0xbd95,0xb534,0xb534,0xb534,0xb534,0xb534,0xb554,0x0000,0x0000,0x0000,0xb534,0xb534,0xb534,0xb534,0xb534,0xb534,0xb534,0xb534,0xb534,0x0000,0x0000,0x0000,0xb534,0xb534,0xb534,0xb534,0xb534,0xb534,0xb534,0xb534,0xb534,0xb534,0xb534,0xb534,0x0000,0x0000,0x9cd3,0x0000,0x0000,0x0000,0x0000,0x0000,0xb534,0xe6fb,0xe6fb,0xb534,0xb534,0x0000,0x0000,0x0000,0xb534,0xb534,0xb534,0xb534,0xb534,0xb534,0xb534,0xb534,0xb534,0x0000,0x0000,0x0000,0x0000,0x0000,0x0000,0x0000,0x0000,0x0000,0x0000,0x0000,0x0000,0x0000,0x0020,0x0000,0xbd95,0xb534,0xb534,0xb534,0xb534,0xb534,0xb534,0xb534,0xb534,0xb534,0x0000,0x0000,0x0000,0x0000,0x0000,0x0000,0x0000,0x0000,0x0000,0x0000,0x0000,0x0000,0x0000,0x1082,0x0000,0xb534,0xb534,0xb534,0xb534,0xb534,0x0000,0xb534,0xb534,0xb534,0x0000,0x0000,0x0000,0xbd95,0xb534,0xb534,0xb534,0xb534,0xb534,0xb534,0xb534,0xb534,0xb534,0x0000,0x0000,0x0000,0xb534,0xb534,0xb534,0xb534,0xb534,0x0000,0x0000,0x0000,0x0000,0xb534,0xb534,0xb534,0x8c50,0x0000,0x0000,0x0000,0xb534,0xb534,0xb534,0xb534,0xb534,0xbd95,0x0000,0x0000,0xb534,0xb534,0xb534,0xb534,0xb534,0xb534,0xb534,0xb534,0xb534,0xb534,0x0000,0x0000,0x0000,0x0000,0x0000,0x0000,0x0000,0x0000,0x0000,0x0000,0x0000,0x0000,0x0000,0x0000,0x0000,0x0000,0x0000,0x0000,0x0000,0x0000,0x0000,0xb554,0xb534,0xb534,0xb534,0xb534,0xb534,0xb534,0xb534,0xb534,0x0000,0x0000,0x0000,0x0000,0x0000,0x0000,0x0000,0x4389,0x4389,0x4389,
	0x4389,0x4389,0x4389,0x4389,0x4389,0x4389,0x4389,0x4389,0x0000,0xb534,0xb534,0xb534,0xb534,0xb534,0xb534,0xb534,0xb534,0xb534,0xb534,0xb534,0xb534,0x0000,0x0000,0x0000,0x0000,0x0000,0x0000,0x9491,0xb534,0xb534,0xb534,0xb534,0x39c7,0xbd95,0xb534,0xb534,0xb534,0xb534,0xb534,0x39c7,0x0000,0x0000,0x0000,0xb534,0xb534,0xb534,0xb534,0xb534,0xad13,0x1082,0x1082,0x0000,0x0000,0x0000,0x0000,0xb534,0xb534,0xb534,0xb534,0xb534,0xb534,0xb534,0xb534,0xb534,0xb534,0xb534,0xb534,0x0000,0x0000,0x0000,0x4249,0xb534,0xb534,0xb534,0xbd95,0xbd95,0xbd95,0xad13,0x5b0b,0xb534,0x0000,0x0000,0x0000,0xbd95,0xb534,0xb554,0x73ae,0xbd95,0xb534,0xb534,0xb534,0xb534,0x0000,0x0000,0x0000,0x0000,0x0000,0x0000,0x0000,0x0000,0x0000,0x0000,0x0000,0x0000,0x0000,0x0020,0x0000,0xbd95,0xb534,0xb534,0xb534,0xb534,0xb534,0xb534,0xb534,0xb534,0xb534,0x0000,0x0000,0x0000,0x0000,0x0000,0x0000,0x0000,0x0000,0x0000,0x0000,0x0000,0x0000,0x0000,0x0000,0x0000,0xb534,0xb534,0xad13,0xad13,0xb534,0x0000,0xb534,0xb534,0xb534,0x1082,0x0000,0x0000,0xbd95,0xb534,0xb534,0xb534,0xb534,0xb534,0xb534,0xb534,0xb534,0xb534,0x0000,0x0000,0x0000,0xb534,0xb534,0xb534,0xb534,0xb534,0x1082,0x0000,0x0000,0x0000,0xb534,0xb534,0xb534,0x2985,0x0000,0x0000,0x0000,0xbd95,0xb534,0xb534,0xb534,0xb534,0xb534,0x0000,0x0000,0xbd95,0xb534,0xb534,0xb534,0xb534,0xb534,0xb534,0xb534,0xb534,0xb534,0x0000,0x0000,0x0000,0x0000,0x0000,0x0000,0x0000,0x0000,0x0000,0x0000,0x0000,0x0000,0x0000,0x0000,0x0000,0x0000,0x0000,0x0000,0x0000,0x0000,0x0000,0x0000,0xb534,0xb534,0xb534,0xb534,0xb534,0xb534,0xb534,0xb534,0xb554,0x0000,0x0000,0x0000,0x0000,0x0000,0x9cd3,0x4389,0x4389,0x4389,
	0x4389,0x4389,0x4389,0x4389,0x4389,0x4389,0x4389,0x736d,0xbd95,0xb534,0xb534,0xb534,0xb534,0xb534,0xb534,0xb534,0xb534,0xb534,0xb534,0xb534,0xa4d2,0x0000,0x0000,0x0000,0x0000,0x0000,0x0000,0xb534,0xb534,0xb534,0xb534,0xb534,0x39c7,0xbd95,0xb534,0xb534,0xb534,0xb534,0xb534,0x0000,0x0000,0x0000,0x2985,0xb534,0xb534,0xb534,0xb534,0xb534,0xb534,0xb534,0xb534,0xb554,0x0000,0x0000,0x2104,0xb534,0xb534,0xb534,0xb534,0xb534,0xb534,0xb534,0xb534,0xb534,0xb534,0xb534,0xb534,0x0000,0x0000,0x0000,0xbd95,0xb534,0xb534,0xb534,0xb534,0xb534,0xb534,0xb534,0xb534,0xbd95,0x0000,0x0000,0x0000,0x1082,0x6b4d,0xb554,0xb554,0xb534,0xb534,0xb534,0xb534,0xb534,0x0000,0x0000,0x0000,0x0000,0x0000,0x0000,0x0000,0x0000,0x0000,0x0000,0x0000,0x0000,0x0000,0x0020,0x0000,0xbd95,0xb534,0xb534,0xb534,0xb534,0xb534,0xb534,0xb534,0xb534,0xb534,0x0000,0x0000,0x0000,0x0000,0x0000,0x0000,0x0000,0x0000,0x0000,0x0000,0x0000,0x0000,0x1082,0x0000,0x0000,0x0000,0x0000,0x0000,0x0000,0xb554,0x0000,0xb534,0xb534,0xb534,0xb534,0x0000,0x0000,0xbd95,0xb534,0xb534,0xb534,0xb534,0xb534,0xb534,0xb534,0xb534,0xb534,0x1082,0x0000,0x0000,0xb534,0xb534,0xb534,0xb534,0xb534,0xb534,0xb534,0xb534,0xb534,0x0000,0x0000,0x0000,0x8410,0xb534,0xb534,0xb534,0xb534,0xb534,0xb534,0xb534,0xb534,0xb534,0x0000,0x0000,0x5b0b,0xb534,0xb534,0xb534,0xb534,0xb534,0xb534,0xb534,0xb534,0xb534,0x6b4d,0x0000,0x0000,0x0000,0x0000,0x0000,0x0000,0x0000,0x0000,0x0000,0x0000,0x0000,0x0000,0x0000,0x0000,0x0000,0x0000,0x0000,0x0000,0x0000,0x0000,0x0000,0xb534,0xb534,0xb534,0xb534,0xb534,0xb534,0xb534,0xb534,0xb534,0x0000,0x0000,0x0000,0x0000,0x4a69,0x4389,0x4389,0x4389,0x4389,
	0x4389,0x4389,0x4389,0x4389,0x4389,0x4389,0x4389,0x0000,0xb534,0xb534,0xb534,0xb534,0xb534,0xb534,0xb534,0xb534,0xb534,0xb534,0xb534,0xb534,0x0000,0x0000,0x0000,0x0000,0x0000,0x0000,0x0000,0xb534,0xb534,0xb534,0xb534,0xb534,0x39c7,0xbd95,0xb534,0xb534,0xb534,0xb534,0xb534,0x0000,0x0000,0x0000,0xbd95,0xb534,0xb534,0xb534,0xb534,0xb534,0xb534,0xb534,0xb534,0xb534,0x0000,0x0000,0xb554,0xb534,0xb534,0xb534,0xb534,0xb534,0xb534,0xb534,0xb534,0xb534,0xb534,0xb534,0xb534,0x0000,0x0000,0x0000,0xb534,0xb534,0xb534,0xb534,0xb534,0xb534,0xb534,0xb534,0xb534,0xb554,0x0000,0x0000,0xb554,0xb534,0xb534,0xb534,0xb534,0xb534,0xb534,0xb534,0xb534,0xb554,0x0000,0x0000,0x0000,0x0000,0x0000,0x0000,0x0000,0x0000,0x0000,0x0000,0x0000,0x0000,0x0000,0x0020,0x0000,0xbd95,0xb534,0xb534,0xbd95,0xe6fb,0xe6fb,0xef7c,0xb534,0x73ae,0xb534,0x0000,0x0000,0x0000,0x0000,0x0000,0x0000,0x0000,0x0000,0x0000,0x0000,0x0000,0x0000,0x9cd3,0x0000,0x0000,0x1082,0xb534,0xb534,0xb534,0xb534,0x0000,0xb534,0xb534,0xb534,0xb534,0x0000,0x0000,0xb554,0xb534,0xb534,0xb534,0xb534,0xb534,0xb534,0xb534,0xb534,0xb534,0x1082,0x0000,0x0000,0xb534,0xb534,0xb534,0xb534,0xb534,0xb534,0xb534,0xb534,0xb534,0x0000,0x0000,0x0000,0x0000,0xb534,0xb534,0xb534,0xb534,0xb534,0xb534,0xb534,0xb534,0xb534,0x0000,0x0000,0x0000,0xb534,0xb534,0xb534,0xb534,0xb534,0xb534,0xb534,0xb534,0xb534,0xbd95,0x0000,0x0000,0x0000,0x0000,0x0000,0x0000,0x0000,0x0000,0x0000,0x0000,0x0000,0x0000,0x0000,0x0000,0x0000,0x0000,0x0000,0x0000,0x0000,0x0000,0x0000,0xbd95,0xb534,0xb534,0xb534,0xb534,0xb534,0xb534,0xb534,0xb534,0x5b0b,0x0000,0x0000,0x0000,0x4389,0x4389,0x4389,0x4389,0x4389,
	0x4389,0x4389,0x4389,0x4389,0x4389,0x4389,0x4389,0x0000,0xb534,0xb534,0xb534,0xb534,0xb534,0xb534,0xb534,0xb534,0xb534,0xb534,0xb534,0xb534,0x0000,0x0000,0x0000,0x0000,0x0000,0x0000,0xb554,0xb534,0xb534,0xb534,0xd638,0xe6fb,0x4249,0xb554,0xb534,0xb534,0xb534,0xb534,0x8c50,0x0000,0x0000,0x0000,0xb534,0xb534,0xb534,0xb534,0xb534,0xb534,0xb534,0xb534,0xb534,0x2104,0x0000,0x0000,0xb534,0xb534,0xb534,0xb534,0xb534,0xb534,0xb534,0xb534,0xb534,0xb534,0xb534,0xb534,0xb534,0x0000,0x0000,0x5b0b,0xb534,0xb534,0xb534,0xb534,0xb534,0xb534,0xb534,0xb534,0xb534,0x73ae,0x0000,0x0000,0xbd95,0xb534,0xb534,0xb534,0xb534,0xb534,0xb534,0xb534,0xb534,0x5b0b,0x0000,0x0000,0x0000,0x0000,0x0000,0x0000,0x0000,0x0000,0x0000,0x0000,0x0000,0x0000,0x0000,0x0020,0x0000,0xbd95,0xb534,0xb534,0xb534,0xb534,0xb554,0xb554,0xb554,0xa4d2,0x0000,0x0000,0x0000,0x0000,0x0000,0x0000,0x0000,0x0000,0x0000,0x0000,0x0000,0x0000,0x0000,0x18e3,0x0000,0x0000,0xb534,0xb534,0xb534,0xb534,0xb534,0x1082,0xb534,0xb534,0xb534,0xb534,0x0000,0x0000,0xb534,0xb534,0xb534,0xb534,0xb534,0xb534,0xb534,0xb534,0xbd95,0xb554,0x1082,0x0000,0x0000,0xbd95,0xb534,0xb534,0xb534,0xb534,0xb534,0xb534,0x4aaa,0x0000,0x0000,0x0000,0x0000,0x0000,0x0000,0x0000,0xb534,0xb534,0xb534,0xb534,0xb534,0xb534,0xb534,0x2104,0x0000,0x0000,0xb534,0xb534,0xb534,0xb534,0xb534,0xb534,0xb534,0xb534,0xb534,0xb534,0x8410,0x2104,0x1082,0x0000,0x0000,0x0000,0x0000,0x0000,0x0000,0x0000,0x0000,0x0000,0x0000,0x0000,0x0000,0x0000,0x0000,0x0000,0x0000,0x0000,0x0000,0x2104,0xb534,0xb534,0xb534,0xb534,0xb534,0xb534,0xb534,0xb534,0xb534,0x0000,0x0000,0x4389,0x4389,0x4389,0x4389,0x4389,0x4389,
	0x4389,0x4389,0x4389,0x4389,0x4389,0x4389,0x4389,0x8c50,0xb534,0xb534,0xb534,0xb534,0xb534,0xb534,0xb534,0xb534,0xb534,0xb534,0xb534,0xb534,0xb534,0xb534,0xb534,0xb534,0xb534,0xb534,0x0000,0x0000,0x0000,0x0000,0x0000,0x0000,0x0000,0x0000,0x0000,0xb534,0xb534,0xbd95,0x0000,0x0000,0x0000,0x0000,0xb534,0xb534,0xb534,0xb534,0xb534,0xb534,0xb534,0xb534,0xb534,0x0000,0x0000,0x0000,0xb534,0xb534,0xb534,0xb534,0xb534,0xb534,0xb534,0xb534,0xb534,0xb534,0xb534,0xb534,0xb534,0xb534,0xb534,0xb534,0xb534,0xb534,0xb534,0xb534,0xb534,0xb534,0xb534,0xb534,0xb534,0x2985,0x0000,0x0000,0xb534,0xb534,0xb534,0xb534,0xb534,0xb534,0xb534,0xb534,0xb534,0xb534,0xb534,0xb534,0xb534,0xb534,0xb534,0x0000,0x2104,0xb554,0xb554,0xb554,0xb554,0xb534,0x0000,0x0020,0x0000,0xb554,0xb534,0xb534,0xb534,0xb534,0xb534,0xb534,0xb534,0xb534,0xb534,0x0000,0x0000,0x0000,0x0000,0x0000,0x0000,0x0000,0x0000,0x0000,0x0000,0x0000,0x0000,0x4389,0x0000,0x0000,0xb534,0xb534,0xb534,0xb534,0xb534,0x0000,0x6b4d,0x1082,0x0000,0xb534,0xb534,0xb534,0xb534,0xb534,0xb534,0xb534,0xb534,0xb534,0xb534,0x0000,0x0000,0x0000,0x0000,0x0000,0x0000,0x8c50,0xb534,0xb534,0xb534,0xb534,0xb534,0xb534,0x4249,0x0000,0x0000,0x0000,0x0000,0x0000,0x0000,0x0000,0x0000,0xb534,0xb534,0xb534,0xb534,0xb534,0xb534,0xad13,0x0000,0x0000,0xb534,0xb534,0xb534,0xb534,0xb534,0xb534,0xb534,0xb534,0xb534,0xb534,0xb534,0xb534,0xb534,0xb534,0xb534,0xb534,0xb534,0xb534,0xb534,0xb534,0xb534,0xb534,0xbd95,0x0000,0x0000,0x0000,0x0000,0x0000,0x0000,0x0000,0x0000,0x0000,0xb534,0xb534,0xb534,0xb534,0xb534,0xb534,0xb534,0xb534,0xb534,0x0000,0x4aaa,0x4389,0x4389,0x4389,0x4389,0x4389,0x4389,
	0x4389,0x4389,0x4389,0x4389,0x4389,0x4389,0x0000,0xb534,0xb534,0xb534,0xb534,0xb534,0xb534,0xb534,0xb534,0xb534,0xb534,0xb534,0xb534,0xb534,0xb534,0xb534,0xb534,0xb534,0xb534,0xb534,0xb534,0xb534,0xb534,0xb534,0xb534,0xb534,0xb534,0xb534,0xb554,0x0000,0x0000,0x0000,0x0000,0x0000,0x0000,0x1082,0xb534,0xb534,0xb534,0xb534,0xb534,0xb534,0xb534,0xb534,0xb534,0x0000,0x0000,0x0000,0xb534,0xb534,0xb534,0xb534,0xb534,0xb534,0xb534,0xb534,0xb534,0xb534,0xb534,0xb534,0xb534,0xb534,0xb534,0xb534,0xb534,0xb534,0xb534,0xb534,0xb534,0xb534,0xb534,0xb534,0xb534,0x0000,0x0000,0x0000,0xb534,0xb534,0xb534,0xb534,0xb534,0xb534,0xb534,0xb534,0xb534,0xb534,0xb534,0xb534,0xb534,0xb534,0xb534,0x0000,0xb534,0xb534,0xb534,0xb534,0xb534,0xb534,0x0000,0x0020,0x0000,0xb554,0xb534,0xb534,0xb534,0xb534,0xb534,0xb534,0xb534,0xb534,0xb534,0x0000,0x0000,0x0000,0x0000,0x0000,0x0000,0x0000,0x0000,0x0000,0x0000,0x0000,0x0000,0x4389,0x0000,0x0000,0xb534,0xb534,0xb534,0xb534,0xb534,0xb534,0xbd95,0xb534,0xb534,0xa4d2,0xb534,0xb534,0xb534,0xb534,0xb534,0xb534,0x6b4d,0x0000,0x0000,0x0000,0x0000,0x0000,0x0000,0x0000,0x0000,0x2104,0xb534,0xb534,0xb534,0xb534,0xb534,0xb534,0x8410,0x0000,0x0000,0x0000,0x0000,0x0000,0x0000,0x0000,0x0000,0xb534,0xb534,0xb534,0xb534,0xb534,0xb534,0xb554,0x0000,0x0000,0xbd95,0xb534,0xb534,0xb534,0xb534,0xb534,0xb534,0xb534,0xb534,0xb534,0xb534,0xb534,0xb534,0xb534,0xb534,0xb534,0x8410,0xb534,0xb534,0xb534,0xb534,0xb534,0xb534,0x0000,0x0000,0x0000,0x0000,0x0000,0x0000,0x0000,0x0000,0x0000,0xb534,0xb534,0xb534,0xb534,0xb534,0xb534,0xb534,0xb534,0xb534,0x73ae,0x0000,0x4389,0x4389,0x4389,0x4389,0x4389,0x4389,
	0x4389,0x4389,0x4389,0x4389,0x4389,0x4389,0x0000,0xb534,0xb534,0xb534,0xb534,0xb534,0xb534,0xb534,0xb534,0xb534,0xb534,0xb534,0xb534,0xb534,0xb534,0xb534,0xb534,0xb534,0xb534,0xb534,0xb534,0xb534,0xb534,0xb534,0xb534,0xb534,0xb534,0xb534,0xb534,0xb534,0xb534,0xb534,0x4aaa,0x0000,0x0000,0xbd95,0xb534,0xb534,0xb534,0xb534,0xb534,0xb534,0xb534,0xb534,0xb534,0x0000,0x0000,0x39c7,0xb534,0xb534,0xb534,0xb534,0xb534,0xb534,0xb534,0xb534,0xb534,0xb534,0xb534,0xb534,0xb534,0xb534,0xb534,0xb534,0xb534,0xb534,0xb534,0xb534,0xb534,0xb534,0xb534,0xb534,0xb534,0x0000,0x0000,0x0000,0xb534,0xb534,0xb534,0xb534,0xb534,0xb534,0xb534,0xb534,0xb534,0xb534,0xb534,0xb534,0xb534,0xb534,0xb534,0x0000,0xb534,0xb534,0xb534,0xb534,0xb534,0xb534,0x0000,0x0020,0x0000,0xb554,0xb534,0xb534,0xb534,0xb534,0xb534,0xb534,0xb534,0xb534,0xb534,0x0000,0x0000,0x0000,0x0000,0x0000,0x0000,0x0000,0x0000,0x0000,0x0000,0x0000,0x0000,0x4389,0x0000,0x0000,0xb534,0xb534,0xb534,0xb534,0xb534,0xb534,0xb534,0xb534,0xb534,0xb534,0xb534,0xb534,0xb534,0xb534,0xb534,0xb534,0xb534,0xb534,0xb554,0xb554,0xb534,0xb534,0x1082,0x0000,0x0000,0x0000,0xb534,0xb534,0xb534,0xb534,0xb534,0xb534,0xb534,0x0000,0x0000,0xb534,0xad13,0xad13,0xb554,0x0000,0x0000,0xb534,0xb534,0xb534,0xb534,0xb534,0xb534,0xb534,0x0000,0x0000,0x4aaa,0xb534,0xb534,0xb534,0xb534,0xb534,0xb534,0xb534,0xb534,0xb534,0xb534,0xb534,0xb534,0xb534,0xb534,0xb554,0xbd95,0xb534,0xb534,0xb534,0xb534,0xb534,0xb534,0x0000,0x0000,0x0000,0x0000,0x0000,0x0000,0x0000,0x0000,0x0000,0x73ae,0xb534,0xb534,0xb534,0xb534,0xb534,0xb534,0xb534,0xb534,0xb534,0x0000,0x4389,0x4389,0x4389,0x4389,0x4389,0x4389,
	0x4389,0x4389,0x4389,0x4389,0x4389,0x4389,0x0000,0x4249,0x5b0b,0xb554,0xb534,0xb534,0xb534,0xb534,0xb534,0xb534,0xb534,0xb534,0xb534,0xb534,0xb534,0xb534,0xb534,0xb534,0xb534,0xb534,0xb534,0xb534,0xb534,0xb534,0xb534,0xb534,0xb534,0xb534,0xb534,0xb534,0xb534,0xb534,0x0000,0x0000,0x0000,0xb534,0xb534,0xb534,0xb534,0xb534,0xb534,0xb534,0xb534,0xb534,0xb534,0x0000,0x0000,0xbd95,0xb534,0xb534,0xb534,0xb534,0xb534,0xb534,0xb534,0xb534,0xb534,0x39c7,0x4249,0xad13,0xb534,0xb534,0xb534,0xb534,0xb534,0xb534,0xb534,0xb534,0xb534,0xb534,0xb534,0xb534,0xb534,0x0000,0x0000,0x0000,0xb534,0xb534,0xb534,0xb534,0xb534,0xb534,0xb534,0xb534,0xb534,0xb534,0xb534,0xb534,0xb534,0xb534,0xb534,0xb534,0xb534,0xb534,0xb534,0xb534,0xb534,0xb534,0x0000,0x0020,0x0000,0x39c7,0x5b0b,0xad13,0xb534,0xb534,0xb534,0xb534,0xb534,0xb534,0xb534,0x0000,0x0000,0x0000,0x0000,0x0000,0x0000,0x0000,0x0000,0x0000,0x0000,0x0000,0x0000,0x4389,0x0000,0x0000,0xb534,0xb534,0xb534,0xb534,0xb534,0xb534,0xb534,0xb534,0xb534,0xb534,0xb534,0xb534,0xb534,0xb534,0xb534,0xb534,0xb534,0xb534,0xb534,0xb534,0xb534,0xb534,0x2985,0x0000,0x0000,0x0000,0xb534,0xb534,0xb534,0xb534,0xb534,0xb534,0xb534,0x0000,0x0000,0xb534,0xb534,0xb534,0xb534,0x0000,0x0000,0xb534,0xb534,0xb534,0xb534,0xb534,0xb534,0xb534,0x0000,0x0000,0x0000,0xb534,0xb534,0xb534,0xb534,0xb534,0xb534,0xb534,0xb534,0xb534,0xb534,0xb534,0xb534,0xb534,0xb534,0x73ae,0xb534,0xb534,0xb534,0xb534,0xb534,0xb534,0xb534,0xad13,0x0000,0x0000,0x0000,0x0000,0x0000,0x0000,0x0000,0x0000,0x0000,0xb534,0xb534,0xb534,0xb534,0xb534,0xb534,0xb534,0xb534,0xb534,0x0000,0x1082,0x4389,0x4389,0x4389,0x4389,0x4389,
	0x4389,0x4389,0x4389,0x4389,0x4389,0xdedb,0x0000,0xb534,0xb554,0x0000,0xb534,0xb534,0xb534,0xb534,0xb534,0xb534,0xb534,0xb534,0xb534,0xb534,0xb534,0xb534,0xb534,0xb534,0xb534,0xb534,0xb534,0xb534,0xb534,0xb534,0xb534,0xb534,0xb534,0xb534,0xb534,0xb534,0xb534,0xb534,0x0000,0x0000,0x0000,0xb534,0xb534,0xb534,0xb534,0xb534,0xb534,0xb534,0xb534,0xb534,0x2104,0x0000,0x0000,0xb534,0xb534,0xb534,0xb534,0xb534,0xb534,0xb534,0xb534,0xb534,0xb534,0x0000,0x0000,0x0000,0xb554,0xb534,0xb534,0xb534,0xb534,0xb534,0xb534,0xb534,0xb534,0xb534,0xb534,0xb534,0xb534,0x0000,0x0000,0x0000,0xb534,0xb534,0xb534,0xb534,0xb534,0xb534,0xb534,0xb534,0xb534,0xb534,0xb534,0xb534,0xb534,0xb534,0xb534,0xb534,0xb534,0xb534,0xb534,0xb534,0xb534,0xb534,0x0000,0x0020,0x0000,0x0000,0xb534,0xb534,0xb534,0xb534,0xb534,0xb534,0xb534,0xb534,0xb534,0x0000,0x0000,0x0000,0x0000,0x0000,0x0000,0x0000,0x0000,0x0000,0x0000,0x0000,0x0000,0x4389,0x0000,0x0000,0xb534,0xb534,0xb534,0xb534,0xb534,0xb534,0xb534,0xb534,0xb534,0xb534,0xad13,0xad13,0xb534,0xb534,0xb534,0xb534,0xb534,0xb534,0xb534,0xb534,0xb534,0xb534,0xb554,0x0000,0x0000,0x0000,0xb534,0xb534,0xb534,0xb534,0xb534,0xb534,0xb534,0xb534,0xb534,0xb534,0xb534,0xb534,0xb534,0xb534,0xb534,0xb534,0xb534,0xb534,0xb534,0xb534,0xb534,0xb534,0x0000,0x0000,0x0000,0xb534,0xb534,0xb534,0xb534,0xb534,0xb534,0xb534,0xb534,0xb534,0xb534,0xb534,0xb534,0xb534,0xb534,0x0000,0xad13,0xad13,0xad13,0xad13,0xad13,0xad13,0xad13,0xb534,0x0000,0x0000,0x0000,0x0000,0x0000,0x0000,0x0000,0x0000,0x0000,0xb534,0xb534,0xb534,0xb534,0xb534,0xb534,0xb534,0xb534,0xb534,0x8c50,0x0000,0x4389,0x4389,0x4389,0x4389,0x4389,
	0x4389,0x4389,0x4389,0x4389,0x4389,0x0000,0xb534,0xb534,0xb534,0x0000,0xb534,0xb534,0xb534,0xb534,0xb534,0xe6fb,0xe6fb,0xe6fb,0xb534,0xb534,0xb534,0xb534,0xb534,0xb534,0xb534,0xde79,0xe6fb,0xe6fb,0xad13,0xb534,0xb534,0xb534,0xb534,0xb534,0xb534,0xb534,0xb534,0xb554,0x0000,0x0000,0x1082,0xb534,0xb534,0xb534,0xb534,0xb534,0xb534,0xb534,0xb534,0xb534,0x0000,0x0000,0x0000,0xb534,0xb534,0xb534,0xb534,0xb534,0xb534,0xb534,0xb534,0xb534,0xb534,0x0000,0x0000,0x0000,0xb534,0xb534,0xb534,0xb534,0xb534,0xb534,0xb534,0xb534,0xb534,0xb534,0xb534,0xb534,0xb534,0x0000,0x0000,0x0000,0xb534,0xb534,0xb534,0xb534,0xb534,0xb534,0xb534,0xb534,0xb534,0xb534,0xe6fb,0xe6fb,0xe6fb,0xe6fb,0xe6fb,0x2104,0xe6fb,0xe6fb,0xe6fb,0xe6fb,0xb534,0x39c7,0x0000,0x0020,0x0000,0xbd95,0xb534,0xb534,0xb534,0xb534,0xb534,0xb534,0xb534,0xb534,0xb534,0x0820,0x4389,0x4389,0xdedb,0x4389,0x4389,0xdedb,0x4389,0x4389,0x4389,0x4389,0x4389,0x4389,0xdedb,0x0000,0xbd95,0xb534,0xb534,0xb534,0xb534,0xb534,0xb534,0xb534,0xb534,0xb534,0xc596,0xde79,0xd638,0xb534,0xb534,0xb534,0xb534,0xb534,0xb534,0xb534,0xb534,0xb534,0xb534,0x0000,0x0000,0x0000,0xb534,0xb534,0xb534,0xb534,0xb534,0xb534,0xb534,0xb534,0xb534,0xb534,0xb534,0xb534,0xb534,0xb534,0xb534,0xb534,0xb534,0xb534,0xb534,0xb534,0xb534,0xb534,0x6b4d,0x0000,0x0000,0xb534,0xb534,0xb534,0xb534,0xb534,0xb534,0xb534,0xb534,0xb534,0xb534,0xb534,0xc5d6,0x73ae,0x0000,0x0000,0xe6fb,0xe6fb,0xde79,0xde79,0xcdf7,0xc596,0xbd95,0xcdf7,0x0000,0x0000,0x0000,0x0000,0x0000,0x0000,0x0000,0x0000,0x0000,0xad13,0xb534,0xb534,0xb534,0xb534,0xb534,0xb534,0xb534,0xb534,0xb534,0x0000,0x4389,0x4389,0x4389,0x4389,0x4389,
	0x4389,0x4389,0x4389,0x4389,0x4389,0x39c7,0xb534,0xb534,0xb534,0x39c7,0xb534,0xb534,0xb534,0xb534,0xb534,0x0000,0x0000,0x4249,0xb534,0xb534,0xb534,0xb534,0xb534,0xb534,0xb534,0x0000,0x0000,0xb534,0xb534,0xb534,0xb534,0xb534,0xb534,0xb534,0xb534,0xb534,0xb534,0x73ae,0x0000,0x0000,0xb534,0xb534,0xb534,0xb534,0xb534,0xb534,0xb534,0xb534,0xb534,0xb534,0x0000,0x0000,0x0000,0xb534,0xb534,0xb534,0xb534,0xb534,0xb534,0xb534,0xb534,0xb534,0xb534,0x0000,0x0000,0x0000,0xb534,0xb534,0xb534,0xb534,0xb534,0xb534,0xb534,0xb534,0xb534,0xb534,0xb534,0xb534,0xb554,0x0000,0x0000,0x0000,0xb534,0xb534,0xb534,0xb534,0xb534,0xb534,0xb534,0xb534,0xb534,0x6b4d,0x0000,0x0000,0x0000,0x0000,0x0000,0x0000,0x0000,0x0000,0x0000,0x0000,0x0000,0x0000,0x0000,0x0020,0x0000,0xbd95,0xb534,0xb534,0xb534,0xb534,0xb534,0xb534,0xb534,0xb534,0xbd95,0x0820,0x4389,0x4389,0x4389,0x4389,0x4389,0x4389,0x4389,0x4389,0x4389,0x4389,0x4389,0x4389,0x4389,0x0000,0x0000,0xb534,0xb534,0xb534,0xb534,0xb534,0xb534,0xb534,0xb534,0xb534,0x0000,0x0000,0x0000,0xb554,0xb534,0xbd95,0xbd95,0xad13,0xb534,0xb534,0xb534,0xb534,0xb534,0x0000,0x0000,0x0000,0xb534,0xb534,0xb534,0xb534,0xb534,0xb534,0xb534,0xb534,0xb534,0xb534,0xb534,0xb534,0xb534,0xb534,0xb534,0xb534,0xb534,0xb534,0xb534,0xb534,0xb534,0xb534,0xbd95,0x0000,0x0000,0xbd95,0xb534,0xb534,0xb534,0xb534,0xb534,0xb534,0xb534,0xb534,0xb534,0xbd95,0x0000,0x0000,0x0000,0x0000,0x0000,0x0000,0x0000,0x0000,0x0000,0x0000,0x0000,0x0000,0x0000,0x0000,0x0000,0x0000,0x0000,0x0000,0x0000,0x0000,0x0000,0x0000,0xb534,0xb534,0xb534,0xb534,0xb534,0xb534,0xb534,0xb534,0xb534,0x0000,0x0000,0x4389,0x4389,0x4389,0x4389,
	0x4389,0x4389,0x4389,0x4389,0x4a69,0xb554,0xb534,0xb534,0xb534,0xb534,0xb534,0xb534,0xb534,0xb534,0x4249,0x0000,0x0000,0xbd95,0xb534,0xb534,0xb534,0xb534,0xb534,0xb534,0xbd95,0x0000,0x0000,0xb534,0xb534,0xb534,0xb534,0xb534,0xb534,0xb534,0xb534,0xb534,0xb534,0x0000,0x0000,0x0000,0xb534,0xb534,0xb534,0xb534,0xb534,0xb534,0xb534,0xb534,0xb534,0xb534,0x0000,0x0000,0x0000,0xbd95,0xde79,0xbe18,0xe6fb,0xe6fb,0xb534,0xb534,0xb534,0xb534,0xb534,0x0000,0x0000,0x0000,0xb534,0xb534,0xb534,0xb534,0xb534,0xb534,0xb534,0xb534,0xb534,0xb534,0xb534,0xb534,0xb554,0x0000,0x0000,0x1082,0xb534,0xb534,0xb534,0xb534,0xb534,0xb534,0xb534,0xb534,0xb534,0x1082,0x0000,0x0000,0x0000,0x0000,0x0000,0x0000,0x0000,0x0000,0x0000,0x0000,0x0000,0x0000,0x0000,0x0020,0x0000,0xbd95,0xb534,0xb534,0xb534,0xb534,0xb534,0xb534,0xb534,0xb534,0x8c50,0x18e3,0x4389,0x4389,0x4389,0x4389,0x4389,0x4389,0x4389,0x4389,0x4389,0x4389,0x4389,0x4389,0x4389,0x0000,0x0000,0xb534,0xb534,0xb534,0xb534,0xb534,0xb534,0xb534,0xb534,0xb534,0x0000,0x0000,0x0000,0x0000,0x0000,0x0000,0x1082,0x5b0b,0xb534,0xb554,0xb534,0xb534,0xb534,0x0000,0x0000,0x0000,0xbd95,0xb534,0xb534,0xb534,0xb534,0xb534,0xb534,0xb534,0xb534,0xb534,0xe6fb,0xe6fb,0xe6fb,0xb534,0xb534,0xb534,0xb534,0xb534,0xb534,0xb534,0xb534,0xb534,0xb534,0x0000,0x0000,0x4249,0xb534,0xb534,0xb534,0xb534,0xb534,0xb534,0xb534,0xb534,0xb534,0xb534,0x0000,0x0000,0x0000,0x0000,0x0000,0x0000,0x0000,0x0000,0x0000,0x0000,0x0000,0x4389,0x0000,0x0000,0x0000,0x0000,0x0000,0x0000,0x0000,0x0000,0x0000,0x2104,0xb534,0xe6fb,0xe6fb,0xd638,0xad13,0xb534,0xb534,0xb534,0xb534,0xa4d2,0x0000,0x4389,0x4389,0x4389,0x4389,
	0x4389,0x4389,0x4389,0x4389,0x0000,0xb534,0xb534,0xb534,0xb534,0xb534,0xb534,0xb534,0xb534,0xb534,0x0000,0x0000,0x0000,0xb534,0xb534,0xb534,0xb534,0xb534,0xb534,0xb534,0x0000,0x0000,0x0000,0xb534,0xb534,0xb534,0xb534,0xb534,0xb534,0xb534,0xb534,0xb534,0xb534,0x0000,0x0000,0x0000,0xb534,0xb534,0xb534,0xb534,0xb534,0xb534,0xb534,0xb534,0xb534,0xb554,0x0000,0x0000,0x0000,0xb534,0xb534,0xb534,0x73ae,0x0000,0x0000,0x4249,0xad13,0xb554,0x0000,0x0000,0x0000,0x0000,0x4249,0x1082,0x4249,0xb534,0xb534,0xb534,0xad13,0xad13,0xb534,0xb534,0xb534,0xb534,0x6b4d,0x0000,0x0000,0x4249,0xb534,0xad13,0xad13,0xad13,0xb534,0xb534,0xb534,0xb534,0xb534,0x0000,0x0000,0x0000,0x0000,0x0000,0x0000,0x0000,0x0000,0x0000,0x0000,0x0000,0x0000,0x0000,0x0000,0x0020,0x0000,0xbd95,0xb534,0xb534,0xb534,0xb534,0xb534,0xb534,0xb534,0xb534,0x1082,0x4389,0x4389,0x4389,0x4389,0x4389,0x4389,0x4389,0x4389,0x4389,0x4389,0x4389,0x4389,0x4389,0x4389,0x0000,0x0000,0xb534,0xb534,0xb534,0xb534,0xb534,0xb534,0xb534,0xb534,0xb534,0x0000,0x0000,0x0000,0xbd95,0xb534,0xb534,0xb534,0xb534,0xb534,0xb534,0xb534,0xb534,0xb534,0x0000,0x0000,0x0000,0xa4d2,0xb534,0xb534,0xb534,0xb534,0xb534,0xb534,0xb534,0xb534,0xb534,0x0000,0x0000,0x0000,0xb534,0xb534,0xb534,0xb534,0xb534,0xb534,0xb534,0xb534,0xb534,0xb534,0x0000,0x0000,0x0000,0xb534,0xb534,0xb534,0xb534,0xb534,0xb534,0xb534,0xb534,0xb534,0xb534,0x0000,0x0000,0x0000,0x0000,0x0000,0x0000,0x0000,0x0000,0x0000,0x0000,0x0000,0x4389,0x0000,0x0000,0x0000,0x0000,0x0000,0x0000,0x0000,0x0000,0x0000,0x2104,0x2104,0x2104,0x2104,0x2985,0x1082,0x2104,0x6b4d,0xb534,0x39c7,0xb534,0x0000,0x4389,0x4389,0x4389,0x4389,
	0x4389,0x4389,0x4389,0x4389,0x4249,0xb534,0xb534,0xb534,0xb534,0xb554,0xb534,0xb534,0xb534,0x0000,0x0000,0x0000,0x0000,0xb534,0xb534,0xb534,0xb534,0xb534,0xb534,0xb534,0x0000,0x0000,0x2985,0xb534,0xb534,0xb534,0xb534,0xb534,0xb534,0xb534,0xb534,0xb534,0xb534,0x0000,0x0000,0x0000,0xb534,0xb534,0xb534,0xb534,0xb534,0xb534,0xb534,0xb534,0xb534,0x2985,0x0000,0x0000,0xbd95,0xb534,0xb534,0xb534,0xb534,0xb534,0xb554,0xbd95,0x4aaa,0x0000,0x0000,0x0000,0x0000,0x0000,0x0000,0x0000,0x0000,0x9491,0x0000,0x0000,0x0000,0x0000,0xc596,0xb534,0xb534,0xb534,0x1082,0x0000,0x0000,0x0000,0x1082,0x4aaa,0x1082,0x0000,0xa4d2,0xb534,0xb534,0xb534,0xb534,0x0000,0x0000,0x0000,0x0000,0x0000,0x0000,0x0000,0x0000,0x0000,0x0000,0x0000,0x0000,0x0000,0x0000,0x0020,0x0000,0xb554,0xb534,0xb534,0xb534,0xb534,0xb534,0xb534,0xb534,0xb534,0x0000,0x4389,0x4389,0x4389,0x4389,0x4389,0x4389,0x4389,0x4389,0x4389,0x4389,0x4389,0x4389,0x4389,0x4389,0x0000,0x0000,0xb534,0xb534,0xb534,0xb534,0xb534,0xe6fb,0xef7c,0xef7c,0xd638,0x0000,0x0000,0x0000,0xbd95,0xb534,0xb534,0xb534,0xb534,0xb534,0xb534,0xb534,0xb534,0xb534,0x0000,0x0000,0x0000,0x6b4d,0xb534,0xb534,0xb534,0xb534,0xb534,0xb534,0xb534,0xb534,0xb534,0x0000,0x0000,0x0000,0x0000,0xb534,0xef7c,0xe6fb,0xef7c,0xb554,0xb534,0xb534,0xb534,0xb534,0x0000,0x0000,0x0000,0xb534,0xb534,0xb534,0xb534,0xb534,0xb534,0xb534,0xb534,0xb534,0xb534,0x0000,0x0000,0x0000,0x0000,0x0000,0x0000,0x0000,0x0000,0x0000,0x0000,0x4389,0x4389,0x0000,0x0000,0x0000,0x0000,0x0000,0x0000,0x0000,0x0000,0x2104,0x2104,0x0000,0xb554,0xb534,0xb534,0xb534,0xb534,0xb534,0xb534,0xb534,0xb534,0x0000,0x0000,0x4389,0x4389,0x4389,
	0x4389,0x4389,0x4389,0x4a69,0xb534,0xb534,0xb534,0xb534,0xb534,0x2985,0x0000,0x0000,0x0000,0x0000,0x0000,0x0000,0x0000,0xb534,0xb534,0xb534,0xb534,0xb534,0xb534,0xb534,0x0000,0x0000,0xbd95,0xb534,0xb534,0xb534,0xb534,0xb534,0xb534,0xb534,0xb534,0xb534,0x8c50,0x0000,0x0000,0xad13,0xb534,0xb534,0xb534,0xb534,0xb534,0xb534,0xb534,0xb534,0xb534,0x0000,0x0000,0x0000,0xb534,0xb534,0xb534,0xb534,0xb534,0xb534,0xb534,0xb534,0xb534,0x0000,0x0000,0x0000,0x0000,0x0000,0x0000,0x0000,0xb554,0xb534,0xb534,0xb534,0xb534,0xb534,0xbd95,0x39c7,0xb534,0xb534,0x0000,0x0000,0x0000,0xb534,0xb534,0xb534,0xb534,0xb534,0x9491,0xb534,0xb534,0xb534,0xb534,0x0000,0x0000,0x0000,0x0000,0x0000,0x0000,0x0000,0x0000,0x0000,0x0000,0x0000,0x0000,0x0000,0x0000,0x0020,0x0000,0xb554,0xb534,0xb534,0xb534,0xb534,0xb534,0xb534,0xb534,0xb534,0x9491,0x0000,0x0000,0x0000,0x0000,0x0000,0x0000,0x0000,0x0000,0x0000,0x0000,0x0000,0x0000,0x0000,0x4389,0x0000,0x0000,0xb534,0xb534,0xb534,0x9491,0xa4d2,0xbd95,0xb554,0xbd95,0x8c50,0x1082,0x0000,0x0000,0xb554,0xb534,0xb534,0xb534,0xb534,0xb534,0xb534,0xb534,0xb534,0xb534,0x0000,0x0000,0x0000,0x39c7,0xb534,0xb534,0xb534,0xb534,0xb534,0xb534,0xb534,0xb534,0xb534,0x0000,0x0000,0x0000,0x0000,0xb534,0xb534,0xb534,0xb534,0xb554,0xbd95,0x1082,0x0000,0x5b0b,0x0000,0x0000,0x0000,0xb534,0xb534,0xb534,0xb534,0xb534,0xb534,0xb534,0xb534,0xb534,0xb534,0x2985,0x0000,0x0000,0x0000,0x0000,0x0000,0x0000,0x0000,0x0000,0xe73c,0x4389,0x4389,0x4389,0x0000,0x0000,0x0000,0x0000,0x0000,0x0000,0x0000,0x2104,0x0000,0x0000,0xb534,0xb534,0xb534,0xb534,0xb534,0xb534,0xb534,0xb534,0xb534,0xad13,0x0000,0x4389,0x4389,0x4389,
	0x4389,0x4389,0x4389,0x0000,0xb534,0xb534,0xb534,0xb534,0xb554,0xb534,0xb534,0xb534,0xb534,0x4249,0x0000,0x0000,0x0000,0xe6fb,0xde79,0xe6fb,0xe6fb,0xe6fb,0xe6fb,0x0000,0x0000,0x0000,0xb534,0xb534,0xb534,0xb534,0xb534,0xb534,0xb534,0xb534,0xb534,0xb534,0x0000,0x0000,0x0000,0xb534,0xb534,0xb534,0xb534,0xb534,0xb534,0xb534,0xb534,0xb534,0xb534,0x0000,0x0000,0x0000,0xb534,0xb534,0xb534,0xb534,0xb534,0xb534,0xb534,0xb534,0xb534,0xbd95,0x0000,0x0000,0x0000,0x0000,0x0000,0x0000,0xb554,0xb534,0xb534,0xb534,0xb534,0xb534,0xb534,0x2985,0xb534,0xb534,0x0000,0x0000,0x0000,0xb534,0xb534,0xb534,0xb534,0xb534,0xb554,0xb534,0xb534,0xb534,0xb534,0xb534,0xb534,0xb534,0xb534,0xb534,0xb534,0xb534,0xb534,0xb554,0xb554,0xb534,0x0000,0xb534,0x0000,0x0020,0x0000,0xb554,0xb534,0xb534,0xb534,0xb534,0xb534,0xb534,0xb534,0xb534,0xb534,0xb534,0xb534,0xb534,0xb534,0xb534,0xb534,0xb534,0xb534,0xb534,0xb534,0xb534,0xb534,0x2104,0x4389,0x0000,0x0000,0xb534,0xb534,0xa4d2,0xb534,0xb534,0xb534,0xb534,0xb534,0xb534,0xbd95,0x0000,0x0000,0xb554,0xb534,0xb534,0xb534,0xb534,0xb534,0xb534,0xb534,0xb534,0xb534,0x0000,0x0000,0x0000,0x1082,0xb534,0xb534,0xb534,0xb534,0xb534,0xb534,0xb534,0xb534,0xb534,0x1082,0x0000,0x0000,0x0000,0xb534,0xb534,0xb534,0xb534,0xb534,0xb534,0xb534,0xb554,0xa4d2,0x0000,0x0000,0x0000,0xbd95,0xb534,0xb534,0xb534,0xb534,0xb534,0xb534,0xb534,0xb534,0xb534,0xa4d2,0x0000,0x0000,0x0000,0x0000,0x0000,0x0000,0x0000,0x0000,0x4389,0x4389,0x4389,0x4389,0x0000,0x0000,0x0000,0x0000,0x0000,0x0000,0x0000,0x2104,0x0000,0x0000,0xb534,0xb534,0xb534,0xb534,0xb534,0xb534,0xb534,0xb534,0xb534,0xb534,0x0000,0xdedb,0x4389,0x4389,
	0x4389,0x4389,0x9cd3,0x4aaa,0xb534,0xb534,0xb534,0xb534,0x0000,0xa4d2,0xb554,0xa4d2,0x8c50,0x2985,0x0000,0x0000,0x0000,0x2104,0x2104,0x2104,0x2104,0x2104,0x2104,0x2104,0x0000,0x0000,0xb534,0xb534,0xb534,0xb534,0xb534,0xb534,0xb534,0xb534,0xb534,0xb534,0x0000,0x0000,0x0000,0xb534,0xb534,0xb534,0xb534,0xb534,0xb534,0xb534,0xb534,0xb534,0xb534,0x0000,0x0000,0x0000,0xb534,0xb534,0xb534,0xb534,0xb534,0xb534,0xb534,0xb534,0xb534,0xb554,0x0000,0x0000,0x0000,0x0000,0x0000,0x0000,0xb534,0xb534,0xb534,0xb534,0xb534,0xb534,0xb534,0xad13,0xb534,0xb534,0x0000,0x0000,0x0000,0xb534,0xb534,0xb534,0xb534,0xb534,0xb554,0xb534,0xb534,0xb534,0xb534,0xb534,0xb534,0xb534,0xb534,0xb534,0xb534,0xb534,0xa4d2,0xbd95,0xbd95,0xb554,0xb534,0xb534,0x0000,0x0020,0x0000,0xb534,0xb534,0xb534,0xb534,0xb534,0xb534,0xb534,0xb534,0xb534,0xb534,0xb534,0xb534,0xb534,0xb534,0xb534,0xb534,0xb534,0xb534,0xb534,0xb534,0xb534,0xb534,0xa4d2,0x4389,0x0000,0x0000,0xb534,0xb534,0x2985,0xb534,0xb534,0xb534,0xb534,0xb534,0xb534,0xbd95,0x0000,0x0000,0xa4d2,0xb534,0xb534,0xb534,0xb534,0xb534,0xb534,0xb534,0xb534,0xb534,0x0000,0x0000,0x0000,0x0000,0xb534,0xb534,0xb534,0xb534,0xb534,0xb534,0xb534,0xb534,0xb534,0xad13,0x0000,0x0000,0x0000,0xb534,0xb534,0xb534,0xb534,0xb534,0xb534,0xb534,0xb534,0xb534,0xbd95,0x0000,0x0000,0x39c7,0xb534,0xb534,0xb534,0xb534,0xb534,0xb534,0xb534,0xb534,0xb534,0xb554,0x0000,0x0000,0x0000,0x0000,0x0000,0x0000,0x0000,0x4389,0x4389,0x4389,0x4389,0x4389,0x0000,0x0000,0x0000,0x0000,0x0000,0x0000,0x2104,0x0000,0x0000,0x0000,0xa4d2,0xb534,0xb534,0xb534,0xb534,0xb534,0xb534,0xb534,0xb534,0xb534,0x0000,0x0000,0x4389,0x4389,
	0x4389,0x4389,0x0000,0xb534,0xb534,0xb534,0xb534,0xb534,0xb534,0xb534,0xb534,0xb554,0xc5d6,0x0000,0x0000,0x0000,0x0000,0x0000,0x2104,0x2104,0x2104,0x2104,0x2104,0x2104,0x2104,0x6b4d,0xb534,0xb534,0xb534,0xb534,0xb534,0xb534,0xb534,0xb534,0xb534,0xb534,0x0000,0x0000,0x0000,0xb534,0xb534,0xb534,0xb534,0xb534,0xb534,0xb534,0xb534,0xb534,0xb554,0x0000,0x0000,0x0000,0xb534,0xb534,0xb534,0xb534,0xb534,0xb534,0xb534,0xb534,0xb534,0xb554,0x0000,0x0000,0x0000,0x0000,0x0000,0x0000,0xb534,0xb534,0xb534,0xb534,0xb534,0xb534,0xa4d2,0xb554,0xb534,0xb534,0x0000,0x0000,0x0000,0xb534,0xb534,0xb534,0xb534,0xb534,0xb554,0xb534,0xb534,0xb534,0xb534,0xb534,0xb534,0xb534,0xb534,0xb534,0xb534,0xb534,0xb534,0xb534,0xb534,0xb534,0xb534,0xb534,0x0000,0x0020,0x0000,0xb534,0xb534,0xb534,0xb534,0xb534,0xb534,0xb534,0xb534,0xb534,0xb534,0xb534,0xb534,0xb534,0xb534,0xb534,0xb534,0xb534,0xb534,0xb534,0xb534,0xb534,0xb534,0xa4d2,0x4389,0x0000,0x0000,0xb534,0xb534,0x2104,0xb534,0xb534,0xb534,0xb534,0xb534,0xb534,0xb554,0x0000,0x0000,0x0000,0xb534,0xb534,0xb534,0xb534,0xb534,0xb534,0xb534,0xb534,0xb534,0xb534,0x0000,0x0000,0x0000,0xb534,0xb534,0xb534,0xb534,0xb534,0xb534,0xb534,0xb534,0xb534,0xb534,0x0000,0x0000,0x0000,0xb534,0xb534,0xb534,0xb534,0xb534,0xb534,0xb534,0xb534,0xb534,0xbd95,0x0000,0x0000,0x0000,0xb534,0xb534,0xb534,0xb534,0xb534,0xb534,0xb534,0xb534,0xb534,0xb534,0x0000,0x0000,0x0000,0x0000,0x0000,0x0000,0x4389,0x4389,0x4389,0x4389,0x4389,0x4389,0x736d,0x0000,0x0000,0x0000,0x0000,0x0000,0x1082,0x0000,0x0000,0x0000,0x0000,0xb534,0xb534,0xb534,0xb534,0xb534,0xb534,0xb534,0xb534,0xb534,0xb554,0x0000,0x4389,0x4389,
	0x4389,0x4389,0x0000,0xb534,0xb534,0xb534,0xb534,0xb534,0xb534,0xb534,0xb534,0xb534,0xb534,0x0000,0x0000,0x0000,0x0000,0x0000,0x0000,0x2104,0x2104,0x2104,0x2104,0x2104,0x2104,0xb554,0xb534,0xb534,0xb534,0xb534,0xb534,0xb534,0xb534,0xb534,0xb534,0xa4d2,0x0000,0x0000,0x9491,0xb534,0xb534,0xb534,0xb534,0x73ae,0xb534,0xb534,0xb534,0xb534,0x39c7,0x0000,0x0000,0x8410,0xb534,0xb534,0xb534,0xb534,0xb534,0xb534,0xb534,0xb534,0xb534,0xbd95,0x0000,0x0000,0x0000,0x0000,0x0000,0x0000,0xb534,0xb534,0xb534,0xb534,0xb534,0xb534,0x2104,0xb534,0xb534,0xb554,0x0000,0x0000,0x0000,0xb534,0xb534,0xb534,0xb534,0xb554,0x0000,0xb534,0xb534,0xb534,0xb534,0xb534,0xb534,0xb534,0xb534,0xb534,0xb534,0x9491,0xb534,0xb534,0xb534,0xb534,0xb534,0xb534,0x0000,0x0020,0x0000,0xb534,0xb534,0xb534,0xb534,0xb534,0xb534,0xb534,0xbd95,0xb534,0xb534,0xb534,0xb534,0xb534,0xb534,0xb534,0xb534,0x4249,0xb534,0xb534,0xb534,0xb534,0xb534,0xb554,0x4389,0x0000,0x0000,0xb534,0x2104,0x6b4d,0xb534,0xb534,0xb534,0xb534,0xb534,0xb534,0xb554,0x0000,0x0000,0x0000,0xb534,0xb534,0xb534,0xb534,0xa4d2,0xb534,0xb534,0xb534,0xb534,0xb534,0x0000,0x0000,0x0000,0xb534,0xb534,0xb534,0xb534,0xb534,0xb534,0xb534,0xb534,0xb534,0xb534,0x0000,0x0000,0x0000,0xb534,0xb534,0xb534,0xb534,0xb534,0xb534,0xb534,0xb534,0xb534,0xb554,0x0000,0x0000,0x0000,0xb534,0xb534,0xb534,0xb534,0xb534,0xb534,0xb534,0xb534,0xb534,0xb534,0x0000,0x0000,0x0000,0x0000,0x0000,0x4a69,0x4389,0x4389,0x4389,0x4389,0x4389,0x4389,0x4389,0x0000,0x0000,0x0000,0x0000,0x0000,0x0000,0x0000,0x0000,0x0000,0x0000,0xb534,0xb534,0xb534,0xb534,0xb534,0xb534,0xb534,0xb534,0xb534,0xb534,0x0000,0x4389,0x4389,
	0x4389,0x4389,0x0000,0xb534,0xb534,0xb534,0xb534,0xb534,0xb534,0xb534,0xb534,0xb534,0x0000,0x0000,0x0000,0x0000,0x0000,0x0000,0x0000,0x0000,0x0000,0x0000,0x2985,0x2104,0x2104,0xb554,0xb534,0xb534,0xb534,0xb534,0xb534,0xb534,0xb534,0xb534,0xb534,0x0000,0x0000,0x0000,0x8410,0xb534,0xb534,0xb534,0xb534,0x0000,0xb554,0xb534,0xb534,0xb534,0x0000,0x0000,0x0000,0xb534,0xb534,0xb534,0xb534,0xb534,0xb534,0xb534,0xb534,0xb534,0xb534,0x73ae,0x0000,0x0000,0x0000,0x0000,0x0000,0x5b0b,0xb534,0xb534,0xb534,0xb534,0xb534,0xb534,0x0000,0xb534,0xb534,0xbd95,0x0000,0x0000,0x0000,0xb534,0xb534,0xb534,0xb534,0xb554,0x0000,0xbd95,0xb534,0xb534,0xb534,0xb534,0xb534,0xb534,0xb534,0xb534,0xb534,0x1082,0xb534,0xb534,0xb534,0xb534,0xb534,0xb534,0x0000,0x0020,0x0000,0xb534,0xb534,0xb534,0xb534,0xb534,0x1082,0x2104,0x0000,0xb534,0xb534,0xb534,0xb534,0xb534,0xb534,0xb534,0xbd95,0x4249,0xb534,0xb534,0xb534,0xb534,0xb534,0xb554,0x4389,0x0000,0x0000,0xde79,0x73ae,0xe6fb,0xe6fb,0xe6fb,0xde79,0xe6fb,0xe6fb,0xe6fb,0xe6fb,0x0000,0x0000,0x0000,0xe6fb,0xe6fb,0xe6fb,0xe6fb,0x73ae,0xe6fb,0xe6fb,0xe6fb,0xe6fb,0xde79,0x0000,0x0000,0x0000,0xe6fb,0xe6fb,0xe6fb,0xe6fb,0xe6fb,0xe6fb,0xe6fb,0xde79,0xe6fb,0xe6fb,0x0000,0x0000,0x0000,0xd69a,0xe6fb,0xe6fb,0xe6fb,0xe6fb,0xe6fb,0xe6fb,0xe6fb,0xe6fb,0xe6fb,0x0000,0x0000,0x0000,0xe6fb,0xe6fb,0xe6fb,0xe6fb,0xe6fb,0xe6fb,0xe6fb,0xe6fb,0xe6fb,0xe6fb,0x0000,0x4389,0x4389,0x4389,0x4389,0x4389,0x4389,0x4389,0x4389,0x4389,0x4389,0x4389,0x4389,0x0000,0x0000,0x0000,0x0000,0x0000,0x0000,0x0000,0x0000,0x0000,0x0000,0x6b4d,0xe6fb,0xe6fb,0xe6fb,0xe6fb,0xe6fb,0xe6fb,0xe6fb,0xe6fb,0xde79,0x0000,0x4389,0x4389,
	0x4389,0x4389,0x0000,0xe6fb,0xe6fb,0xe6fb,0xe6fb,0xe6fb,0xe6fb,0xe6fb,0xe6fb,0x2104,0x0000,0x0000,0x0000,0x0000,0x0000,0x0000,0x0000,0x0000,0x2104,0x2104,0x2104,0x2104,0x2104,0x0000,0xef7c,0xef7c,0xef7c,0xe6fb,0xef7c,0xe6fb,0xef7c,0xe6fb,0x4249,0x0000,0x0000,0x0000,0x1082,0xef7c,0xe6fb,0xef7c,0xe6fb,0x0000,0x0000,0xe6fb,0xef7c,0xc596,0x0000,0x0000,0x0000,0xef7c,0xe6fb,0xef7c,0xe6fb,0xef7c,0x0000,0x2104,0xe6fb,0xe6fb,0xe6fb,0x0000,0x0000,0x0000,0x0000,0x0000,0x0000,0x5b0b,0xe6fb,0xef7c,0xe6fb,0xef7c,0xe6fb,0xef7c,0x0000,0xe6fb,0xe6fb,0x2104,0x0000,0x0000,0x0000,0xe6fb,0xe6fb,0xe6fb,0xe6fb,0x1082,0x0000,0x0000,0xcdf7,0xe6fb,0xe6fb,0xe6fb,0xef7c,0xe6fb,0xe6fb,0xef7c,0xe6fb,0x0000,0xa4d2,0xe6fb,0xe6fb,0xe6fb,0xe6fb,0x4aaa,0x0000,0x0020,0x0000,0x2104,0xef7c,0xe6fb,0xef7c,0x2104,0x2104,0x2104,0x0000,0x0000,0xef7c,0xe6fb,0xe6fb,0xe6fb,0xef7c,0xef7c,0xef7c,0x0000,0x4aaa,0xe6fb,0xe6fb,0xe6fb,0xe6fb,0x0000,0x4389,0x0000,0x0000,0x2104,0x2104,0x2104,0x2985,0x2985,0x2985,0x2985,0x2985,0x2104,0x2104,0x0000,0x0000,0x0000,0x2104,0x4249,0x39c7,0x39c7,0x0000,0x9491,0x4249,0x39c7,0x39c7,0x2104,0x0000,0x0000,0x0000,0x2104,0x2104,0x2985,0x2985,0x39c7,0x0000,0x2104,0x2985,0x2104,0x2104,0x0000,0x0000,0x0000,0x2104,0x2104,0x2104,0x2104,0x2104,0x2104,0x2104,0x2104,0x2104,0x2104,0x0000,0x0000,0x0000,0x1082,0x2985,0x2985,0x2104,0x2104,0x2104,0x2104,0x2104,0x2104,0x1082,0x0000,0x4389,0x4389,0x4389,0x4389,0x4389,0x4389,0x4389,0x4389,0x4389,0x4389,0x4389,0x4389,0x0000,0x0000,0x0000,0x0000,0x0000,0x0000,0x0000,0x0000,0x0000,0x2104,0x2104,0x39c7,0x4249,0x39c7,0x39c7,0x4249,0x4249,0x4249,0x39c7,0x2104,0x0000,0x4389,0x4389,
	0x4389,0x4389,0x4a69,0x2104,0x2104,0x2104,0x2104,0x2104,0x2104,0x2104,0x2104,0x2104,0x1082,0x0000,0x0000,0x0000,0x0000,0x0000,0x0000,0x0000,0x0000,0x1082,0x2104,0x2104,0x2104,0x0000,0x2104,0x2104,0x2104,0x2104,0x2104,0x2104,0x2104,0x2104,0x2104,0x0000,0x0000,0x0000,0x0000,0x2104,0x2104,0x2104,0x2104,0x2104,0x0000,0x2104,0x2104,0x2104,0x2104,0x0000,0x0000,0x2104,0x2104,0x2104,0x2104,0x2104,0x2104,0x2104,0x2104,0x2104,0x2104,0x2104,0x0000,0x0000,0x0000,0x0000,0x0000,0x0000,0x2104,0x2104,0x2104,0x2104,0x2104,0x2104,0x0000,0x2104,0x2104,0x2104,0x0000,0x0000,0x0000,0x2104,0x2104,0x2104,0x2104,0x2104,0x2104,0x2104,0x2104,0x2104,0x2104,0x2104,0x2104,0x2104,0x2104,0x2104,0x2104,0x0000,0x2104,0x2104,0x2104,0x2104,0x2104,0x2104,0x0000,0x0020,0x0000,0x2104,0x2104,0x2104,0x2104,0x2104,0x2104,0x2104,0x0000,0x2104,0x2104,0x2104,0x2104,0x2104,0x2104,0x2104,0x2104,0x0000,0x2104,0x2104,0x2104,0x2104,0x2104,0x2104,0x4389,0x0000,0x2104,0x2104,0x2104,0x2104,0x2104,0x2104,0x2104,0x2104,0x2104,0x2104,0x0000,0x0000,0x0000,0x1082,0x2104,0x2104,0x2104,0x2104,0x0000,0x2104,0x2104,0x2104,0x2104,0x2104,0x0000,0x0000,0x2104,0x2104,0x2104,0x2104,0x2104,0x2104,0x2104,0x2104,0x2104,0x2104,0x2104,0x0000,0x0000,0x2104,0x2104,0x2104,0x2104,0x2104,0x2104,0x2104,0x2104,0x2104,0x2104,0x1082,0x0000,0x0000,0x0000,0x2104,0x2104,0x2104,0x2104,0x2104,0x2104,0x2104,0x2104,0x2104,0x2104,0x0000,0x4389,0x4389,0x4389,0x4389,0x4389,0x4389,0x4389,0x4389,0x4389,0x4389,0x4389,0x4389,0xdedb,0x0000,0x0000,0x0000,0x2104,0x0000,0x0000,0x0000,0x0000,0x2104,0x2104,0x2104,0x2104,0x2104,0x2104,0x2104,0x2104,0x2104,0x2104,0x1082,0x0000,0x4389,0x4389,
	0x4389,0x4389,0x4389,0x0000,0x2104,0x2104,0x2104,0x2985,0x2104,0x2104,0x2985,0x2985,0x2104,0x0000,0x0000,0x0000,0x1082,0x0000,0x0000,0x0000,0x0000,0x0000,0x1082,0x2104,0x2104,0x1082,0x2104,0x2104,0x2104,0x2104,0x2104,0x2104,0x2985,0x2985,0x2104,0x0000,0x0000,0x0000,0x0000,0x1082,0x2104,0x2104,0x2104,0x2104,0x2985,0x2104,0x2985,0x2104,0x2104,0x0000,0x0000,0x0000,0x2104,0x2104,0x2104,0x2104,0x2104,0x0000,0x2104,0x2104,0x2104,0x2104,0x0000,0x0000,0x0000,0x0000,0x0000,0x0000,0x2104,0x2104,0x2104,0x2104,0x2104,0x2104,0x2104,0x0000,0x2104,0x2104,0x0000,0x0000,0x0000,0x2104,0x2104,0x2104,0x2104,0x2104,0x2104,0x0000,0x2104,0x2104,0x2104,0x2104,0x2104,0x2104,0x2104,0x2104,0x2104,0x2104,0x2104,0x2104,0x2104,0x2104,0x2104,0x2104,0x0000,0x0020,0x0000,0x2104,0x2985,0x2104,0x2104,0x2104,0x2104,0x0000,0x2104,0x2104,0x2104,0x2104,0x2104,0x2104,0x2104,0x2104,0x2104,0x2104,0x2104,0x2104,0x2104,0x2104,0x2104,0x1082,0x4389,0x0000,0x2104,0x2104,0x2104,0x2104,0x2104,0x2985,0x2104,0x2104,0x2104,0x2104,0x0000,0x0000,0x0000,0x2104,0x2104,0x2104,0x2104,0x2104,0x2104,0x2104,0x2104,0x2104,0x2104,0x0000,0x0000,0x0000,0x2104,0x2104,0x2104,0x2104,0x2104,0x2985,0x2104,0x2104,0x2104,0x2104,0x2985,0x0000,0x0000,0x2104,0x2104,0x2104,0x2104,0x2104,0x2104,0x2104,0x2104,0x2104,0x2104,0x0000,0x1082,0x0000,0x1082,0x2104,0x2104,0x2104,0x2104,0x2104,0x2104,0x2104,0x2104,0x2104,0x0000,0x4389,0x4389,0x4389,0x4389,0x4389,0x4389,0x4389,0x4389,0x4389,0x4389,0x4389,0x4389,0x4389,0x4389,0x0000,0x0000,0x0000,0x0000,0x0000,0x0000,0x0000,0x2104,0x2104,0x2104,0x2104,0x2104,0x2104,0x2104,0x2104,0x2104,0x2104,0x0000,0x0000,0x4389,0x4389,0x4389,
	0x4389,0x4389,0x4389,0x4389,0x0000,0x2104,0x2104,0x2104,0x2104,0x2104,0x2104,0x2104,0x2104,0x2104,0x0000,0x0000,0x2104,0x0000,0x0000,0x0000,0x0000,0x0000,0xe73c,0x0000,0x0000,0x0000,0x0000,0x2985,0x2104,0x2104,0x2104,0x2104,0x2104,0x2104,0x2104,0x2104,0x0000,0x0000,0x0000,0x0000,0x2104,0x2104,0x2104,0x2104,0x2104,0x2104,0x2104,0x2104,0x2104,0x2985,0x0000,0x0000,0x0000,0x2104,0x2104,0x2104,0x2104,0x2104,0x2104,0x2104,0x2104,0x2104,0x2104,0x0000,0x0000,0x0000,0x0020,0x39c7,0x0000,0x2104,0x2104,0x2104,0x2104,0x2104,0x2104,0x0000,0x2104,0x2104,0x2104,0x0000,0x0000,0x0000,0x2104,0x2104,0x2104,0x2104,0x2104,0x0000,0x2104,0x2104,0x2104,0x2104,0x2104,0x2104,0x2104,0x2104,0x2104,0x2104,0x2104,0x2104,0x2104,0x2104,0x2104,0x2104,0x0000,0x0020,0x1082,0x2104,0x2104,0x2104,0x2104,0x2104,0x0000,0x2104,0x2104,0x2104,0x2104,0x2104,0x2104,0x2104,0x2104,0x2104,0x0000,0x2104,0x2104,0x2104,0x2104,0x2104,0x2104,0x0000,0x4389,0x0000,0x2104,0x2104,0x2104,0x2104,0x2104,0x2104,0x2104,0x2104,0x2104,0x2104,0x0000,0x0000,0x0000,0x2104,0x2104,0x2104,0x2104,0x2104,0x2104,0x2104,0x2104,0x2985,0x2104,0x0000,0x0000,0x0000,0x2104,0x2104,0x2104,0x2104,0x2104,0x2104,0x2104,0x2104,0x2985,0x2104,0x0000,0x0000,0x1082,0x2104,0x2104,0x2104,0x2104,0x2104,0x2985,0x2104,0x2104,0x2104,0x0000,0x0000,0x2104,0x1082,0x2104,0x2104,0x2985,0x2104,0x2104,0x2104,0x2104,0x2104,0x2104,0x0000,0x9cd3,0x4389,0x4389,0x4389,0x4389,0x4389,0x4389,0x4389,0x4389,0x4389,0x4389,0x4389,0x4389,0x4389,0x4389,0x0000,0x0000,0x0000,0x0000,0x2104,0x0000,0x0000,0x2104,0x2104,0x2104,0x2104,0x2985,0x2104,0x2104,0x2104,0x2104,0x1082,0x0000,0x4389,0x4389,0x4389,0x4389,
	0x4389,0x4389,0x4389,0x4389,0x4389,0x0000,0x2104,0x2104,0x2104,0x2104,0x2104,0x2104,0x2104,0x2104,0x2104,0x0000,0x0000,0x0000,0x0000,0x0000,0x0000,0x0841,0x4389,0x4389,0x4389,0x4389,0x4389,0x0000,0x2104,0x2104,0x2104,0x2104,0x2104,0x2104,0x2104,0x2104,0x2104,0x0000,0x0000,0x0000,0x0000,0x2104,0x2104,0x2104,0x2104,0x2104,0x2985,0x2104,0x2104,0x2104,0x0000,0x0000,0x0000,0x2104,0x2104,0x2104,0x2104,0x2104,0x2104,0x2104,0x2104,0x2104,0x2104,0x0000,0x0000,0x0000,0x4a69,0x4389,0x0000,0x2104,0x2104,0x2104,0x2104,0x2104,0x2104,0x2104,0x2104,0x2104,0x2104,0x0000,0x0000,0x0000,0x2104,0x2104,0x2104,0x2104,0x2104,0x0000,0x2104,0x2104,0x2104,0x2104,0x2104,0x2104,0x2104,0x2104,0x2104,0x2104,0x2104,0x2104,0x2104,0x2104,0x2104,0x0000,0x0000,0x0020,0x0020,0x2104,0x2104,0x2104,0x2104,0x2104,0x1082,0x2104,0x2104,0x2104,0x2104,0x2104,0x2104,0x2104,0x2104,0x2104,0x0000,0x2104,0x2104,0x2104,0x2104,0x2104,0x2104,0x0000,0x4389,0x0000,0x2104,0x2104,0x2104,0x2104,0x2104,0x2104,0x2985,0x2104,0x2104,0x2104,0x0000,0x0000,0x0000,0x2104,0x2104,0x2104,0x2104,0x2104,0x2104,0x2104,0x2104,0x2985,0x0000,0x0000,0x0000,0x1082,0x2104,0x2104,0x2104,0x2104,0x2104,0x2104,0x2104,0x1082,0x0000,0x0000,0x0000,0x0000,0x2104,0x2104,0x2985,0x2104,0x2104,0x2104,0x2104,0x2104,0x2985,0x2985,0x0000,0x0000,0x0000,0x0000,0x0000,0x0000,0x2985,0x2104,0x2104,0x2104,0x2104,0x2104,0x0000,0x0000,0x4389,0x4389,0x4389,0x4389,0x4389,0x4389,0x4389,0x4389,0x4389,0x4389,0x4389,0x4389,0x4389,0x4389,0x4389,0x39c7,0x0000,0x0000,0x0000,0x0000,0x0000,0x0000,0x0000,0x1082,0x1082,0x2104,0x2104,0x2104,0x2104,0x2104,0x0000,0x0000,0x4389,0x4389,0x4389,0x4389,0x4389,
	0x4389,0x4389,0x4389,0x4389,0x4389,0x4389,0x0000,0x2104,0x2104,0x2104,0x2104,0x2104,0x2104,0x0000,0x0000,0x0000,0x0000,0x0000,0x0000,0x0000,0x0000,0x4389,0x4389,0x4389,0x4389,0x4389,0x4389,0x9cd3,0x1082,0x2104,0x2104,0x2104,0x2104,0x2104,0x2104,0x2104,0x2104,0x2104,0x0000,0x2104,0x0000,0x0000,0x2104,0x2104,0x2985,0x2104,0x2104,0x2104,0x2104,0x2104,0x2104,0x0000,0x0000,0x0000,0x2985,0x2104,0x2104,0x2104,0x2104,0x2104,0x2104,0x2104,0x2104,0x1082,0x0000,0x0000,0x4389,0x4389,0x4a69,0x0000,0x2985,0x2104,0x2104,0x2104,0x2104,0x2104,0x2104,0x2104,0x2104,0x1082,0x0000,0x0000,0x2104,0x2104,0x2104,0x2104,0x2104,0x2104,0x2104,0x2104,0x2104,0x2104,0x2104,0x2104,0x2104,0x2104,0x2104,0x2104,0x2985,0x1082,0x0000,0x1082,0x1082,0x0000,0x0000,0x0020,0x4a69,0x2985,0x2104,0x2104,0x2104,0x2104,0x2104,0x2104,0x2104,0x2104,0x2985,0x2104,0x2104,0x2104,0x2104,0x2104,0x0000,0x2104,0x2104,0x2985,0x2104,0x2104,0x2104,0x0000,0x4389,0x0000,0x1082,0x0000,0x2104,0x2104,0x2104,0x2104,0x2985,0x2104,0x2104,0x0000,0x39c7,0x0000,0x0000,0x2104,0x2104,0x2985,0x2104,0x2104,0x2104,0x2104,0x0000,0x2104,0x0000,0x0000,0x0000,0x2104,0x2104,0x2104,0x2104,0x2104,0x2104,0x2104,0x2104,0x2104,0x0000,0x0000,0x0000,0x1082,0x2104,0x2104,0x2104,0x2104,0x2104,0x2104,0x2104,0x2104,0x2104,0x0000,0x0000,0x0000,0x0000,0x1082,0x2104,0x2104,0x2104,0x2104,0x2104,0x2104,0x2104,0x2104,0x0000,0x4389,0x4389,0x4389,0x4389,0x4389,0x4389,0x4389,0x4389,0x4389,0x4389,0x4389,0x4389,0x4389,0x4389,0x4389,0x4389,0x4389,0x0000,0x0000,0x0000,0x0000,0x2104,0x2104,0x1082,0x2104,0x2104,0x2104,0x2104,0x2104,0x2104,0x0000,0x0000,0x4389,0x4389,0x4389,0x4389,0x4389,0x4389,
	0x4389,0x4389,0x4389,0x4389,0x4389,0x4389,0xdedb,0x0000,0x2985,0x2104,0x2104,0x2104,0x2104,0x2104,0x2104,0x2104,0x0000,0x0000,0x0000,0x0000,0x0000,0x4389,0x4389,0x4389,0x4389,0x4389,0x4389,0x4389,0x736d,0x2104,0x2985,0x2104,0x2104,0x2104,0x2104,0x2985,0x2104,0x2985,0x0000,0x2104,0x0000,0x0000,0x2104,0x2104,0x2104,0x2104,0x2104,0x2104,0x2104,0x2104,0x2104,0x0000,0x0000,0x0000,0x2104,0x2104,0x2104,0x2104,0x2104,0x2104,0x2104,0x2104,0x2104,0x2104,0x0000,0x0000,0x4389,0x4389,0x4389,0x0000,0x0000,0x0000,0x1082,0x2104,0x2104,0x2104,0x2104,0x2104,0x2104,0x2104,0x0000,0x0000,0x2104,0x2104,0x2104,0x2104,0x2104,0x2104,0x2104,0x2104,0x2104,0x2104,0x2104,0x2104,0x2104,0x2104,0x2104,0x2104,0x2104,0x2104,0x2104,0x2104,0x2104,0x2104,0x0000,0x0020,0x4389,0x0000,0x2104,0x2104,0x2104,0x2104,0x2104,0x2104,0x2104,0x2104,0x2104,0x2104,0x2104,0x2104,0x2104,0x2104,0x0000,0x2104,0x2985,0x2985,0x2104,0x2104,0x2104,0x0000,0x4389,0x0000,0x2104,0x2104,0x0000,0x0000,0x0000,0x0000,0x0000,0x0000,0x0000,0x0000,0x4389,0x0000,0x0000,0x2104,0x2104,0x2104,0x2104,0x2104,0x2104,0x2104,0x2104,0x2104,0x0020,0x0000,0x0000,0x2104,0x2104,0x2104,0x2104,0x2104,0x2104,0x2104,0x2104,0x2104,0x0000,0x0000,0x0000,0x2104,0x2104,0x2104,0x2104,0x2104,0x2104,0x2104,0x2104,0x2104,0x2104,0x0000,0x0000,0x0000,0x0000,0x2104,0x2104,0x2985,0x2104,0x2104,0x2104,0x2104,0x2104,0x0000,0x4389,0x4389,0x4389,0x4389,0x4389,0x4389,0x4389,0x4389,0x4389,0x4389,0x4389,0x4389,0x4389,0x4389,0x4389,0x4389,0x4389,0x4389,0x0000,0x0000,0x0000,0x1082,0x2104,0x2104,0x2104,0x2104,0x2104,0x2104,0x2104,0x2104,0x0000,0x0000,0x4389,0x4389,0x4389,0x4389,0x4389,0x4389,0x4389,
	0x4389,0x4389,0x4389,0x4389,0x4389,0x4389,0x4389,0x736d,0x1082,0x2104,0x2104,0x2104,0x2104,0x2104,0x2104,0x2104,0x2104,0x0000,0x0000,0x0000,0x0000,0x4389,0x4389,0x4389,0x4389,0x4389,0x4389,0x4389,0x4389,0x0000,0x2104,0x2104,0x2104,0x2104,0x2104,0x2104,0x1082,0x0000,0x0000,0x0000,0x0000,0x0000,0x0000,0x2104,0x2104,0x2104,0x2104,0x2104,0x2104,0x2104,0x2104,0x2104,0x0000,0x0000,0x0000,0x2104,0x2104,0x2104,0x2104,0x2104,0x2104,0x2104,0x2104,0x2104,0x0000,0x0000,0x4389,0x4389,0x4389,0x4389,0x0000,0x2104,0x2104,0x2985,0x2104,0x2104,0x2104,0x2104,0x2104,0x2104,0x0000,0x39c7,0x0000,0x2104,0x2985,0x2104,0x2104,0x2104,0x2104,0x2104,0x2104,0x2104,0x2104,0x2104,0x2104,0x2104,0x2104,0x2104,0x2104,0x2104,0x2104,0x2104,0x2104,0x2104,0x0000,0x0020,0x4389,0x0000,0x2985,0x2104,0x2104,0x2104,0x2104,0x2104,0x2104,0x2104,0x2104,0x2104,0x2104,0x2104,0x2104,0x0000,0x2104,0x2104,0x2104,0x2104,0x2104,0x2104,0x2104,0x1082,0x4389,0x0000,0x2104,0x2104,0x2104,0x2104,0x2104,0x2104,0x2104,0x2104,0x2104,0x0000,0x4389,0x0020,0x2104,0x2104,0x2104,0x2104,0x2104,0x2104,0x2104,0x2104,0x2104,0x0000,0x4389,0x4a69,0x0000,0x2104,0x2104,0x2104,0x2104,0x2985,0x2104,0x2104,0x2104,0x2104,0x0000,0x0000,0x2104,0x2104,0x2104,0x2104,0x2104,0x2104,0x2104,0x2104,0x2104,0x2104,0x0000,0x4389,0x0000,0x0000,0x2104,0x2104,0x2104,0x2104,0x2104,0x2104,0x2104,0x2104,0x0000,0x0000,0x4389,0x4389,0x4389,0x4389,0x4389,0x4389,0x4389,0x4389,0x4389,0x4389,0x4389,0x4389,0x4389,0x4389,0x4389,0x4389,0x4389,0x4389,0x0000,0x0000,0x0000,0x2104,0x2104,0x2104,0x2104,0x2104,0x2104,0x2104,0x2104,0x0000,0x0000,0x4389,0x4389,0x4389,0x4389,0x4389,0x4389,0x4389,0x4389,
	0x4389,0x4389,0x4389,0x4389,0x4389,0x4389,0x4389,0x4389,0x1082,0x2104,0x2104,0x2104,0x2104,0x2104,0x2104,0x2104,0x2104,0x2104,0x0000,0x0000,0x0000,0x4389,0x4389,0x4389,0x4389,0x4389,0x4389,0x4389,0x4389,0x4389,0x0000,0x2104,0x2104,0x2104,0x2104,0x2104,0x2104,0x2104,0x2104,0x2104,0x0000,0x0000,0x2985,0x0000,0x2985,0x2104,0x2104,0x2104,0x2104,0x2104,0x2985,0x2104,0x0000,0x0000,0x0000,0x1082,0x2104,0x2104,0x2104,0x2104,0x2104,0x2104,0x2104,0x2104,0x2104,0x0000,0x4389,0x4389,0x4389,0x4389,0x0000,0x2104,0x2104,0x2104,0x2104,0x2104,0x2104,0x2104,0x2104,0x2104,0x0000,0x4389,0x736d,0x2104,0x2104,0x2104,0x2985,0x2104,0x2104,0x2104,0x2104,0x2104,0x2104,0x2104,0x2104,0x2104,0x2104,0x2104,0x2104,0x2985,0x2104,0x2104,0x2104,0x2104,0x0000,0x1082,0x4389,0x0000,0x2104,0x2104,0x2985,0x2104,0x2104,0x2104,0x2104,0x2104,0x2104,0x2104,0x2104,0x2104,0x2104,0x0000,0x2104,0x2104,0x2104,0x2104,0x2104,0x2104,0x2985,0x0000,0x4389,0x0000,0x2104,0x2104,0x2104,0x2985,0x2104,0x2985,0x2104,0x2985,0x0000,0x0000,0x4389,0x0841,0x2104,0x2104,0x2104,0x2985,0x2104,0x2104,0x2104,0x2104,0x2104,0x0000,0x4389,0x4389,0x0000,0x2985,0x2985,0x2104,0x2985,0x2104,0x2985,0x2985,0x2104,0x0000,0x4a69,0x4a69,0x1082,0x2104,0x2104,0x2985,0x2104,0x2985,0x2104,0x2985,0x2985,0x1082,0x736d,0x4389,0x0000,0x0000,0x2985,0x2104,0x2985,0x2104,0x2104,0x2104,0x2104,0x1082,0x0000,0x4389,0x4389,0x4389,0x4389,0x4389,0x4389,0x4389,0x4389,0x4389,0x4389,0x4389,0x4389,0x4389,0x4389,0x4389,0x4389,0x4389,0x4389,0x4389,0x9cd3,0x0000,0x2104,0x2985,0x2104,0x2985,0x2104,0x2104,0x2104,0x2985,0x0000,0x0000,0x4389,0x4389,0x4389,0x4389,0x4389,0x4389,0x4389,0x4389,0x4389,
	0x4389,0x4389,0x4389,0x4389,0x4389,0x4389,0x4389,0x4389,0x4389,0x0000,0x0000,0x0000,0x0000,0x0000,0x0000,0x0000,0x0000,0x0000,0x0000,0x0000,0x0000,0x4389,0x4389,0x4389,0x4389,0x4389,0x4389,0x4389,0x4389,0x4389,0x4389,0x0000,0x0000,0x0000,0x0000,0x0000,0x0000,0x0000,0x0000,0x0000,0x0000,0x0000,0x4389,0x736d,0x0000,0x0000,0x0000,0x0000,0x0000,0x0000,0x0000,0x0000,0x0000,0x0000,0x4389,0x0000,0x0000,0x0000,0x0000,0x0000,0x0000,0x0000,0x0000,0x0000,0x0000,0x0000,0x4389,0x4389,0x4389,0x4389,0x4389,0x0000,0x0000,0x0000,0x0000,0x0000,0x0000,0x0000,0x0000,0x0000,0x0000,0x4389,0x4389,0x0000,0x0000,0x0000,0x0000,0x0000,0x0000,0x0000,0x0000,0x0000,0x0000,0x0000,0x0000,0x0000,0x0000,0x0000,0x0000,0x0000,0x0000,0x0000,0x0000,0x0000,0x0000,0x4389,0x4389,0x0000,0x0000,0x0000,0x0000,0x0000,0x0000,0x0000,0x0000,0x0000,0x0000,0x0000,0x0000,0x0000,0x0000,0x0000,0x0000,0x0000,0x0000,0x0000,0x0000,0x0000,0x0000,0x736d,0x4389,0x0000,0x0000,0x0000,0x0000,0x0000,0x0000,0x0000,0x0000,0x0000,0x0000,0x4389,0x4389,0x0841,0x0000,0x0000,0x0000,0x0000,0x0000,0x0000,0x0000,0x0000,0x0000,0x0000,0x4389,0x4389,0x0000,0x0000,0x0000,0x0000,0x0000,0x0000,0x0000,0x0000,0x0000,0x0000,0x4389,0x0820,0x0000,0x0000,0x0000,0x0000,0x0000,0x0000,0x0000,0x0000,0x0000,0x0000,0x4389,0x4389,0x0000,0x0000,0x0000,0x0000,0x0000,0x0000,0x0000,0x0000,0x0000,0x0000,0x4389,0x4389,0x4389,0x4389,0x4389,0x4389,0x4389,0x4389,0x4389,0x4389,0x4389,0x4389,0x4389,0x4389,0x4389,0x4389,0x4389,0x4389,0x4389,0x4389,0x4389,0x0000,0x0000,0x0000,0x0000,0x0000,0x0000,0x0000,0x0000,0x0000,0x1082,0x4389,0x4389,0x4389,0x4389,0x4389,0x4389,0x4389,0x4389,0x4389,0x4389,
	0x4389,0x4389,0x4389,0x4389,0x4389,0x4389,0x4389,0x4389,0x4389,0x4389,0x4389,0x4389,0x4389,0x4389,0x4389,0x4389,0x4389,0x4389,0x4389,0x4389,0x4389,0x4389,0x4389,0x4389,0x4389,0x4389,0x4389,0x4389,0x4389,0x4389,0x4389,0x4389,0x4389,0x4389,0x4389,0x4389,0x4389,0x4389,0x4389,0x4389,0x4389,0x4389,0x4389,0x4389,0x4389,0x4389,0x4389,0x4389,0x4389,0x4389,0x4389,0x4389,0x4389,0x4389,0x4389,0x4389,0x4389,0x4389,0x4389,0x4389,0x4389,0x4389,0x4389,0x4389,0x4389,0x4389,0x4389,0x4389,0x4389,0x4389,0x4389,0x4389,0x4389,0x4389,0x4389,0x4389,0x4389,0x4389,0x4389,0x4389,0x4389,0x4389,0x4389,0x4389,0x4389,0x4389,0x4389,0x4389,0x4389,0x4389,0x4389,0x4389,0x4389,0x4389,0x4389,0x4389,0x4389,0x4389,0x4389,0x4389,0x4389,0x4389,0x4389,0x4389,0x4389,0x4389,0x4389,0x4389,0x4389,0x4389,0x4389,0x4389,0x4389,0x4389,0x4389,0x4389,0x4389,0x4389,0x4389,0x4389,0x4389,0x4389,0x4389,0x4389,0x4389,0x4389,0x4389,0x4389,0x4389,0x4389,0x4389,0x4389,0x4389,0x4389,0x4389,0x4389,0x4389,0x4389,0x4389,0x4389,0x4389,0x4389,0x4389,0x4389,0x4389,0x4389,0x4389,0x4389,0x4389,0x4389,0x4389,0x4389,0x4389,0x4389,0x4389,0x4389,0x4389,0x4389,0x4389,0x4389,0x4389,0x4389,0x4389,0x4389,0x4389,0x4389,0x4389,0x4389,0x4389,0x4389,0x4389,0x4389,0x4389,0x4389,0x4389,0x4389,0x4389,0x4389,0x4389,0x4389,0x4389,0x4389,0x4389,0x4389,0x4389,0x4389,0x4389,0x4389,0x4389,0x4389,0x4389,0x4389,0x4389,0x4389,0x4389,0x4389,0x4389,0x4389,0x4389,0x4389,0x4389,0x4389,0x4389,0x4389,0x4389,0x4389,0x4389,0x4389,0x4389,0x4389,0x4389,0x4389,0x4389,0x4389,0x4389,0x4389,0x4389,0x4389,0x4389,0x4389,0x4389,0x4389,0x4389,0x4389,0x4389,0x4389,0x4389,0x4389,0x4389,0x4389,0x4389,
	0x4389,0x4389,0x4389,0x4389,0x4389,0x4389,0x4389,0x4389,0x4389,0x4389,0x4389,0x4389,0x4389,0x4389,0x4389,0x4389,0x4389,0x4389,0x4389,0x4389,0x4389,0x4389,0x4389,0x4389,0x4389,0x4389,0x4389,0x4389,0x4389,0x4389,0x4389,0x4389,0x4389,0x4389,0x4389,0x4389,0x4389,0x4389,0x4389,0x4389,0x4389,0x4389,0x4389,0x4389,0x4389,0x4389,0x4389,0x4389,0x4389,0x4389,0x4389,0x4389,0x4389,0x4389,0x4389,0x4389,0x4389,0x4389,0x4389,0x4389,0x4389,0x4389,0x4389,0x4389,0x4389,0x4389,0x4389,0x4389,0x4389,0x4389,0x4389,0x4389,0x4389,0x4389,0x4389,0x4389,0x4389,0x4389,0x4389,0x4389,0x4389,0x4389,0x4389,0x4389,0x4389,0x4389,0x4389,0x4389,0x4389,0x4389,0x4389,0x4389,0x4389,0x4389,0x4389,0x4389,0x4389,0x4389,0x4389,0x4389,0x4389,0x4389,0x4389,0x4389,0x4389,0x4389,0x4389,0x4389,0x4389,0x4389,0x4389,0x4389,0x4389,0x4389,0x4389,0x4389,0x4389,0x4389,0x4389,0x4389,0x4389,0x4389,0x4389,0x4389,0x4389,0x4389,0x4389,0x4389,0x4389,0x4389,0x4389,0x4389,0x4389,0x4389,0x4389,0x4389,0x4389,0x4389,0x4389,0x4389,0x4389,0x4389,0x4389,0x4389,0x4389,0x4389,0x4389,0x4389,0x4389,0x4389,0x4389,0x4389,0x4389,0x4389,0x4389,0x4389,0x4389,0x4389,0x4389,0x4389,0x4389,0x4389,0x4389,0x4389,0x4389,0x4389,0x4389,0x4389,0x4389,0x4389,0x4389,0x4389,0x4389,0x4389,0x4389,0x4389,0x4389,0x4389,0x4389,0x4389,0x4389,0x4389,0x4389,0x4389,0x4389,0x4389,0x4389,0x4389,0x4389,0x4389,0x4389,0x4389,0x4389,0x4389,0x4389,0x4389,0x4389,0x4389,0x4389,0x4389,0x4389,0x4389,0x4389,0x4389,0x4389,0x4389,0x4389,0x4389,0x4389,0x4389,0x4389,0x4389,0x4389,0x4389,0x4389,0x4389,0x4389,0x4389,0x4389,0x4389,0x4389,0x4389,0x4389,0x4389,0x4389,0x4389,0x4389,0x4389,0x4389,0x4389,0x4389,
	0x4389,0x4389,0x4389,0x4389,0x4389,0x4389,0x4389,0x4389,0x4389,0x4389,0x4389,0x4389,0x4389,0x4389,0x4389,0x4389,0x4389,0x4389,0x4389,0x4389,0x4389,0x4389,0x4389,0x4389,0x4389,0x4389,0x4389,0x4389,0x4389,0x4389,0x4389,0x4389,0x4389,0x4389,0x4389,0x4389,0x4389,0x4389,0x4389,0x4389,0x4389,0x4389,0x4389,0x4389,0x4389,0x4389,0x4389,0x4389,0x4389,0x4389,0x4389,0x4389,0x4389,0x4389,0x4389,0x4389,0x4389,0x4389,0x4389,0x4389,0x4389,0x4389,0x4389,0x4389,0x4389,0x4389,0x4389,0x4389,0x4389,0x4389,0x4389,0x4389,0x4389,0x4389,0x4389,0x4389,0x4389,0x4389,0x4389,0x4389,0x4389,0x4389,0x4389,0x4389,0x4389,0x4389,0x4389,0x4389,0x4389,0x4389,0x4389,0x4389,0x4389,0x4389,0x4389,0x4389,0x4389,0x4389,0x4389,0x4389,0x4389,0x4389,0x4389,0x4389,0x4389,0x4389,0x4389,0x4389,0x4389,0x4389,0x4389,0x4389,0x4389,0x4389,0x4389,0x4389,0x4389,0x4389,0x4389,0x4389,0x4389,0x4389,0x4389,0x4389,0x4389,0x4389,0x4389,0x4389,0x4389,0x4389,0x4389,0x4389,0x4389,0x4389,0x4389,0x4389,0x4389,0x4389,0x4389,0x4389,0x4389,0x4389,0x4389,0x4389,0x4389,0x4389,0x4389,0x4389,0x4389,0x4389,0x4389,0x4389,0x4389,0x4389,0x4389,0x4389,0x4389,0x4389,0x4389,0x4389,0x4389,0x4389,0x4389,0x4389,0x4389,0x4389,0x4389,0x4389,0x4389,0x4389,0x4389,0x4389,0x4389,0x4389,0x4389,0x4389,0x4389,0x4389,0x4389,0x4389,0x4389,0x4389,0x4389,0x4389,0x4389,0x4389,0x4389,0x4389,0x4389,0x4389,0x4389,0x4389,0x4389,0x4389,0x4389,0x4389,0x4389,0x4389,0x4389,0x4389,0x4389,0x4389,0x4389,0x4389,0x4389,0x4389,0x4389,0x4389,0x4389,0x4389,0x4389,0x4389,0x4389,0x4389,0x4389,0x4389,0x4389,0x4389,0x4389,0x4389,0x4389,0x4389,0x4389,0x4389,0x4389,0x4389,0x4389,0x4389,0x4389,0x4389,0x4389
};

const static color_t buttons[2][3200] = {
    {
		0x0000,0x0000,0x0000,0x0000,0x0000,0x0000,0x0000,0x0000,0x0000,0x0000,0x0000,0x0000,0x0000,0x0000,0x0000,0x0000,0x0000,0x0000,0x0000,0x0000,0x0000,0x0000,0x0000,0x0000,0x0000,0x0000,0x0000,0x0000,0x0000,0x0000,0x0000,0x0000,0x0000,0x0000,0x0000,0x0000,0x0000,0x0000,0x0000,0x0000,0x0000,0x0000,0x0000,0x0000,0x0000,0x0000,0x0000,0x0000,0x0000,0x0000,0x0000,0x0000,0x0000,0x0000,0x0000,0x0000,0x0000,0x0000,0x0000,0x0000,0x0000,0x0000,0x0000,0x0000,0x0000,0x0000,0x0000,0x0000,0x0000,0x0000,0x0000,0x0000,0x0000,0x0000,0x0000,0x0000,0x0000,0x0000,0x0000,0x0000,0x0000,0x0000,0x0000,0x0000,0x0000,0x0000,0x0000,0x0000,0x0000,0x0000,0x0000,0x0000,0x0000,0x0000,0x0000,0x0000,0x0000,0x0000,0x0000,0x0000,0x0000,0x0000,0x0000,0x0000,0x0000,0x0000,0x0000,0x0000,0x0000,0x0000,0x0000,0x0000,0x0000,0x0000,0x0000,0x0000,0x0000,0x0000,0x0000,0x0000,0x0000,0x0000,0x0000,0x0000,0x0000,0x0000,0x0000,0x0000,0x0000,0x0000,0x0000,0x0000,0x0000,0x0000,0x0000,0x0000,0x0000,0x0000,0x0000,0x0000,0x0000,0x0000,0x0000,0x0000,0x0000,0x0000,0x0000,0x0000,0x0000,0x0000,0x0000,0x0000,0x0000,0x0000,0x0000,0x0000,0x0000,0x0000,0x0000,0x0000,
		0x0000,0xad55,0xad55,0xad55,0xad55,0xad55,0xa534,0xa534,0xad55,0xad55,0xad55,0xad55,0xad55,0xad55,0xad55,0xad55,0xad55,0xad55,0xad55,0xad55,0xad55,0xad55,0xad55,0xad55,0xad55,0xa534,0xad55,0xad55,0xad55,0xad55,0xad55,0xad55,0xad55,0xad55,0xad55,0xad55,0xad55,0xad55,0xad55,0xad55,0xad55,0xad55,0xad55,0xad55,0xad55,0xad55,0xad55,0xad55,0xad55,0xad55,0xad55,0xad55,0xad55,0xad55,0xad75,0xad55,0xad55,0xad55,0xad55,0xa534,0xad55,0xad55,0xad55,0xad55,0xad55,0xad55,0xa534,0xad55,0xad55,0xad55,0xad75,0xad55,0xad55,0xad55,0xad55,0xad55,0xad75,0xad75,0xad55,0xa534,0xa534,0xad55,0xad55,0xa534,0xad55,0xad55,0xad55,0xad55,0xa534,0xad55,0xad55,0xad55,0xad55,0xad55,0xad55,0xad55,0xad55,0xad55,0xad55,0xad55,0xad55,0xad55,0xad55,0xad55,0xad55,0xad55,0xad55,0xad55,0xad55,0xad55,0xad55,0xad55,0xad55,0xad55,0xad55,0xad55,0xad55,0xad55,0xad55,0xa534,0xad55,0xad55,0xad55,0xa534,0xad55,0xad55,0xad75,0xad75,0xad55,0xad55,0xad75,0xad55,0xad55,0xad55,0xad55,0xad55,0xa534,0xad55,0xad55,0xad55,0xa534,0xad55,0xad55,0xad55,0xa534,0xa534,0xa534,0xa534,0xad55,0xad55,0xad55,0xad55,0xad55,0xad55,0xad55,0xad55,0xad55,0xad55,0x6b6d,0x0000,
		0x0000,0xad55,0x6b6d,0x6b6d,0x6b6d,0x6b6d,0x6b6d,0x6b6d,0x6b6d,0x6b6d,0x738e,0x6b6d,0x6b6d,0x6b6d,0x6b6d,0x6b6d,0x6b6d,0x738e,0x6b6d,0x6b6d,0x6b6d,0x6b6d,0x6b6d,0x6b4d,0x6b6d,0x6b6d,0x6b6d,0x738e,0x738e,0x6b6d,0x6b6d,0x6b6d,0x6b6d,0x738e,0x738e,0x6b6d,0x6b6d,0x6b6d,0x6b4d,0x6b6d,0x6b6d,0x6b6d,0x6b6d,0x6b4d,0x6b4d,0x6b6d,0x6b6d,0x6b6d,0x6b6d,0x6b6d,0x6b6d,0x6b6d,0x738e,0x6b6d,0x6b6d,0x6b4d,0x73ae,0x738e,0x6b6d,0x6b6d,0x738e,0x73ae,0x738e,0x6b6d,0x6b6d,0x6b6d,0x738e,0x738e,0x738e,0x6b6d,0x6b6d,0x6b6d,0x6b6d,0x6b6d,0x6b6d,0x6b6d,0x6b6d,0x6b6d,0x6b6d,0x6b4d,0x6b6d,0x738e,0x73ae,0x73ae,0x6b6d,0x6b6d,0x6b6d,0x6b6d,0x6b6d,0x738e,0x6b6d,0x6b4d,0x6b6d,0x6b6d,0x6b6d,0x738e,0x6b6d,0x6b6d,0x738e,0x738e,0x6b4d,0x6b6d,0x6b6d,0x6b6d,0x6b6d,0x6b6d,0x6b6d,0x6b6d,0x6b6d,0x6b6d,0x6b6d,0x738e,0x738e,0x6b4d,0x6b6d,0x738e,0x6b6d,0x6b6d,0x6b6d,0x6b6d,0x6b6d,0x6b6d,0x6b4d,0x6b6d,0x73ae,0x738e,0x6b6d,0x6b6d,0x6b4d,0x6b6d,0x6b6d,0x738e,0x738e,0x738e,0x6b6d,0x6b6d,0x6b6d,0x6b6d,0x6b6d,0x738e,0x6b6d,0x6b6d,0x6b6d,0x6b6d,0x6b6d,0x73ae,0x738e,0x738e,0x73ae,0x738e,0x6b6d,0x6b6d,0x738e,0x738e,0x738e,0x6b6d,0x6b6d,0x6b6d,0x528a,0x0000,
		0x0000,0xad55,0x6b6d,0x6b4d,0x6b6d,0x6b6d,0x6b6d,0x6b6d,0x738e,0x6b6d,0x6b6d,0x6b6d,0x6b6d,0x738e,0x73ae,0x6b6d,0x6b6d,0x6b4d,0x6b6d,0x6b6d,0x738e,0x738e,0x6b6d,0x738e,0x6b6d,0x6b6d,0x6b6d,0x6b6d,0x6b6d,0x6b6d,0x6b6d,0x6b6d,0x738e,0x6b6d,0x6b6d,0x6b6d,0x6b6d,0x6b4d,0x6b4d,0x6b4d,0x738e,0x6b6d,0x6b6d,0x6b4d,0x738e,0x6b6d,0x6b6d,0x6b6d,0x6b6d,0x6b6d,0x6b6d,0x738e,0x73ae,0x6b6d,0x6b6d,0x6b4d,0x6b4d,0x6b4d,0x6b4d,0x6b4d,0x6b6d,0x6b6d,0x6b6d,0x6b6d,0x6b4d,0x6b6d,0x6b6d,0x6b6d,0x6b6d,0x6b6d,0x738e,0x738e,0x6b6d,0x738e,0x738e,0x6b6d,0x738e,0x73ae,0x738e,0x6b6d,0x738e,0x7bcf,0x6b6d,0x6b4d,0x6b6d,0x6b6d,0x6b6d,0x6b6d,0x6b4d,0x6b6d,0x6b6d,0x6b6d,0x6b6d,0x6b6d,0x6b6d,0x6b6d,0x6b6d,0x6b6d,0x738e,0x738e,0x738e,0x6b6d,0x738e,0x73ae,0x73ae,0x738e,0x6b6d,0x6b4d,0x6b6d,0x6b6d,0x6b6d,0x738e,0x6b6d,0x738e,0x6b6d,0x6b6d,0x6b4d,0x738e,0x73ae,0x6b6d,0x6b6d,0x6b6d,0x6b6d,0x6b6d,0x6b6d,0x6b6d,0x6b6d,0x6b6d,0x6b6d,0x6b6d,0x6b6d,0x738e,0x73ae,0x738e,0x6b6d,0x6b6d,0x6b6d,0x6b6d,0x738e,0x6b6d,0x738e,0x73ae,0x738e,0x6b6d,0x6b4d,0x6b6d,0x738e,0x6b6d,0x6b6d,0x6b6d,0x6b4d,0x6b6d,0x6b6d,0x738e,0x73ae,0x738e,0x6b6d,0x6b4d,0x52aa,0x0000,
		0x0000,0xad55,0x6b6d,0x738e,0x6b6d,0x6b6d,0x6b6d,0x738e,0x6b6d,0x6b6d,0x6b6d,0x6b6d,0x6b6d,0x6b6d,0x6b6d,0x6b6d,0x632c,0x6b6d,0x6b6d,0x6b6d,0x6b4d,0x6b6d,0x6b6d,0x632c,0x6b4d,0x6b6d,0x738e,0x738e,0x738e,0x6b6d,0x6b6d,0x6b6d,0x6b6d,0x6b6d,0x6b6d,0x6b6d,0x73ae,0x738e,0x6b6d,0x6b6d,0x6b6d,0x6b6d,0x738e,0x6b6d,0x6b4d,0x6b6d,0x6b6d,0x6b6d,0x6b6d,0x6b6d,0x6b4d,0x6b6d,0x6b6d,0x6b6d,0x6b4d,0x6b6d,0x6b6d,0x6b6d,0x6b6d,0x6b6d,0x6b6d,0x6b6d,0x6b6d,0x6b6d,0x6b6d,0x6b6d,0x6b6d,0x6b4d,0x6b6d,0x738e,0x6b6d,0x6b6d,0x6b6d,0x6b6d,0x73ae,0x73ae,0x73ae,0x6b6d,0x6b4d,0x6b6d,0x6b6d,0x738e,0x73ae,0x6b6d,0x6b6d,0x6b6d,0x6b6d,0x6b4d,0x6b4d,0x6b6d,0x6b6d,0x6b6d,0x6b6d,0x6b6d,0x6b6d,0x6b6d,0x6b6d,0x6b4d,0x6b6d,0x6b6d,0x6b6d,0x6b6d,0x6b6d,0x6b6d,0x6b6d,0x6b6d,0x6b6d,0x6b6d,0x6b6d,0x738e,0x73ae,0x738e,0x738e,0x73ae,0x738e,0x738e,0x738e,0x6b6d,0x6b6d,0x6b6d,0x6b6d,0x738e,0x6b6d,0x6b6d,0x6b6d,0x6b6d,0x6b6d,0x6b6d,0x6b6d,0x6b6d,0x6b6d,0x6b6d,0x6b6d,0x6b6d,0x738e,0x6b6d,0x6b6d,0x6b4d,0x6b6d,0x738e,0x6b6d,0x6b6d,0x6b6d,0x6b6d,0x6b6d,0x738e,0x73ae,0x738e,0x6b6d,0x6b6d,0x6b6d,0x6b6d,0x6b6d,0x738e,0x73ae,0x738e,0x6b6d,0x6b4d,0x52aa,0x0000,
		0x0000,0xad55,0x6b6d,0x738e,0x738e,0x6b4d,0x6b6d,0x738e,0x6b6d,0x6b6d,0x6b4d,0x6b6d,0x6b6d,0x6b6d,0x6b6d,0x738e,0x738e,0x738e,0x738e,0x6b6d,0x6b6d,0x6b6d,0x6b6d,0x6b6d,0x6b6d,0x6b6d,0x6b6d,0x738e,0x6b6d,0x6b6d,0x6b4d,0x6b4d,0x6b4d,0x738e,0x73ae,0x738e,0x73ae,0x738e,0x6b6d,0x6b6d,0x6b6d,0x6b6d,0x6b6d,0x6b6d,0x6b6d,0x6b6d,0x6b6d,0x6b4d,0x6b6d,0x6b6d,0x6b4d,0x6b4d,0x6b6d,0x6b6d,0x6b4d,0x6b6d,0x6b6d,0x738e,0x6b6d,0x6b6d,0x6b6d,0x6b6d,0x738e,0x73ae,0x6b6d,0x6b6d,0x6b6d,0x6b6d,0x6b6d,0x6b6d,0x6b6d,0x738e,0x738e,0x738e,0x7bcf,0x738e,0x6b6d,0x6b6d,0x6b6d,0x6b6d,0x738e,0x6b6d,0x6b6d,0x6b6d,0x6b6d,0x6b4d,0x6b6d,0x6b6d,0x6b6d,0x6b6d,0x6b6d,0x6b4d,0x6b6d,0x6b6d,0x6b6d,0x6b6d,0x6b6d,0x6b6d,0x6b4d,0x6b4d,0x6b6d,0x6b6d,0x6b6d,0x6b6d,0x73ae,0x6b6d,0x6b6d,0x6b6d,0x738e,0x738e,0x73ae,0x738e,0x6b6d,0x6b4d,0x6b4d,0x6b6d,0x6b6d,0x6b6d,0x6b6d,0x6b6d,0x6b6d,0x6b4d,0x6b6d,0x6b6d,0x738e,0x738e,0x738e,0x6b6d,0x6b6d,0x6b6d,0x6b6d,0x6b6d,0x6b6d,0x6b4d,0x6b6d,0x6b6d,0x6b6d,0x6b6d,0x738e,0x6b6d,0x6b6d,0x6b6d,0x6b6d,0x6b6d,0x6b6d,0x6b6d,0x6b6d,0x6b6d,0x6b4d,0x6b6d,0x6b6d,0x6b6d,0x6b6d,0x6b6d,0x6b6d,0x6b6d,0x738e,0x738e,0x5acb,0x0000,
		0x0000,0xa534,0x6b6d,0x6b6d,0x6b6d,0x6b6d,0x6b6d,0x738e,0x6b6d,0x6b4d,0x6b6d,0x6b6d,0x6b6d,0x6b6d,0x6b6d,0x6b6d,0x6b4d,0x6b6d,0x6b6d,0x6b6d,0x6b6d,0x6b6d,0x6b6d,0x738e,0x6b6d,0x6b6d,0x6b6d,0x6b4d,0x6b4d,0x6b6d,0x738e,0x738e,0x6b6d,0x6b6d,0x738e,0x738e,0x73ae,0x738e,0x738e,0x73ae,0x6b6d,0x6b4d,0x6b6d,0x6b6d,0x6b6d,0x6b6d,0x6b6d,0x738e,0x738e,0x738e,0x6b6d,0x6b6d,0x73ae,0x6b6d,0x6b6d,0x738e,0x6b4d,0x6b4d,0x6b6d,0x6b6d,0x6b6d,0x6b6d,0x6b6d,0x6b4d,0x632c,0x6b6d,0x6b6d,0x6b6d,0x6b6d,0x738e,0x6b6d,0x6b6d,0x738e,0x73ae,0x738e,0x6b6d,0x738e,0x73ae,0x6b6d,0x6b6d,0x6b6d,0x6b6d,0x6b6d,0x6b6d,0x738e,0x73ae,0x738e,0x6b6d,0x6b6d,0x6b6d,0x6b6d,0x6b6d,0x6b6d,0x6b6d,0x6b6d,0x6b6d,0x6b6d,0x6b6d,0x6b6d,0x6b4d,0x6b6d,0x6b6d,0x738e,0x73ae,0x738e,0x6b6d,0x6b6d,0x6b6d,0x6b6d,0x6b6d,0x6b6d,0x6b4d,0x6b6d,0x6b6d,0x6b6d,0x6b6d,0x6b6d,0x6b6d,0x6b6d,0x6b6d,0x6b6d,0x6b6d,0x6b6d,0x6b6d,0x6b6d,0x6b6d,0x6b6d,0x6b6d,0x6b6d,0x738e,0x738e,0x6b6d,0x738e,0x738e,0x6b6d,0x6b6d,0x6b4d,0x6b6d,0x738e,0x73ae,0x73ae,0x73ae,0x738e,0x6b6d,0x6b4d,0x6b6d,0x6b6d,0x6b6d,0x6b6d,0x6b6d,0x6b4d,0x6b6d,0x6b6d,0x6b6d,0x6b4d,0x6b4d,0x6b6d,0x6b6d,0x52aa,0x0000,
		0x0000,0xad55,0x6b6d,0x6b6d,0x6b6d,0x738e,0x738e,0x738e,0x738e,0x738e,0x73ae,0x6b6d,0x6b6d,0x6b6d,0x6b6d,0x6b6d,0x6b6d,0x6b6d,0x6b6d,0x6b6d,0x6b6d,0x738e,0x6b6d,0x6b6d,0x6b6d,0x6b4d,0x6b6d,0x6b6d,0x6b6d,0x738e,0x6b6d,0x6b6d,0x6b6d,0x6b6d,0x632c,0x6b4d,0x6b4d,0x6b6d,0x6b6d,0x6b6d,0x738e,0x73ae,0x738e,0x6b6d,0x6b6d,0x6b6d,0x6b6d,0x6b6d,0x6b6d,0x738e,0x73ae,0x7bcf,0x738e,0x6b6d,0x6b6d,0x6b6d,0x6b6d,0x738e,0x738e,0x73ae,0x738e,0x6b6d,0x738e,0x73ae,0x6b6d,0x6b6d,0x738e,0x6b6d,0x632c,0x6b6d,0x738e,0x73ae,0x738e,0x6b6d,0x6b6d,0x738e,0x73ae,0x738e,0x6b6d,0x6b6d,0x6b6d,0x6b6d,0x6b6d,0x6b6d,0x738e,0x73ae,0x738e,0x73ae,0x738e,0x738e,0x6b6d,0x6b6d,0x6b6d,0x6b4d,0x6b4d,0x738e,0x738e,0x738e,0x6b6d,0x6b6d,0x6b6d,0x6b6d,0x6b6d,0x6b6d,0x6b6d,0x738e,0x738e,0x738e,0x6b6d,0x6b6d,0x6b6d,0x6b4d,0x6b6d,0x6b6d,0x6b6d,0x6b6d,0x6b6d,0x738e,0x73ae,0x738e,0x6b6d,0x738e,0x73ae,0x7bcf,0x738e,0x6b6d,0x6b6d,0x6b6d,0x6b6d,0x738e,0x6b6d,0x6b6d,0x6b6d,0x6b6d,0x6b6d,0x6b6d,0x6b6d,0x6b6d,0x738e,0x6b6d,0x6b6d,0x6b6d,0x6b6d,0x6b6d,0x6b6d,0x6b6d,0x6b6d,0x738e,0x73ae,0x738e,0x6b6d,0x6b6d,0x6b6d,0x6b6d,0x6b6d,0x738e,0x6b6d,0x738e,0x52aa,0x0000,
		0x0000,0xad55,0x6b6d,0x6b6d,0x6b6d,0x6b4d,0x6b6d,0x6b6d,0x6b6d,0x6b6d,0x738e,0x738e,0x6b6d,0x6b6d,0x6b6d,0x6b6d,0x6b6d,0x6b6d,0x6b6d,0x6b6d,0x6b6d,0x6b6d,0x6b6d,0x6b6d,0x6b6d,0x6b6d,0x6b6d,0x6b6d,0x6b6d,0x6b6d,0x6b4d,0x6b6d,0x6b6d,0x6b6d,0x738e,0x73ae,0x738e,0x6b6d,0x6b6d,0x738e,0x6b6d,0x6b6d,0x738e,0x738e,0x6b6d,0x6b6d,0x6b6d,0x6b6d,0x738e,0x6b6d,0x6b4d,0x6b6d,0x6b6d,0x6b6d,0x738e,0x6b6d,0x6b6d,0x6b6d,0x73ae,0x738e,0x6b6d,0x6b6d,0x6b6d,0x6b6d,0x6b6d,0x6b6d,0x6b6d,0x6b6d,0x6b6d,0x6b6d,0x6b4d,0x6b4d,0x6b6d,0x6b6d,0x6b4d,0x6b6d,0x6b6d,0x6b6d,0x6b6d,0x6b6d,0x6b6d,0x6b6d,0x6b6d,0x738e,0x6b6d,0x6b6d,0x6b6d,0x6b6d,0x6b6d,0x6b6d,0x6b6d,0x6b6d,0x6b6d,0x6b6d,0x6b6d,0x6b6d,0x738e,0x738e,0x738e,0x6b6d,0x6b6d,0x6b6d,0x6b6d,0x6b6d,0x6b6d,0x632c,0x6b4d,0x6b4d,0x6b6d,0x738e,0x738e,0x6b6d,0x738e,0x73ae,0x738e,0x6b6d,0x6b6d,0x6b6d,0x6b6d,0x6b6d,0x6b4d,0x6b4d,0x6b6d,0x6b6d,0x738e,0x738e,0x6b6d,0x6b6d,0x6b6d,0x6b6d,0x6b6d,0x738e,0x738e,0x73ae,0x738e,0x6b6d,0x6b6d,0x6b6d,0x6b6d,0x6b6d,0x6b6d,0x6b6d,0x6b4d,0x6b6d,0x738e,0x738e,0x738e,0x6b6d,0x6b6d,0x6b6d,0x6b6d,0x6b6d,0x6b6d,0x738e,0x738e,0x6b6d,0x6b6d,0x6b6d,0x52aa,0x0000,
		0x0000,0xad55,0x6b6d,0x6b6d,0x6b6d,0x6b6d,0x738e,0x6b6d,0x6b6d,0x6b6d,0x6b6d,0x6b6d,0x738e,0x73ae,0x738e,0x6b6d,0x6b6d,0x6b6d,0x6b6d,0x6b6d,0x6b6d,0x738e,0x6b6d,0x6b6d,0x6b4d,0x6b6d,0x738e,0x738e,0x73ae,0x73ae,0x6b6d,0x6b6d,0x73ae,0x73ae,0x738e,0x738e,0x738e,0x73ae,0x7bcf,0x738e,0x738e,0x6b4d,0x6b6d,0x6b6d,0x6b6d,0x738e,0x738e,0x738e,0x7bcf,0x7bcf,0x73ae,0x738e,0x6b6d,0x6b6d,0x6b6d,0x6b6d,0x73ae,0x738e,0x738e,0x73ae,0x6b6d,0x6b6d,0x6b6d,0x6b6d,0x6b6d,0x6b6d,0x6b4d,0x6b6d,0x6b6d,0x738e,0x6b6d,0x738e,0x738e,0x6b6d,0x6b6d,0x6b6d,0x6b6d,0x6b6d,0x6b6d,0x6b6d,0x6b6d,0x6b6d,0x6b6d,0x6b6d,0x6b6d,0x6b6d,0x6b6d,0x6b4d,0x6b4d,0x6b6d,0x6b6d,0x6b6d,0x6b6d,0x6b6d,0x6b4d,0x6b6d,0x6b6d,0x6b6d,0x738e,0x6b6d,0x6b6d,0x6b6d,0x6b6d,0x6b6d,0x6b6d,0x6b6d,0x6b6d,0x6b4d,0x6b6d,0x6b6d,0x6b6d,0x6b6d,0x6b6d,0x738e,0x73ae,0x738e,0x6b6d,0x6b6d,0x6b6d,0x6b4d,0x6b6d,0x73ae,0x738e,0x6b6d,0x6b6d,0x738e,0x7bcf,0x738e,0x6b6d,0x738e,0x73ae,0x738e,0x6b6d,0x6b6d,0x6b6d,0x6b6d,0x738e,0x6b6d,0x6b6d,0x738e,0x738e,0x738e,0x6b6d,0x6b6d,0x738e,0x738e,0x6b6d,0x6b6d,0x6b6d,0x6b6d,0x6b6d,0x6b6d,0x6b6d,0x6b6d,0x738e,0x73ae,0x738e,0x6b6d,0x4a69,0x0000,
		0x0000,0xad55,0x6b6d,0x738e,0x73ae,0x738e,0x738e,0x73ae,0x738e,0x6b6d,0x6b6d,0x6b6d,0x6b6d,0x738e,0x738e,0x738e,0x6b6d,0x738e,0x73ae,0x738e,0x6b6d,0x6b6d,0x6b6d,0x6b6d,0x6b6d,0x6b4d,0x738e,0x6b6d,0x6b6d,0x6b6d,0x6b6d,0x6b6d,0x6b6d,0x6b6d,0x6b6d,0x6b6d,0x738e,0x6b6d,0x6b6d,0x6b6d,0x6b6d,0x6b6d,0x6b6d,0x6b6d,0x738e,0x6b6d,0x6b4d,0x738e,0x738e,0x6b6d,0x738e,0x73ae,0x738e,0x6b6d,0x6b6d,0x738e,0x73ae,0x6b6d,0x6b4d,0x6b6d,0x6b6d,0x6b6d,0x6b6d,0x6b6d,0x6b6d,0x6b6d,0x6b6d,0x6b6d,0x738e,0x73ae,0x738e,0x6b6d,0x6b6d,0x6b6d,0x6b6d,0x6b6d,0x6b6d,0x738e,0x73ae,0x73ae,0x7bcf,0x7bcf,0x73ae,0x6b6d,0x6b6d,0x738e,0x73ae,0x738e,0x6b6d,0x6b6d,0x6b6d,0x6b6d,0x6b6d,0x6b6d,0x6b6d,0x6b6d,0x6b6d,0x6b4d,0x6b6d,0x73ae,0x738e,0x6b6d,0x738e,0x73ae,0x738e,0x6b6d,0x6b6d,0x6b6d,0x6b6d,0x6b6d,0x6b6d,0x6b6d,0x6b6d,0x6b6d,0x6b6d,0x738e,0x6b6d,0x6b4d,0x6b6d,0x738e,0x6b6d,0x6b6d,0x6b6d,0x6b6d,0x6b6d,0x73ae,0x738e,0x6b6d,0x6b6d,0x6b6d,0x738e,0x6b6d,0x6b6d,0x6b6d,0x6b6d,0x6b6d,0x6b6d,0x6b6d,0x738e,0x6b6d,0x73ae,0x738e,0x6b6d,0x738e,0x6b6d,0x6b6d,0x738e,0x6b6d,0x6b6d,0x6b6d,0x6b6d,0x6b6d,0x6b6d,0x738e,0x6b6d,0x6b6d,0x6b6d,0x632c,0x52aa,0x0000,
		0x0000,0xad55,0x6b6d,0x6b6d,0x6b6d,0x6b6d,0x738e,0x6b6d,0x6b6d,0x6b6d,0x6b6d,0x6b6d,0x6b6d,0x632c,0x6b6d,0x6b6d,0x6b6d,0x6b6d,0x6b4d,0x6b6d,0x738e,0x738e,0x6b6d,0x6b6d,0x738e,0x6b6d,0x6b6d,0x6b6d,0x738e,0x73ae,0x7bcf,0x738e,0x6b6d,0x738e,0x738e,0x738e,0x738e,0x6b6d,0x6b6d,0x6b6d,0x6b6d,0x6b6d,0x6b6d,0x6b6d,0x6b6d,0x6b6d,0x738e,0x6b6d,0x6b6d,0x6b6d,0x6b6d,0x6b6d,0x6b6d,0x6b6d,0x6b6d,0x6b6d,0x6b6d,0x6b6d,0x738e,0x6b6d,0x6b6d,0x6b6d,0x6b6d,0x738e,0x6b6d,0x6b6d,0x6b6d,0x738e,0x6b6d,0x738e,0x738e,0x738e,0x6b6d,0x738e,0x6b6d,0x6b6d,0x6b6d,0x738e,0x6b6d,0x6b6d,0x6b4d,0x6b4d,0x6b6d,0x6b6d,0x6b6d,0x6b4d,0x6b6d,0x738e,0x738e,0x73ae,0x6b6d,0x6b6d,0x6b6d,0x6b6d,0x738e,0x73ae,0x738e,0x6b6d,0x6b6d,0x6b6d,0x6b6d,0x6b6d,0x6b6d,0x6b6d,0x6b6d,0x6b6d,0x6b6d,0x6b6d,0x73ae,0x738e,0x738e,0x6b6d,0x6b6d,0x73ae,0x738e,0x6b6d,0x6b6d,0x6b6d,0x6b4d,0x6b6d,0x6b6d,0x6b6d,0x6b4d,0x6b4d,0x6b6d,0x738e,0x6b4d,0x6b6d,0x6b6d,0x6b4d,0x6b6d,0x6b6d,0x6b6d,0x6b6d,0x6b6d,0x6b6d,0x6b6d,0x6b6d,0x6b6d,0x6b6d,0x738e,0x6b6d,0x6b6d,0x738e,0x6b4d,0x6b6d,0x6b6d,0x6b6d,0x6b6d,0x6b6d,0x6b6d,0x6b6d,0x6b6d,0x6b6d,0x6b6d,0x6b6d,0x738e,0x6b4d,0x5acb,0x0000,
		0x0000,0xad55,0x6b6d,0x6b6d,0x6b6d,0x738e,0x738e,0x738e,0x6b6d,0x6b6d,0x6b4d,0x6b4d,0x6b6d,0x6b6d,0x632c,0x6b4d,0x6b6d,0x73ae,0x738e,0x6b6d,0x738e,0x6b6d,0x6b6d,0x6b6d,0x6b6d,0x6b4d,0x6b6d,0x6b6d,0x6b6d,0x738e,0x73ae,0x738e,0x6b6d,0x6b4d,0x6b6d,0x6b6d,0x6b6d,0x6b6d,0x6b6d,0x6b6d,0x6b6d,0x6b6d,0x6b6d,0x6b6d,0x6b6d,0x6b6d,0x6b6d,0x6b6d,0x738e,0x738e,0x738e,0x6b6d,0x73ae,0x738e,0x6b6d,0x6b6d,0x6b6d,0x6b6d,0x6b6d,0x738e,0x7bcf,0x738e,0x73ae,0x738e,0x738e,0x738e,0x738e,0x6b6d,0x6b6d,0x6b6d,0x738e,0x6b6d,0x738e,0x738e,0x738e,0x6b6d,0x6b6d,0x6b6d,0x6b6d,0x738e,0x73ae,0x738e,0x738e,0x6b6d,0x6b6d,0x738e,0x738e,0x6b6d,0x6b6d,0x6b6d,0x6b6d,0x6b6d,0x738e,0x738e,0x6b6d,0x6b6d,0x6b6d,0x6b6d,0x6b6d,0x632c,0x6b6d,0x738e,0x6b4d,0x6b4d,0x6b4d,0x6b6d,0x6b6d,0x738e,0x6b6d,0x6b6d,0x738e,0x6b6d,0x6b4d,0x6b6d,0x6b6d,0x6b6d,0x6b6d,0x6b6d,0x738e,0x6b6d,0x6b6d,0x6b6d,0x6b6d,0x738e,0x738e,0x6b6d,0x6b6d,0x738e,0x6b6d,0x6b6d,0x6b6d,0x738e,0x738e,0x738e,0x6b6d,0x6b6d,0x6b6d,0x6b6d,0x6b6d,0x6b6d,0x6b6d,0x6b6d,0x6b6d,0x6b6d,0x6b6d,0x6b6d,0x6b4d,0x738e,0x738e,0x73ae,0x73ae,0x73ae,0x6b6d,0x6b6d,0x632c,0x6b6d,0x6b6d,0x6b6d,0x4a69,0x0000,
		0x0000,0xad55,0x738e,0x6b6d,0x6b6d,0x6b6d,0x6b4d,0x738e,0x6b6d,0x6b6d,0x6b6d,0x6b6d,0x6b6d,0x738e,0x6b6d,0x6b6d,0x6b6d,0x6b6d,0x6b4d,0x6b6d,0x6b6d,0x6b6d,0x738e,0x738e,0x738e,0x6b6d,0x738e,0x6b4d,0x6b6d,0x738e,0x6b6d,0x6b6d,0x6b6d,0x738e,0x738e,0x738e,0x6b6d,0x6b6d,0x6b6d,0x73ae,0x6b4d,0x6b6d,0x6b4d,0x6b4d,0x6b6d,0x6b6d,0x6b6d,0x6b6d,0x738e,0x6b6d,0x6b6d,0x6b4d,0x6b6d,0x6b6d,0x6b6d,0x6b6d,0x6b6d,0x6b4d,0x6b6d,0x6b6d,0x6b6d,0x6b6d,0x6b4d,0x6b6d,0x6b6d,0x6b6d,0x6b6d,0x6b6d,0x6b6d,0x6b6d,0x6b6d,0x6b6d,0x6b4d,0x6b6d,0x6b6d,0x6b6d,0x6b6d,0x6b6d,0x6b6d,0x6b6d,0x6b6d,0x6b6d,0x6b6d,0x6b4d,0x6b6d,0x6b6d,0x6b6d,0x6b6d,0x6b4d,0x6b6d,0x6b6d,0x6b4d,0x632c,0x6b6d,0x738e,0x73ae,0x738e,0x6b6d,0x6b6d,0x738e,0x738e,0x738e,0x6b6d,0x6b6d,0x6b6d,0x738e,0x6b6d,0x6b6d,0x6b6d,0x6b6d,0x6b4d,0x6b6d,0x6b4d,0x6b6d,0x738e,0x6b6d,0x6b6d,0x6b6d,0x6b6d,0x738e,0x738e,0x738e,0x738e,0x73ae,0x6b6d,0x6b6d,0x6b6d,0x6b6d,0x6b6d,0x6b6d,0x738e,0x6b6d,0x6b4d,0x6b4d,0x632c,0x6b6d,0x6b6d,0x6b6d,0x6b6d,0x6b6d,0x738e,0x738e,0x738e,0x6b6d,0x6b6d,0x6b6d,0x6b6d,0x6b4d,0x6b6d,0x738e,0x73ae,0x738e,0x6b6d,0x6b6d,0x738e,0x6b6d,0x6b6d,0x6b6d,0x52aa,0x0000,
		0x0000,0xad55,0x738e,0x73ae,0x738e,0x6b6d,0x6b6d,0x6b6d,0x6b6d,0x6b6d,0x6b6d,0x6b6d,0x6b6d,0x6b6d,0x738e,0x738e,0x6b6d,0x6b6d,0x6b6d,0x6b6d,0x6b6d,0x6b6d,0x6b6d,0x6b6d,0x6b6d,0x6b6d,0x6b6d,0x6b6d,0x738e,0x6b6d,0x6b6d,0x6b6d,0x6b6d,0x6b6d,0x6b6d,0x6b6d,0x6b6d,0x6b6d,0x6b6d,0x632c,0x6b4d,0x6b6d,0x6b6d,0x6b6d,0x6b6d,0x6b6d,0x6b6d,0x6b6d,0x6b6d,0x6b6d,0x6b6d,0x6b6d,0x6b6d,0x6b6d,0x6b6d,0x6b6d,0x738e,0x6b6d,0x6b6d,0x6b6d,0x6b6d,0x6b4d,0x6b6d,0x6b6d,0x6b6d,0x6b6d,0x6b6d,0x6b6d,0x6b6d,0x738e,0x73ae,0x6b6d,0x6b6d,0x6b6d,0x6b4d,0x73ae,0x738e,0x6b6d,0x6b6d,0x6b6d,0x6b4d,0x6b6d,0x738e,0x738e,0x6b6d,0x6b6d,0x6b6d,0x6b6d,0x738e,0x738e,0x738e,0x6b6d,0x6b6d,0x738e,0x6b6d,0x6b6d,0x738e,0x6b6d,0x6b6d,0x6b6d,0x6b4d,0x6b6d,0x73ae,0x73ae,0x738e,0x6b6d,0x6b6d,0x738e,0x7bcf,0x738e,0x73ae,0x738e,0x6b6d,0x6b4d,0x6b4d,0x6b6d,0x6b4d,0x632c,0x6b6d,0x738e,0x738e,0x73ae,0x738e,0x6b6d,0x6b6d,0x738e,0x73ae,0x73ae,0x6b6d,0x6b4d,0x6b6d,0x6b4d,0x6b6d,0x738e,0x6b6d,0x6b6d,0x738e,0x6b6d,0x6b6d,0x6b6d,0x6b6d,0x6b6d,0x6b6d,0x6b6d,0x6b6d,0x6b6d,0x6b6d,0x6b6d,0x6b4d,0x6b6d,0x6b6d,0x6b6d,0x6b6d,0x6b6d,0x6b6d,0x6b6d,0x6b6d,0x6b6d,0x52aa,0x0000,
		0x0000,0xad55,0x6b6d,0x6b6d,0x6b6d,0x738e,0x6b6d,0x6b6d,0x6b6d,0x6b6d,0x6b6d,0x6b6d,0x6b6d,0x6b4d,0x6b6d,0x6b6d,0x6b6d,0x6b6d,0x6b6d,0x6b6d,0x738e,0x738e,0x6b6d,0x6b6d,0x6b6d,0x738e,0x738e,0x73ae,0x738e,0x738e,0x6b6d,0x6b6d,0x6b6d,0x6b6d,0x6b6d,0x6b6d,0x6b4d,0x6b6d,0x6b6d,0x6b6d,0x6b6d,0x6b6d,0x6b6d,0x738e,0x73ae,0x738e,0x73ae,0x738e,0x738e,0x738e,0x6b6d,0x6b6d,0x6b4d,0x6b6d,0x6b6d,0x6b6d,0x738e,0x738e,0x738e,0x738e,0x6b6d,0x6b6d,0x73ae,0x6b6d,0x738e,0x6b6d,0x6b6d,0x738e,0x6b6d,0x6b6d,0x6b6d,0x6b6d,0x738e,0x6b6d,0x6b6d,0x6b6d,0x738e,0x6b6d,0x6b6d,0x6b6d,0x6b6d,0x6b4d,0x6b6d,0x738e,0x738e,0x6b6d,0x738e,0x738e,0x6b4d,0x6b6d,0x6b6d,0x6b6d,0x6b6d,0x6b6d,0x6b6d,0x6b6d,0x6b6d,0x6b6d,0x6b6d,0x6b6d,0x6b6d,0x6b4d,0x6b6d,0x6b4d,0x6b6d,0x738e,0x6b6d,0x6b6d,0x6b6d,0x6b6d,0x6b6d,0x6b6d,0x738e,0x73ae,0x738e,0x6b6d,0x6b6d,0x738e,0x738e,0x6b6d,0x6b6d,0x6b6d,0x6b6d,0x738e,0x738e,0x6b6d,0x6b4d,0x6b6d,0x6b6d,0x632c,0x6b4d,0x738e,0x738e,0x6b6d,0x738e,0x6b6d,0x6b6d,0x6b6d,0x738e,0x6b6d,0x6b6d,0x6b6d,0x6b6d,0x6b6d,0x6b6d,0x6b4d,0x6b6d,0x6b6d,0x6b4d,0x6b6d,0x738e,0x738e,0x6b6d,0x738e,0x73ae,0x738e,0x6b6d,0x6b6d,0x52aa,0x0000,
		0x0000,0xad55,0x6b6d,0x6b6d,0x6b6d,0x6b6d,0x6b6d,0x6b6d,0x632c,0x6b6d,0x6b6d,0x738e,0x738e,0x6b6d,0x6b6d,0x738e,0x7bcf,0x738e,0x6b6d,0x6b6d,0x6b4d,0x6b6d,0x73ae,0x738e,0x6b6d,0x6b6d,0x73ae,0x738e,0x73ae,0x738e,0x6b6d,0x6b6d,0x6b4d,0x6b4d,0x6b6d,0x6b6d,0x6b6d,0x6b4d,0x6b6d,0x6b6d,0x6b6d,0x6b4d,0x6b6d,0x6b6d,0x6b6d,0x6b6d,0x6b6d,0x6b4d,0x630c,0x6b4d,0x738e,0x738e,0x6b6d,0x6b4d,0x6b6d,0x738e,0x73ae,0x738e,0x738e,0x6b6d,0x6b6d,0x6b6d,0x6b6d,0x738e,0x738e,0x738e,0x6b6d,0x6b6d,0x6b6d,0x738e,0x6b6d,0x6b6d,0x738e,0x73ae,0x738e,0x6b6d,0x6b6d,0x6b6d,0x6b6d,0x738e,0x73ae,0x6b6d,0x6b6d,0x6b4d,0x738e,0x6b6d,0x6b6d,0x738e,0x73ae,0x73ae,0x738e,0x6b6d,0x738e,0x6b6d,0x6b6d,0x6b6d,0x6b6d,0x738e,0x73ae,0x738e,0x6b6d,0x6b6d,0x6b6d,0x6b6d,0x6b6d,0x6b6d,0x6b6d,0x738e,0x738e,0x738e,0x738e,0x73ae,0x73ae,0x738e,0x6b6d,0x6b6d,0x6b6d,0x6b6d,0x6b6d,0x6b6d,0x6b6d,0x6b4d,0x6b6d,0x6b6d,0x6b6d,0x738e,0x73ae,0x738e,0x6b6d,0x6b6d,0x738e,0x6b6d,0x6b6d,0x6b6d,0x6b6d,0x6b6d,0x6b6d,0x6b6d,0x6b6d,0x6b6d,0x6b6d,0x738e,0x6b6d,0x6b6d,0x738e,0x73ae,0x73ae,0x738e,0x6b6d,0x6b4d,0x6b6d,0x6b6d,0x6b6d,0x6b6d,0x6b6d,0x6b6d,0x6b6d,0x6b6d,0x5acb,0x0000,
		0x0000,0x738e,0x52aa,0x52aa,0x52aa,0x528a,0x52aa,0x52aa,0x528a,0x52aa,0x528a,0x528a,0x4a69,0x528a,0x52aa,0x52aa,0x52aa,0x52aa,0x52aa,0x52aa,0x52aa,0x52aa,0x52aa,0x52aa,0x5acb,0x5acb,0x528a,0x528a,0x52aa,0x52aa,0x52aa,0x4a69,0x4a69,0x4a69,0x528a,0x5aeb,0x630c,0x5acb,0x52aa,0x52aa,0x52aa,0x5acb,0x5acb,0x52aa,0x52aa,0x52aa,0x52aa,0x52aa,0x52aa,0x52aa,0x528a,0x52aa,0x52aa,0x52aa,0x52aa,0x52aa,0x52aa,0x528a,0x528a,0x52aa,0x52aa,0x5acb,0x52aa,0x4a69,0x52aa,0x5acb,0x5acb,0x52aa,0x52aa,0x52aa,0x52aa,0x5acb,0x52aa,0x52aa,0x52aa,0x52aa,0x52aa,0x528a,0x52aa,0x52aa,0x5acb,0x52aa,0x52aa,0x5acb,0x52aa,0x52aa,0x528a,0x52aa,0x5acb,0x5acb,0x4a69,0x528a,0x52aa,0x52aa,0x5acb,0x5acb,0x52aa,0x52aa,0x528a,0x4a69,0x5acb,0x52aa,0x52aa,0x52aa,0x52aa,0x52aa,0x52aa,0x5acb,0x5acb,0x52aa,0x52aa,0x528a,0x528a,0x5acb,0x5aeb,0x52aa,0x52aa,0x5acb,0x5acb,0x5acb,0x528a,0x528a,0x52aa,0x52aa,0x52aa,0x5acb,0x5acb,0x5acb,0x5acb,0x52aa,0x52aa,0x52aa,0x52aa,0x52aa,0x528a,0x52aa,0x5acb,0x5aeb,0x5acb,0x52aa,0x528a,0x52aa,0x5acb,0x5acb,0x5acb,0x5acb,0x52aa,0x52aa,0x52aa,0x528a,0x52aa,0x52aa,0x630c,0x5acb,0x52aa,0x52aa,0x528a,0x52aa,0x52aa,0x0000,
		0x0000,0x6b6d,0x52aa,0x52aa,0x5acb,0x5aeb,0x5acb,0x52aa,0x52aa,0x528a,0x52aa,0x52aa,0x52aa,0x52aa,0x52aa,0x52aa,0x52aa,0x5acb,0x52aa,0x52aa,0x52aa,0x52aa,0x528a,0x4a69,0x52aa,0x5acb,0x52aa,0x528a,0x52aa,0x52aa,0x52aa,0x528a,0x5acb,0x52aa,0x52aa,0x5acb,0x52aa,0x528a,0x528a,0x52aa,0x52aa,0x52aa,0x52aa,0x52aa,0x52aa,0x52aa,0x52aa,0x52aa,0x52aa,0x52aa,0x528a,0x5acb,0x52aa,0x52aa,0x52aa,0x52aa,0x5acb,0x528a,0x528a,0x5acb,0x52aa,0x4a69,0x528a,0x52aa,0x4a69,0x528a,0x52aa,0x52aa,0x528a,0x528a,0x52aa,0x52aa,0x52aa,0x5acb,0x5acb,0x52aa,0x528a,0x52aa,0x5acb,0x52aa,0x52aa,0x52aa,0x52aa,0x5acb,0x52aa,0x52aa,0x52aa,0x52aa,0x4a69,0x528a,0x52aa,0x528a,0x528a,0x528a,0x528a,0x52aa,0x52aa,0x528a,0x4a69,0x52aa,0x52aa,0x52aa,0x52aa,0x5acb,0x52aa,0x52aa,0x52aa,0x52aa,0x528a,0x52aa,0x5acb,0x52aa,0x528a,0x52aa,0x52aa,0x528a,0x52aa,0x52aa,0x52aa,0x52aa,0x52aa,0x52aa,0x52aa,0x52aa,0x52aa,0x52aa,0x52aa,0x5acb,0x52aa,0x52aa,0x52aa,0x5acb,0x52aa,0x52aa,0x52aa,0x52aa,0x52aa,0x528a,0x528a,0x52aa,0x52aa,0x5acb,0x52aa,0x52aa,0x5acb,0x528a,0x52aa,0x52aa,0x5acb,0x52aa,0x5acb,0x5acb,0x5aeb,0x5acb,0x52aa,0x52aa,0x52aa,0x52aa,0x528a,0x0000,
		0x0000,0x0000,0x0000,0x0000,0x0000,0x0000,0x0000,0x0000,0x0000,0x0000,0x0000,0x0000,0x0000,0x0000,0x0000,0x0000,0x0000,0x0000,0x0000,0x0000,0x0000,0x0000,0x0000,0x0000,0x0000,0x0000,0x0000,0x0000,0x0000,0x0000,0x0000,0x0000,0x0000,0x0000,0x0000,0x0000,0x0000,0x0000,0x0000,0x0000,0x0000,0x0000,0x0000,0x0000,0x0000,0x0000,0x0000,0x0000,0x0000,0x0000,0x0000,0x0000,0x0000,0x0000,0x0000,0x0000,0x0000,0x0000,0x0000,0x0000,0x0000,0x0000,0x0000,0x0000,0x0000,0x0000,0x0000,0x0000,0x0000,0x0000,0x0000,0x0000,0x0000,0x0000,0x0000,0x0000,0x0000,0x0000,0x0000,0x0000,0x0000,0x0000,0x0000,0x0000,0x0000,0x0000,0x0000,0x0000,0x0000,0x0000,0x0000,0x0000,0x0000,0x0000,0x0000,0x0000,0x0000,0x0000,0x0000,0x0000,0x0000,0x0000,0x0000,0x0000,0x0000,0x0000,0x0000,0x0000,0x0000,0x0000,0x0000,0x0000,0x0000,0x0000,0x0000,0x0000,0x0000,0x0000,0x0000,0x0000,0x0000,0x0000,0x0000,0x0000,0x0000,0x0000,0x0000,0x0000,0x0000,0x0000,0x0000,0x0000,0x0000,0x0000,0x0000,0x0000,0x0000,0x0000,0x0000,0x0000,0x0000,0x0000,0x0000,0x0000,0x0000,0x0000,0x0000,0x0000,0x0000,0x0000,0x0000,0x0000,0x0000,0x0000,0x0000,0x0000,0x0000,0x0000,0x0000,0x0000
	},
    {
		0x0000,0x0000,0x0000,0x0000,0x0000,0x0000,0x0000,0x0000,0x0000,0x0000,0x0000,0x0000,0x0000,0x0000,0x0000,0x0000,0x0000,0x0000,0x0000,0x0000,0x0000,0x0000,0x0000,0x0000,0x0000,0x0000,0x0000,0x0000,0x0000,0x0000,0x0000,0x0000,0x0000,0x0000,0x0000,0x0000,0x0000,0x0000,0x0000,0x0000,0x0000,0x0000,0x0000,0x0000,0x0000,0x0000,0x0000,0x0000,0x0000,0x0000,0x0000,0x0000,0x0000,0x0000,0x0000,0x0000,0x0000,0x0000,0x0000,0x0000,0x0000,0x0000,0x0000,0x0000,0x0000,0x0000,0x0000,0x0000,0x0000,0x0000,0x0000,0x0000,0x0000,0x0000,0x0000,0x0000,0x0000,0x0000,0x0000,0x0000,0x0000,0x0000,0x0000,0x0000,0x0000,0x0000,0x0000,0x0000,0x0000,0x0000,0x0000,0x0000,0x0000,0x0000,0x0000,0x0000,0x0000,0x0000,0x0000,0x0000,0x0000,0x0000,0x0000,0x0000,0x0000,0x0000,0x0000,0x0000,0x0000,0x0000,0x0000,0x0000,0x0000,0x0000,0x0000,0x0000,0x0000,0x0000,0x0000,0x0000,0x0000,0x0000,0x0000,0x0000,0x0000,0x0000,0x0000,0x0000,0x0000,0x0000,0x0000,0x0000,0x0000,0x0000,0x0000,0x0000,0x0000,0x0000,0x0000,0x0000,0x0000,0x0000,0x0000,0x0000,0x0000,0x0000,0x0000,0x0000,0x0000,0x0000,0x0000,0x0000,0x0000,0x0000,0x0000,0x0000,0x0000,0x0000,0x0000,0x0000,
		0x0000,0xbe3f,0xbe3f,0xbe3f,0xbe3f,0xbe5f,0xbe3f,0xbe3f,0xbe3f,0xbe3f,0xbe3f,0xbe3f,0xbe3f,0xbe3f,0xbe3f,0xc65f,0xbe3f,0xbe3f,0xbe3f,0xbe3f,0xc65f,0xbe3f,0xc65f,0xbe5f,0xbe3f,0xbe3f,0xbe3f,0xbe3f,0xbe3f,0xbe3f,0xbe3f,0xbe5f,0xbe3f,0xbe3f,0xbe3f,0xbe3f,0xbe3f,0xbe3f,0xbe3f,0xbe3f,0xbe3f,0xbe3f,0xbe3f,0xbe3f,0xbe3f,0xbe3f,0xbe3f,0xbe3f,0xbe3f,0xbe3f,0xbe3f,0xbe3f,0xbe3f,0xbe3f,0xc65f,0xbe3f,0xbe3f,0xbe3f,0xbe3f,0xbe3f,0xbe3f,0xbe3f,0xbe5f,0xbe3f,0xbe3f,0xbe3f,0xbe3f,0xbe3f,0xbe3f,0xbe5f,0xc65f,0xbe3f,0xbe3f,0xbe3f,0xbe3f,0xbe3f,0xc65f,0xc65f,0xc65f,0xbe3f,0xbe1f,0xbe3f,0xbe3f,0xbe3f,0xbe3f,0xbe3f,0xbe3f,0xbe3f,0xbe3f,0xbe3f,0xbe3f,0xbe3f,0xbe3f,0xbe3f,0xbe3f,0xbe3f,0xbe5f,0xbe3f,0xbe3f,0xc65f,0xbe3f,0xbe3f,0xbe3f,0xc65f,0xbe3f,0xbe3f,0xbe3f,0xbe3f,0xbe3f,0xbe3f,0xbe3f,0xbe3f,0xbe3f,0xbe3f,0xbe3f,0xbe3f,0xbe3f,0xbe3f,0xbe3f,0xbe3f,0xbe3f,0xbe3f,0xbe3f,0xbe3f,0xbe3f,0xbe3f,0xc65f,0xc65f,0xbe3f,0xbe3f,0xc65f,0xbe3f,0xbe3f,0xbe3f,0xbe3f,0xc65f,0xbe3f,0xbe3f,0xbe3f,0xbe3f,0xbe3f,0xbe3f,0xc65f,0xbe3f,0xbe1f,0xbe3f,0xbe3f,0xb61f,0xbe3f,0xbe3f,0xbe3f,0xbe3f,0xbe3f,0xbe3f,0xbe3f,0xbe3f,0xbe3f,0xbe3f,0x7c57,0x0000,
		0x0000,0xbe3f,0x7c57,0x7c57,0x7c57,0x7c57,0x7c57,0x7c57,0x7c37,0x7c37,0x8458,0x7c37,0x7c57,0x7c57,0x7c57,0x7c57,0x7c57,0x8458,0x7c57,0x7c57,0x7c57,0x7c37,0x7c37,0x73f7,0x7c37,0x7c37,0x7c37,0x8478,0x8458,0x7c37,0x7c57,0x7c57,0x7c57,0x8478,0x8458,0x7c37,0x7c37,0x7c37,0x7c17,0x7c37,0x7c57,0x7c57,0x7c37,0x7c17,0x73f7,0x7c37,0x7c57,0x7c57,0x7c57,0x7c37,0x7c57,0x7c57,0x8458,0x7c57,0x7c37,0x7c17,0x8498,0x8458,0x7c57,0x7c57,0x7c57,0x8478,0x7c57,0x7c57,0x7c37,0x7c37,0x8478,0x7c57,0x7c57,0x7c57,0x7c37,0x7c57,0x7c57,0x7c37,0x7c57,0x7c57,0x7c37,0x7c57,0x7c37,0x73f7,0x7c37,0x7c57,0x8498,0x8498,0x7c57,0x7c37,0x7c37,0x7c17,0x7c57,0x7c57,0x7c37,0x7417,0x7c37,0x7c57,0x7c57,0x8458,0x7c57,0x7c57,0x8478,0x7c57,0x7c17,0x7c37,0x7c57,0x7c57,0x7c57,0x7c57,0x7c57,0x7c57,0x7c57,0x7c37,0x7c57,0x7c57,0x8478,0x7417,0x7c37,0x8478,0x7c57,0x7c57,0x7c57,0x7c37,0x7c37,0x7c17,0x7c17,0x7c57,0x8478,0x7c57,0x7c57,0x7c57,0x7c17,0x7c37,0x7c57,0x8458,0x7c57,0x8478,0x7c57,0x7c57,0x7c57,0x7c57,0x7c57,0x7c57,0x7c57,0x7c17,0x7c37,0x7c37,0x7c57,0x8478,0x7c57,0x8458,0x8c98,0x8458,0x7c57,0x7c57,0x8478,0x8458,0x8458,0x7c57,0x7c37,0x7c57,0x5b13,0x0000,
		0x0000,0xbe3f,0x7c37,0x7c17,0x7c57,0x7c57,0x7c57,0x7c37,0x8478,0x7c57,0x7c57,0x7c57,0x7c57,0x7c57,0x8478,0x7c57,0x7c37,0x73f7,0x7c37,0x7c57,0x7c57,0x8478,0x7c57,0x8458,0x7c57,0x7c57,0x7c57,0x7c57,0x7c57,0x7c57,0x7c57,0x7c57,0x7c57,0x7c57,0x7c57,0x7c37,0x7c37,0x7c17,0x73f7,0x7417,0x8458,0x7c57,0x7c37,0x7417,0x8458,0x7c57,0x7c57,0x7c57,0x7c57,0x7c57,0x7c57,0x8458,0x8498,0x7c57,0x7c37,0x7c17,0x73f7,0x7c17,0x7417,0x7c17,0x7c37,0x7c57,0x7c57,0x7c37,0x73f7,0x7c37,0x7c57,0x7c57,0x7c57,0x7c57,0x7c57,0x8478,0x7c37,0x8478,0x7c57,0x7c57,0x8458,0x8498,0x7c57,0x7c57,0x8458,0x8c98,0x7c57,0x7417,0x7c37,0x7c57,0x7c57,0x7c37,0x73f7,0x7c37,0x7c37,0x7c37,0x7c37,0x7c57,0x7c37,0x7c17,0x7c17,0x7c57,0x8478,0x8458,0x8458,0x7c57,0x7c57,0x8c98,0x8c98,0x8458,0x7c37,0x7417,0x7c37,0x7c57,0x7c57,0x7c57,0x7c37,0x8458,0x7c57,0x7c37,0x7c17,0x8458,0x8498,0x7c57,0x7c57,0x7c57,0x7c57,0x7c57,0x7c57,0x7c57,0x7c57,0x7c57,0x7c37,0x7c17,0x7c37,0x7c57,0x8478,0x7c57,0x7c57,0x7c57,0x7c37,0x7c37,0x8458,0x7c57,0x8458,0x8498,0x8458,0x7c37,0x73f7,0x7c37,0x7c57,0x7c57,0x7c57,0x7c37,0x73f7,0x7c37,0x7c37,0x8458,0x8498,0x8458,0x7c37,0x7417,0x5b33,0x0000,
		0x0000,0xbe3f,0x7c57,0x7c57,0x7c37,0x7c37,0x7c57,0x8458,0x7c57,0x7c57,0x7c57,0x7c57,0x7c37,0x7c37,0x7c37,0x7c17,0x73f7,0x7c37,0x7c57,0x7c37,0x7417,0x7c37,0x7c37,0x73f7,0x73f7,0x7c37,0x7c57,0x8478,0x7c57,0x7c57,0x7c57,0x7c57,0x7c57,0x7c57,0x7c37,0x7c37,0x8478,0x7c57,0x7c57,0x7c57,0x7c57,0x7c57,0x8478,0x7c57,0x7c17,0x7c37,0x7c57,0x7c57,0x7c37,0x7c37,0x73f7,0x7c37,0x7c57,0x7c37,0x73f7,0x7c37,0x7c57,0x7c37,0x7c57,0x7c37,0x7c37,0x7c37,0x7c57,0x7c57,0x7c57,0x7c57,0x7c37,0x7417,0x7c37,0x8458,0x7c37,0x7c37,0x7c57,0x7c57,0x8478,0x8498,0x8498,0x7c57,0x7417,0x7c37,0x7c57,0x8458,0x8478,0x7c57,0x7c37,0x7c37,0x7c37,0x7c17,0x73f7,0x7c37,0x7c57,0x7c57,0x7c37,0x7c57,0x7c57,0x7c57,0x7c37,0x7c17,0x7c37,0x7c57,0x7c57,0x7c57,0x7c57,0x7c57,0x7c37,0x7c37,0x7c57,0x7c57,0x7c57,0x7c57,0x8478,0x7c57,0x7c57,0x8478,0x8458,0x8478,0x7c57,0x7c57,0x7c57,0x7c37,0x7c57,0x8478,0x7c37,0x7c37,0x7c37,0x7c37,0x7c57,0x7c57,0x7c57,0x7c57,0x7c57,0x7c57,0x7c57,0x7c57,0x8478,0x7c37,0x7c37,0x7417,0x7c57,0x8458,0x7c57,0x7c57,0x7c57,0x7c57,0x7c57,0x8458,0x8478,0x7c57,0x7c57,0x7c57,0x7c37,0x7c57,0x7c57,0x7c57,0x8478,0x8478,0x7c37,0x7417,0x5b33,0x0000,
		0x0000,0xbe3f,0x7c57,0x7c57,0x8478,0x7c17,0x7c57,0x8478,0x7c57,0x7c37,0x7417,0x7c37,0x7c57,0x7c57,0x7c57,0x8478,0x8478,0x7c57,0x8458,0x7c57,0x7c57,0x7c57,0x7c57,0x7c57,0x7c57,0x7c37,0x7c57,0x8458,0x7c37,0x7c37,0x7417,0x7417,0x7417,0x7c57,0x8498,0x8478,0x8c98,0x8458,0x7c57,0x7c57,0x7c37,0x7c37,0x7c57,0x7c57,0x7c37,0x7c57,0x7c37,0x73f7,0x7c37,0x7c37,0x73f7,0x7c17,0x7c37,0x7c37,0x73f7,0x7c37,0x7c57,0x8458,0x7c57,0x7c57,0x7c57,0x7c57,0x7c57,0x8478,0x7c57,0x7c37,0x7c37,0x7c57,0x7c57,0x7c37,0x7c37,0x8478,0x8458,0x8478,0x8cb8,0x8478,0x7c57,0x7c57,0x7c37,0x7c57,0x8458,0x7c57,0x7c57,0x7c57,0x7c37,0x7c17,0x7c17,0x7c37,0x7c57,0x7c57,0x7c57,0x7c17,0x7c37,0x7c57,0x7c57,0x7c57,0x7c57,0x7c37,0x7417,0x7417,0x7c37,0x7c57,0x7c57,0x7c37,0x8478,0x7c57,0x7c37,0x7c57,0x8478,0x8458,0x8498,0x8458,0x7c37,0x73f7,0x73f7,0x7c17,0x7c57,0x7c57,0x7c57,0x7c57,0x7c37,0x7c17,0x7c37,0x7c57,0x8458,0x8478,0x8478,0x7c57,0x7c57,0x7c57,0x7c37,0x7c57,0x7c37,0x73f7,0x7c37,0x7c37,0x7c57,0x7c57,0x8478,0x7c57,0x7c37,0x7c37,0x7c37,0x7c57,0x7c57,0x7c57,0x7c57,0x7c37,0x73f7,0x7c37,0x7c57,0x7c57,0x7c57,0x7c57,0x7c37,0x7c57,0x8478,0x7c57,0x5b54,0x0000,
		0x0000,0xbe1f,0x7c37,0x7c57,0x7c57,0x7c57,0x7c57,0x8458,0x7c57,0x7c17,0x7c37,0x7c57,0x7c57,0x7c57,0x7c57,0x7c37,0x7c17,0x7c57,0x7c57,0x7c57,0x7c57,0x7c37,0x7c37,0x8458,0x7c57,0x7c57,0x7c17,0x73f7,0x7c17,0x7c57,0x8458,0x8458,0x7c57,0x7c57,0x7c57,0x8458,0x8478,0x8458,0x8458,0x8478,0x7c57,0x7c17,0x7c37,0x7c57,0x7c57,0x7c57,0x7c57,0x8458,0x7c57,0x8458,0x7c37,0x7c57,0x8478,0x7c57,0x7c57,0x8478,0x7c17,0x7c17,0x7c37,0x7c57,0x7c57,0x7c57,0x7c37,0x7417,0x73f7,0x7c37,0x7c57,0x7c57,0x7c57,0x7c57,0x7c57,0x7c37,0x7c57,0x8478,0x7c57,0x7c57,0x7c57,0x8478,0x7c57,0x7c17,0x7c57,0x7c37,0x7c57,0x7c57,0x8458,0x8498,0x8458,0x7c37,0x7c37,0x7c17,0x7c37,0x7c57,0x7c57,0x7c57,0x7c57,0x7c37,0x7c57,0x7c57,0x7c17,0x73f7,0x7c37,0x7c57,0x8458,0x8498,0x8458,0x7c57,0x7c57,0x7c37,0x7c37,0x7c57,0x7c37,0x7c17,0x7c17,0x7c37,0x7c57,0x7c57,0x7c37,0x7c37,0x7c37,0x7c37,0x7c57,0x7c57,0x7c57,0x7c57,0x7c57,0x7c57,0x7c57,0x7c57,0x7c57,0x7c57,0x8478,0x7c57,0x7c57,0x8458,0x7c57,0x7c37,0x7417,0x7c37,0x8458,0x8c98,0x8498,0x8478,0x7c57,0x7c37,0x7c17,0x7c57,0x7c37,0x7c57,0x7c57,0x7c57,0x7417,0x7c57,0x7c57,0x7c37,0x73f7,0x7c17,0x7c37,0x7c37,0x5b33,0x0000,
		0x0000,0xbe3f,0x7c37,0x7c17,0x7c57,0x8458,0x8478,0x8478,0x7c57,0x7c57,0x8498,0x7c57,0x7c17,0x7c37,0x7c57,0x7c57,0x7c57,0x7c57,0x7c57,0x7c57,0x7c57,0x8478,0x7c57,0x7c57,0x7c37,0x73f7,0x7c37,0x7c57,0x7c57,0x7c57,0x7c37,0x7c57,0x7c57,0x7c37,0x73d7,0x7c17,0x7417,0x7c37,0x7c57,0x7c57,0x8458,0x8498,0x8458,0x7c57,0x7c57,0x7c57,0x7c57,0x7c57,0x7c57,0x7c57,0x8498,0x8cb8,0x8478,0x7c57,0x7c57,0x7c37,0x7c57,0x8458,0x8478,0x8478,0x7c57,0x7c57,0x8458,0x8478,0x7c57,0x7c17,0x8458,0x7c37,0x73f7,0x7c37,0x7c57,0x8478,0x7c57,0x7c57,0x7c57,0x8458,0x8c98,0x8478,0x7c57,0x7c57,0x7c57,0x7c57,0x7c57,0x7c57,0x8458,0x8498,0x8478,0x8498,0x8458,0x8458,0x7c57,0x7c57,0x7c37,0x73f7,0x73f7,0x8478,0x8458,0x8458,0x7c57,0x7c57,0x7c57,0x7c57,0x7c57,0x7c57,0x7c57,0x8458,0x7c57,0x8478,0x7c57,0x7c37,0x7c37,0x7c17,0x7c37,0x7c37,0x7c57,0x7c57,0x7c57,0x7c57,0x8478,0x7c57,0x7c57,0x8458,0x8498,0x8cb8,0x8458,0x7c57,0x7c57,0x7c57,0x7c57,0x8458,0x7c57,0x7c57,0x7c37,0x7c57,0x7c57,0x7c57,0x7c57,0x7c57,0x8458,0x7c57,0x7c57,0x7c57,0x7c57,0x7c57,0x7c57,0x7c57,0x7c57,0x7c57,0x8478,0x8458,0x7c17,0x7c37,0x7c37,0x7c37,0x7c57,0x8458,0x7c57,0x8478,0x5b33,0x0000,
		0x0000,0xbe3f,0x7c37,0x7c37,0x7c37,0x73f7,0x7c37,0x7c57,0x7c57,0x7c57,0x7c57,0x8478,0x7c57,0x7c37,0x7c17,0x7c37,0x7c37,0x7c57,0x7c57,0x7c57,0x7c57,0x7c57,0x7c57,0x7c57,0x7c37,0x7c57,0x7c37,0x7c37,0x7c57,0x7c37,0x7c17,0x7c37,0x7c37,0x7c57,0x8458,0x8c98,0x7c57,0x7c17,0x7c57,0x8478,0x7c57,0x7c57,0x7c57,0x8478,0x7c37,0x7c57,0x7c57,0x7c37,0x8458,0x7c37,0x7417,0x7c37,0x7c57,0x7c57,0x8458,0x7c57,0x7c37,0x7c37,0x8498,0x8458,0x7c57,0x7c57,0x7c57,0x7c37,0x7c37,0x7c37,0x7c57,0x7c57,0x7c57,0x7c37,0x7c17,0x73f7,0x7c37,0x7c37,0x7417,0x7c37,0x7c57,0x7c57,0x7c57,0x7c57,0x7c57,0x7c57,0x7c57,0x8458,0x7c57,0x7c57,0x7c57,0x7c57,0x7c57,0x7c57,0x7c57,0x7c37,0x7c37,0x7c37,0x7c57,0x7c57,0x8458,0x8478,0x7c57,0x7c57,0x7c17,0x7c37,0x7c17,0x7c37,0x7c37,0x73f7,0x7c17,0x73f7,0x7c57,0x8478,0x7c57,0x7c57,0x7c57,0x8478,0x8458,0x7c37,0x7c37,0x7c37,0x7c57,0x7c37,0x73f7,0x73f7,0x7c37,0x7c37,0x8458,0x8478,0x7c57,0x7c37,0x7c37,0x7c37,0x7c57,0x8478,0x8458,0x8478,0x7c57,0x7c57,0x7c57,0x7c57,0x7c57,0x7c57,0x7c57,0x7c57,0x73f7,0x7c37,0x8478,0x8478,0x8458,0x7c57,0x7c57,0x7c57,0x7c57,0x7c37,0x7c57,0x8478,0x7c57,0x7c57,0x7c57,0x7c57,0x5b33,0x0000,
		0x0000,0xc65f,0x7c57,0x7c57,0x7c57,0x7c37,0x7c57,0x7c57,0x7c57,0x7c57,0x7c57,0x7c57,0x7c57,0x8478,0x7c57,0x7c57,0x7c57,0x7c57,0x7c37,0x7c17,0x7c57,0x8458,0x7c57,0x7c37,0x73f7,0x7c37,0x8478,0x8458,0x8498,0x8478,0x7c57,0x7c57,0x8478,0x8498,0x8458,0x8458,0x8458,0x8498,0x8c98,0x8458,0x8458,0x7c17,0x7c37,0x7c37,0x7c37,0x8478,0x7c57,0x8478,0x8cd8,0x8c98,0x8498,0x7c57,0x7c37,0x7c37,0x7c57,0x7c37,0x8478,0x8458,0x8458,0x8478,0x7c57,0x7c57,0x7c57,0x7c37,0x7c37,0x7c37,0x7c17,0x7c17,0x7c37,0x7c57,0x7c57,0x8458,0x8458,0x7c57,0x7c57,0x7c57,0x7c57,0x7c37,0x7c57,0x7c57,0x7c57,0x7c57,0x7c57,0x7c57,0x7c57,0x7c57,0x7c37,0x7c17,0x7c17,0x7c57,0x7c57,0x7c57,0x7c57,0x7c37,0x73f7,0x7c37,0x7c57,0x7c57,0x8478,0x7c57,0x7c57,0x7c57,0x7c57,0x7c57,0x7c57,0x7c57,0x7c17,0x73f7,0x7c37,0x7c37,0x7c57,0x7c37,0x7c57,0x8478,0x8498,0x7c57,0x7c57,0x7c57,0x7c37,0x73f7,0x7c57,0x8498,0x8458,0x7c57,0x7c57,0x8458,0x8cb8,0x8458,0x7c57,0x7c57,0x8478,0x7c57,0x7c57,0x7c37,0x7c37,0x7c37,0x8458,0x7c57,0x7c57,0x8478,0x7c57,0x7c57,0x7c57,0x7c57,0x8458,0x7c57,0x7c57,0x7c57,0x7c57,0x7c57,0x7c37,0x7c37,0x7c37,0x7c57,0x7c57,0x8478,0x7c57,0x7c37,0x52f2,0x0000,
		0x0000,0xbe5f,0x7c37,0x8458,0x8c98,0x8458,0x8478,0x8c98,0x7c57,0x7c57,0x7c57,0x7c37,0x7c57,0x8458,0x8458,0x8478,0x7c37,0x8458,0x8c98,0x8458,0x7c57,0x7c57,0x7c57,0x7c57,0x7c37,0x7c17,0x8458,0x7c57,0x7c57,0x7c37,0x7c57,0x7c57,0x7c37,0x7c57,0x7c57,0x7c57,0x8458,0x7c57,0x7c57,0x7c37,0x7c57,0x7c57,0x7c57,0x7c57,0x8458,0x7c37,0x7c17,0x8458,0x7c57,0x7c57,0x7c57,0x8498,0x7c57,0x7c57,0x7c57,0x8458,0x8c98,0x7c57,0x73f7,0x7c37,0x7c57,0x7c57,0x7c57,0x7c57,0x7c57,0x7c37,0x7c57,0x7c57,0x8458,0x8c98,0x8458,0x7c57,0x7c57,0x7c57,0x7c37,0x7c37,0x7c37,0x7c57,0x8c98,0x8498,0x8c98,0x8cd8,0x8498,0x7c57,0x7c57,0x8458,0x8c98,0x8458,0x7c57,0x7c57,0x7c57,0x7c57,0x7c57,0x7c57,0x7c57,0x7c57,0x7c37,0x7c17,0x7c57,0x8498,0x8458,0x7c57,0x8458,0x8498,0x8478,0x7c57,0x7c37,0x7c57,0x7c37,0x7c17,0x7c37,0x7c37,0x7c37,0x7c57,0x7c57,0x8478,0x7c37,0x73f7,0x7c37,0x8478,0x7c57,0x7c37,0x7c37,0x7c37,0x7c57,0x8498,0x8478,0x7c57,0x7c37,0x7c17,0x8458,0x7c37,0x7c57,0x7c57,0x7c57,0x7c37,0x7c57,0x7c57,0x8458,0x7c37,0x8498,0x8458,0x7c57,0x8458,0x7c57,0x7c57,0x8458,0x7c57,0x7c57,0x7c57,0x7c57,0x7c37,0x7c37,0x8478,0x7c57,0x7c57,0x7c37,0x73d6,0x5b33,0x0000,
		0x0000,0xbe3f,0x7c57,0x7c57,0x7c57,0x7c57,0x8458,0x7c57,0x7c37,0x7c17,0x7c37,0x7c57,0x7c37,0x73f7,0x7c17,0x7c57,0x7c57,0x7c37,0x73f7,0x7c37,0x8458,0x8478,0x7c57,0x7c57,0x8478,0x7c57,0x7c37,0x7c57,0x7c57,0x8c98,0x8cb8,0x8458,0x7c57,0x8458,0x8478,0x8458,0x8478,0x7c57,0x7c57,0x7c57,0x7c57,0x7c57,0x7c57,0x7c57,0x7c37,0x7c57,0x8458,0x7c57,0x7c57,0x7c57,0x7c57,0x7c57,0x7c57,0x7c57,0x7c57,0x7c57,0x7c57,0x7c57,0x8458,0x7c57,0x7c57,0x7c57,0x7c57,0x8458,0x7c57,0x7c37,0x7c57,0x8478,0x7c57,0x7c57,0x8478,0x7c57,0x7c57,0x8458,0x7c57,0x7c57,0x7c57,0x8458,0x7c57,0x7c37,0x7c17,0x7417,0x7c37,0x7c57,0x7c37,0x7c17,0x7c57,0x8478,0x8458,0x8498,0x7c37,0x7c37,0x7c57,0x7c57,0x8478,0x8478,0x8458,0x7c57,0x7c57,0x7c57,0x7c57,0x7c57,0x7c57,0x7c57,0x7c57,0x7c37,0x7c37,0x7c57,0x8498,0x8458,0x8458,0x7c17,0x7c37,0x8478,0x7c57,0x7c57,0x7c57,0x7c37,0x73f7,0x7c37,0x7c37,0x7c37,0x7c17,0x73f7,0x7c37,0x7c57,0x7c17,0x7c57,0x7c17,0x7c17,0x7c37,0x7c57,0x7c37,0x7c57,0x7c57,0x7c57,0x7c57,0x7c57,0x7c57,0x7c57,0x8458,0x7c57,0x7c57,0x8458,0x73f7,0x7c17,0x7c57,0x7c57,0x7c57,0x7c57,0x7c37,0x7c17,0x7c37,0x7c37,0x7c37,0x7c57,0x8478,0x73f7,0x5b53,0x0000,
		0x0000,0xbe3f,0x7c57,0x7c57,0x7c57,0x8458,0x7c57,0x7c57,0x7c57,0x7c37,0x73f7,0x73f7,0x7c37,0x7c37,0x73f7,0x73f7,0x7c57,0x8498,0x7c57,0x7c37,0x8478,0x7c57,0x7c57,0x7c57,0x7c57,0x7417,0x7c37,0x7c37,0x7c57,0x7c57,0x8478,0x7c57,0x7c37,0x7c17,0x7c37,0x7c37,0x7c57,0x7c57,0x7c57,0x7c57,0x7c57,0x7c57,0x7c57,0x7c57,0x7c57,0x7c57,0x7c57,0x7c57,0x7c57,0x7c57,0x8458,0x7c57,0x8478,0x7c57,0x7c57,0x7c57,0x7c57,0x7c57,0x7c57,0x8458,0x8cb8,0x8478,0x8478,0x8458,0x8458,0x8458,0x8478,0x7c57,0x7c57,0x7c57,0x8478,0x7c57,0x8478,0x8458,0x8458,0x7c57,0x7c37,0x7c37,0x7c57,0x7c57,0x8498,0x8478,0x8478,0x7c57,0x7c37,0x8458,0x7c57,0x7c57,0x7c17,0x7c57,0x7c37,0x7c57,0x7c57,0x8478,0x7c57,0x7c37,0x7c57,0x7c57,0x7c37,0x73f7,0x7c37,0x8478,0x73f7,0x73f7,0x7417,0x7c37,0x7c57,0x8478,0x7c57,0x7c57,0x8478,0x7c37,0x7c17,0x7c37,0x7c57,0x7c37,0x7c37,0x7c57,0x8478,0x7c57,0x7c57,0x7c57,0x7c57,0x8478,0x8458,0x7c57,0x7c57,0x8458,0x7c57,0x7c57,0x7c37,0x8458,0x7c57,0x8458,0x7c17,0x7c37,0x7c57,0x7c57,0x7c37,0x7c57,0x7c37,0x7c37,0x7c57,0x7c57,0x7c57,0x7c37,0x7417,0x8458,0x8458,0x8478,0x8c98,0x8478,0x7c57,0x7c37,0x73f7,0x7c37,0x7c57,0x7c57,0x52f2,0x0000,
		0x0000,0xbe3f,0x8458,0x7c57,0x7c57,0x7c37,0x7c17,0x8458,0x7c57,0x7c57,0x7c37,0x7c37,0x7c57,0x8458,0x7c57,0x7c57,0x7c57,0x7c37,0x7c17,0x7c37,0x7c57,0x7c57,0x8478,0x7c57,0x7c57,0x7c57,0x8458,0x7417,0x7c17,0x7c57,0x7c37,0x7c37,0x7c57,0x8478,0x7c57,0x8458,0x7c57,0x7c37,0x7c37,0x8498,0x7417,0x7c37,0x7c17,0x7c17,0x7c57,0x7c37,0x7c57,0x7c57,0x8458,0x7c57,0x7c37,0x73f7,0x7c37,0x7c57,0x7c57,0x7c37,0x7c17,0x7c17,0x7c37,0x7c57,0x7c57,0x7c37,0x7c17,0x7c37,0x7c57,0x7c57,0x7c57,0x7c57,0x7c57,0x7c57,0x7c57,0x7c37,0x7c17,0x7c57,0x7c57,0x7c57,0x7c57,0x7c57,0x7c57,0x7c57,0x7c57,0x7c57,0x7c37,0x73f7,0x7c37,0x7c57,0x7c57,0x7c37,0x7c17,0x7c37,0x7c57,0x7417,0x73d7,0x7c37,0x7c57,0x8498,0x8458,0x7c57,0x7c57,0x8458,0x7c57,0x8458,0x7c37,0x7c57,0x7c57,0x7c57,0x7c57,0x7c57,0x7c57,0x7c37,0x73f7,0x7c37,0x73f7,0x7c37,0x8458,0x7c57,0x7c57,0x7c57,0x7c57,0x7c57,0x8478,0x7c57,0x8458,0x8498,0x7c57,0x7c57,0x7c57,0x7c57,0x7c37,0x7c37,0x8458,0x7c37,0x73f7,0x7c17,0x6bd6,0x7c37,0x7c57,0x7c57,0x7c57,0x7c57,0x7c57,0x8478,0x7c57,0x7c57,0x7c37,0x7c37,0x7c37,0x7c17,0x7c37,0x8458,0x8c98,0x8458,0x7c57,0x7c57,0x8478,0x7c57,0x7c57,0x7c37,0x5b33,0x0000,
		0x0000,0xbe3f,0x8478,0x8498,0x7c57,0x7c57,0x7c57,0x7c37,0x7c57,0x7c57,0x7c57,0x7c57,0x7c57,0x7c37,0x8478,0x8478,0x7c57,0x7c57,0x7c57,0x7c57,0x7c57,0x7c37,0x7c57,0x7c57,0x7c57,0x7c57,0x7c57,0x7c57,0x8458,0x7c57,0x7c37,0x7c57,0x7c57,0x7c17,0x7c37,0x7c57,0x7c57,0x7c57,0x7c37,0x6bd6,0x7c17,0x7c37,0x7c57,0x7c57,0x7c57,0x7c57,0x7c57,0x7c57,0x7c57,0x7c37,0x7c57,0x7c57,0x7c57,0x7c57,0x7c37,0x7c37,0x8458,0x7c57,0x7c57,0x7c57,0x7c37,0x7c17,0x7c37,0x7c37,0x7c57,0x7c57,0x7c57,0x7c57,0x7c57,0x7c57,0x8478,0x7c57,0x7c37,0x7c37,0x7c17,0x8498,0x8458,0x7c57,0x7c57,0x7c37,0x73f7,0x7c57,0x8478,0x7c57,0x7c57,0x7c57,0x7c57,0x7c57,0x8478,0x8458,0x8458,0x7c57,0x7c57,0x8478,0x7c57,0x7c37,0x7c57,0x7c37,0x7c57,0x7c37,0x73f7,0x7c57,0x8c98,0x8498,0x7c57,0x7c57,0x7c57,0x8458,0x8cb8,0x8478,0x8478,0x7c57,0x7c37,0x7417,0x73f7,0x7c37,0x73f7,0x73f7,0x7c17,0x7c57,0x8458,0x8478,0x7c57,0x7c57,0x7c57,0x7c57,0x8498,0x8498,0x7c57,0x7417,0x7c37,0x7c17,0x7c37,0x8458,0x7c37,0x7c17,0x8458,0x7c57,0x7c17,0x7c37,0x7c57,0x7c57,0x7c57,0x7c57,0x7c17,0x7c37,0x7c57,0x7c37,0x7417,0x7c37,0x7c57,0x7c57,0x7c57,0x7c37,0x7c37,0x7c57,0x7c57,0x7c57,0x5b33,0x0000,
		0x0000,0xbe3f,0x7c57,0x7c57,0x7c57,0x8458,0x7c57,0x7c57,0x7c57,0x7c57,0x7c37,0x7c57,0x7c37,0x73f7,0x7c37,0x7c57,0x7c57,0x7c37,0x7c17,0x7c37,0x7c57,0x8478,0x7c57,0x7c37,0x7c37,0x8478,0x8458,0x8c98,0x8478,0x7c57,0x7c37,0x7c37,0x7c57,0x7c57,0x7c57,0x7c37,0x73f7,0x7c37,0x7c57,0x7c57,0x7c57,0x7c37,0x7c57,0x8458,0x8498,0x8458,0x8478,0x8478,0x8458,0x8458,0x7c57,0x7c37,0x7417,0x7c37,0x7c57,0x7c57,0x7c57,0x8478,0x7c57,0x8458,0x7c57,0x7c57,0x8498,0x7c57,0x8458,0x7c57,0x7c57,0x8458,0x7c57,0x7c57,0x7c37,0x7c57,0x8458,0x7c57,0x7c57,0x7c57,0x7c57,0x7c37,0x7c37,0x7c57,0x7c37,0x7417,0x7c57,0x8478,0x7c57,0x7c57,0x8478,0x8478,0x7c17,0x7c37,0x7c37,0x7c37,0x7c37,0x7c37,0x7c57,0x7c37,0x7c57,0x7c57,0x7c37,0x7c57,0x7c57,0x73f7,0x7c17,0x73f7,0x7c37,0x8458,0x7c57,0x7c57,0x7c57,0x7c57,0x7c37,0x7c57,0x7c57,0x8498,0x8478,0x7c57,0x7c57,0x8458,0x8478,0x7c57,0x7c57,0x7c57,0x7c57,0x8458,0x7c57,0x7c37,0x7c17,0x7c37,0x7c37,0x73f7,0x73f7,0x8478,0x7c57,0x7c57,0x8458,0x7c57,0x7c57,0x7c57,0x8458,0x7c57,0x7c37,0x7c57,0x7c57,0x7c57,0x7c37,0x7c17,0x7c37,0x7c37,0x7c17,0x7c57,0x8478,0x7c57,0x7c57,0x8458,0x8c98,0x7c57,0x7c37,0x7c57,0x5b33,0x0000,
		0x0000,0xbe3f,0x7c57,0x7c37,0x7c37,0x7c57,0x7c37,0x7c37,0x73d6,0x7c37,0x7c57,0x8478,0x8478,0x7c37,0x7c37,0x8458,0x8cd8,0x8458,0x7c57,0x7c37,0x73f7,0x7c57,0x8498,0x7c57,0x7c37,0x7c57,0x8478,0x8458,0x8498,0x7c57,0x7c57,0x7c37,0x73f7,0x7417,0x7c37,0x7c37,0x7c57,0x73f7,0x7c37,0x7c57,0x7c37,0x7417,0x7c37,0x7c57,0x7c57,0x7c57,0x7c37,0x73f7,0x6bd6,0x7417,0x8478,0x7c57,0x7c37,0x7417,0x7c37,0x8478,0x8498,0x8458,0x8478,0x7c57,0x7c57,0x7c57,0x7c57,0x7c57,0x8478,0x7c57,0x7c57,0x7c57,0x7c57,0x8458,0x7c57,0x7c57,0x7c57,0x8478,0x8458,0x7c37,0x7c37,0x7c17,0x7c37,0x8458,0x8498,0x7c57,0x7c37,0x7c17,0x8458,0x7c57,0x7c57,0x7c57,0x8478,0x8478,0x7c57,0x7c57,0x8458,0x7c57,0x7c57,0x7c57,0x7c57,0x7c57,0x8478,0x7c57,0x7c57,0x7c57,0x7c57,0x7c37,0x7c57,0x7c57,0x7c57,0x7c57,0x8478,0x7c57,0x7c57,0x8498,0x8498,0x7c57,0x7c57,0x7c37,0x7c57,0x7c57,0x7c57,0x7c37,0x7c37,0x73f7,0x7c37,0x7c57,0x7c57,0x7c57,0x8478,0x7c57,0x7c57,0x7c57,0x8458,0x7c57,0x7c57,0x7c37,0x7c17,0x7c57,0x7c57,0x7c57,0x7c57,0x7c57,0x7c57,0x8458,0x7c57,0x7c57,0x8458,0x8c98,0x8478,0x8478,0x7c57,0x7c17,0x7c37,0x7c57,0x7c57,0x7c37,0x7c57,0x7c57,0x7c57,0x7c57,0x6354,0x0000,
		0x0000,0x8478,0x5b33,0x5b33,0x5b33,0x5312,0x5b33,0x5b33,0x5b13,0x5b33,0x5b13,0x5b13,0x52d2,0x5b13,0x5b33,0x5b33,0x5b33,0x5b33,0x5b33,0x5b33,0x5b33,0x5b33,0x5b33,0x5b33,0x6354,0x6354,0x5312,0x5b13,0x5b33,0x5b33,0x5b33,0x52f2,0x52f2,0x52f2,0x5b13,0x6374,0x6394,0x6354,0x5b33,0x5b33,0x5b33,0x5b54,0x5b53,0x5b33,0x5b33,0x5b33,0x5b33,0x5b33,0x5b33,0x5b33,0x5b13,0x5b33,0x5b33,0x5b33,0x5b33,0x5b33,0x5b33,0x5b13,0x5b13,0x5b33,0x5b33,0x5b53,0x5b33,0x52f2,0x5b33,0x5b54,0x6354,0x5b33,0x5b33,0x5b33,0x5b33,0x6354,0x5b33,0x5b33,0x5b33,0x5b33,0x5b33,0x5b13,0x5b33,0x5b33,0x6354,0x5b33,0x5b33,0x5b54,0x5b33,0x5b33,0x5312,0x5b33,0x5b53,0x6354,0x52f2,0x5312,0x5b33,0x5b33,0x5b54,0x6354,0x5b33,0x5b33,0x5b13,0x52f2,0x5b53,0x5b33,0x5b33,0x5b33,0x5b33,0x5b33,0x5b33,0x5b53,0x5b53,0x5b33,0x5b33,0x5312,0x5312,0x5b53,0x6374,0x5b33,0x5b33,0x6354,0x5b53,0x5b53,0x5b13,0x5b13,0x5b33,0x5b33,0x5b33,0x6354,0x6354,0x6374,0x5b54,0x5b33,0x5b33,0x5b33,0x5b33,0x5b33,0x5b13,0x5b33,0x5b53,0x6374,0x5b53,0x5b33,0x5312,0x5b33,0x5b54,0x5b53,0x5b54,0x5b53,0x5b33,0x5b33,0x5b33,0x5b13,0x5b33,0x5b33,0x6394,0x6354,0x5b33,0x5b33,0x5b13,0x5b33,0x5b33,0x0000,
		0x0000,0x7c37,0x5b33,0x5b33,0x6354,0x6374,0x5b53,0x5b33,0x5b33,0x5b13,0x5b33,0x5b33,0x5b33,0x5b33,0x5b33,0x5b33,0x5b33,0x5b53,0x5b33,0x5b33,0x5b33,0x5b33,0x5b13,0x52f2,0x5b33,0x6354,0x5b33,0x5b13,0x5b33,0x5b33,0x5b33,0x5b13,0x5b54,0x5b33,0x5b33,0x6354,0x5b33,0x5312,0x5312,0x5b33,0x5b33,0x5b33,0x5b33,0x5b33,0x5b33,0x5b33,0x5b33,0x5b33,0x5b33,0x5b33,0x5b13,0x5b54,0x5b33,0x5b33,0x5b33,0x5b33,0x5b53,0x5b13,0x5b13,0x5b53,0x5b33,0x52f2,0x5b13,0x5b33,0x52f2,0x5b13,0x5b33,0x5b33,0x5b13,0x5b13,0x5b33,0x5b33,0x5b33,0x6354,0x5b53,0x5b33,0x5b13,0x5b33,0x5b54,0x5b33,0x5b33,0x5b33,0x5b33,0x5b54,0x5b33,0x5b33,0x5b33,0x5b33,0x52f2,0x5b13,0x5b33,0x5b13,0x5b13,0x5b13,0x5b13,0x5b33,0x5b33,0x5b13,0x52f2,0x5b33,0x5b33,0x5b33,0x5b33,0x5b53,0x5b33,0x5b33,0x5b33,0x5b33,0x5b13,0x5b33,0x6354,0x5b33,0x5b13,0x5b33,0x5b33,0x5b13,0x5b33,0x5b33,0x5b33,0x5b33,0x5b33,0x5b33,0x5b33,0x5b33,0x5b33,0x5b33,0x5b33,0x5b53,0x5b33,0x5b33,0x5b33,0x6374,0x5b33,0x5b33,0x5b33,0x5b33,0x5b33,0x5312,0x5b13,0x5b33,0x5b33,0x6354,0x5b33,0x5b33,0x5b53,0x5b13,0x5b33,0x5b33,0x5b53,0x5b33,0x6354,0x5b54,0x6374,0x5b53,0x5b33,0x5b33,0x5b33,0x5b33,0x5b13,0x0000,
		0x0000,0x0000,0x0000,0x0000,0x0000,0x0000,0x0000,0x0000,0x0000,0x0000,0x0000,0x0000,0x0000,0x0000,0x0000,0x0000,0x0000,0x0000,0x0000,0x0000,0x0000,0x0000,0x0000,0x0000,0x0000,0x0000,0x0000,0x0000,0x0000,0x0000,0x0000,0x0000,0x0000,0x0000,0x0000,0x0000,0x0000,0x0000,0x0000,0x0000,0x0000,0x0000,0x0000,0x0000,0x0000,0x0000,0x0000,0x0000,0x0000,0x0000,0x0000,0x0000,0x0000,0x0000,0x0000,0x0000,0x0000,0x0000,0x0000,0x0000,0x0000,0x0000,0x0000,0x0000,0x0000,0x0000,0x0000,0x0000,0x0000,0x0000,0x0000,0x0000,0x0000,0x0000,0x0000,0x0000,0x0000,0x0000,0x0000,0x0000,0x0000,0x0000,0x0000,0x0000,0x0000,0x0000,0x0000,0x0000,0x0000,0x0000,0x0000,0x0000,0x0000,0x0000,0x0000,0x0000,0x0000,0x0000,0x0000,0x0000,0x0000,0x0000,0x0000,0x0000,0x0000,0x0000,0x0000,0x0000,0x0000,0x0000,0x0000,0x0000,0x0000,0x0000,0x0000,0x0000,0x0000,0x0000,0x0000,0x0000,0x0000,0x0000,0x0000,0x0000,0x0000,0x0000,0x0000,0x0000,0x0000,0x0000,0x0000,0x0000,0x0000,0x0000,0x0000,0x0000,0x0000,0x0000,0x0000,0x0000,0x0000,0x0000,0x0000,0x0000,0x0000,0x0000,0x0000,0x0000,0x0000,0x0000,0x0000,0x0000,0x0000,0x0000,0x0000,0x0000,0x0000,0x0000,0x0000,0x0000
	}
};

const static color_t asciiMap[16384] = {
	0xffff,0xffff,0x0000,0x0000,0x0000,0x0000,0x0000,0x0000,0x0000,0x0000,0x0000,0xffff,0xffff,0x0000,0x0000,0x0000,0x0000,0xffff,0xffff,0xffff,0x0000,0x0000,0x0000,0x0000,0xffff,0xffff,0x0000,0x0000,0x0000,0x0000,0x0000,0x0000,0x0000,0xffff,0xffff,0xffff,0x0000,0x0000,0x0000,0x0000,0x0000,0xffff,0x0000,0xffff,0x0000,0x0000,0x0000,0x0000,0x0000,0xffff,0xffff,0x0000,0x0000,0x0000,0x0000,0x0000,0x0000,0x0000,0x0000,0xffff,0xffff,0x0000,0x0000,0x0000,0x0000,0xffff,0xffff,0xffff,0x0000,0x0000,0x0000,0x0000,0xffff,0xffff,0xffff,0xffff,0xffff,0x0000,0x0000,0x0000,0x0000,0x0000,0x0000,0xffff,0xffff,0x0000,0x0000,0x0000,0xffff,0xffff,0xffff,0xffff,0x0000,0x0000,0x0000,0x0000,0xffff,0xffff,0xffff,0xffff,0xffff,0x0000,0x0000,0x0000,0xffff,0xffff,0xffff,0xffff,0xffff,0x0000,0x0000,0x0000,0xffff,0x0000,0x0000,0x0000,0xffff,0x0000,0x0000,0x0000,0x0000,0xffff,0x0000,0x0000,0x0000,0x0000,0x0000,0x0000,
	0x0000,0x0000,0x0000,0x0000,0x0000,0x0000,0x0000,0x0000,0x0000,0x0000,0x0000,0x0000,0x0000,0x0000,0x0000,0x0000,0xffff,0x0000,0x0000,0x0000,0xffff,0x0000,0x0000,0x0000,0x0000,0x0000,0x0000,0x0000,0x0000,0x0000,0x0000,0x0000,0xffff,0x0000,0x0000,0x0000,0xffff,0x0000,0x0000,0x0000,0x0000,0x0000,0x0000,0x0000,0x0000,0x0000,0x0000,0x0000,0x0000,0x0000,0x0000,0x0000,0x0000,0x0000,0x0000,0x0000,0x0000,0xffff,0xffff,0xffff,0x0000,0x0000,0x0000,0x0000,0xffff,0x0000,0x0000,0x0000,0xffff,0x0000,0x0000,0x0000,0x0000,0x0000,0x0000,0x0000,0x0000,0x0000,0x0000,0x0000,0x0000,0x0000,0x0000,0x0000,0x0000,0x0000,0x0000,0x0000,0xffff,0x0000,0x0000,0x0000,0xffff,0x0000,0x0000,0x0000,0x0000,0x0000,0x0000,0x0000,0x0000,0x0000,0x0000,0x0000,0x0000,0x0000,0x0000,0x0000,0x0000,0x0000,0x0000,0x0000,0x0000,0xffff,0xffff,0xffff,0x0000,0x0000,0x0000,0x0000,0x0000,0x0000,0x0000,0x0000,0x0000,0x0000,0x0000,0x0000,
	0x0000,0xffff,0xffff,0xffff,0x0000,0x0000,0x0000,0x0000,0x0000,0xffff,0xffff,0xffff,0x0000,0x0000,0x0000,0x0000,0x0000,0xffff,0xffff,0xffff,0x0000,0x0000,0x0000,0x0000,0xffff,0xffff,0xffff,0xffff,0xffff,0x0000,0x0000,0x0000,0xffff,0xffff,0xffff,0xffff,0xffff,0x0000,0x0000,0x0000,0xffff,0xffff,0xffff,0xffff,0xffff,0x0000,0x0000,0x0000,0xffff,0xffff,0xffff,0x0000,0x0000,0x0000,0x0000,0x0000,0xffff,0x0000,0x0000,0x0000,0xffff,0x0000,0x0000,0x0000,0x0000,0xffff,0xffff,0xffff,0x0000,0x0000,0x0000,0x0000,0x0000,0xffff,0xffff,0xffff,0x0000,0x0000,0x0000,0x0000,0xffff,0x0000,0x0000,0x0000,0xffff,0x0000,0x0000,0x0000,0xffff,0x0000,0xffff,0xffff,0x0000,0x0000,0x0000,0x0000,0x0000,0xffff,0xffff,0xffff,0x0000,0x0000,0x0000,0x0000,0x0000,0xffff,0xffff,0xffff,0x0000,0x0000,0x0000,0x0000,0x0000,0x0000,0x0000,0x0000,0x0000,0x0000,0x0000,0x0000,0xffff,0xffff,0xffff,0x0000,0x0000,0x0000,0x0000,0x0000,
	0xffff,0x0000,0x0000,0x0000,0xffff,0x0000,0x0000,0x0000,0xffff,0x0000,0x0000,0x0000,0xffff,0x0000,0x0000,0x0000,0xffff,0x0000,0x0000,0x0000,0xffff,0x0000,0x0000,0x0000,0xffff,0x0000,0x0000,0x0000,0x0000,0x0000,0x0000,0x0000,0xffff,0x0000,0x0000,0x0000,0x0000,0x0000,0x0000,0x0000,0xffff,0x0000,0x0000,0x0000,0x0000,0x0000,0x0000,0x0000,0x0000,0xffff,0x0000,0x0000,0x0000,0x0000,0x0000,0x0000,0xffff,0x0000,0x0000,0x0000,0xffff,0x0000,0x0000,0x0000,0xffff,0x0000,0x0000,0x0000,0xffff,0x0000,0x0000,0x0000,0xffff,0x0000,0x0000,0x0000,0xffff,0x0000,0x0000,0x0000,0xffff,0x0000,0x0000,0x0000,0xffff,0x0000,0x0000,0x0000,0xffff,0x0000,0x0000,0x0000,0xffff,0x0000,0x0000,0x0000,0x0000,0x0000,0x0000,0x0000,0xffff,0x0000,0x0000,0x0000,0xffff,0x0000,0x0000,0x0000,0xffff,0x0000,0x0000,0x0000,0x0000,0xffff,0xffff,0xffff,0xffff,0x0000,0x0000,0x0000,0x0000,0xffff,0x0000,0x0000,0x0000,0x0000,0x0000,0x0000,
	0xffff,0xffff,0xffff,0xffff,0xffff,0x0000,0x0000,0x0000,0xffff,0xffff,0xffff,0xffff,0xffff,0x0000,0x0000,0x0000,0xffff,0xffff,0xffff,0xffff,0xffff,0x0000,0x0000,0x0000,0xffff,0xffff,0xffff,0x0000,0x0000,0x0000,0x0000,0x0000,0xffff,0xffff,0xffff,0x0000,0x0000,0x0000,0x0000,0x0000,0xffff,0xffff,0xffff,0x0000,0x0000,0x0000,0x0000,0x0000,0x0000,0xffff,0x0000,0x0000,0x0000,0x0000,0x0000,0x0000,0xffff,0x0000,0x0000,0x0000,0xffff,0x0000,0x0000,0x0000,0xffff,0x0000,0x0000,0x0000,0xffff,0x0000,0x0000,0x0000,0xffff,0x0000,0x0000,0x0000,0xffff,0x0000,0x0000,0x0000,0xffff,0x0000,0x0000,0x0000,0xffff,0x0000,0x0000,0x0000,0xffff,0x0000,0x0000,0x0000,0xffff,0x0000,0x0000,0x0000,0x0000,0xffff,0xffff,0xffff,0xffff,0x0000,0x0000,0x0000,0xffff,0x0000,0x0000,0x0000,0xffff,0x0000,0x0000,0x0000,0xffff,0x0000,0x0000,0x0000,0xffff,0x0000,0x0000,0x0000,0x0000,0xffff,0x0000,0x0000,0x0000,0x0000,0x0000,0x0000,
	0xffff,0x0000,0x0000,0x0000,0xffff,0x0000,0x0000,0x0000,0xffff,0x0000,0x0000,0x0000,0xffff,0x0000,0x0000,0x0000,0xffff,0x0000,0x0000,0x0000,0xffff,0x0000,0x0000,0x0000,0xffff,0x0000,0x0000,0x0000,0x0000,0x0000,0x0000,0x0000,0xffff,0x0000,0x0000,0x0000,0x0000,0x0000,0x0000,0x0000,0xffff,0x0000,0x0000,0x0000,0x0000,0x0000,0x0000,0x0000,0x0000,0xffff,0x0000,0x0000,0x0000,0x0000,0x0000,0x0000,0xffff,0x0000,0x0000,0x0000,0xffff,0x0000,0x0000,0x0000,0xffff,0x0000,0x0000,0x0000,0xffff,0x0000,0x0000,0x0000,0xffff,0x0000,0x0000,0x0000,0xffff,0x0000,0x0000,0x0000,0xffff,0x0000,0x0000,0x0000,0xffff,0x0000,0x0000,0x0000,0xffff,0x0000,0x0000,0x0000,0xffff,0x0000,0x0000,0x0000,0xffff,0x0000,0x0000,0x0000,0xffff,0x0000,0x0000,0x0000,0xffff,0x0000,0x0000,0x0000,0xffff,0x0000,0x0000,0x0000,0x0000,0xffff,0xffff,0xffff,0xffff,0x0000,0x0000,0x0000,0x0000,0xffff,0x0000,0x0000,0x0000,0x0000,0x0000,0x0000,
	0xffff,0x0000,0x0000,0x0000,0xffff,0x0000,0x0000,0x0000,0xffff,0x0000,0x0000,0x0000,0xffff,0x0000,0x0000,0x0000,0xffff,0x0000,0x0000,0x0000,0xffff,0x0000,0x0000,0x0000,0xffff,0xffff,0xffff,0xffff,0xffff,0x0000,0x0000,0x0000,0xffff,0xffff,0xffff,0xffff,0xffff,0x0000,0x0000,0x0000,0xffff,0xffff,0xffff,0xffff,0xffff,0x0000,0x0000,0x0000,0xffff,0xffff,0xffff,0x0000,0x0000,0x0000,0x0000,0x0000,0x0000,0xffff,0xffff,0xffff,0x0000,0x0000,0x0000,0x0000,0x0000,0xffff,0xffff,0xffff,0x0000,0x0000,0x0000,0x0000,0x0000,0xffff,0xffff,0xffff,0x0000,0x0000,0x0000,0x0000,0x0000,0xffff,0xffff,0xffff,0x0000,0x0000,0x0000,0x0000,0xffff,0x0000,0xffff,0xffff,0x0000,0x0000,0x0000,0x0000,0x0000,0xffff,0xffff,0xffff,0xffff,0x0000,0x0000,0x0000,0x0000,0xffff,0xffff,0xffff,0x0000,0x0000,0x0000,0x0000,0x0000,0x0000,0x0000,0x0000,0xffff,0x0000,0x0000,0x0000,0xffff,0xffff,0xffff,0x0000,0x0000,0x0000,0x0000,0x0000,
	0x0000,0x0000,0x0000,0x0000,0x0000,0x0000,0x0000,0x0000,0x0000,0x0000,0x0000,0x0000,0x0000,0x0000,0x0000,0x0000,0x0000,0x0000,0x0000,0x0000,0x0000,0x0000,0x0000,0x0000,0x0000,0x0000,0x0000,0x0000,0x0000,0x0000,0x0000,0x0000,0x0000,0x0000,0x0000,0x0000,0x0000,0x0000,0x0000,0x0000,0x0000,0x0000,0x0000,0x0000,0x0000,0x0000,0x0000,0x0000,0x0000,0x0000,0x0000,0x0000,0x0000,0x0000,0x0000,0x0000,0x0000,0x0000,0x0000,0x0000,0x0000,0x0000,0x0000,0x0000,0x0000,0x0000,0x0000,0x0000,0x0000,0x0000,0x0000,0x0000,0x0000,0x0000,0x0000,0x0000,0x0000,0x0000,0x0000,0x0000,0x0000,0x0000,0x0000,0x0000,0x0000,0x0000,0x0000,0x0000,0xffff,0x0000,0x0000,0x0000,0x0000,0x0000,0x0000,0x0000,0x0000,0x0000,0x0000,0x0000,0x0000,0x0000,0x0000,0x0000,0x0000,0x0000,0x0000,0x0000,0x0000,0x0000,0x0000,0x0000,0xffff,0xffff,0xffff,0xffff,0x0000,0x0000,0x0000,0x0000,0x0000,0x0000,0x0000,0x0000,0x0000,0x0000,0x0000,0x0000,
	0x0000,0x0000,0x0000,0x0000,0x0000,0x0000,0x0000,0x0000,0x0000,0x0000,0x0000,0x0000,0x0000,0x0000,0x0000,0x0000,0x0000,0x0000,0x0000,0x0000,0x0000,0x0000,0x0000,0x0000,0x0000,0xffff,0xffff,0xffff,0xffff,0x0000,0x0000,0x0000,0x0000,0x0000,0x0000,0x0000,0x0000,0x0000,0x0000,0x0000,0x0000,0x0000,0xffff,0x0000,0x0000,0x0000,0x0000,0x0000,0x0000,0x0000,0xffff,0x0000,0x0000,0x0000,0x0000,0x0000,0xffff,0x0000,0x0000,0x0000,0xffff,0x0000,0x0000,0x0000,0x0000,0xffff,0xffff,0xffff,0x0000,0x0000,0x0000,0x0000,0x0000,0x0000,0x0000,0x0000,0x0000,0x0000,0x0000,0x0000,0x0000,0x0000,0x0000,0x0000,0x0000,0x0000,0x0000,0x0000,0x0000,0x0000,0x0000,0x0000,0x0000,0x0000,0x0000,0x0000,0x0000,0x0000,0x0000,0x0000,0x0000,0x0000,0x0000,0x0000,0x0000,0x0000,0x0000,0x0000,0x0000,0x0000,0x0000,0x0000,0x0000,0x0000,0x0000,0x0000,0x0000,0x0000,0x0000,0x0000,0x0000,0x0000,0x0000,0x0000,0x0000,0x0000,0x0000,0x0000,
	0x0000,0x0000,0x0000,0x0000,0x0000,0x0000,0x0000,0x0000,0x0000,0xffff,0xffff,0xffff,0xffff,0x0000,0x0000,0x0000,0x0000,0x0000,0x0000,0x0000,0x0000,0x0000,0x0000,0x0000,0xffff,0x0000,0x0000,0x0000,0x0000,0x0000,0x0000,0x0000,0x0000,0xffff,0xffff,0xffff,0xffff,0x0000,0x0000,0x0000,0x0000,0xffff,0x0000,0xffff,0x0000,0x0000,0x0000,0x0000,0x0000,0xffff,0x0000,0xffff,0x0000,0x0000,0x0000,0x0000,0x0000,0xffff,0xffff,0xffff,0x0000,0x0000,0x0000,0x0000,0xffff,0x0000,0x0000,0x0000,0xffff,0x0000,0x0000,0x0000,0x0000,0x0000,0x0000,0x0000,0x0000,0x0000,0x0000,0x0000,0x0000,0x0000,0x0000,0x0000,0x0000,0x0000,0x0000,0x0000,0x0000,0x0000,0x0000,0x0000,0x0000,0x0000,0x0000,0x0000,0x0000,0x0000,0x0000,0x0000,0x0000,0x0000,0x0000,0x0000,0x0000,0x0000,0x0000,0x0000,0x0000,0x0000,0x0000,0x0000,0x0000,0x0000,0x0000,0x0000,0x0000,0x0000,0x0000,0x0000,0x0000,0x0000,0x0000,0x0000,0x0000,0x0000,0x0000,0x0000,
	0xffff,0xffff,0x0000,0x0000,0x0000,0x0000,0x0000,0x0000,0xffff,0x0000,0xffff,0x0000,0x0000,0x0000,0x0000,0x0000,0x0000,0xffff,0x0000,0xffff,0xffff,0x0000,0x0000,0x0000,0x0000,0xffff,0xffff,0xffff,0x0000,0x0000,0x0000,0x0000,0xffff,0x0000,0x0000,0x0000,0x0000,0x0000,0x0000,0x0000,0x0000,0x0000,0x0000,0x0000,0x0000,0x0000,0x0000,0x0000,0x0000,0x0000,0x0000,0x0000,0x0000,0x0000,0x0000,0x0000,0x0000,0x0000,0x0000,0x0000,0x0000,0x0000,0x0000,0x0000,0x0000,0xffff,0xffff,0xffff,0x0000,0x0000,0x0000,0x0000,0x0000,0x0000,0x0000,0x0000,0x0000,0x0000,0x0000,0x0000,0x0000,0x0000,0x0000,0x0000,0x0000,0x0000,0x0000,0x0000,0x0000,0x0000,0x0000,0x0000,0x0000,0x0000,0x0000,0x0000,0x0000,0x0000,0x0000,0x0000,0x0000,0x0000,0x0000,0x0000,0x0000,0x0000,0x0000,0x0000,0x0000,0x0000,0x0000,0x0000,0x0000,0x0000,0x0000,0x0000,0x0000,0x0000,0x0000,0x0000,0x0000,0x0000,0x0000,0x0000,0x0000,0x0000,0x0000,0x0000,
	0x0000,0xffff,0x0000,0x0000,0x0000,0x0000,0x0000,0x0000,0xffff,0x0000,0xffff,0xffff,0x0000,0x0000,0x0000,0x0000,0xffff,0x0000,0xffff,0x0000,0x0000,0xffff,0x0000,0x0000,0x0000,0x0000,0x0000,0x0000,0xffff,0x0000,0x0000,0x0000,0x0000,0xffff,0xffff,0xffff,0x0000,0x0000,0x0000,0x0000,0xffff,0x0000,0x0000,0x0000,0xffff,0x0000,0x0000,0x0000,0xffff,0x0000,0x0000,0x0000,0xffff,0x0000,0x0000,0x0000,0xffff,0xffff,0xffff,0xffff,0xffff,0x0000,0x0000,0x0000,0xffff,0x0000,0x0000,0x0000,0xffff,0x0000,0x0000,0x0000,0x0000,0x0000,0x0000,0x0000,0x0000,0x0000,0x0000,0x0000,0x0000,0x0000,0x0000,0x0000,0x0000,0x0000,0x0000,0x0000,0x0000,0x0000,0x0000,0x0000,0x0000,0x0000,0x0000,0x0000,0x0000,0x0000,0x0000,0x0000,0x0000,0x0000,0x0000,0x0000,0x0000,0x0000,0x0000,0x0000,0x0000,0x0000,0x0000,0x0000,0x0000,0x0000,0x0000,0x0000,0x0000,0x0000,0x0000,0x0000,0x0000,0x0000,0x0000,0x0000,0x0000,0x0000,0x0000,0x0000,
	0x0000,0xffff,0x0000,0x0000,0x0000,0x0000,0x0000,0x0000,0xffff,0x0000,0xffff,0x0000,0x0000,0x0000,0x0000,0x0000,0xffff,0x0000,0xffff,0xffff,0xffff,0x0000,0x0000,0x0000,0xffff,0x0000,0x0000,0x0000,0xffff,0x0000,0x0000,0x0000,0x0000,0x0000,0x0000,0x0000,0xffff,0x0000,0x0000,0x0000,0xffff,0x0000,0xffff,0x0000,0xffff,0x0000,0x0000,0x0000,0xffff,0x0000,0xffff,0x0000,0xffff,0x0000,0x0000,0x0000,0x0000,0x0000,0xffff,0xffff,0x0000,0x0000,0x0000,0x0000,0xffff,0xffff,0xffff,0xffff,0xffff,0x0000,0x0000,0x0000,0x0000,0x0000,0x0000,0x0000,0x0000,0x0000,0x0000,0x0000,0x0000,0x0000,0x0000,0x0000,0x0000,0x0000,0x0000,0x0000,0x0000,0x0000,0x0000,0x0000,0x0000,0x0000,0x0000,0x0000,0x0000,0x0000,0x0000,0x0000,0x0000,0x0000,0x0000,0x0000,0x0000,0x0000,0x0000,0x0000,0x0000,0x0000,0x0000,0x0000,0x0000,0x0000,0x0000,0x0000,0x0000,0x0000,0x0000,0x0000,0x0000,0x0000,0x0000,0x0000,0x0000,0x0000,0x0000,0x0000,
	0x0000,0xffff,0x0000,0x0000,0x0000,0x0000,0x0000,0x0000,0xffff,0x0000,0xffff,0x0000,0x0000,0x0000,0x0000,0x0000,0xffff,0x0000,0xffff,0x0000,0x0000,0x0000,0x0000,0x0000,0x0000,0xffff,0xffff,0xffff,0x0000,0x0000,0x0000,0x0000,0xffff,0xffff,0xffff,0xffff,0x0000,0x0000,0x0000,0x0000,0xffff,0xffff,0x0000,0xffff,0xffff,0x0000,0x0000,0x0000,0xffff,0x0000,0xffff,0x0000,0xffff,0x0000,0x0000,0x0000,0x0000,0xffff,0x0000,0x0000,0x0000,0x0000,0x0000,0x0000,0xffff,0x0000,0x0000,0x0000,0x0000,0x0000,0x0000,0x0000,0x0000,0x0000,0x0000,0x0000,0x0000,0x0000,0x0000,0x0000,0x0000,0x0000,0x0000,0x0000,0x0000,0x0000,0x0000,0x0000,0x0000,0x0000,0x0000,0x0000,0x0000,0x0000,0x0000,0x0000,0x0000,0x0000,0x0000,0x0000,0x0000,0x0000,0x0000,0x0000,0x0000,0x0000,0x0000,0x0000,0x0000,0x0000,0x0000,0x0000,0x0000,0x0000,0x0000,0x0000,0x0000,0x0000,0x0000,0x0000,0x0000,0x0000,0x0000,0x0000,0x0000,0x0000,0x0000,0x0000,
	0xffff,0xffff,0xffff,0x0000,0x0000,0x0000,0x0000,0x0000,0x0000,0xffff,0xffff,0xffff,0xffff,0x0000,0x0000,0x0000,0x0000,0xffff,0x0000,0xffff,0xffff,0xffff,0x0000,0x0000,0x0000,0x0000,0x0000,0x0000,0xffff,0x0000,0x0000,0x0000,0x0000,0x0000,0x0000,0x0000,0xffff,0x0000,0x0000,0x0000,0xffff,0x0000,0x0000,0x0000,0xffff,0x0000,0x0000,0x0000,0x0000,0xffff,0xffff,0xffff,0xffff,0x0000,0x0000,0x0000,0xffff,0xffff,0xffff,0xffff,0xffff,0x0000,0x0000,0x0000,0x0000,0xffff,0xffff,0xffff,0xffff,0x0000,0x0000,0x0000,0x0000,0x0000,0x0000,0x0000,0x0000,0x0000,0x0000,0x0000,0x0000,0x0000,0x0000,0x0000,0x0000,0x0000,0x0000,0x0000,0x0000,0x0000,0x0000,0x0000,0x0000,0x0000,0x0000,0x0000,0x0000,0x0000,0x0000,0x0000,0x0000,0x0000,0x0000,0x0000,0x0000,0x0000,0x0000,0x0000,0x0000,0x0000,0x0000,0x0000,0x0000,0x0000,0x0000,0x0000,0x0000,0x0000,0x0000,0x0000,0x0000,0x0000,0x0000,0x0000,0x0000,0x0000,0x0000,0x0000,
	0x0000,0x0000,0x0000,0x0000,0x0000,0x0000,0x0000,0x0000,0x0000,0x0000,0x0000,0x0000,0x0000,0x0000,0x0000,0x0000,0x0000,0x0000,0x0000,0x0000,0x0000,0x0000,0x0000,0x0000,0x0000,0x0000,0xffff,0xffff,0x0000,0x0000,0x0000,0x0000,0x0000,0x0000,0xffff,0xffff,0x0000,0x0000,0x0000,0x0000,0x0000,0x0000,0x0000,0x0000,0x0000,0x0000,0x0000,0x0000,0x0000,0x0000,0x0000,0x0000,0x0000,0x0000,0x0000,0x0000,0x0000,0x0000,0x0000,0x0000,0x0000,0x0000,0x0000,0x0000,0x0000,0x0000,0x0000,0x0000,0x0000,0x0000,0x0000,0x0000,0x0000,0x0000,0x0000,0x0000,0x0000,0x0000,0x0000,0x0000,0x0000,0x0000,0x0000,0x0000,0x0000,0x0000,0x0000,0x0000,0x0000,0x0000,0x0000,0x0000,0x0000,0x0000,0x0000,0x0000,0x0000,0x0000,0x0000,0x0000,0x0000,0x0000,0x0000,0x0000,0x0000,0x0000,0x0000,0x0000,0x0000,0x0000,0x0000,0x0000,0x0000,0x0000,0x0000,0x0000,0x0000,0x0000,0x0000,0x0000,0x0000,0x0000,0x0000,0x0000,0x0000,0x0000,0x0000,0x0000,
	0x0000,0x0000,0x0000,0x0000,0x0000,0x0000,0x0000,0x0000,0xffff,0x0000,0x0000,0x0000,0x0000,0x0000,0x0000,0x0000,0x0000,0xffff,0x0000,0xffff,0x0000,0x0000,0x0000,0x0000,0x0000,0xffff,0x0000,0xffff,0x0000,0x0000,0x0000,0x0000,0x0000,0x0000,0xffff,0x0000,0x0000,0x0000,0x0000,0x0000,0xffff,0x0000,0x0000,0x0000,0xffff,0x0000,0x0000,0x0000,0x0000,0x0000,0xffff,0x0000,0x0000,0x0000,0x0000,0x0000,0x0000,0xffff,0x0000,0x0000,0x0000,0x0000,0x0000,0x0000,0x0000,0x0000,0xffff,0xffff,0x0000,0x0000,0x0000,0x0000,0xffff,0xffff,0x0000,0x0000,0x0000,0x0000,0x0000,0x0000,0x0000,0x0000,0x0000,0x0000,0x0000,0x0000,0x0000,0x0000,0x0000,0x0000,0x0000,0x0000,0x0000,0x0000,0x0000,0x0000,0x0000,0x0000,0x0000,0x0000,0x0000,0x0000,0x0000,0x0000,0x0000,0x0000,0x0000,0x0000,0x0000,0x0000,0x0000,0x0000,0x0000,0x0000,0x0000,0x0000,0x0000,0x0000,0x0000,0x0000,0x0000,0x0000,0x0000,0x0000,0xffff,0x0000,0x0000,0x0000,
	0x0000,0x0000,0x0000,0x0000,0x0000,0x0000,0x0000,0x0000,0xffff,0x0000,0x0000,0x0000,0x0000,0x0000,0x0000,0x0000,0x0000,0xffff,0x0000,0xffff,0x0000,0x0000,0x0000,0x0000,0x0000,0xffff,0x0000,0xffff,0x0000,0x0000,0x0000,0x0000,0x0000,0xffff,0xffff,0xffff,0xffff,0x0000,0x0000,0x0000,0xffff,0x0000,0x0000,0xffff,0x0000,0x0000,0x0000,0x0000,0x0000,0xffff,0x0000,0xffff,0x0000,0x0000,0x0000,0x0000,0x0000,0xffff,0x0000,0x0000,0x0000,0x0000,0x0000,0x0000,0x0000,0xffff,0x0000,0x0000,0x0000,0x0000,0x0000,0x0000,0x0000,0x0000,0xffff,0x0000,0x0000,0x0000,0x0000,0x0000,0x0000,0x0000,0x0000,0x0000,0x0000,0x0000,0x0000,0x0000,0x0000,0x0000,0xffff,0x0000,0x0000,0x0000,0x0000,0x0000,0x0000,0x0000,0x0000,0x0000,0x0000,0x0000,0x0000,0x0000,0x0000,0x0000,0x0000,0x0000,0x0000,0x0000,0x0000,0x0000,0x0000,0x0000,0x0000,0x0000,0x0000,0x0000,0x0000,0x0000,0x0000,0x0000,0x0000,0xffff,0x0000,0x0000,0x0000,0x0000,
	0x0000,0x0000,0x0000,0x0000,0x0000,0x0000,0x0000,0x0000,0xffff,0x0000,0x0000,0x0000,0x0000,0x0000,0x0000,0x0000,0xffff,0x0000,0xffff,0x0000,0x0000,0x0000,0x0000,0x0000,0xffff,0xffff,0xffff,0xffff,0xffff,0x0000,0x0000,0x0000,0xffff,0x0000,0x0000,0x0000,0x0000,0x0000,0x0000,0x0000,0x0000,0x0000,0x0000,0xffff,0x0000,0x0000,0x0000,0x0000,0x0000,0x0000,0xffff,0x0000,0x0000,0x0000,0x0000,0x0000,0xffff,0x0000,0x0000,0x0000,0x0000,0x0000,0x0000,0x0000,0xffff,0x0000,0x0000,0x0000,0x0000,0x0000,0x0000,0x0000,0x0000,0x0000,0x0000,0xffff,0x0000,0x0000,0x0000,0x0000,0xffff,0x0000,0x0000,0xffff,0x0000,0x0000,0x0000,0x0000,0x0000,0x0000,0xffff,0x0000,0x0000,0x0000,0x0000,0x0000,0x0000,0x0000,0x0000,0x0000,0x0000,0x0000,0x0000,0x0000,0x0000,0x0000,0x0000,0x0000,0x0000,0x0000,0x0000,0x0000,0x0000,0x0000,0x0000,0x0000,0x0000,0x0000,0x0000,0x0000,0x0000,0x0000,0x0000,0xffff,0x0000,0x0000,0x0000,0x0000,
	0x0000,0x0000,0x0000,0x0000,0x0000,0x0000,0x0000,0x0000,0xffff,0x0000,0x0000,0x0000,0x0000,0x0000,0x0000,0x0000,0x0000,0x0000,0x0000,0x0000,0x0000,0x0000,0x0000,0x0000,0x0000,0xffff,0x0000,0xffff,0x0000,0x0000,0x0000,0x0000,0x0000,0xffff,0xffff,0xffff,0x0000,0x0000,0x0000,0x0000,0x0000,0x0000,0xffff,0x0000,0x0000,0x0000,0x0000,0x0000,0x0000,0xffff,0xffff,0x0000,0xffff,0x0000,0x0000,0x0000,0x0000,0x0000,0x0000,0x0000,0x0000,0x0000,0x0000,0x0000,0xffff,0x0000,0x0000,0x0000,0x0000,0x0000,0x0000,0x0000,0x0000,0x0000,0x0000,0xffff,0x0000,0x0000,0x0000,0x0000,0x0000,0xffff,0xffff,0x0000,0x0000,0x0000,0x0000,0x0000,0xffff,0xffff,0xffff,0xffff,0xffff,0x0000,0x0000,0x0000,0x0000,0x0000,0x0000,0x0000,0x0000,0x0000,0x0000,0x0000,0xffff,0xffff,0xffff,0xffff,0xffff,0x0000,0x0000,0x0000,0x0000,0x0000,0x0000,0x0000,0x0000,0x0000,0x0000,0x0000,0x0000,0x0000,0xffff,0x0000,0x0000,0x0000,0x0000,0x0000,
	0x0000,0x0000,0x0000,0x0000,0x0000,0x0000,0x0000,0x0000,0xffff,0x0000,0x0000,0x0000,0x0000,0x0000,0x0000,0x0000,0x0000,0x0000,0x0000,0x0000,0x0000,0x0000,0x0000,0x0000,0xffff,0xffff,0xffff,0xffff,0xffff,0x0000,0x0000,0x0000,0x0000,0x0000,0x0000,0x0000,0xffff,0x0000,0x0000,0x0000,0x0000,0xffff,0x0000,0x0000,0x0000,0x0000,0x0000,0x0000,0xffff,0x0000,0xffff,0xffff,0x0000,0x0000,0x0000,0x0000,0x0000,0x0000,0x0000,0x0000,0x0000,0x0000,0x0000,0x0000,0xffff,0x0000,0x0000,0x0000,0x0000,0x0000,0x0000,0x0000,0x0000,0x0000,0x0000,0xffff,0x0000,0x0000,0x0000,0x0000,0xffff,0x0000,0x0000,0xffff,0x0000,0x0000,0x0000,0x0000,0x0000,0x0000,0xffff,0x0000,0x0000,0x0000,0x0000,0x0000,0x0000,0x0000,0x0000,0x0000,0x0000,0x0000,0x0000,0x0000,0x0000,0x0000,0x0000,0x0000,0x0000,0x0000,0x0000,0x0000,0x0000,0x0000,0x0000,0x0000,0x0000,0x0000,0x0000,0x0000,0x0000,0xffff,0x0000,0x0000,0x0000,0x0000,0x0000,0x0000,
	0x0000,0x0000,0x0000,0x0000,0x0000,0x0000,0x0000,0x0000,0x0000,0x0000,0x0000,0x0000,0x0000,0x0000,0x0000,0x0000,0x0000,0x0000,0x0000,0x0000,0x0000,0x0000,0x0000,0x0000,0x0000,0xffff,0x0000,0xffff,0x0000,0x0000,0x0000,0x0000,0xffff,0xffff,0xffff,0xffff,0x0000,0x0000,0x0000,0x0000,0x0000,0xffff,0x0000,0x0000,0xffff,0x0000,0x0000,0x0000,0xffff,0x0000,0x0000,0xffff,0x0000,0x0000,0x0000,0x0000,0x0000,0x0000,0x0000,0x0000,0x0000,0x0000,0x0000,0x0000,0x0000,0xffff,0x0000,0x0000,0x0000,0x0000,0x0000,0x0000,0x0000,0x0000,0xffff,0x0000,0x0000,0x0000,0x0000,0x0000,0x0000,0x0000,0x0000,0x0000,0x0000,0x0000,0x0000,0x0000,0x0000,0x0000,0xffff,0x0000,0x0000,0x0000,0x0000,0x0000,0xffff,0x0000,0x0000,0x0000,0x0000,0x0000,0x0000,0x0000,0x0000,0x0000,0x0000,0x0000,0x0000,0x0000,0x0000,0x0000,0xffff,0x0000,0x0000,0x0000,0x0000,0x0000,0x0000,0x0000,0x0000,0xffff,0x0000,0x0000,0x0000,0x0000,0x0000,0x0000,
	0x0000,0x0000,0x0000,0x0000,0x0000,0x0000,0x0000,0x0000,0xffff,0x0000,0x0000,0x0000,0x0000,0x0000,0x0000,0x0000,0x0000,0x0000,0x0000,0x0000,0x0000,0x0000,0x0000,0x0000,0x0000,0xffff,0x0000,0xffff,0x0000,0x0000,0x0000,0x0000,0x0000,0x0000,0xffff,0x0000,0x0000,0x0000,0x0000,0x0000,0xffff,0x0000,0x0000,0x0000,0xffff,0x0000,0x0000,0x0000,0x0000,0xffff,0xffff,0x0000,0xffff,0x0000,0x0000,0x0000,0x0000,0x0000,0x0000,0x0000,0x0000,0x0000,0x0000,0x0000,0x0000,0x0000,0xffff,0xffff,0x0000,0x0000,0x0000,0x0000,0xffff,0xffff,0x0000,0x0000,0x0000,0x0000,0x0000,0x0000,0x0000,0x0000,0x0000,0x0000,0x0000,0x0000,0x0000,0x0000,0x0000,0x0000,0x0000,0x0000,0x0000,0x0000,0x0000,0x0000,0xffff,0x0000,0x0000,0x0000,0x0000,0x0000,0x0000,0x0000,0x0000,0x0000,0x0000,0x0000,0x0000,0x0000,0x0000,0x0000,0xffff,0x0000,0x0000,0x0000,0x0000,0x0000,0x0000,0x0000,0xffff,0x0000,0x0000,0x0000,0x0000,0x0000,0x0000,0x0000,
	0x0000,0x0000,0x0000,0x0000,0x0000,0x0000,0x0000,0x0000,0x0000,0x0000,0x0000,0x0000,0x0000,0x0000,0x0000,0x0000,0x0000,0x0000,0x0000,0x0000,0x0000,0x0000,0x0000,0x0000,0x0000,0x0000,0x0000,0x0000,0x0000,0x0000,0x0000,0x0000,0x0000,0x0000,0x0000,0x0000,0x0000,0x0000,0x0000,0x0000,0x0000,0x0000,0x0000,0x0000,0x0000,0x0000,0x0000,0x0000,0x0000,0x0000,0x0000,0x0000,0x0000,0x0000,0x0000,0x0000,0x0000,0x0000,0x0000,0x0000,0x0000,0x0000,0x0000,0x0000,0x0000,0x0000,0x0000,0x0000,0x0000,0x0000,0x0000,0x0000,0x0000,0x0000,0x0000,0x0000,0x0000,0x0000,0x0000,0x0000,0x0000,0x0000,0x0000,0x0000,0x0000,0x0000,0x0000,0x0000,0x0000,0x0000,0x0000,0x0000,0x0000,0x0000,0x0000,0x0000,0xffff,0x0000,0x0000,0x0000,0x0000,0x0000,0x0000,0x0000,0x0000,0x0000,0x0000,0x0000,0x0000,0x0000,0x0000,0x0000,0x0000,0x0000,0x0000,0x0000,0x0000,0x0000,0x0000,0x0000,0x0000,0x0000,0x0000,0x0000,0x0000,0x0000,0x0000,0x0000,
	0x0000,0xffff,0xffff,0xffff,0x0000,0x0000,0x0000,0x0000,0x0000,0x0000,0xffff,0x0000,0x0000,0x0000,0x0000,0x0000,0x0000,0xffff,0xffff,0xffff,0x0000,0x0000,0x0000,0x0000,0x0000,0xffff,0xffff,0xffff,0x0000,0x0000,0x0000,0x0000,0x0000,0x0000,0x0000,0xffff,0xffff,0x0000,0x0000,0x0000,0xffff,0xffff,0xffff,0xffff,0xffff,0x0000,0x0000,0x0000,0x0000,0x0000,0xffff,0xffff,0x0000,0x0000,0x0000,0x0000,0xffff,0xffff,0xffff,0xffff,0xffff,0x0000,0x0000,0x0000,0x0000,0xffff,0xffff,0xffff,0x0000,0x0000,0x0000,0x0000,0x0000,0xffff,0xffff,0xffff,0x0000,0x0000,0x0000,0x0000,0x0000,0x0000,0x0000,0x0000,0x0000,0x0000,0x0000,0x0000,0x0000,0x0000,0x0000,0x0000,0x0000,0x0000,0x0000,0x0000,0x0000,0x0000,0x0000,0xffff,0x0000,0x0000,0x0000,0x0000,0x0000,0x0000,0x0000,0x0000,0x0000,0x0000,0x0000,0x0000,0xffff,0x0000,0x0000,0x0000,0x0000,0x0000,0x0000,0x0000,0x0000,0xffff,0xffff,0xffff,0x0000,0x0000,0x0000,0x0000,
	0xffff,0x0000,0x0000,0x0000,0xffff,0x0000,0x0000,0x0000,0x0000,0xffff,0xffff,0x0000,0x0000,0x0000,0x0000,0x0000,0xffff,0x0000,0x0000,0x0000,0xffff,0x0000,0x0000,0x0000,0xffff,0x0000,0x0000,0x0000,0xffff,0x0000,0x0000,0x0000,0x0000,0x0000,0xffff,0x0000,0xffff,0x0000,0x0000,0x0000,0xffff,0x0000,0x0000,0x0000,0x0000,0x0000,0x0000,0x0000,0x0000,0xffff,0x0000,0x0000,0x0000,0x0000,0x0000,0x0000,0xffff,0x0000,0x0000,0x0000,0xffff,0x0000,0x0000,0x0000,0xffff,0x0000,0x0000,0x0000,0xffff,0x0000,0x0000,0x0000,0xffff,0x0000,0x0000,0x0000,0xffff,0x0000,0x0000,0x0000,0xffff,0x0000,0x0000,0x0000,0x0000,0x0000,0x0000,0x0000,0xffff,0x0000,0x0000,0x0000,0x0000,0x0000,0x0000,0x0000,0x0000,0x0000,0xffff,0x0000,0x0000,0x0000,0x0000,0x0000,0x0000,0x0000,0x0000,0x0000,0x0000,0x0000,0x0000,0x0000,0x0000,0xffff,0x0000,0x0000,0x0000,0x0000,0x0000,0x0000,0xffff,0x0000,0x0000,0x0000,0xffff,0x0000,0x0000,0x0000,
	0xffff,0x0000,0x0000,0xffff,0xffff,0x0000,0x0000,0x0000,0x0000,0x0000,0xffff,0x0000,0x0000,0x0000,0x0000,0x0000,0x0000,0x0000,0x0000,0x0000,0xffff,0x0000,0x0000,0x0000,0x0000,0x0000,0x0000,0x0000,0xffff,0x0000,0x0000,0x0000,0x0000,0xffff,0x0000,0x0000,0xffff,0x0000,0x0000,0x0000,0xffff,0xffff,0xffff,0xffff,0x0000,0x0000,0x0000,0x0000,0xffff,0x0000,0x0000,0x0000,0x0000,0x0000,0x0000,0x0000,0x0000,0x0000,0x0000,0x0000,0xffff,0x0000,0x0000,0x0000,0xffff,0x0000,0x0000,0x0000,0xffff,0x0000,0x0000,0x0000,0xffff,0x0000,0x0000,0x0000,0xffff,0x0000,0x0000,0x0000,0xffff,0x0000,0x0000,0x0000,0x0000,0x0000,0x0000,0x0000,0xffff,0x0000,0x0000,0x0000,0x0000,0x0000,0x0000,0x0000,0x0000,0xffff,0x0000,0x0000,0x0000,0x0000,0x0000,0x0000,0xffff,0xffff,0xffff,0xffff,0xffff,0x0000,0x0000,0x0000,0x0000,0x0000,0xffff,0x0000,0x0000,0x0000,0x0000,0x0000,0x0000,0x0000,0x0000,0x0000,0xffff,0x0000,0x0000,0x0000,
	0xffff,0x0000,0xffff,0x0000,0xffff,0x0000,0x0000,0x0000,0x0000,0x0000,0xffff,0x0000,0x0000,0x0000,0x0000,0x0000,0x0000,0x0000,0xffff,0xffff,0x0000,0x0000,0x0000,0x0000,0x0000,0x0000,0xffff,0xffff,0x0000,0x0000,0x0000,0x0000,0xffff,0x0000,0x0000,0x0000,0xffff,0x0000,0x0000,0x0000,0x0000,0x0000,0x0000,0x0000,0xffff,0x0000,0x0000,0x0000,0xffff,0xffff,0xffff,0xffff,0x0000,0x0000,0x0000,0x0000,0x0000,0x0000,0x0000,0xffff,0x0000,0x0000,0x0000,0x0000,0x0000,0xffff,0xffff,0xffff,0x0000,0x0000,0x0000,0x0000,0x0000,0xffff,0xffff,0xffff,0xffff,0x0000,0x0000,0x0000,0x0000,0x0000,0x0000,0x0000,0x0000,0x0000,0x0000,0x0000,0x0000,0x0000,0x0000,0x0000,0x0000,0x0000,0x0000,0x0000,0xffff,0x0000,0x0000,0x0000,0x0000,0x0000,0x0000,0x0000,0x0000,0x0000,0x0000,0x0000,0x0000,0x0000,0x0000,0x0000,0x0000,0x0000,0x0000,0xffff,0x0000,0x0000,0x0000,0x0000,0x0000,0x0000,0x0000,0xffff,0x0000,0x0000,0x0000,0x0000,
	0xffff,0xffff,0x0000,0x0000,0xffff,0x0000,0x0000,0x0000,0x0000,0x0000,0xffff,0x0000,0x0000,0x0000,0x0000,0x0000,0x0000,0xffff,0x0000,0x0000,0x0000,0x0000,0x0000,0x0000,0x0000,0x0000,0x0000,0x0000,0xffff,0x0000,0x0000,0x0000,0xffff,0xffff,0xffff,0xffff,0xffff,0x0000,0x0000,0x0000,0x0000,0x0000,0x0000,0x0000,0xffff,0x0000,0x0000,0x0000,0xffff,0x0000,0x0000,0x0000,0xffff,0x0000,0x0000,0x0000,0x0000,0x0000,0xffff,0x0000,0x0000,0x0000,0x0000,0x0000,0xffff,0x0000,0x0000,0x0000,0xffff,0x0000,0x0000,0x0000,0x0000,0x0000,0x0000,0x0000,0xffff,0x0000,0x0000,0x0000,0x0000,0x0000,0x0000,0x0000,0x0000,0x0000,0x0000,0x0000,0x0000,0x0000,0x0000,0x0000,0x0000,0x0000,0x0000,0x0000,0x0000,0xffff,0x0000,0x0000,0x0000,0x0000,0x0000,0x0000,0x0000,0x0000,0x0000,0x0000,0x0000,0x0000,0x0000,0x0000,0x0000,0x0000,0xffff,0x0000,0x0000,0x0000,0x0000,0x0000,0x0000,0x0000,0xffff,0x0000,0x0000,0x0000,0x0000,0x0000,
	0xffff,0x0000,0x0000,0x0000,0xffff,0x0000,0x0000,0x0000,0x0000,0x0000,0xffff,0x0000,0x0000,0x0000,0x0000,0x0000,0xffff,0x0000,0x0000,0x0000,0xffff,0x0000,0x0000,0x0000,0xffff,0x0000,0x0000,0x0000,0xffff,0x0000,0x0000,0x0000,0x0000,0x0000,0x0000,0x0000,0xffff,0x0000,0x0000,0x0000,0xffff,0x0000,0x0000,0x0000,0xffff,0x0000,0x0000,0x0000,0xffff,0x0000,0x0000,0x0000,0xffff,0x0000,0x0000,0x0000,0x0000,0x0000,0xffff,0x0000,0x0000,0x0000,0x0000,0x0000,0xffff,0x0000,0x0000,0x0000,0xffff,0x0000,0x0000,0x0000,0x0000,0x0000,0x0000,0xffff,0x0000,0x0000,0x0000,0x0000,0xffff,0x0000,0x0000,0x0000,0x0000,0x0000,0x0000,0x0000,0xffff,0x0000,0x0000,0x0000,0x0000,0x0000,0x0000,0x0000,0x0000,0x0000,0xffff,0x0000,0x0000,0x0000,0x0000,0x0000,0xffff,0xffff,0xffff,0xffff,0xffff,0x0000,0x0000,0x0000,0x0000,0xffff,0x0000,0x0000,0x0000,0x0000,0x0000,0x0000,0x0000,0x0000,0x0000,0x0000,0x0000,0x0000,0x0000,0x0000,
	0x0000,0xffff,0xffff,0xffff,0x0000,0x0000,0x0000,0x0000,0xffff,0xffff,0xffff,0xffff,0xffff,0x0000,0x0000,0x0000,0xffff,0xffff,0xffff,0xffff,0xffff,0x0000,0x0000,0x0000,0x0000,0xffff,0xffff,0xffff,0x0000,0x0000,0x0000,0x0000,0x0000,0x0000,0x0000,0x0000,0xffff,0x0000,0x0000,0x0000,0x0000,0xffff,0xffff,0xffff,0x0000,0x0000,0x0000,0x0000,0x0000,0xffff,0xffff,0xffff,0x0000,0x0000,0x0000,0x0000,0x0000,0x0000,0xffff,0x0000,0x0000,0x0000,0x0000,0x0000,0x0000,0xffff,0xffff,0xffff,0x0000,0x0000,0x0000,0x0000,0x0000,0xffff,0xffff,0x0000,0x0000,0x0000,0x0000,0x0000,0xffff,0x0000,0x0000,0x0000,0x0000,0x0000,0x0000,0x0000,0xffff,0x0000,0x0000,0x0000,0x0000,0x0000,0x0000,0x0000,0x0000,0x0000,0x0000,0xffff,0x0000,0x0000,0x0000,0x0000,0x0000,0x0000,0x0000,0x0000,0x0000,0x0000,0x0000,0x0000,0xffff,0x0000,0x0000,0x0000,0x0000,0x0000,0x0000,0x0000,0x0000,0x0000,0xffff,0x0000,0x0000,0x0000,0x0000,0x0000,
	0x0000,0x0000,0x0000,0x0000,0x0000,0x0000,0x0000,0x0000,0x0000,0x0000,0x0000,0x0000,0x0000,0x0000,0x0000,0x0000,0x0000,0x0000,0x0000,0x0000,0x0000,0x0000,0x0000,0x0000,0x0000,0x0000,0x0000,0x0000,0x0000,0x0000,0x0000,0x0000,0x0000,0x0000,0x0000,0x0000,0x0000,0x0000,0x0000,0x0000,0x0000,0x0000,0x0000,0x0000,0x0000,0x0000,0x0000,0x0000,0x0000,0x0000,0x0000,0x0000,0x0000,0x0000,0x0000,0x0000,0x0000,0x0000,0x0000,0x0000,0x0000,0x0000,0x0000,0x0000,0x0000,0x0000,0x0000,0x0000,0x0000,0x0000,0x0000,0x0000,0x0000,0x0000,0x0000,0x0000,0x0000,0x0000,0x0000,0x0000,0x0000,0x0000,0x0000,0x0000,0x0000,0x0000,0x0000,0x0000,0xffff,0x0000,0x0000,0x0000,0x0000,0x0000,0x0000,0x0000,0x0000,0x0000,0x0000,0x0000,0x0000,0x0000,0x0000,0x0000,0x0000,0x0000,0x0000,0x0000,0x0000,0x0000,0x0000,0x0000,0x0000,0x0000,0x0000,0x0000,0x0000,0x0000,0x0000,0x0000,0x0000,0x0000,0x0000,0x0000,0x0000,0x0000,0x0000,0x0000,
	0x0000,0xffff,0xffff,0xffff,0xffff,0x0000,0x0000,0x0000,0x0000,0xffff,0xffff,0xffff,0x0000,0x0000,0x0000,0x0000,0xffff,0xffff,0xffff,0xffff,0x0000,0x0000,0x0000,0x0000,0x0000,0xffff,0xffff,0xffff,0x0000,0x0000,0x0000,0x0000,0xffff,0xffff,0xffff,0xffff,0x0000,0x0000,0x0000,0x0000,0xffff,0xffff,0xffff,0xffff,0xffff,0x0000,0x0000,0x0000,0xffff,0xffff,0xffff,0xffff,0xffff,0x0000,0x0000,0x0000,0x0000,0xffff,0xffff,0xffff,0xffff,0x0000,0x0000,0x0000,0xffff,0x0000,0x0000,0x0000,0xffff,0x0000,0x0000,0x0000,0xffff,0xffff,0xffff,0x0000,0x0000,0x0000,0x0000,0x0000,0x0000,0x0000,0x0000,0x0000,0xffff,0x0000,0x0000,0x0000,0xffff,0x0000,0x0000,0x0000,0xffff,0x0000,0x0000,0x0000,0xffff,0x0000,0x0000,0x0000,0x0000,0x0000,0x0000,0x0000,0xffff,0x0000,0x0000,0x0000,0xffff,0x0000,0x0000,0x0000,0xffff,0x0000,0x0000,0x0000,0xffff,0x0000,0x0000,0x0000,0x0000,0xffff,0xffff,0xffff,0x0000,0x0000,0x0000,0x0000,
	0xffff,0x0000,0x0000,0x0000,0x0000,0xffff,0x0000,0x0000,0xffff,0x0000,0x0000,0x0000,0xffff,0x0000,0x0000,0x0000,0xffff,0x0000,0x0000,0x0000,0xffff,0x0000,0x0000,0x0000,0xffff,0x0000,0x0000,0x0000,0xffff,0x0000,0x0000,0x0000,0xffff,0x0000,0x0000,0x0000,0xffff,0x0000,0x0000,0x0000,0xffff,0x0000,0x0000,0x0000,0x0000,0x0000,0x0000,0x0000,0xffff,0x0000,0x0000,0x0000,0x0000,0x0000,0x0000,0x0000,0xffff,0x0000,0x0000,0x0000,0x0000,0x0000,0x0000,0x0000,0xffff,0x0000,0x0000,0x0000,0xffff,0x0000,0x0000,0x0000,0x0000,0xffff,0x0000,0x0000,0x0000,0x0000,0x0000,0x0000,0x0000,0x0000,0x0000,0x0000,0xffff,0x0000,0x0000,0x0000,0xffff,0x0000,0x0000,0xffff,0x0000,0x0000,0x0000,0x0000,0xffff,0x0000,0x0000,0x0000,0x0000,0x0000,0x0000,0x0000,0xffff,0xffff,0x0000,0xffff,0xffff,0x0000,0x0000,0x0000,0xffff,0xffff,0x0000,0x0000,0xffff,0x0000,0x0000,0x0000,0xffff,0x0000,0x0000,0x0000,0xffff,0x0000,0x0000,0x0000,
	0xffff,0x0000,0xffff,0xffff,0x0000,0xffff,0x0000,0x0000,0xffff,0xffff,0xffff,0xffff,0xffff,0x0000,0x0000,0x0000,0xffff,0xffff,0xffff,0xffff,0x0000,0x0000,0x0000,0x0000,0xffff,0x0000,0x0000,0x0000,0x0000,0x0000,0x0000,0x0000,0xffff,0x0000,0x0000,0x0000,0xffff,0x0000,0x0000,0x0000,0xffff,0xffff,0xffff,0x0000,0x0000,0x0000,0x0000,0x0000,0xffff,0xffff,0xffff,0x0000,0x0000,0x0000,0x0000,0x0000,0xffff,0x0000,0x0000,0xffff,0xffff,0x0000,0x0000,0x0000,0xffff,0xffff,0xffff,0xffff,0xffff,0x0000,0x0000,0x0000,0x0000,0xffff,0x0000,0x0000,0x0000,0x0000,0x0000,0x0000,0x0000,0x0000,0x0000,0x0000,0xffff,0x0000,0x0000,0x0000,0xffff,0xffff,0xffff,0x0000,0x0000,0x0000,0x0000,0x0000,0xffff,0x0000,0x0000,0x0000,0x0000,0x0000,0x0000,0x0000,0xffff,0x0000,0xffff,0x0000,0xffff,0x0000,0x0000,0x0000,0xffff,0x0000,0xffff,0x0000,0xffff,0x0000,0x0000,0x0000,0xffff,0x0000,0x0000,0x0000,0xffff,0x0000,0x0000,0x0000,
	0xffff,0x0000,0xffff,0xffff,0x0000,0xffff,0x0000,0x0000,0xffff,0x0000,0x0000,0x0000,0xffff,0x0000,0x0000,0x0000,0xffff,0x0000,0x0000,0x0000,0xffff,0x0000,0x0000,0x0000,0xffff,0x0000,0x0000,0x0000,0x0000,0x0000,0x0000,0x0000,0xffff,0x0000,0x0000,0x0000,0xffff,0x0000,0x0000,0x0000,0xffff,0x0000,0x0000,0x0000,0x0000,0x0000,0x0000,0x0000,0xffff,0x0000,0x0000,0x0000,0x0000,0x0000,0x0000,0x0000,0xffff,0x0000,0x0000,0x0000,0xffff,0x0000,0x0000,0x0000,0xffff,0x0000,0x0000,0x0000,0xffff,0x0000,0x0000,0x0000,0x0000,0xffff,0x0000,0x0000,0x0000,0x0000,0x0000,0x0000,0x0000,0x0000,0x0000,0x0000,0xffff,0x0000,0x0000,0x0000,0xffff,0x0000,0x0000,0xffff,0x0000,0x0000,0x0000,0x0000,0xffff,0x0000,0x0000,0x0000,0x0000,0x0000,0x0000,0x0000,0xffff,0x0000,0x0000,0x0000,0xffff,0x0000,0x0000,0x0000,0xffff,0x0000,0x0000,0xffff,0xffff,0x0000,0x0000,0x0000,0xffff,0x0000,0x0000,0x0000,0xffff,0x0000,0x0000,0x0000,
	0xffff,0x0000,0xffff,0xffff,0xffff,0xffff,0x0000,0x0000,0xffff,0x0000,0x0000,0x0000,0xffff,0x0000,0x0000,0x0000,0xffff,0x0000,0x0000,0x0000,0xffff,0x0000,0x0000,0x0000,0xffff,0x0000,0x0000,0x0000,0x0000,0x0000,0x0000,0x0000,0xffff,0x0000,0x0000,0x0000,0xffff,0x0000,0x0000,0x0000,0xffff,0x0000,0x0000,0x0000,0x0000,0x0000,0x0000,0x0000,0xffff,0x0000,0x0000,0x0000,0x0000,0x0000,0x0000,0x0000,0xffff,0x0000,0x0000,0x0000,0xffff,0x0000,0x0000,0x0000,0xffff,0x0000,0x0000,0x0000,0xffff,0x0000,0x0000,0x0000,0x0000,0xffff,0x0000,0x0000,0x0000,0x0000,0x0000,0x0000,0x0000,0x0000,0x0000,0x0000,0xffff,0x0000,0x0000,0x0000,0xffff,0x0000,0x0000,0x0000,0xffff,0x0000,0x0000,0x0000,0xffff,0x0000,0x0000,0x0000,0x0000,0x0000,0x0000,0x0000,0xffff,0x0000,0x0000,0x0000,0xffff,0x0000,0x0000,0x0000,0xffff,0x0000,0x0000,0x0000,0xffff,0x0000,0x0000,0x0000,0xffff,0x0000,0x0000,0x0000,0xffff,0x0000,0x0000,0x0000,
	0xffff,0x0000,0x0000,0x0000,0x0000,0x0000,0x0000,0x0000,0xffff,0x0000,0x0000,0x0000,0xffff,0x0000,0x0000,0x0000,0xffff,0x0000,0x0000,0x0000,0xffff,0x0000,0x0000,0x0000,0xffff,0x0000,0x0000,0x0000,0xffff,0x0000,0x0000,0x0000,0xffff,0x0000,0x0000,0x0000,0xffff,0x0000,0x0000,0x0000,0xffff,0x0000,0x0000,0x0000,0x0000,0x0000,0x0000,0x0000,0xffff,0x0000,0x0000,0x0000,0x0000,0x0000,0x0000,0x0000,0xffff,0x0000,0x0000,0x0000,0xffff,0x0000,0x0000,0x0000,0xffff,0x0000,0x0000,0x0000,0xffff,0x0000,0x0000,0x0000,0x0000,0xffff,0x0000,0x0000,0x0000,0x0000,0x0000,0x0000,0xffff,0x0000,0x0000,0x0000,0xffff,0x0000,0x0000,0x0000,0xffff,0x0000,0x0000,0x0000,0xffff,0x0000,0x0000,0x0000,0xffff,0x0000,0x0000,0x0000,0x0000,0x0000,0x0000,0x0000,0xffff,0x0000,0x0000,0x0000,0xffff,0x0000,0x0000,0x0000,0xffff,0x0000,0x0000,0x0000,0xffff,0x0000,0x0000,0x0000,0xffff,0x0000,0x0000,0x0000,0xffff,0x0000,0x0000,0x0000,
	0x0000,0xffff,0xffff,0xffff,0xffff,0x0000,0x0000,0x0000,0xffff,0x0000,0x0000,0x0000,0xffff,0x0000,0x0000,0x0000,0xffff,0xffff,0xffff,0xffff,0x0000,0x0000,0x0000,0x0000,0x0000,0xffff,0xffff,0xffff,0x0000,0x0000,0x0000,0x0000,0xffff,0xffff,0xffff,0xffff,0x0000,0x0000,0x0000,0x0000,0xffff,0xffff,0xffff,0xffff,0xffff,0x0000,0x0000,0x0000,0xffff,0x0000,0x0000,0x0000,0x0000,0x0000,0x0000,0x0000,0x0000,0xffff,0xffff,0xffff,0x0000,0x0000,0x0000,0x0000,0xffff,0x0000,0x0000,0x0000,0xffff,0x0000,0x0000,0x0000,0xffff,0xffff,0xffff,0x0000,0x0000,0x0000,0x0000,0x0000,0x0000,0xffff,0xffff,0xffff,0x0000,0x0000,0x0000,0x0000,0xffff,0x0000,0x0000,0x0000,0xffff,0x0000,0x0000,0x0000,0xffff,0xffff,0xffff,0xffff,0xffff,0x0000,0x0000,0x0000,0xffff,0x0000,0x0000,0x0000,0xffff,0x0000,0x0000,0x0000,0xffff,0x0000,0x0000,0x0000,0xffff,0x0000,0x0000,0x0000,0x0000,0xffff,0xffff,0xffff,0x0000,0x0000,0x0000,0x0000,
	0x0000,0x0000,0x0000,0x0000,0x0000,0x0000,0x0000,0x0000,0x0000,0x0000,0x0000,0x0000,0x0000,0x0000,0x0000,0x0000,0x0000,0x0000,0x0000,0x0000,0x0000,0x0000,0x0000,0x0000,0x0000,0x0000,0x0000,0x0000,0x0000,0x0000,0x0000,0x0000,0x0000,0x0000,0x0000,0x0000,0x0000,0x0000,0x0000,0x0000,0x0000,0x0000,0x0000,0x0000,0x0000,0x0000,0x0000,0x0000,0x0000,0x0000,0x0000,0x0000,0x0000,0x0000,0x0000,0x0000,0x0000,0x0000,0x0000,0x0000,0x0000,0x0000,0x0000,0x0000,0x0000,0x0000,0x0000,0x0000,0x0000,0x0000,0x0000,0x0000,0x0000,0x0000,0x0000,0x0000,0x0000,0x0000,0x0000,0x0000,0x0000,0x0000,0x0000,0x0000,0x0000,0x0000,0x0000,0x0000,0x0000,0x0000,0x0000,0x0000,0x0000,0x0000,0x0000,0x0000,0x0000,0x0000,0x0000,0x0000,0x0000,0x0000,0x0000,0x0000,0x0000,0x0000,0x0000,0x0000,0x0000,0x0000,0x0000,0x0000,0x0000,0x0000,0x0000,0x0000,0x0000,0x0000,0x0000,0x0000,0x0000,0x0000,0x0000,0x0000,0x0000,0x0000,0x0000,0x0000,
	0xffff,0xffff,0xffff,0xffff,0x0000,0x0000,0x0000,0x0000,0x0000,0xffff,0xffff,0xffff,0x0000,0x0000,0x0000,0x0000,0xffff,0xffff,0xffff,0xffff,0x0000,0x0000,0x0000,0x0000,0x0000,0xffff,0xffff,0xffff,0xffff,0x0000,0x0000,0x0000,0xffff,0xffff,0xffff,0xffff,0xffff,0x0000,0x0000,0x0000,0xffff,0x0000,0x0000,0x0000,0xffff,0x0000,0x0000,0x0000,0xffff,0x0000,0x0000,0x0000,0xffff,0x0000,0x0000,0x0000,0xffff,0x0000,0x0000,0x0000,0xffff,0x0000,0x0000,0x0000,0xffff,0x0000,0x0000,0x0000,0xffff,0x0000,0x0000,0x0000,0xffff,0x0000,0x0000,0x0000,0xffff,0x0000,0x0000,0x0000,0xffff,0xffff,0xffff,0xffff,0xffff,0x0000,0x0000,0x0000,0xffff,0xffff,0xffff,0x0000,0x0000,0x0000,0x0000,0x0000,0xffff,0x0000,0x0000,0x0000,0x0000,0x0000,0x0000,0x0000,0xffff,0xffff,0xffff,0x0000,0x0000,0x0000,0x0000,0x0000,0x0000,0x0000,0xffff,0x0000,0x0000,0x0000,0x0000,0x0000,0x0000,0x0000,0x0000,0x0000,0x0000,0x0000,0x0000,0x0000,
	0xffff,0x0000,0x0000,0x0000,0xffff,0x0000,0x0000,0x0000,0xffff,0x0000,0x0000,0x0000,0xffff,0x0000,0x0000,0x0000,0xffff,0x0000,0x0000,0x0000,0xffff,0x0000,0x0000,0x0000,0xffff,0x0000,0x0000,0x0000,0x0000,0x0000,0x0000,0x0000,0x0000,0x0000,0xffff,0x0000,0x0000,0x0000,0x0000,0x0000,0xffff,0x0000,0x0000,0x0000,0xffff,0x0000,0x0000,0x0000,0xffff,0x0000,0x0000,0x0000,0xffff,0x0000,0x0000,0x0000,0xffff,0x0000,0x0000,0x0000,0xffff,0x0000,0x0000,0x0000,0x0000,0xffff,0x0000,0xffff,0x0000,0x0000,0x0000,0x0000,0x0000,0xffff,0x0000,0xffff,0x0000,0x0000,0x0000,0x0000,0x0000,0x0000,0x0000,0x0000,0xffff,0x0000,0x0000,0x0000,0xffff,0x0000,0x0000,0x0000,0x0000,0x0000,0x0000,0x0000,0x0000,0xffff,0x0000,0x0000,0x0000,0x0000,0x0000,0x0000,0x0000,0x0000,0xffff,0x0000,0x0000,0x0000,0x0000,0x0000,0x0000,0xffff,0x0000,0xffff,0x0000,0x0000,0x0000,0x0000,0x0000,0x0000,0x0000,0x0000,0x0000,0x0000,0x0000,0x0000,
	0xffff,0xffff,0xffff,0xffff,0x0000,0x0000,0x0000,0x0000,0xffff,0x0000,0x0000,0x0000,0xffff,0x0000,0x0000,0x0000,0xffff,0xffff,0xffff,0xffff,0x0000,0x0000,0x0000,0x0000,0x0000,0xffff,0xffff,0xffff,0x0000,0x0000,0x0000,0x0000,0x0000,0x0000,0xffff,0x0000,0x0000,0x0000,0x0000,0x0000,0xffff,0x0000,0x0000,0x0000,0xffff,0x0000,0x0000,0x0000,0xffff,0x0000,0x0000,0x0000,0xffff,0x0000,0x0000,0x0000,0xffff,0x0000,0x0000,0x0000,0xffff,0x0000,0x0000,0x0000,0x0000,0x0000,0xffff,0x0000,0x0000,0x0000,0x0000,0x0000,0x0000,0x0000,0xffff,0x0000,0x0000,0x0000,0x0000,0x0000,0x0000,0x0000,0x0000,0xffff,0x0000,0x0000,0x0000,0x0000,0xffff,0x0000,0x0000,0x0000,0x0000,0x0000,0x0000,0x0000,0x0000,0xffff,0x0000,0x0000,0x0000,0x0000,0x0000,0x0000,0x0000,0x0000,0xffff,0x0000,0x0000,0x0000,0x0000,0x0000,0xffff,0x0000,0x0000,0x0000,0xffff,0x0000,0x0000,0x0000,0x0000,0x0000,0x0000,0x0000,0x0000,0x0000,0x0000,0x0000,
	0xffff,0x0000,0x0000,0x0000,0x0000,0x0000,0x0000,0x0000,0xffff,0x0000,0x0000,0x0000,0xffff,0x0000,0x0000,0x0000,0xffff,0x0000,0x0000,0x0000,0xffff,0x0000,0x0000,0x0000,0x0000,0x0000,0x0000,0x0000,0xffff,0x0000,0x0000,0x0000,0x0000,0x0000,0xffff,0x0000,0x0000,0x0000,0x0000,0x0000,0xffff,0x0000,0x0000,0x0000,0xffff,0x0000,0x0000,0x0000,0xffff,0x0000,0x0000,0x0000,0xffff,0x0000,0x0000,0x0000,0xffff,0x0000,0x0000,0x0000,0xffff,0x0000,0x0000,0x0000,0x0000,0xffff,0x0000,0xffff,0x0000,0x0000,0x0000,0x0000,0x0000,0x0000,0xffff,0x0000,0x0000,0x0000,0x0000,0x0000,0x0000,0x0000,0xffff,0x0000,0x0000,0x0000,0x0000,0x0000,0xffff,0x0000,0x0000,0x0000,0x0000,0x0000,0x0000,0x0000,0x0000,0x0000,0xffff,0x0000,0x0000,0x0000,0x0000,0x0000,0x0000,0x0000,0xffff,0x0000,0x0000,0x0000,0x0000,0x0000,0x0000,0x0000,0x0000,0x0000,0x0000,0x0000,0x0000,0x0000,0x0000,0x0000,0x0000,0x0000,0x0000,0x0000,0x0000,0x0000,
	0xffff,0x0000,0x0000,0x0000,0x0000,0x0000,0x0000,0x0000,0xffff,0x0000,0x0000,0x0000,0xffff,0x0000,0x0000,0x0000,0xffff,0x0000,0x0000,0x0000,0xffff,0x0000,0x0000,0x0000,0x0000,0x0000,0x0000,0x0000,0xffff,0x0000,0x0000,0x0000,0x0000,0x0000,0xffff,0x0000,0x0000,0x0000,0x0000,0x0000,0xffff,0x0000,0x0000,0x0000,0xffff,0x0000,0x0000,0x0000,0x0000,0xffff,0x0000,0xffff,0x0000,0x0000,0x0000,0x0000,0xffff,0x0000,0xffff,0x0000,0xffff,0x0000,0x0000,0x0000,0xffff,0x0000,0x0000,0x0000,0xffff,0x0000,0x0000,0x0000,0x0000,0x0000,0xffff,0x0000,0x0000,0x0000,0x0000,0x0000,0x0000,0xffff,0x0000,0x0000,0x0000,0x0000,0x0000,0x0000,0xffff,0x0000,0x0000,0x0000,0x0000,0x0000,0x0000,0x0000,0x0000,0x0000,0x0000,0xffff,0x0000,0x0000,0x0000,0x0000,0x0000,0x0000,0xffff,0x0000,0x0000,0x0000,0x0000,0x0000,0x0000,0x0000,0x0000,0x0000,0x0000,0x0000,0x0000,0x0000,0x0000,0x0000,0x0000,0x0000,0x0000,0x0000,0x0000,0x0000,
	0xffff,0x0000,0x0000,0x0000,0x0000,0x0000,0x0000,0x0000,0xffff,0x0000,0x0000,0xffff,0x0000,0x0000,0x0000,0x0000,0xffff,0x0000,0x0000,0x0000,0xffff,0x0000,0x0000,0x0000,0xffff,0x0000,0x0000,0x0000,0xffff,0x0000,0x0000,0x0000,0x0000,0x0000,0xffff,0x0000,0x0000,0x0000,0x0000,0x0000,0xffff,0x0000,0x0000,0x0000,0xffff,0x0000,0x0000,0x0000,0x0000,0xffff,0x0000,0xffff,0x0000,0x0000,0x0000,0x0000,0xffff,0xffff,0x0000,0xffff,0xffff,0x0000,0x0000,0x0000,0xffff,0x0000,0x0000,0x0000,0xffff,0x0000,0x0000,0x0000,0x0000,0x0000,0xffff,0x0000,0x0000,0x0000,0x0000,0x0000,0xffff,0x0000,0x0000,0x0000,0x0000,0x0000,0x0000,0x0000,0xffff,0x0000,0x0000,0x0000,0x0000,0x0000,0x0000,0x0000,0x0000,0x0000,0x0000,0xffff,0x0000,0x0000,0x0000,0x0000,0x0000,0x0000,0xffff,0x0000,0x0000,0x0000,0x0000,0x0000,0x0000,0x0000,0x0000,0x0000,0x0000,0x0000,0x0000,0x0000,0x0000,0x0000,0x0000,0x0000,0x0000,0x0000,0x0000,0x0000,
	0xffff,0x0000,0x0000,0x0000,0x0000,0x0000,0x0000,0x0000,0x0000,0xffff,0xffff,0x0000,0xffff,0x0000,0x0000,0x0000,0xffff,0x0000,0x0000,0x0000,0xffff,0x0000,0x0000,0x0000,0x0000,0xffff,0xffff,0xffff,0x0000,0x0000,0x0000,0x0000,0x0000,0x0000,0xffff,0x0000,0x0000,0x0000,0x0000,0x0000,0x0000,0xffff,0xffff,0xffff,0x0000,0x0000,0x0000,0x0000,0x0000,0x0000,0xffff,0x0000,0x0000,0x0000,0x0000,0x0000,0xffff,0x0000,0x0000,0x0000,0xffff,0x0000,0x0000,0x0000,0xffff,0x0000,0x0000,0x0000,0xffff,0x0000,0x0000,0x0000,0x0000,0x0000,0xffff,0x0000,0x0000,0x0000,0x0000,0x0000,0xffff,0xffff,0xffff,0xffff,0xffff,0x0000,0x0000,0x0000,0xffff,0xffff,0xffff,0x0000,0x0000,0x0000,0x0000,0x0000,0x0000,0x0000,0x0000,0x0000,0xffff,0x0000,0x0000,0x0000,0xffff,0xffff,0xffff,0x0000,0x0000,0x0000,0x0000,0x0000,0x0000,0x0000,0x0000,0x0000,0x0000,0x0000,0x0000,0x0000,0x0000,0x0000,0x0000,0x0000,0x0000,0x0000,0x0000,0x0000,
	0x0000,0x0000,0x0000,0x0000,0x0000,0x0000,0x0000,0x0000,0x0000,0x0000,0x0000,0x0000,0x0000,0x0000,0x0000,0x0000,0x0000,0x0000,0x0000,0x0000,0x0000,0x0000,0x0000,0x0000,0x0000,0x0000,0x0000,0x0000,0x0000,0x0000,0x0000,0x0000,0x0000,0x0000,0x0000,0x0000,0x0000,0x0000,0x0000,0x0000,0x0000,0x0000,0x0000,0x0000,0x0000,0x0000,0x0000,0x0000,0x0000,0x0000,0x0000,0x0000,0x0000,0x0000,0x0000,0x0000,0x0000,0x0000,0x0000,0x0000,0x0000,0x0000,0x0000,0x0000,0x0000,0x0000,0x0000,0x0000,0x0000,0x0000,0x0000,0x0000,0x0000,0x0000,0x0000,0x0000,0x0000,0x0000,0x0000,0x0000,0x0000,0x0000,0x0000,0x0000,0x0000,0x0000,0x0000,0x0000,0x0000,0x0000,0x0000,0x0000,0x0000,0x0000,0x0000,0x0000,0x0000,0x0000,0x0000,0x0000,0x0000,0x0000,0x0000,0x0000,0x0000,0x0000,0x0000,0x0000,0x0000,0x0000,0x0000,0x0000,0x0000,0x0000,0x0000,0x0000,0x0000,0x0000,0x0000,0x0000,0xffff,0xffff,0xffff,0xffff,0xffff,0x0000,0x0000,0x0000,
	0xffff,0x0000,0x0000,0x0000,0x0000,0x0000,0x0000,0x0000,0x0000,0x0000,0x0000,0x0000,0x0000,0x0000,0x0000,0x0000,0xffff,0x0000,0x0000,0x0000,0x0000,0x0000,0x0000,0x0000,0x0000,0x0000,0x0000,0x0000,0x0000,0x0000,0x0000,0x0000,0x0000,0x0000,0x0000,0x0000,0xffff,0x0000,0x0000,0x0000,0x0000,0x0000,0x0000,0x0000,0x0000,0x0000,0x0000,0x0000,0x0000,0x0000,0xffff,0xffff,0x0000,0x0000,0x0000,0x0000,0x0000,0x0000,0x0000,0x0000,0x0000,0x0000,0x0000,0x0000,0xffff,0x0000,0x0000,0x0000,0x0000,0x0000,0x0000,0x0000,0xffff,0x0000,0x0000,0x0000,0x0000,0x0000,0x0000,0x0000,0x0000,0x0000,0x0000,0x0000,0xffff,0x0000,0x0000,0x0000,0xffff,0x0000,0x0000,0x0000,0x0000,0x0000,0x0000,0x0000,0xffff,0x0000,0x0000,0x0000,0x0000,0x0000,0x0000,0x0000,0x0000,0x0000,0x0000,0x0000,0x0000,0x0000,0x0000,0x0000,0x0000,0x0000,0x0000,0x0000,0x0000,0x0000,0x0000,0x0000,0x0000,0x0000,0x0000,0x0000,0x0000,0x0000,0x0000,0x0000,
	0xffff,0x0000,0x0000,0x0000,0x0000,0x0000,0x0000,0x0000,0x0000,0x0000,0x0000,0x0000,0x0000,0x0000,0x0000,0x0000,0xffff,0x0000,0x0000,0x0000,0x0000,0x0000,0x0000,0x0000,0x0000,0x0000,0x0000,0x0000,0x0000,0x0000,0x0000,0x0000,0x0000,0x0000,0x0000,0x0000,0xffff,0x0000,0x0000,0x0000,0x0000,0x0000,0x0000,0x0000,0x0000,0x0000,0x0000,0x0000,0x0000,0xffff,0x0000,0x0000,0x0000,0x0000,0x0000,0x0000,0x0000,0x0000,0x0000,0x0000,0x0000,0x0000,0x0000,0x0000,0xffff,0x0000,0x0000,0x0000,0x0000,0x0000,0x0000,0x0000,0x0000,0x0000,0x0000,0x0000,0x0000,0x0000,0x0000,0x0000,0x0000,0x0000,0x0000,0x0000,0x0000,0x0000,0x0000,0x0000,0xffff,0x0000,0x0000,0x0000,0x0000,0x0000,0x0000,0x0000,0xffff,0x0000,0x0000,0x0000,0x0000,0x0000,0x0000,0x0000,0x0000,0x0000,0x0000,0x0000,0x0000,0x0000,0x0000,0x0000,0x0000,0x0000,0x0000,0x0000,0x0000,0x0000,0x0000,0x0000,0x0000,0x0000,0x0000,0x0000,0x0000,0x0000,0x0000,0x0000,
	0x0000,0xffff,0x0000,0x0000,0x0000,0x0000,0x0000,0x0000,0x0000,0xffff,0xffff,0xffff,0x0000,0x0000,0x0000,0x0000,0xffff,0x0000,0xffff,0xffff,0x0000,0x0000,0x0000,0x0000,0x0000,0xffff,0xffff,0xffff,0x0000,0x0000,0x0000,0x0000,0x0000,0xffff,0xffff,0x0000,0xffff,0x0000,0x0000,0x0000,0x0000,0xffff,0xffff,0xffff,0x0000,0x0000,0x0000,0x0000,0xffff,0xffff,0xffff,0xffff,0x0000,0x0000,0x0000,0x0000,0x0000,0xffff,0xffff,0xffff,0xffff,0x0000,0x0000,0x0000,0xffff,0x0000,0xffff,0xffff,0x0000,0x0000,0x0000,0x0000,0xffff,0x0000,0x0000,0x0000,0x0000,0x0000,0x0000,0x0000,0x0000,0x0000,0x0000,0x0000,0xffff,0x0000,0x0000,0x0000,0xffff,0x0000,0x0000,0xffff,0x0000,0x0000,0x0000,0x0000,0xffff,0x0000,0x0000,0x0000,0x0000,0x0000,0x0000,0x0000,0xffff,0xffff,0x0000,0xffff,0x0000,0x0000,0x0000,0x0000,0xffff,0xffff,0xffff,0xffff,0x0000,0x0000,0x0000,0x0000,0x0000,0xffff,0xffff,0xffff,0x0000,0x0000,0x0000,0x0000,
	0x0000,0x0000,0x0000,0x0000,0x0000,0x0000,0x0000,0x0000,0x0000,0x0000,0x0000,0x0000,0xffff,0x0000,0x0000,0x0000,0xffff,0xffff,0x0000,0x0000,0xffff,0x0000,0x0000,0x0000,0xffff,0x0000,0x0000,0x0000,0xffff,0x0000,0x0000,0x0000,0xffff,0x0000,0x0000,0xffff,0xffff,0x0000,0x0000,0x0000,0xffff,0x0000,0x0000,0x0000,0xffff,0x0000,0x0000,0x0000,0x0000,0xffff,0x0000,0x0000,0x0000,0x0000,0x0000,0x0000,0xffff,0x0000,0x0000,0x0000,0xffff,0x0000,0x0000,0x0000,0xffff,0xffff,0x0000,0x0000,0xffff,0x0000,0x0000,0x0000,0xffff,0x0000,0x0000,0x0000,0x0000,0x0000,0x0000,0x0000,0x0000,0x0000,0x0000,0x0000,0xffff,0x0000,0x0000,0x0000,0xffff,0x0000,0xffff,0x0000,0x0000,0x0000,0x0000,0x0000,0xffff,0x0000,0x0000,0x0000,0x0000,0x0000,0x0000,0x0000,0xffff,0x0000,0xffff,0x0000,0xffff,0x0000,0x0000,0x0000,0xffff,0x0000,0x0000,0x0000,0xffff,0x0000,0x0000,0x0000,0xffff,0x0000,0x0000,0x0000,0xffff,0x0000,0x0000,0x0000,
	0x0000,0x0000,0x0000,0x0000,0x0000,0x0000,0x0000,0x0000,0x0000,0xffff,0xffff,0xffff,0xffff,0x0000,0x0000,0x0000,0xffff,0x0000,0x0000,0x0000,0xffff,0x0000,0x0000,0x0000,0xffff,0x0000,0x0000,0x0000,0x0000,0x0000,0x0000,0x0000,0xffff,0x0000,0x0000,0x0000,0xffff,0x0000,0x0000,0x0000,0xffff,0xffff,0xffff,0xffff,0xffff,0x0000,0x0000,0x0000,0x0000,0xffff,0x0000,0x0000,0x0000,0x0000,0x0000,0x0000,0xffff,0x0000,0x0000,0x0000,0xffff,0x0000,0x0000,0x0000,0xffff,0x0000,0x0000,0x0000,0xffff,0x0000,0x0000,0x0000,0xffff,0x0000,0x0000,0x0000,0x0000,0x0000,0x0000,0x0000,0x0000,0x0000,0x0000,0x0000,0xffff,0x0000,0x0000,0x0000,0xffff,0xffff,0x0000,0x0000,0x0000,0x0000,0x0000,0x0000,0xffff,0x0000,0x0000,0x0000,0x0000,0x0000,0x0000,0x0000,0xffff,0x0000,0xffff,0x0000,0xffff,0x0000,0x0000,0x0000,0xffff,0x0000,0x0000,0x0000,0xffff,0x0000,0x0000,0x0000,0xffff,0x0000,0x0000,0x0000,0xffff,0x0000,0x0000,0x0000,
	0x0000,0x0000,0x0000,0x0000,0x0000,0x0000,0x0000,0x0000,0xffff,0x0000,0x0000,0x0000,0xffff,0x0000,0x0000,0x0000,0xffff,0x0000,0x0000,0x0000,0xffff,0x0000,0x0000,0x0000,0xffff,0x0000,0x0000,0x0000,0xffff,0x0000,0x0000,0x0000,0xffff,0x0000,0x0000,0x0000,0xffff,0x0000,0x0000,0x0000,0xffff,0x0000,0x0000,0x0000,0x0000,0x0000,0x0000,0x0000,0x0000,0xffff,0x0000,0x0000,0x0000,0x0000,0x0000,0x0000,0x0000,0xffff,0xffff,0xffff,0xffff,0x0000,0x0000,0x0000,0xffff,0x0000,0x0000,0x0000,0xffff,0x0000,0x0000,0x0000,0xffff,0x0000,0x0000,0x0000,0x0000,0x0000,0x0000,0x0000,0xffff,0x0000,0x0000,0x0000,0xffff,0x0000,0x0000,0x0000,0xffff,0x0000,0xffff,0x0000,0x0000,0x0000,0x0000,0x0000,0xffff,0x0000,0x0000,0x0000,0x0000,0x0000,0x0000,0x0000,0xffff,0x0000,0x0000,0x0000,0xffff,0x0000,0x0000,0x0000,0xffff,0x0000,0x0000,0x0000,0xffff,0x0000,0x0000,0x0000,0xffff,0x0000,0x0000,0x0000,0xffff,0x0000,0x0000,0x0000,
	0x0000,0x0000,0x0000,0x0000,0x0000,0x0000,0x0000,0x0000,0x0000,0xffff,0xffff,0xffff,0xffff,0x0000,0x0000,0x0000,0xffff,0xffff,0xffff,0xffff,0x0000,0x0000,0x0000,0x0000,0x0000,0xffff,0xffff,0xffff,0x0000,0x0000,0x0000,0x0000,0x0000,0xffff,0xffff,0xffff,0xffff,0x0000,0x0000,0x0000,0x0000,0xffff,0xffff,0xffff,0xffff,0x0000,0x0000,0x0000,0x0000,0xffff,0x0000,0x0000,0x0000,0x0000,0x0000,0x0000,0x0000,0x0000,0x0000,0x0000,0xffff,0x0000,0x0000,0x0000,0xffff,0x0000,0x0000,0x0000,0xffff,0x0000,0x0000,0x0000,0xffff,0x0000,0x0000,0x0000,0x0000,0x0000,0x0000,0x0000,0xffff,0x0000,0x0000,0x0000,0xffff,0x0000,0x0000,0x0000,0xffff,0x0000,0x0000,0xffff,0x0000,0x0000,0x0000,0x0000,0x0000,0xffff,0x0000,0x0000,0x0000,0x0000,0x0000,0x0000,0xffff,0x0000,0x0000,0x0000,0xffff,0x0000,0x0000,0x0000,0xffff,0x0000,0x0000,0x0000,0xffff,0x0000,0x0000,0x0000,0x0000,0xffff,0xffff,0xffff,0x0000,0x0000,0x0000,0x0000,
	0x0000,0x0000,0x0000,0x0000,0x0000,0x0000,0x0000,0x0000,0x0000,0x0000,0x0000,0x0000,0x0000,0x0000,0x0000,0x0000,0x0000,0x0000,0x0000,0x0000,0x0000,0x0000,0x0000,0x0000,0x0000,0x0000,0x0000,0x0000,0x0000,0x0000,0x0000,0x0000,0x0000,0x0000,0x0000,0x0000,0x0000,0x0000,0x0000,0x0000,0x0000,0x0000,0x0000,0x0000,0x0000,0x0000,0x0000,0x0000,0x0000,0x0000,0x0000,0x0000,0x0000,0x0000,0x0000,0x0000,0xffff,0xffff,0xffff,0xffff,0x0000,0x0000,0x0000,0x0000,0x0000,0x0000,0x0000,0x0000,0x0000,0x0000,0x0000,0x0000,0x0000,0x0000,0x0000,0x0000,0x0000,0x0000,0x0000,0x0000,0x0000,0xffff,0xffff,0xffff,0x0000,0x0000,0x0000,0x0000,0x0000,0x0000,0x0000,0x0000,0x0000,0x0000,0x0000,0x0000,0x0000,0x0000,0x0000,0x0000,0x0000,0x0000,0x0000,0x0000,0x0000,0x0000,0x0000,0x0000,0x0000,0x0000,0x0000,0x0000,0x0000,0x0000,0x0000,0x0000,0x0000,0x0000,0x0000,0x0000,0x0000,0x0000,0x0000,0x0000,0x0000,0x0000,0x0000,0x0000,
	0x0000,0x0000,0x0000,0x0000,0x0000,0x0000,0x0000,0x0000,0x0000,0x0000,0x0000,0x0000,0x0000,0x0000,0x0000,0x0000,0x0000,0x0000,0x0000,0x0000,0x0000,0x0000,0x0000,0x0000,0x0000,0x0000,0x0000,0x0000,0x0000,0x0000,0x0000,0x0000,0x0000,0xffff,0x0000,0x0000,0x0000,0x0000,0x0000,0x0000,0x0000,0x0000,0x0000,0x0000,0x0000,0x0000,0x0000,0x0000,0x0000,0x0000,0x0000,0x0000,0x0000,0x0000,0x0000,0x0000,0x0000,0x0000,0x0000,0x0000,0x0000,0x0000,0x0000,0x0000,0x0000,0x0000,0x0000,0x0000,0x0000,0x0000,0x0000,0x0000,0x0000,0x0000,0x0000,0x0000,0x0000,0x0000,0x0000,0x0000,0x0000,0x0000,0x0000,0x0000,0x0000,0x0000,0x0000,0x0000,0x0000,0x0000,0xffff,0xffff,0x0000,0x0000,0x0000,0x0000,0xffff,0x0000,0x0000,0x0000,0x0000,0x0000,0x0000,0x0000,0xffff,0xffff,0x0000,0x0000,0x0000,0x0000,0x0000,0x0000,0x0000,0xffff,0xffff,0x0000,0x0000,0xffff,0x0000,0x0000,0x0000,0x0000,0x0000,0x0000,0x0000,0x0000,0x0000,0x0000,
	0x0000,0x0000,0x0000,0x0000,0x0000,0x0000,0x0000,0x0000,0x0000,0x0000,0x0000,0x0000,0x0000,0x0000,0x0000,0x0000,0x0000,0x0000,0x0000,0x0000,0x0000,0x0000,0x0000,0x0000,0x0000,0x0000,0x0000,0x0000,0x0000,0x0000,0x0000,0x0000,0x0000,0xffff,0x0000,0x0000,0x0000,0x0000,0x0000,0x0000,0x0000,0x0000,0x0000,0x0000,0x0000,0x0000,0x0000,0x0000,0x0000,0x0000,0x0000,0x0000,0x0000,0x0000,0x0000,0x0000,0x0000,0x0000,0x0000,0x0000,0x0000,0x0000,0x0000,0x0000,0x0000,0x0000,0x0000,0x0000,0x0000,0x0000,0x0000,0x0000,0x0000,0x0000,0x0000,0x0000,0x0000,0x0000,0x0000,0x0000,0x0000,0x0000,0x0000,0x0000,0x0000,0x0000,0x0000,0x0000,0x0000,0xffff,0x0000,0x0000,0x0000,0x0000,0x0000,0x0000,0xffff,0x0000,0x0000,0x0000,0x0000,0x0000,0x0000,0x0000,0x0000,0x0000,0xffff,0x0000,0x0000,0x0000,0x0000,0x0000,0xffff,0x0000,0x0000,0xffff,0xffff,0x0000,0x0000,0x0000,0x0000,0x0000,0x0000,0x0000,0x0000,0x0000,0x0000,0x0000,
	0xffff,0x0000,0xffff,0xffff,0x0000,0x0000,0x0000,0x0000,0x0000,0xffff,0xffff,0x0000,0xffff,0x0000,0x0000,0x0000,0xffff,0x0000,0xffff,0xffff,0x0000,0x0000,0x0000,0x0000,0x0000,0xffff,0xffff,0xffff,0xffff,0x0000,0x0000,0x0000,0xffff,0xffff,0xffff,0x0000,0x0000,0x0000,0x0000,0x0000,0xffff,0x0000,0x0000,0x0000,0xffff,0x0000,0x0000,0x0000,0xffff,0x0000,0x0000,0x0000,0xffff,0x0000,0x0000,0x0000,0xffff,0x0000,0x0000,0x0000,0xffff,0x0000,0x0000,0x0000,0xffff,0x0000,0x0000,0x0000,0xffff,0x0000,0x0000,0x0000,0xffff,0x0000,0x0000,0x0000,0xffff,0x0000,0x0000,0x0000,0xffff,0xffff,0xffff,0xffff,0xffff,0x0000,0x0000,0x0000,0x0000,0xffff,0x0000,0x0000,0x0000,0x0000,0x0000,0x0000,0xffff,0x0000,0x0000,0x0000,0x0000,0x0000,0x0000,0x0000,0x0000,0x0000,0xffff,0x0000,0x0000,0x0000,0x0000,0x0000,0x0000,0x0000,0x0000,0x0000,0x0000,0x0000,0x0000,0x0000,0x0000,0x0000,0xffff,0x0000,0x0000,0x0000,0x0000,0x0000,
	0xffff,0xffff,0x0000,0x0000,0xffff,0x0000,0x0000,0x0000,0xffff,0x0000,0x0000,0xffff,0xffff,0x0000,0x0000,0x0000,0xffff,0xffff,0x0000,0x0000,0xffff,0x0000,0x0000,0x0000,0xffff,0x0000,0x0000,0x0000,0x0000,0x0000,0x0000,0x0000,0x0000,0xffff,0x0000,0x0000,0x0000,0x0000,0x0000,0x0000,0xffff,0x0000,0x0000,0x0000,0xffff,0x0000,0x0000,0x0000,0xffff,0x0000,0x0000,0x0000,0xffff,0x0000,0x0000,0x0000,0xffff,0x0000,0x0000,0x0000,0xffff,0x0000,0x0000,0x0000,0x0000,0xffff,0x0000,0xffff,0x0000,0x0000,0x0000,0x0000,0xffff,0x0000,0x0000,0x0000,0xffff,0x0000,0x0000,0x0000,0x0000,0x0000,0x0000,0xffff,0x0000,0x0000,0x0000,0x0000,0xffff,0x0000,0x0000,0x0000,0x0000,0x0000,0x0000,0x0000,0x0000,0x0000,0x0000,0x0000,0x0000,0x0000,0x0000,0x0000,0x0000,0x0000,0x0000,0xffff,0x0000,0x0000,0x0000,0x0000,0x0000,0x0000,0x0000,0x0000,0x0000,0x0000,0x0000,0x0000,0x0000,0xffff,0x0000,0xffff,0x0000,0x0000,0x0000,0x0000,
	0xffff,0x0000,0x0000,0x0000,0xffff,0x0000,0x0000,0x0000,0xffff,0x0000,0x0000,0x0000,0xffff,0x0000,0x0000,0x0000,0xffff,0x0000,0x0000,0x0000,0x0000,0x0000,0x0000,0x0000,0x0000,0xffff,0xffff,0xffff,0x0000,0x0000,0x0000,0x0000,0x0000,0xffff,0x0000,0x0000,0x0000,0x0000,0x0000,0x0000,0xffff,0x0000,0x0000,0x0000,0xffff,0x0000,0x0000,0x0000,0xffff,0x0000,0x0000,0x0000,0xffff,0x0000,0x0000,0x0000,0xffff,0x0000,0xffff,0x0000,0xffff,0x0000,0x0000,0x0000,0x0000,0x0000,0xffff,0x0000,0x0000,0x0000,0x0000,0x0000,0xffff,0x0000,0x0000,0x0000,0xffff,0x0000,0x0000,0x0000,0x0000,0x0000,0xffff,0x0000,0x0000,0x0000,0x0000,0x0000,0x0000,0xffff,0x0000,0x0000,0x0000,0x0000,0x0000,0x0000,0xffff,0x0000,0x0000,0x0000,0x0000,0x0000,0x0000,0x0000,0x0000,0x0000,0xffff,0x0000,0x0000,0x0000,0x0000,0x0000,0x0000,0x0000,0x0000,0x0000,0x0000,0x0000,0x0000,0x0000,0xffff,0x0000,0x0000,0x0000,0xffff,0x0000,0x0000,0x0000,
	0xffff,0xffff,0xffff,0xffff,0x0000,0x0000,0x0000,0x0000,0x0000,0xffff,0xffff,0xffff,0xffff,0x0000,0x0000,0x0000,0xffff,0x0000,0x0000,0x0000,0x0000,0x0000,0x0000,0x0000,0x0000,0x0000,0x0000,0x0000,0xffff,0x0000,0x0000,0x0000,0x0000,0xffff,0x0000,0x0000,0x0000,0x0000,0x0000,0x0000,0xffff,0x0000,0x0000,0x0000,0xffff,0x0000,0x0000,0x0000,0x0000,0xffff,0x0000,0xffff,0x0000,0x0000,0x0000,0x0000,0xffff,0x0000,0xffff,0x0000,0xffff,0x0000,0x0000,0x0000,0x0000,0xffff,0x0000,0xffff,0x0000,0x0000,0x0000,0x0000,0x0000,0xffff,0xffff,0xffff,0xffff,0x0000,0x0000,0x0000,0x0000,0xffff,0x0000,0x0000,0x0000,0x0000,0x0000,0x0000,0x0000,0xffff,0x0000,0x0000,0x0000,0x0000,0x0000,0x0000,0xffff,0x0000,0x0000,0x0000,0x0000,0x0000,0x0000,0x0000,0x0000,0x0000,0xffff,0x0000,0x0000,0x0000,0x0000,0x0000,0x0000,0x0000,0x0000,0x0000,0x0000,0x0000,0x0000,0x0000,0xffff,0x0000,0x0000,0x0000,0xffff,0x0000,0x0000,0x0000,
	0xffff,0x0000,0x0000,0x0000,0x0000,0x0000,0x0000,0x0000,0x0000,0x0000,0x0000,0x0000,0xffff,0x0000,0x0000,0x0000,0xffff,0x0000,0x0000,0x0000,0x0000,0x0000,0x0000,0x0000,0xffff,0xffff,0xffff,0xffff,0x0000,0x0000,0x0000,0x0000,0x0000,0x0000,0xffff,0x0000,0x0000,0x0000,0x0000,0x0000,0x0000,0xffff,0xffff,0xffff,0xffff,0x0000,0x0000,0x0000,0x0000,0x0000,0xffff,0x0000,0x0000,0x0000,0x0000,0x0000,0x0000,0xffff,0xffff,0xffff,0xffff,0x0000,0x0000,0x0000,0xffff,0x0000,0x0000,0x0000,0xffff,0x0000,0x0000,0x0000,0x0000,0x0000,0x0000,0x0000,0xffff,0x0000,0x0000,0x0000,0xffff,0xffff,0xffff,0xffff,0xffff,0x0000,0x0000,0x0000,0x0000,0x0000,0xffff,0xffff,0x0000,0x0000,0x0000,0x0000,0xffff,0x0000,0x0000,0x0000,0x0000,0x0000,0x0000,0x0000,0xffff,0xffff,0x0000,0x0000,0x0000,0x0000,0x0000,0x0000,0x0000,0x0000,0x0000,0x0000,0x0000,0x0000,0x0000,0x0000,0xffff,0xffff,0xffff,0xffff,0xffff,0x0000,0x0000,0x0000,
	0xffff,0x0000,0x0000,0x0000,0x0000,0x0000,0x0000,0x0000,0x0000,0x0000,0x0000,0x0000,0xffff,0x0000,0x0000,0x0000,0x0000,0x0000,0x0000,0x0000,0x0000,0x0000,0x0000,0x0000,0x0000,0x0000,0x0000,0x0000,0x0000,0x0000,0x0000,0x0000,0x0000,0x0000,0x0000,0x0000,0x0000,0x0000,0x0000,0x0000,0x0000,0x0000,0x0000,0x0000,0x0000,0x0000,0x0000,0x0000,0x0000,0x0000,0x0000,0x0000,0x0000,0x0000,0x0000,0x0000,0x0000,0x0000,0x0000,0x0000,0x0000,0x0000,0x0000,0x0000,0x0000,0x0000,0x0000,0x0000,0x0000,0x0000,0x0000,0x0000,0xffff,0xffff,0xffff,0xffff,0x0000,0x0000,0x0000,0x0000,0x0000,0x0000,0x0000,0x0000,0x0000,0x0000,0x0000,0x0000,0x0000,0x0000,0x0000,0x0000,0x0000,0x0000,0x0000,0x0000,0x0000,0x0000,0x0000,0x0000,0x0000,0x0000,0x0000,0x0000,0x0000,0x0000,0x0000,0x0000,0x0000,0x0000,0x0000,0x0000,0x0000,0x0000,0x0000,0x0000,0x0000,0x0000,0x0000,0x0000,0x0000,0x0000,0x0000,0x0000,0x0000,0x0000,0x0000,0x0000,
	0x0000,0xffff,0xffff,0xffff,0x0000,0x0000,0x0000,0x0000,0x0000,0xffff,0x0000,0xffff,0x0000,0x0000,0x0000,0x0000,0x0000,0x0000,0x0000,0xffff,0xffff,0x0000,0x0000,0x0000,0x0000,0xffff,0xffff,0xffff,0x0000,0x0000,0x0000,0x0000,0x0000,0xffff,0x0000,0xffff,0x0000,0x0000,0x0000,0x0000,0xffff,0xffff,0x0000,0x0000,0x0000,0x0000,0x0000,0x0000,0x0000,0x0000,0xffff,0x0000,0x0000,0x0000,0x0000,0x0000,0x0000,0x0000,0x0000,0x0000,0x0000,0x0000,0x0000,0x0000,0x0000,0xffff,0xffff,0xffff,0x0000,0x0000,0x0000,0x0000,0x0000,0xffff,0x0000,0xffff,0x0000,0x0000,0x0000,0x0000,0xffff,0xffff,0x0000,0x0000,0x0000,0x0000,0x0000,0x0000,0xffff,0x0000,0xffff,0x0000,0x0000,0x0000,0x0000,0x0000,0x0000,0xffff,0xffff,0xffff,0x0000,0x0000,0x0000,0x0000,0xffff,0xffff,0x0000,0x0000,0x0000,0x0000,0x0000,0x0000,0xffff,0x0000,0x0000,0x0000,0xffff,0x0000,0x0000,0x0000,0x0000,0x0000,0xffff,0x0000,0x0000,0x0000,0x0000,0x0000,
	0xffff,0x0000,0x0000,0x0000,0xffff,0x0000,0x0000,0x0000,0x0000,0x0000,0x0000,0x0000,0x0000,0x0000,0x0000,0x0000,0x0000,0x0000,0x0000,0x0000,0x0000,0x0000,0x0000,0x0000,0xffff,0x0000,0x0000,0x0000,0xffff,0x0000,0x0000,0x0000,0x0000,0x0000,0x0000,0x0000,0x0000,0x0000,0x0000,0x0000,0x0000,0x0000,0x0000,0x0000,0x0000,0x0000,0x0000,0x0000,0x0000,0x0000,0x0000,0x0000,0x0000,0x0000,0x0000,0x0000,0x0000,0xffff,0xffff,0xffff,0x0000,0x0000,0x0000,0x0000,0xffff,0x0000,0x0000,0x0000,0xffff,0x0000,0x0000,0x0000,0x0000,0x0000,0x0000,0x0000,0x0000,0x0000,0x0000,0x0000,0x0000,0x0000,0x0000,0x0000,0x0000,0x0000,0x0000,0x0000,0x0000,0x0000,0x0000,0x0000,0x0000,0x0000,0x0000,0x0000,0xffff,0x0000,0x0000,0x0000,0xffff,0x0000,0x0000,0x0000,0x0000,0x0000,0x0000,0x0000,0x0000,0x0000,0x0000,0x0000,0x0000,0xffff,0xffff,0xffff,0x0000,0x0000,0x0000,0x0000,0x0000,0x0000,0x0000,0x0000,0x0000,0x0000,0x0000,0x0000,
	0xffff,0x0000,0x0000,0x0000,0x0000,0x0000,0x0000,0x0000,0xffff,0x0000,0x0000,0x0000,0xffff,0x0000,0x0000,0x0000,0x0000,0xffff,0xffff,0xffff,0x0000,0x0000,0x0000,0x0000,0x0000,0xffff,0xffff,0xffff,0x0000,0x0000,0x0000,0x0000,0x0000,0xffff,0xffff,0xffff,0x0000,0x0000,0x0000,0x0000,0x0000,0xffff,0xffff,0xffff,0x0000,0x0000,0x0000,0x0000,0x0000,0xffff,0xffff,0xffff,0x0000,0x0000,0x0000,0x0000,0xffff,0x0000,0x0000,0x0000,0xffff,0x0000,0x0000,0x0000,0x0000,0xffff,0xffff,0xffff,0x0000,0x0000,0x0000,0x0000,0x0000,0xffff,0xffff,0xffff,0x0000,0x0000,0x0000,0x0000,0x0000,0xffff,0xffff,0xffff,0x0000,0x0000,0x0000,0x0000,0x0000,0xffff,0x0000,0x0000,0x0000,0x0000,0x0000,0x0000,0x0000,0x0000,0xffff,0x0000,0x0000,0x0000,0x0000,0x0000,0x0000,0xffff,0x0000,0x0000,0x0000,0x0000,0x0000,0x0000,0xffff,0x0000,0x0000,0x0000,0xffff,0x0000,0x0000,0x0000,0x0000,0xffff,0xffff,0xffff,0x0000,0x0000,0x0000,0x0000,
	0xffff,0x0000,0x0000,0x0000,0x0000,0x0000,0x0000,0x0000,0xffff,0x0000,0x0000,0x0000,0xffff,0x0000,0x0000,0x0000,0xffff,0x0000,0x0000,0x0000,0xffff,0x0000,0x0000,0x0000,0x0000,0x0000,0x0000,0x0000,0xffff,0x0000,0x0000,0x0000,0x0000,0x0000,0x0000,0x0000,0xffff,0x0000,0x0000,0x0000,0x0000,0x0000,0x0000,0x0000,0xffff,0x0000,0x0000,0x0000,0x0000,0x0000,0x0000,0x0000,0xffff,0x0000,0x0000,0x0000,0xffff,0x0000,0x0000,0x0000,0x0000,0x0000,0x0000,0x0000,0xffff,0x0000,0x0000,0x0000,0xffff,0x0000,0x0000,0x0000,0xffff,0x0000,0x0000,0x0000,0xffff,0x0000,0x0000,0x0000,0xffff,0x0000,0x0000,0x0000,0xffff,0x0000,0x0000,0x0000,0x0000,0xffff,0x0000,0x0000,0x0000,0x0000,0x0000,0x0000,0x0000,0x0000,0xffff,0x0000,0x0000,0x0000,0x0000,0x0000,0x0000,0xffff,0x0000,0x0000,0x0000,0x0000,0x0000,0x0000,0xffff,0xffff,0xffff,0xffff,0xffff,0x0000,0x0000,0x0000,0xffff,0x0000,0x0000,0x0000,0xffff,0x0000,0x0000,0x0000,
	0xffff,0x0000,0x0000,0x0000,0xffff,0x0000,0x0000,0x0000,0xffff,0x0000,0x0000,0x0000,0xffff,0x0000,0x0000,0x0000,0xffff,0xffff,0xffff,0xffff,0xffff,0x0000,0x0000,0x0000,0x0000,0xffff,0xffff,0xffff,0xffff,0x0000,0x0000,0x0000,0x0000,0xffff,0xffff,0xffff,0xffff,0x0000,0x0000,0x0000,0x0000,0xffff,0xffff,0xffff,0xffff,0x0000,0x0000,0x0000,0x0000,0xffff,0xffff,0xffff,0xffff,0x0000,0x0000,0x0000,0xffff,0x0000,0x0000,0x0000,0xffff,0x0000,0x0000,0x0000,0xffff,0xffff,0xffff,0xffff,0xffff,0x0000,0x0000,0x0000,0xffff,0xffff,0xffff,0xffff,0xffff,0x0000,0x0000,0x0000,0xffff,0xffff,0xffff,0xffff,0xffff,0x0000,0x0000,0x0000,0x0000,0xffff,0x0000,0x0000,0x0000,0x0000,0x0000,0x0000,0x0000,0x0000,0xffff,0x0000,0x0000,0x0000,0x0000,0x0000,0x0000,0xffff,0x0000,0x0000,0x0000,0x0000,0x0000,0x0000,0xffff,0x0000,0x0000,0x0000,0xffff,0x0000,0x0000,0x0000,0xffff,0xffff,0xffff,0xffff,0xffff,0x0000,0x0000,0x0000,
	0x0000,0xffff,0xffff,0xffff,0x0000,0x0000,0x0000,0x0000,0xffff,0x0000,0x0000,0x0000,0xffff,0x0000,0x0000,0x0000,0xffff,0x0000,0x0000,0x0000,0x0000,0x0000,0x0000,0x0000,0xffff,0x0000,0x0000,0x0000,0xffff,0x0000,0x0000,0x0000,0xffff,0x0000,0x0000,0x0000,0xffff,0x0000,0x0000,0x0000,0xffff,0x0000,0x0000,0x0000,0xffff,0x0000,0x0000,0x0000,0xffff,0x0000,0x0000,0x0000,0xffff,0x0000,0x0000,0x0000,0x0000,0xffff,0xffff,0xffff,0x0000,0x0000,0x0000,0x0000,0xffff,0x0000,0x0000,0x0000,0x0000,0x0000,0x0000,0x0000,0xffff,0x0000,0x0000,0x0000,0x0000,0x0000,0x0000,0x0000,0xffff,0x0000,0x0000,0x0000,0x0000,0x0000,0x0000,0x0000,0x0000,0xffff,0x0000,0x0000,0x0000,0x0000,0x0000,0x0000,0x0000,0x0000,0xffff,0x0000,0x0000,0x0000,0x0000,0x0000,0x0000,0xffff,0x0000,0x0000,0x0000,0x0000,0x0000,0x0000,0xffff,0x0000,0x0000,0x0000,0xffff,0x0000,0x0000,0x0000,0xffff,0x0000,0x0000,0x0000,0xffff,0x0000,0x0000,0x0000,
	0x0000,0x0000,0x0000,0x0000,0xffff,0x0000,0x0000,0x0000,0x0000,0xffff,0xffff,0xffff,0xffff,0x0000,0x0000,0x0000,0x0000,0xffff,0xffff,0xffff,0xffff,0x0000,0x0000,0x0000,0x0000,0xffff,0xffff,0xffff,0xffff,0x0000,0x0000,0x0000,0x0000,0xffff,0xffff,0xffff,0xffff,0x0000,0x0000,0x0000,0x0000,0xffff,0xffff,0xffff,0xffff,0x0000,0x0000,0x0000,0x0000,0xffff,0xffff,0xffff,0xffff,0x0000,0x0000,0x0000,0x0000,0x0000,0x0000,0x0000,0xffff,0x0000,0x0000,0x0000,0x0000,0xffff,0xffff,0xffff,0xffff,0x0000,0x0000,0x0000,0x0000,0xffff,0xffff,0xffff,0xffff,0x0000,0x0000,0x0000,0x0000,0xffff,0xffff,0xffff,0xffff,0x0000,0x0000,0x0000,0x0000,0xffff,0x0000,0x0000,0x0000,0x0000,0x0000,0x0000,0x0000,0x0000,0xffff,0x0000,0x0000,0x0000,0x0000,0x0000,0x0000,0xffff,0x0000,0x0000,0x0000,0x0000,0x0000,0x0000,0xffff,0x0000,0x0000,0x0000,0xffff,0x0000,0x0000,0x0000,0xffff,0x0000,0x0000,0x0000,0xffff,0x0000,0x0000,0x0000,
	0x0000,0x0000,0xffff,0xffff,0x0000,0x0000,0x0000,0x0000,0x0000,0x0000,0x0000,0x0000,0x0000,0x0000,0x0000,0x0000,0x0000,0x0000,0x0000,0x0000,0x0000,0x0000,0x0000,0x0000,0x0000,0x0000,0x0000,0x0000,0x0000,0x0000,0x0000,0x0000,0x0000,0x0000,0x0000,0x0000,0x0000,0x0000,0x0000,0x0000,0x0000,0x0000,0x0000,0x0000,0x0000,0x0000,0x0000,0x0000,0x0000,0x0000,0x0000,0x0000,0x0000,0x0000,0x0000,0x0000,0x0000,0x0000,0xffff,0xffff,0x0000,0x0000,0x0000,0x0000,0x0000,0x0000,0x0000,0x0000,0x0000,0x0000,0x0000,0x0000,0x0000,0x0000,0x0000,0x0000,0x0000,0x0000,0x0000,0x0000,0x0000,0x0000,0x0000,0x0000,0x0000,0x0000,0x0000,0x0000,0x0000,0x0000,0x0000,0x0000,0x0000,0x0000,0x0000,0x0000,0x0000,0x0000,0x0000,0x0000,0x0000,0x0000,0x0000,0x0000,0x0000,0x0000,0x0000,0x0000,0x0000,0x0000,0x0000,0x0000,0x0000,0x0000,0x0000,0x0000,0x0000,0x0000,0x0000,0x0000,0x0000,0x0000,0x0000,0x0000,0x0000,0x0000,0x0000,0x0000,
	0x0000,0x0000,0x0000,0xffff,0xffff,0x0000,0x0000,0x0000,0x0000,0x0000,0x0000,0x0000,0x0000,0x0000,0x0000,0x0000,0x0000,0xffff,0xffff,0xffff,0xffff,0x0000,0x0000,0x0000,0x0000,0xffff,0xffff,0xffff,0x0000,0x0000,0x0000,0x0000,0x0000,0xffff,0x0000,0xffff,0x0000,0x0000,0x0000,0x0000,0xffff,0xffff,0x0000,0x0000,0x0000,0x0000,0x0000,0x0000,0x0000,0xffff,0xffff,0xffff,0x0000,0x0000,0x0000,0x0000,0xffff,0xffff,0x0000,0x0000,0x0000,0x0000,0x0000,0x0000,0x0000,0xffff,0x0000,0xffff,0x0000,0x0000,0x0000,0x0000,0xffff,0x0000,0x0000,0x0000,0xffff,0x0000,0x0000,0x0000,0xffff,0x0000,0x0000,0x0000,0xffff,0x0000,0x0000,0x0000,0x0000,0x0000,0x0000,0x0000,0x0000,0x0000,0x0000,0x0000,0x0000,0x0000,0xffff,0xffff,0x0000,0x0000,0x0000,0x0000,0x0000,0xffff,0xffff,0xffff,0x0000,0x0000,0x0000,0x0000,0x0000,0x0000,0x0000,0x0000,0x0000,0x0000,0x0000,0x0000,0x0000,0x0000,0x0000,0xffff,0x0000,0x0000,0x0000,0x0000,
	0x0000,0x0000,0x0000,0x0000,0x0000,0x0000,0x0000,0x0000,0x0000,0x0000,0x0000,0x0000,0x0000,0x0000,0x0000,0x0000,0xffff,0x0000,0xffff,0x0000,0x0000,0x0000,0x0000,0x0000,0xffff,0x0000,0x0000,0x0000,0xffff,0x0000,0x0000,0x0000,0x0000,0x0000,0x0000,0x0000,0x0000,0x0000,0x0000,0x0000,0x0000,0x0000,0x0000,0x0000,0x0000,0x0000,0x0000,0x0000,0xffff,0x0000,0x0000,0x0000,0xffff,0x0000,0x0000,0x0000,0x0000,0x0000,0x0000,0x0000,0x0000,0x0000,0x0000,0x0000,0x0000,0x0000,0x0000,0x0000,0x0000,0x0000,0x0000,0x0000,0x0000,0xffff,0xffff,0xffff,0x0000,0x0000,0x0000,0x0000,0x0000,0x0000,0x0000,0x0000,0x0000,0x0000,0x0000,0x0000,0x0000,0x0000,0x0000,0x0000,0x0000,0x0000,0x0000,0x0000,0x0000,0xffff,0x0000,0x0000,0xffff,0x0000,0x0000,0x0000,0xffff,0x0000,0x0000,0x0000,0xffff,0x0000,0x0000,0x0000,0x0000,0x0000,0x0000,0x0000,0x0000,0x0000,0x0000,0x0000,0x0000,0x0000,0xffff,0x0000,0xffff,0x0000,0x0000,0x0000,
	0xffff,0xffff,0xffff,0xffff,0xffff,0x0000,0x0000,0x0000,0x0000,0xffff,0x0000,0xffff,0x0000,0x0000,0x0000,0x0000,0xffff,0xffff,0xffff,0xffff,0x0000,0x0000,0x0000,0x0000,0x0000,0xffff,0xffff,0xffff,0x0000,0x0000,0x0000,0x0000,0x0000,0xffff,0xffff,0xffff,0x0000,0x0000,0x0000,0x0000,0x0000,0xffff,0xffff,0xffff,0x0000,0x0000,0x0000,0x0000,0x0000,0x0000,0x0000,0x0000,0x0000,0x0000,0x0000,0x0000,0xffff,0x0000,0x0000,0x0000,0xffff,0x0000,0x0000,0x0000,0xffff,0x0000,0x0000,0x0000,0xffff,0x0000,0x0000,0x0000,0xffff,0x0000,0x0000,0x0000,0xffff,0x0000,0x0000,0x0000,0xffff,0x0000,0x0000,0x0000,0xffff,0x0000,0x0000,0x0000,0x0000,0xffff,0xffff,0xffff,0x0000,0x0000,0x0000,0x0000,0x0000,0xffff,0x0000,0x0000,0x0000,0x0000,0x0000,0x0000,0xffff,0x0000,0x0000,0xffff,0xffff,0x0000,0x0000,0x0000,0xffff,0x0000,0xffff,0x0000,0x0000,0x0000,0x0000,0x0000,0x0000,0x0000,0xffff,0x0000,0x0000,0x0000,0x0000,0x0000,
	0xffff,0x0000,0x0000,0x0000,0x0000,0x0000,0x0000,0x0000,0x0000,0x0000,0xffff,0x0000,0xffff,0x0000,0x0000,0x0000,0xffff,0x0000,0xffff,0x0000,0x0000,0x0000,0x0000,0x0000,0xffff,0x0000,0x0000,0x0000,0xffff,0x0000,0x0000,0x0000,0xffff,0x0000,0x0000,0x0000,0xffff,0x0000,0x0000,0x0000,0xffff,0x0000,0x0000,0x0000,0xffff,0x0000,0x0000,0x0000,0xffff,0x0000,0x0000,0x0000,0xffff,0x0000,0x0000,0x0000,0xffff,0x0000,0x0000,0x0000,0xffff,0x0000,0x0000,0x0000,0xffff,0x0000,0x0000,0x0000,0xffff,0x0000,0x0000,0x0000,0xffff,0x0000,0x0000,0x0000,0xffff,0x0000,0x0000,0x0000,0xffff,0x0000,0x0000,0x0000,0xffff,0x0000,0x0000,0x0000,0xffff,0x0000,0x0000,0xffff,0xffff,0x0000,0x0000,0x0000,0xffff,0xffff,0xffff,0xffff,0x0000,0x0000,0x0000,0x0000,0xffff,0x0000,0xffff,0x0000,0xffff,0x0000,0x0000,0x0000,0x0000,0xffff,0x0000,0x0000,0x0000,0x0000,0x0000,0x0000,0x0000,0xffff,0xffff,0xffff,0x0000,0x0000,0x0000,0x0000,
	0xffff,0xffff,0xffff,0x0000,0x0000,0x0000,0x0000,0x0000,0x0000,0xffff,0xffff,0xffff,0xffff,0x0000,0x0000,0x0000,0xffff,0x0000,0xffff,0x0000,0x0000,0x0000,0x0000,0x0000,0xffff,0x0000,0x0000,0x0000,0xffff,0x0000,0x0000,0x0000,0xffff,0x0000,0x0000,0x0000,0xffff,0x0000,0x0000,0x0000,0xffff,0x0000,0x0000,0x0000,0xffff,0x0000,0x0000,0x0000,0xffff,0x0000,0x0000,0x0000,0xffff,0x0000,0x0000,0x0000,0xffff,0x0000,0x0000,0x0000,0xffff,0x0000,0x0000,0x0000,0xffff,0x0000,0x0000,0x0000,0xffff,0x0000,0x0000,0x0000,0xffff,0x0000,0x0000,0x0000,0xffff,0x0000,0x0000,0x0000,0xffff,0x0000,0x0000,0x0000,0xffff,0x0000,0x0000,0x0000,0xffff,0x0000,0xffff,0x0000,0xffff,0x0000,0x0000,0x0000,0x0000,0xffff,0x0000,0x0000,0x0000,0x0000,0x0000,0x0000,0xffff,0xffff,0x0000,0x0000,0xffff,0x0000,0x0000,0x0000,0xffff,0x0000,0xffff,0x0000,0x0000,0x0000,0x0000,0x0000,0x0000,0x0000,0xffff,0x0000,0x0000,0x0000,0x0000,0x0000,
	0xffff,0x0000,0x0000,0x0000,0x0000,0x0000,0x0000,0x0000,0xffff,0x0000,0xffff,0x0000,0x0000,0x0000,0x0000,0x0000,0xffff,0x0000,0xffff,0x0000,0x0000,0x0000,0x0000,0x0000,0xffff,0x0000,0x0000,0x0000,0xffff,0x0000,0x0000,0x0000,0xffff,0x0000,0x0000,0x0000,0xffff,0x0000,0x0000,0x0000,0xffff,0x0000,0x0000,0x0000,0xffff,0x0000,0x0000,0x0000,0xffff,0x0000,0x0000,0x0000,0xffff,0x0000,0x0000,0x0000,0xffff,0x0000,0x0000,0x0000,0xffff,0x0000,0x0000,0x0000,0x0000,0xffff,0xffff,0xffff,0xffff,0x0000,0x0000,0x0000,0xffff,0x0000,0x0000,0x0000,0xffff,0x0000,0x0000,0x0000,0xffff,0x0000,0x0000,0x0000,0xffff,0x0000,0x0000,0x0000,0xffff,0xffff,0x0000,0x0000,0xffff,0x0000,0x0000,0x0000,0x0000,0xffff,0x0000,0x0000,0x0000,0x0000,0x0000,0x0000,0xffff,0x0000,0x0000,0x0000,0xffff,0x0000,0x0000,0x0000,0x0000,0x0000,0x0000,0x0000,0x0000,0x0000,0x0000,0x0000,0x0000,0x0000,0xffff,0x0000,0x0000,0x0000,0x0000,0x0000,
	0xffff,0xffff,0xffff,0xffff,0xffff,0x0000,0x0000,0x0000,0x0000,0xffff,0xffff,0xffff,0xffff,0x0000,0x0000,0x0000,0xffff,0x0000,0xffff,0xffff,0xffff,0x0000,0x0000,0x0000,0x0000,0xffff,0xffff,0xffff,0x0000,0x0000,0x0000,0x0000,0x0000,0xffff,0xffff,0xffff,0x0000,0x0000,0x0000,0x0000,0x0000,0xffff,0xffff,0xffff,0x0000,0x0000,0x0000,0x0000,0x0000,0xffff,0xffff,0xffff,0xffff,0x0000,0x0000,0x0000,0x0000,0xffff,0xffff,0xffff,0xffff,0x0000,0x0000,0x0000,0x0000,0x0000,0x0000,0x0000,0xffff,0x0000,0x0000,0x0000,0x0000,0xffff,0xffff,0xffff,0x0000,0x0000,0x0000,0x0000,0x0000,0xffff,0xffff,0xffff,0x0000,0x0000,0x0000,0x0000,0x0000,0xffff,0xffff,0xffff,0x0000,0x0000,0x0000,0x0000,0xffff,0xffff,0xffff,0xffff,0xffff,0x0000,0x0000,0x0000,0x0000,0xffff,0xffff,0xffff,0x0000,0x0000,0x0000,0x0000,0x0000,0x0000,0x0000,0x0000,0x0000,0x0000,0x0000,0x0000,0xffff,0x0000,0xffff,0x0000,0x0000,0x0000,0x0000,0x0000,
	0x0000,0x0000,0x0000,0x0000,0x0000,0x0000,0x0000,0x0000,0x0000,0x0000,0x0000,0x0000,0x0000,0x0000,0x0000,0x0000,0x0000,0x0000,0x0000,0x0000,0x0000,0x0000,0x0000,0x0000,0x0000,0x0000,0x0000,0x0000,0x0000,0x0000,0x0000,0x0000,0x0000,0x0000,0x0000,0x0000,0x0000,0x0000,0x0000,0x0000,0x0000,0x0000,0x0000,0x0000,0x0000,0x0000,0x0000,0x0000,0x0000,0x0000,0x0000,0x0000,0x0000,0x0000,0x0000,0x0000,0x0000,0x0000,0x0000,0x0000,0x0000,0x0000,0x0000,0x0000,0xffff,0xffff,0xffff,0xffff,0x0000,0x0000,0x0000,0x0000,0x0000,0x0000,0x0000,0x0000,0x0000,0x0000,0x0000,0x0000,0x0000,0x0000,0x0000,0x0000,0x0000,0x0000,0x0000,0x0000,0x0000,0x0000,0x0000,0x0000,0x0000,0x0000,0x0000,0x0000,0x0000,0x0000,0x0000,0x0000,0x0000,0x0000,0x0000,0x0000,0x0000,0x0000,0x0000,0x0000,0x0000,0x0000,0x0000,0x0000,0x0000,0x0000,0x0000,0x0000,0x0000,0x0000,0x0000,0x0000,0x0000,0xffff,0x0000,0x0000,0x0000,0x0000,0x0000,0x0000,
	0x0000,0x0000,0x0000,0xffff,0xffff,0x0000,0x0000,0x0000,0xffff,0xffff,0x0000,0x0000,0x0000,0x0000,0x0000,0x0000,0x0000,0x0000,0x0000,0xffff,0xffff,0x0000,0x0000,0x0000,0x0000,0x0000,0x0000,0xffff,0xffff,0x0000,0x0000,0x0000,0xffff,0xffff,0xffff,0xffff,0xffff,0x0000,0x0000,0x0000,0xffff,0xffff,0xffff,0xffff,0xffff,0x0000,0x0000,0x0000,0x0000,0xffff,0xffff,0xffff,0x0000,0x0000,0x0000,0x0000,0x0000,0xffff,0xffff,0xffff,0x0000,0x0000,0x0000,0x0000,0x0000,0x0000,0xffff,0x0000,0x0000,0x0000,0x0000,0x0000,0x0000,0x0000,0x0000,0x0000,0x0000,0x0000,0x0000,0x0000,0x0000,0x0000,0x0000,0x0000,0x0000,0x0000,0x0000,0x0000,0xffff,0x0000,0x0000,0x0000,0xffff,0x0000,0x0000,0x0000,0xffff,0x0000,0x0000,0x0000,0xffff,0x0000,0x0000,0x0000,0x0000,0x0000,0x0000,0x0000,0x0000,0x0000,0x0000,0x0000,0x0000,0x0000,0x0000,0x0000,0x0000,0x0000,0x0000,0x0000,0x0000,0x0000,0x0000,0x0000,0x0000,0x0000,0x0000,0x0000,
	0x0000,0x0000,0x0000,0x0000,0x0000,0x0000,0x0000,0x0000,0x0000,0x0000,0x0000,0x0000,0x0000,0x0000,0x0000,0x0000,0x0000,0x0000,0x0000,0x0000,0x0000,0x0000,0x0000,0x0000,0x0000,0x0000,0x0000,0x0000,0x0000,0x0000,0x0000,0x0000,0x0000,0x0000,0x0000,0x0000,0x0000,0x0000,0x0000,0x0000,0x0000,0x0000,0x0000,0x0000,0x0000,0x0000,0x0000,0x0000,0x0000,0x0000,0x0000,0x0000,0xffff,0x0000,0x0000,0x0000,0xffff,0x0000,0x0000,0x0000,0xffff,0x0000,0x0000,0x0000,0x0000,0x0000,0x0000,0x0000,0x0000,0x0000,0x0000,0x0000,0x0000,0xffff,0xffff,0xffff,0xffff,0x0000,0x0000,0x0000,0x0000,0x0000,0x0000,0x0000,0x0000,0x0000,0x0000,0x0000,0xffff,0x0000,0x0000,0xffff,0x0000,0x0000,0x0000,0x0000,0xffff,0x0000,0x0000,0xffff,0x0000,0x0000,0x0000,0x0000,0xffff,0x0000,0x0000,0x0000,0x0000,0x0000,0x0000,0x0000,0x0000,0x0000,0xffff,0x0000,0xffff,0x0000,0x0000,0x0000,0xffff,0x0000,0xffff,0x0000,0x0000,0x0000,0x0000,0x0000,
	0x0000,0xffff,0xffff,0xffff,0x0000,0x0000,0x0000,0x0000,0xffff,0x0000,0x0000,0x0000,0x0000,0x0000,0x0000,0x0000,0x0000,0xffff,0xffff,0xffff,0x0000,0x0000,0x0000,0x0000,0xffff,0x0000,0x0000,0x0000,0xffff,0x0000,0x0000,0x0000,0xffff,0xffff,0xffff,0xffff,0x0000,0x0000,0x0000,0x0000,0xffff,0x0000,0x0000,0x0000,0xffff,0x0000,0x0000,0x0000,0xffff,0xffff,0xffff,0xffff,0xffff,0x0000,0x0000,0x0000,0xffff,0x0000,0x0000,0x0000,0xffff,0x0000,0x0000,0x0000,0x0000,0x0000,0xffff,0x0000,0x0000,0x0000,0x0000,0x0000,0xffff,0x0000,0xffff,0xffff,0x0000,0xffff,0x0000,0x0000,0x0000,0x0000,0x0000,0x0000,0x0000,0x0000,0x0000,0x0000,0x0000,0x0000,0x0000,0xffff,0x0000,0x0000,0x0000,0x0000,0x0000,0x0000,0x0000,0xffff,0x0000,0x0000,0x0000,0x0000,0x0000,0x0000,0x0000,0x0000,0x0000,0x0000,0x0000,0x0000,0x0000,0xffff,0x0000,0xffff,0x0000,0x0000,0x0000,0x0000,0x0000,0xffff,0x0000,0xffff,0x0000,0x0000,0x0000,0x0000,
	0x0000,0x0000,0x0000,0x0000,0xffff,0x0000,0x0000,0x0000,0xffff,0x0000,0x0000,0x0000,0x0000,0x0000,0x0000,0x0000,0xffff,0x0000,0x0000,0x0000,0xffff,0x0000,0x0000,0x0000,0xffff,0x0000,0x0000,0x0000,0xffff,0x0000,0x0000,0x0000,0xffff,0x0000,0x0000,0x0000,0xffff,0x0000,0x0000,0x0000,0xffff,0xffff,0x0000,0x0000,0xffff,0x0000,0x0000,0x0000,0x0000,0xffff,0xffff,0xffff,0xffff,0x0000,0x0000,0x0000,0x0000,0xffff,0xffff,0xffff,0x0000,0x0000,0x0000,0x0000,0x0000,0xffff,0x0000,0x0000,0x0000,0x0000,0x0000,0x0000,0xffff,0x0000,0xffff,0x0000,0x0000,0xffff,0x0000,0x0000,0xffff,0xffff,0xffff,0xffff,0xffff,0x0000,0x0000,0x0000,0x0000,0x0000,0xffff,0x0000,0x0000,0x0000,0x0000,0x0000,0x0000,0x0000,0xffff,0x0000,0x0000,0x0000,0x0000,0x0000,0xffff,0x0000,0x0000,0x0000,0x0000,0x0000,0x0000,0x0000,0xffff,0x0000,0xffff,0x0000,0x0000,0x0000,0x0000,0x0000,0x0000,0x0000,0xffff,0x0000,0xffff,0x0000,0x0000,0x0000,
	0x0000,0xffff,0xffff,0xffff,0xffff,0x0000,0x0000,0x0000,0xffff,0x0000,0x0000,0x0000,0x0000,0x0000,0x0000,0x0000,0xffff,0x0000,0x0000,0x0000,0xffff,0x0000,0x0000,0x0000,0xffff,0x0000,0x0000,0x0000,0xffff,0x0000,0x0000,0x0000,0xffff,0x0000,0x0000,0x0000,0xffff,0x0000,0x0000,0x0000,0xffff,0x0000,0xffff,0x0000,0xffff,0x0000,0x0000,0x0000,0x0000,0x0000,0x0000,0x0000,0x0000,0x0000,0x0000,0x0000,0x0000,0x0000,0x0000,0x0000,0x0000,0x0000,0x0000,0x0000,0xffff,0x0000,0x0000,0x0000,0x0000,0x0000,0x0000,0x0000,0xffff,0xffff,0x0000,0xffff,0x0000,0xffff,0x0000,0x0000,0x0000,0x0000,0x0000,0x0000,0xffff,0x0000,0x0000,0x0000,0x0000,0xffff,0x0000,0x0000,0xffff,0x0000,0x0000,0x0000,0x0000,0xffff,0x0000,0xffff,0xffff,0x0000,0x0000,0x0000,0xffff,0x0000,0x0000,0x0000,0x0000,0x0000,0x0000,0x0000,0x0000,0xffff,0x0000,0xffff,0x0000,0x0000,0x0000,0x0000,0x0000,0xffff,0x0000,0xffff,0x0000,0x0000,0x0000,0x0000,
	0xffff,0x0000,0x0000,0x0000,0xffff,0x0000,0x0000,0x0000,0xffff,0x0000,0x0000,0x0000,0x0000,0x0000,0x0000,0x0000,0xffff,0x0000,0x0000,0x0000,0xffff,0x0000,0x0000,0x0000,0xffff,0x0000,0x0000,0x0000,0xffff,0x0000,0x0000,0x0000,0xffff,0x0000,0x0000,0x0000,0xffff,0x0000,0x0000,0x0000,0xffff,0x0000,0x0000,0xffff,0xffff,0x0000,0x0000,0x0000,0xffff,0xffff,0xffff,0xffff,0xffff,0x0000,0x0000,0x0000,0xffff,0xffff,0xffff,0xffff,0xffff,0x0000,0x0000,0x0000,0xffff,0x0000,0x0000,0x0000,0xffff,0x0000,0x0000,0x0000,0x0000,0xffff,0xffff,0xffff,0xffff,0x0000,0x0000,0x0000,0x0000,0x0000,0x0000,0x0000,0xffff,0x0000,0x0000,0x0000,0x0000,0xffff,0x0000,0xffff,0x0000,0x0000,0x0000,0x0000,0x0000,0xffff,0x0000,0xffff,0xffff,0x0000,0x0000,0x0000,0xffff,0x0000,0x0000,0x0000,0x0000,0x0000,0x0000,0x0000,0x0000,0x0000,0xffff,0x0000,0xffff,0x0000,0x0000,0x0000,0xffff,0x0000,0xffff,0x0000,0x0000,0x0000,0x0000,0x0000,
	0x0000,0xffff,0xffff,0xffff,0xffff,0x0000,0x0000,0x0000,0xffff,0x0000,0x0000,0x0000,0x0000,0x0000,0x0000,0x0000,0x0000,0xffff,0xffff,0xffff,0x0000,0x0000,0x0000,0x0000,0x0000,0xffff,0xffff,0xffff,0xffff,0x0000,0x0000,0x0000,0xffff,0x0000,0x0000,0x0000,0xffff,0x0000,0x0000,0x0000,0xffff,0x0000,0x0000,0x0000,0xffff,0x0000,0x0000,0x0000,0x0000,0x0000,0x0000,0x0000,0x0000,0x0000,0x0000,0x0000,0x0000,0x0000,0x0000,0x0000,0x0000,0x0000,0x0000,0x0000,0x0000,0xffff,0xffff,0xffff,0x0000,0x0000,0x0000,0x0000,0x0000,0x0000,0x0000,0x0000,0x0000,0x0000,0x0000,0x0000,0x0000,0x0000,0x0000,0x0000,0x0000,0x0000,0x0000,0x0000,0xffff,0x0000,0x0000,0xffff,0xffff,0x0000,0x0000,0x0000,0xffff,0x0000,0x0000,0x0000,0xffff,0x0000,0x0000,0x0000,0xffff,0x0000,0x0000,0x0000,0x0000,0x0000,0x0000,0x0000,0x0000,0x0000,0x0000,0x0000,0x0000,0x0000,0x0000,0x0000,0x0000,0x0000,0x0000,0x0000,0x0000,0x0000,0x0000,0x0000,
	0x0000,0x0000,0x0000,0x0000,0x0000,0x0000,0x0000,0x0000,0x0000,0x0000,0x0000,0x0000,0x0000,0x0000,0x0000,0x0000,0x0000,0x0000,0x0000,0x0000,0x0000,0x0000,0x0000,0x0000,0x0000,0x0000,0x0000,0x0000,0x0000,0x0000,0x0000,0x0000,0x0000,0x0000,0x0000,0x0000,0x0000,0x0000,0x0000,0x0000,0x0000,0x0000,0x0000,0x0000,0x0000,0x0000,0x0000,0x0000,0x0000,0x0000,0x0000,0x0000,0x0000,0x0000,0x0000,0x0000,0x0000,0x0000,0x0000,0x0000,0x0000,0x0000,0x0000,0x0000,0x0000,0x0000,0x0000,0x0000,0x0000,0x0000,0x0000,0x0000,0x0000,0x0000,0x0000,0x0000,0x0000,0x0000,0x0000,0x0000,0x0000,0x0000,0x0000,0x0000,0x0000,0x0000,0x0000,0x0000,0x0000,0x0000,0x0000,0x0000,0x0000,0x0000,0x0000,0x0000,0x0000,0x0000,0x0000,0x0000,0x0000,0x0000,0x0000,0x0000,0x0000,0x0000,0x0000,0x0000,0x0000,0x0000,0x0000,0x0000,0x0000,0x0000,0x0000,0x0000,0x0000,0x0000,0x0000,0x0000,0x0000,0x0000,0x0000,0x0000,0x0000,0x0000,0x0000,0x0000,
	0x0000,0x0000,0xffff,0x0000,0x0000,0x0000,0xffff,0x0000,0x0000,0xffff,0x0000,0xffff,0x0000,0xffff,0x0000,0xffff,0xffff,0xffff,0x0000,0xffff,0xffff,0x0000,0xffff,0xffff,0x0000,0x0000,0x0000,0xffff,0xffff,0x0000,0x0000,0x0000,0x0000,0x0000,0x0000,0xffff,0xffff,0x0000,0x0000,0x0000,0x0000,0x0000,0x0000,0xffff,0xffff,0x0000,0x0000,0x0000,0x0000,0x0000,0xffff,0xffff,0x0000,0xffff,0xffff,0x0000,0x0000,0x0000,0x0000,0x0000,0x0000,0x0000,0x0000,0x0000,0x0000,0x0000,0x0000,0x0000,0x0000,0x0000,0x0000,0x0000,0x0000,0x0000,0xffff,0xffff,0x0000,0xffff,0xffff,0x0000,0x0000,0x0000,0xffff,0xffff,0x0000,0xffff,0xffff,0x0000,0x0000,0x0000,0x0000,0x0000,0x0000,0x0000,0x0000,0x0000,0x0000,0x0000,0xffff,0xffff,0x0000,0xffff,0xffff,0x0000,0x0000,0x0000,0xffff,0xffff,0x0000,0xffff,0xffff,0x0000,0x0000,0x0000,0x0000,0xffff,0xffff,0x0000,0x0000,0x0000,0x0000,0x0000,0x0000,0x0000,0x0000,0x0000,0x0000,0x0000,
	0xffff,0x0000,0x0000,0x0000,0xffff,0x0000,0x0000,0x0000,0xffff,0x0000,0xffff,0x0000,0xffff,0x0000,0xffff,0x0000,0x0000,0xffff,0xffff,0xffff,0x0000,0xffff,0xffff,0xffff,0x0000,0x0000,0x0000,0xffff,0xffff,0x0000,0x0000,0x0000,0x0000,0x0000,0x0000,0xffff,0xffff,0x0000,0x0000,0x0000,0x0000,0x0000,0x0000,0xffff,0xffff,0x0000,0x0000,0x0000,0x0000,0x0000,0xffff,0xffff,0x0000,0xffff,0xffff,0x0000,0x0000,0x0000,0x0000,0x0000,0x0000,0x0000,0x0000,0x0000,0x0000,0x0000,0x0000,0x0000,0x0000,0x0000,0x0000,0x0000,0x0000,0x0000,0xffff,0xffff,0x0000,0xffff,0xffff,0x0000,0x0000,0x0000,0xffff,0xffff,0x0000,0xffff,0xffff,0x0000,0x0000,0x0000,0x0000,0x0000,0x0000,0x0000,0x0000,0x0000,0x0000,0x0000,0xffff,0xffff,0x0000,0xffff,0xffff,0x0000,0x0000,0x0000,0xffff,0xffff,0x0000,0xffff,0xffff,0x0000,0x0000,0x0000,0x0000,0xffff,0xffff,0x0000,0x0000,0x0000,0x0000,0x0000,0x0000,0x0000,0x0000,0x0000,0x0000,0x0000,
	0x0000,0x0000,0xffff,0x0000,0x0000,0x0000,0xffff,0x0000,0x0000,0xffff,0x0000,0xffff,0x0000,0xffff,0x0000,0xffff,0xffff,0xffff,0x0000,0xffff,0xffff,0x0000,0xffff,0xffff,0x0000,0x0000,0x0000,0xffff,0xffff,0x0000,0x0000,0x0000,0x0000,0x0000,0x0000,0xffff,0xffff,0x0000,0x0000,0x0000,0xffff,0xffff,0xffff,0xffff,0xffff,0x0000,0x0000,0x0000,0x0000,0x0000,0xffff,0xffff,0x0000,0xffff,0xffff,0x0000,0x0000,0x0000,0x0000,0x0000,0x0000,0x0000,0x0000,0x0000,0xffff,0xffff,0xffff,0xffff,0xffff,0x0000,0x0000,0x0000,0xffff,0xffff,0xffff,0xffff,0x0000,0xffff,0xffff,0x0000,0x0000,0x0000,0xffff,0xffff,0x0000,0xffff,0xffff,0x0000,0xffff,0xffff,0xffff,0xffff,0xffff,0xffff,0xffff,0x0000,0xffff,0xffff,0xffff,0xffff,0x0000,0xffff,0xffff,0x0000,0x0000,0x0000,0xffff,0xffff,0x0000,0xffff,0xffff,0x0000,0xffff,0xffff,0xffff,0xffff,0xffff,0x0000,0x0000,0x0000,0x0000,0x0000,0x0000,0x0000,0x0000,0x0000,0x0000,0x0000,
	0xffff,0x0000,0x0000,0x0000,0xffff,0x0000,0x0000,0x0000,0xffff,0x0000,0xffff,0x0000,0xffff,0x0000,0xffff,0x0000,0xffff,0xffff,0xffff,0x0000,0xffff,0xffff,0xffff,0x0000,0x0000,0x0000,0x0000,0xffff,0xffff,0x0000,0x0000,0x0000,0x0000,0x0000,0x0000,0xffff,0xffff,0x0000,0x0000,0x0000,0x0000,0x0000,0x0000,0xffff,0xffff,0x0000,0x0000,0x0000,0x0000,0x0000,0xffff,0xffff,0x0000,0xffff,0xffff,0x0000,0x0000,0x0000,0x0000,0x0000,0x0000,0x0000,0x0000,0x0000,0x0000,0x0000,0x0000,0xffff,0xffff,0x0000,0x0000,0x0000,0x0000,0x0000,0x0000,0x0000,0x0000,0xffff,0xffff,0x0000,0x0000,0x0000,0xffff,0xffff,0x0000,0xffff,0xffff,0x0000,0x0000,0x0000,0x0000,0x0000,0x0000,0xffff,0xffff,0x0000,0x0000,0x0000,0x0000,0x0000,0x0000,0xffff,0xffff,0x0000,0x0000,0x0000,0xffff,0xffff,0x0000,0xffff,0xffff,0x0000,0x0000,0x0000,0x0000,0xffff,0xffff,0x0000,0x0000,0x0000,0x0000,0x0000,0x0000,0x0000,0x0000,0x0000,0x0000,0x0000,
	0x0000,0x0000,0xffff,0x0000,0x0000,0x0000,0xffff,0x0000,0x0000,0xffff,0x0000,0xffff,0x0000,0xffff,0x0000,0xffff,0xffff,0xffff,0x0000,0xffff,0xffff,0x0000,0xffff,0xffff,0x0000,0x0000,0x0000,0xffff,0xffff,0x0000,0x0000,0x0000,0xffff,0xffff,0xffff,0xffff,0xffff,0x0000,0x0000,0x0000,0xffff,0xffff,0xffff,0xffff,0xffff,0x0000,0x0000,0x0000,0xffff,0xffff,0xffff,0xffff,0x0000,0xffff,0xffff,0x0000,0xffff,0xffff,0xffff,0xffff,0xffff,0xffff,0xffff,0x0000,0xffff,0xffff,0xffff,0xffff,0xffff,0x0000,0x0000,0x0000,0xffff,0xffff,0xffff,0xffff,0x0000,0xffff,0xffff,0x0000,0x0000,0x0000,0xffff,0xffff,0x0000,0xffff,0xffff,0x0000,0xffff,0xffff,0xffff,0xffff,0x0000,0xffff,0xffff,0x0000,0xffff,0xffff,0xffff,0xffff,0xffff,0xffff,0xffff,0x0000,0xffff,0xffff,0xffff,0xffff,0xffff,0xffff,0xffff,0x0000,0xffff,0xffff,0xffff,0xffff,0xffff,0x0000,0x0000,0x0000,0xffff,0xffff,0xffff,0xffff,0xffff,0x0000,0x0000,0x0000,
	0xffff,0x0000,0x0000,0x0000,0xffff,0x0000,0x0000,0x0000,0xffff,0x0000,0xffff,0x0000,0xffff,0x0000,0xffff,0x0000,0x0000,0xffff,0xffff,0xffff,0x0000,0xffff,0xffff,0xffff,0x0000,0x0000,0x0000,0xffff,0xffff,0x0000,0x0000,0x0000,0x0000,0x0000,0x0000,0xffff,0xffff,0x0000,0x0000,0x0000,0x0000,0x0000,0x0000,0xffff,0xffff,0x0000,0x0000,0x0000,0x0000,0x0000,0xffff,0xffff,0x0000,0xffff,0xffff,0x0000,0x0000,0x0000,0xffff,0xffff,0x0000,0xffff,0xffff,0x0000,0x0000,0x0000,0x0000,0xffff,0xffff,0x0000,0x0000,0x0000,0x0000,0x0000,0xffff,0xffff,0x0000,0xffff,0xffff,0x0000,0x0000,0x0000,0xffff,0xffff,0x0000,0xffff,0xffff,0x0000,0x0000,0x0000,0xffff,0xffff,0x0000,0xffff,0xffff,0x0000,0x0000,0x0000,0x0000,0x0000,0x0000,0x0000,0x0000,0x0000,0x0000,0x0000,0x0000,0x0000,0x0000,0x0000,0x0000,0x0000,0x0000,0x0000,0x0000,0x0000,0x0000,0x0000,0x0000,0x0000,0x0000,0x0000,0x0000,0xffff,0xffff,0x0000,0x0000,0x0000,
	0x0000,0x0000,0xffff,0x0000,0x0000,0x0000,0xffff,0x0000,0x0000,0xffff,0x0000,0xffff,0x0000,0xffff,0x0000,0xffff,0xffff,0xffff,0x0000,0xffff,0xffff,0x0000,0xffff,0xffff,0x0000,0x0000,0x0000,0xffff,0xffff,0x0000,0x0000,0x0000,0x0000,0x0000,0x0000,0xffff,0xffff,0x0000,0x0000,0x0000,0x0000,0x0000,0x0000,0xffff,0xffff,0x0000,0x0000,0x0000,0x0000,0x0000,0xffff,0xffff,0x0000,0xffff,0xffff,0x0000,0x0000,0x0000,0xffff,0xffff,0x0000,0xffff,0xffff,0x0000,0x0000,0x0000,0x0000,0xffff,0xffff,0x0000,0x0000,0x0000,0x0000,0x0000,0xffff,0xffff,0x0000,0xffff,0xffff,0x0000,0x0000,0x0000,0xffff,0xffff,0x0000,0xffff,0xffff,0x0000,0x0000,0x0000,0xffff,0xffff,0x0000,0xffff,0xffff,0x0000,0x0000,0x0000,0x0000,0x0000,0x0000,0x0000,0x0000,0x0000,0x0000,0x0000,0x0000,0x0000,0x0000,0x0000,0x0000,0x0000,0x0000,0x0000,0x0000,0x0000,0x0000,0x0000,0x0000,0x0000,0x0000,0x0000,0x0000,0xffff,0xffff,0x0000,0x0000,0x0000,
	0xffff,0x0000,0x0000,0x0000,0xffff,0x0000,0x0000,0x0000,0xffff,0x0000,0xffff,0x0000,0xffff,0x0000,0xffff,0x0000,0xffff,0xffff,0xffff,0x0000,0xffff,0xffff,0xffff,0x0000,0x0000,0x0000,0x0000,0xffff,0xffff,0x0000,0x0000,0x0000,0x0000,0x0000,0x0000,0xffff,0xffff,0x0000,0x0000,0x0000,0x0000,0x0000,0x0000,0xffff,0xffff,0x0000,0x0000,0x0000,0x0000,0x0000,0xffff,0xffff,0x0000,0xffff,0xffff,0x0000,0x0000,0x0000,0xffff,0xffff,0x0000,0xffff,0xffff,0x0000,0x0000,0x0000,0x0000,0xffff,0xffff,0x0000,0x0000,0x0000,0x0000,0x0000,0xffff,0xffff,0x0000,0xffff,0xffff,0x0000,0x0000,0x0000,0xffff,0xffff,0x0000,0xffff,0xffff,0x0000,0x0000,0x0000,0xffff,0xffff,0x0000,0xffff,0xffff,0x0000,0x0000,0x0000,0x0000,0x0000,0x0000,0x0000,0x0000,0x0000,0x0000,0x0000,0x0000,0x0000,0x0000,0x0000,0x0000,0x0000,0x0000,0x0000,0x0000,0x0000,0x0000,0x0000,0x0000,0x0000,0x0000,0x0000,0x0000,0xffff,0xffff,0x0000,0x0000,0x0000,
	0x0000,0x0000,0x0000,0xffff,0xffff,0x0000,0x0000,0x0000,0x0000,0x0000,0x0000,0xffff,0xffff,0x0000,0x0000,0x0000,0x0000,0x0000,0x0000,0x0000,0x0000,0x0000,0x0000,0x0000,0x0000,0x0000,0x0000,0xffff,0xffff,0x0000,0x0000,0x0000,0x0000,0x0000,0x0000,0x0000,0x0000,0x0000,0x0000,0x0000,0x0000,0x0000,0x0000,0xffff,0xffff,0x0000,0x0000,0x0000,0x0000,0x0000,0x0000,0xffff,0xffff,0x0000,0x0000,0x0000,0x0000,0x0000,0xffff,0xffff,0x0000,0xffff,0xffff,0x0000,0x0000,0x0000,0xffff,0xffff,0x0000,0xffff,0xffff,0x0000,0x0000,0x0000,0x0000,0x0000,0x0000,0x0000,0x0000,0x0000,0x0000,0x0000,0xffff,0xffff,0x0000,0xffff,0xffff,0x0000,0x0000,0x0000,0x0000,0x0000,0x0000,0x0000,0x0000,0x0000,0x0000,0x0000,0xffff,0xffff,0x0000,0xffff,0xffff,0x0000,0x0000,0x0000,0x0000,0x0000,0x0000,0x0000,0x0000,0x0000,0x0000,0x0000,0xffff,0xffff,0x0000,0xffff,0xffff,0x0000,0x0000,0x0000,0x0000,0xffff,0xffff,0x0000,0x0000,0x0000,
	0x0000,0x0000,0x0000,0xffff,0xffff,0x0000,0x0000,0x0000,0x0000,0x0000,0x0000,0xffff,0xffff,0x0000,0x0000,0x0000,0x0000,0x0000,0x0000,0x0000,0x0000,0x0000,0x0000,0x0000,0x0000,0x0000,0x0000,0xffff,0xffff,0x0000,0x0000,0x0000,0x0000,0x0000,0x0000,0x0000,0x0000,0x0000,0x0000,0x0000,0x0000,0x0000,0x0000,0xffff,0xffff,0x0000,0x0000,0x0000,0x0000,0x0000,0x0000,0xffff,0xffff,0x0000,0x0000,0x0000,0x0000,0x0000,0xffff,0xffff,0x0000,0xffff,0xffff,0x0000,0x0000,0x0000,0xffff,0xffff,0x0000,0xffff,0xffff,0x0000,0x0000,0x0000,0x0000,0x0000,0x0000,0x0000,0x0000,0x0000,0x0000,0x0000,0xffff,0xffff,0x0000,0xffff,0xffff,0x0000,0x0000,0x0000,0x0000,0x0000,0x0000,0x0000,0x0000,0x0000,0x0000,0x0000,0xffff,0xffff,0x0000,0xffff,0xffff,0x0000,0x0000,0x0000,0x0000,0x0000,0x0000,0x0000,0x0000,0x0000,0x0000,0x0000,0xffff,0xffff,0x0000,0xffff,0xffff,0x0000,0x0000,0x0000,0x0000,0xffff,0xffff,0x0000,0x0000,0x0000,
	0x0000,0x0000,0x0000,0xffff,0xffff,0x0000,0x0000,0x0000,0x0000,0x0000,0x0000,0xffff,0xffff,0x0000,0x0000,0x0000,0x0000,0x0000,0x0000,0x0000,0x0000,0x0000,0x0000,0x0000,0x0000,0x0000,0x0000,0xffff,0xffff,0x0000,0x0000,0x0000,0x0000,0x0000,0x0000,0x0000,0x0000,0x0000,0x0000,0x0000,0x0000,0x0000,0x0000,0xffff,0xffff,0x0000,0x0000,0x0000,0x0000,0x0000,0x0000,0xffff,0xffff,0xffff,0xffff,0xffff,0x0000,0x0000,0xffff,0xffff,0x0000,0xffff,0xffff,0x0000,0x0000,0x0000,0xffff,0xffff,0x0000,0xffff,0xffff,0xffff,0x0000,0x0000,0xffff,0xffff,0xffff,0xffff,0xffff,0xffff,0xffff,0xffff,0xffff,0xffff,0x0000,0xffff,0xffff,0xffff,0xffff,0xffff,0xffff,0xffff,0xffff,0xffff,0xffff,0xffff,0x0000,0x0000,0xffff,0xffff,0x0000,0xffff,0xffff,0xffff,0xffff,0xffff,0xffff,0xffff,0xffff,0xffff,0xffff,0xffff,0xffff,0xffff,0xffff,0xffff,0x0000,0xffff,0xffff,0xffff,0xffff,0xffff,0xffff,0xffff,0xffff,0xffff,0xffff,0xffff,
	0x0000,0x0000,0x0000,0xffff,0xffff,0x0000,0x0000,0x0000,0x0000,0x0000,0x0000,0xffff,0xffff,0x0000,0x0000,0x0000,0x0000,0x0000,0x0000,0x0000,0x0000,0x0000,0x0000,0x0000,0x0000,0x0000,0x0000,0xffff,0xffff,0x0000,0x0000,0x0000,0x0000,0x0000,0x0000,0x0000,0x0000,0x0000,0x0000,0x0000,0x0000,0x0000,0x0000,0xffff,0xffff,0x0000,0x0000,0x0000,0x0000,0x0000,0x0000,0xffff,0xffff,0x0000,0x0000,0x0000,0x0000,0x0000,0xffff,0xffff,0x0000,0xffff,0xffff,0x0000,0x0000,0x0000,0xffff,0xffff,0x0000,0x0000,0x0000,0x0000,0x0000,0x0000,0xffff,0xffff,0x0000,0x0000,0x0000,0x0000,0x0000,0x0000,0x0000,0x0000,0x0000,0x0000,0x0000,0x0000,0x0000,0x0000,0x0000,0x0000,0x0000,0x0000,0x0000,0x0000,0x0000,0x0000,0xffff,0xffff,0x0000,0x0000,0x0000,0x0000,0x0000,0x0000,0x0000,0x0000,0x0000,0x0000,0x0000,0x0000,0x0000,0x0000,0x0000,0x0000,0x0000,0x0000,0x0000,0x0000,0x0000,0x0000,0x0000,0x0000,0x0000,0x0000,0x0000,0x0000,
	0x0000,0x0000,0x0000,0xffff,0xffff,0xffff,0xffff,0xffff,0xffff,0xffff,0xffff,0xffff,0xffff,0xffff,0xffff,0xffff,0xffff,0xffff,0xffff,0xffff,0xffff,0xffff,0xffff,0xffff,0x0000,0x0000,0x0000,0xffff,0xffff,0xffff,0xffff,0xffff,0xffff,0xffff,0xffff,0xffff,0xffff,0xffff,0xffff,0xffff,0xffff,0xffff,0xffff,0xffff,0xffff,0xffff,0xffff,0xffff,0x0000,0x0000,0x0000,0xffff,0xffff,0xffff,0xffff,0xffff,0x0000,0x0000,0xffff,0xffff,0x0000,0xffff,0xffff,0xffff,0x0000,0x0000,0xffff,0xffff,0xffff,0xffff,0xffff,0xffff,0x0000,0x0000,0xffff,0xffff,0x0000,0xffff,0xffff,0xffff,0xffff,0xffff,0xffff,0xffff,0xffff,0xffff,0xffff,0xffff,0xffff,0xffff,0xffff,0xffff,0x0000,0xffff,0xffff,0xffff,0x0000,0x0000,0xffff,0xffff,0x0000,0xffff,0xffff,0xffff,0xffff,0xffff,0xffff,0xffff,0xffff,0xffff,0xffff,0xffff,0xffff,0xffff,0xffff,0xffff,0x0000,0xffff,0xffff,0xffff,0xffff,0xffff,0xffff,0xffff,0xffff,0xffff,0xffff,0xffff,
	0x0000,0x0000,0x0000,0x0000,0x0000,0x0000,0x0000,0x0000,0x0000,0x0000,0x0000,0x0000,0x0000,0x0000,0x0000,0x0000,0x0000,0x0000,0x0000,0xffff,0xffff,0x0000,0x0000,0x0000,0x0000,0x0000,0x0000,0xffff,0xffff,0x0000,0x0000,0x0000,0x0000,0x0000,0x0000,0x0000,0x0000,0x0000,0x0000,0x0000,0x0000,0x0000,0x0000,0xffff,0xffff,0x0000,0x0000,0x0000,0x0000,0x0000,0x0000,0xffff,0xffff,0x0000,0x0000,0x0000,0x0000,0x0000,0xffff,0xffff,0x0000,0xffff,0xffff,0x0000,0x0000,0x0000,0x0000,0x0000,0x0000,0x0000,0x0000,0x0000,0x0000,0x0000,0xffff,0xffff,0x0000,0xffff,0xffff,0x0000,0x0000,0x0000,0x0000,0x0000,0x0000,0x0000,0x0000,0x0000,0x0000,0x0000,0xffff,0xffff,0x0000,0xffff,0xffff,0x0000,0x0000,0x0000,0xffff,0xffff,0x0000,0xffff,0xffff,0x0000,0x0000,0x0000,0x0000,0x0000,0x0000,0x0000,0x0000,0x0000,0x0000,0x0000,0xffff,0xffff,0x0000,0xffff,0xffff,0x0000,0x0000,0x0000,0x0000,0x0000,0x0000,0x0000,0x0000,0x0000,
	0x0000,0x0000,0x0000,0x0000,0x0000,0x0000,0x0000,0x0000,0x0000,0x0000,0x0000,0x0000,0x0000,0x0000,0x0000,0x0000,0x0000,0x0000,0x0000,0xffff,0xffff,0x0000,0x0000,0x0000,0x0000,0x0000,0x0000,0xffff,0xffff,0x0000,0x0000,0x0000,0x0000,0x0000,0x0000,0x0000,0x0000,0x0000,0x0000,0x0000,0x0000,0x0000,0x0000,0xffff,0xffff,0x0000,0x0000,0x0000,0x0000,0x0000,0x0000,0xffff,0xffff,0x0000,0x0000,0x0000,0x0000,0x0000,0xffff,0xffff,0x0000,0xffff,0xffff,0x0000,0x0000,0x0000,0x0000,0x0000,0x0000,0x0000,0x0000,0x0000,0x0000,0x0000,0xffff,0xffff,0x0000,0xffff,0xffff,0x0000,0x0000,0x0000,0x0000,0x0000,0x0000,0x0000,0x0000,0x0000,0x0000,0x0000,0xffff,0xffff,0x0000,0xffff,0xffff,0x0000,0x0000,0x0000,0xffff,0xffff,0x0000,0xffff,0xffff,0x0000,0x0000,0x0000,0x0000,0x0000,0x0000,0x0000,0x0000,0x0000,0x0000,0x0000,0xffff,0xffff,0x0000,0xffff,0xffff,0x0000,0x0000,0x0000,0x0000,0x0000,0x0000,0x0000,0x0000,0x0000,
	0x0000,0x0000,0x0000,0x0000,0x0000,0x0000,0x0000,0x0000,0x0000,0x0000,0x0000,0x0000,0x0000,0x0000,0x0000,0x0000,0x0000,0x0000,0x0000,0xffff,0xffff,0x0000,0x0000,0x0000,0x0000,0x0000,0x0000,0xffff,0xffff,0x0000,0x0000,0x0000,0x0000,0x0000,0x0000,0x0000,0x0000,0x0000,0x0000,0x0000,0x0000,0x0000,0x0000,0xffff,0xffff,0x0000,0x0000,0x0000,0x0000,0x0000,0x0000,0xffff,0xffff,0x0000,0x0000,0x0000,0x0000,0x0000,0xffff,0xffff,0x0000,0xffff,0xffff,0x0000,0x0000,0x0000,0x0000,0x0000,0x0000,0x0000,0x0000,0x0000,0x0000,0x0000,0xffff,0xffff,0x0000,0xffff,0xffff,0x0000,0x0000,0x0000,0x0000,0x0000,0x0000,0x0000,0x0000,0x0000,0x0000,0x0000,0xffff,0xffff,0x0000,0xffff,0xffff,0x0000,0x0000,0x0000,0xffff,0xffff,0x0000,0xffff,0xffff,0x0000,0x0000,0x0000,0x0000,0x0000,0x0000,0x0000,0x0000,0x0000,0x0000,0x0000,0xffff,0xffff,0x0000,0xffff,0xffff,0x0000,0x0000,0x0000,0x0000,0x0000,0x0000,0x0000,0x0000,0x0000,
	0x0000,0x0000,0xffff,0xffff,0x0000,0xffff,0xffff,0x0000,0x0000,0x0000,0x0000,0x0000,0x0000,0x0000,0x0000,0x0000,0x0000,0x0000,0x0000,0x0000,0x0000,0x0000,0x0000,0x0000,0x0000,0x0000,0xffff,0xffff,0x0000,0xffff,0xffff,0x0000,0x0000,0x0000,0x0000,0xffff,0xffff,0x0000,0x0000,0x0000,0x0000,0x0000,0x0000,0x0000,0x0000,0x0000,0x0000,0x0000,0x0000,0x0000,0x0000,0x0000,0x0000,0x0000,0x0000,0x0000,0x0000,0x0000,0xffff,0xffff,0x0000,0xffff,0xffff,0x0000,0x0000,0x0000,0x0000,0xffff,0xffff,0x0000,0x0000,0x0000,0x0000,0x0000,0x0000,0xffff,0xffff,0x0000,0x0000,0x0000,0x0000,0x0000,0x0000,0x0000,0x0000,0x0000,0x0000,0x0000,0xffff,0xffff,0xffff,0xffff,0xffff,0xffff,0xffff,0xffff,0x0000,0x0000,0x0000,0x0000,0x0000,0x0000,0x0000,0x0000,0xffff,0xffff,0xffff,0xffff,0x0000,0x0000,0x0000,0x0000,0x0000,0x0000,0x0000,0x0000,0xffff,0xffff,0xffff,0xffff,0xffff,0xffff,0xffff,0xffff,0xffff,0xffff,0xffff,0xffff,
	0x0000,0x0000,0xffff,0xffff,0x0000,0xffff,0xffff,0x0000,0x0000,0x0000,0x0000,0x0000,0x0000,0x0000,0x0000,0x0000,0x0000,0x0000,0x0000,0x0000,0x0000,0x0000,0x0000,0x0000,0x0000,0x0000,0xffff,0xffff,0x0000,0xffff,0xffff,0x0000,0x0000,0x0000,0x0000,0xffff,0xffff,0x0000,0x0000,0x0000,0x0000,0x0000,0x0000,0x0000,0x0000,0x0000,0x0000,0x0000,0x0000,0x0000,0x0000,0x0000,0x0000,0x0000,0x0000,0x0000,0x0000,0x0000,0xffff,0xffff,0x0000,0xffff,0xffff,0x0000,0x0000,0x0000,0x0000,0xffff,0xffff,0x0000,0x0000,0x0000,0x0000,0x0000,0x0000,0xffff,0xffff,0x0000,0x0000,0x0000,0x0000,0x0000,0x0000,0x0000,0x0000,0x0000,0x0000,0x0000,0xffff,0xffff,0xffff,0xffff,0xffff,0xffff,0xffff,0xffff,0x0000,0x0000,0x0000,0x0000,0x0000,0x0000,0x0000,0x0000,0xffff,0xffff,0xffff,0xffff,0x0000,0x0000,0x0000,0x0000,0x0000,0x0000,0x0000,0x0000,0xffff,0xffff,0xffff,0xffff,0xffff,0xffff,0xffff,0xffff,0xffff,0xffff,0xffff,0xffff,
	0x0000,0x0000,0xffff,0xffff,0x0000,0xffff,0xffff,0x0000,0xffff,0xffff,0xffff,0xffff,0xffff,0xffff,0xffff,0xffff,0x0000,0x0000,0x0000,0x0000,0x0000,0x0000,0x0000,0x0000,0x0000,0x0000,0xffff,0xffff,0x0000,0xffff,0xffff,0x0000,0x0000,0x0000,0x0000,0xffff,0xffff,0xffff,0xffff,0xffff,0x0000,0x0000,0x0000,0xffff,0xffff,0xffff,0xffff,0xffff,0x0000,0x0000,0x0000,0x0000,0x0000,0x0000,0x0000,0x0000,0x0000,0x0000,0xffff,0xffff,0x0000,0xffff,0xffff,0x0000,0xffff,0xffff,0xffff,0xffff,0xffff,0xffff,0xffff,0xffff,0x0000,0x0000,0x0000,0xffff,0xffff,0x0000,0x0000,0x0000,0x0000,0x0000,0x0000,0x0000,0x0000,0x0000,0x0000,0x0000,0xffff,0xffff,0xffff,0xffff,0xffff,0xffff,0xffff,0xffff,0x0000,0x0000,0x0000,0x0000,0x0000,0x0000,0x0000,0x0000,0xffff,0xffff,0xffff,0xffff,0x0000,0x0000,0x0000,0x0000,0x0000,0x0000,0x0000,0x0000,0xffff,0xffff,0xffff,0xffff,0xffff,0xffff,0xffff,0xffff,0xffff,0xffff,0xffff,0xffff,
	0x0000,0x0000,0xffff,0xffff,0x0000,0xffff,0xffff,0x0000,0x0000,0x0000,0x0000,0x0000,0x0000,0x0000,0x0000,0x0000,0x0000,0x0000,0x0000,0x0000,0x0000,0x0000,0x0000,0x0000,0x0000,0x0000,0xffff,0xffff,0x0000,0xffff,0xffff,0x0000,0x0000,0x0000,0x0000,0xffff,0xffff,0x0000,0x0000,0x0000,0x0000,0x0000,0x0000,0xffff,0xffff,0x0000,0x0000,0x0000,0x0000,0x0000,0x0000,0x0000,0x0000,0x0000,0x0000,0x0000,0x0000,0x0000,0xffff,0xffff,0x0000,0xffff,0xffff,0x0000,0x0000,0x0000,0x0000,0xffff,0xffff,0x0000,0x0000,0x0000,0x0000,0x0000,0x0000,0xffff,0xffff,0x0000,0x0000,0x0000,0x0000,0x0000,0x0000,0x0000,0x0000,0x0000,0x0000,0x0000,0xffff,0xffff,0xffff,0xffff,0xffff,0xffff,0xffff,0xffff,0x0000,0x0000,0x0000,0x0000,0x0000,0x0000,0x0000,0x0000,0xffff,0xffff,0xffff,0xffff,0x0000,0x0000,0x0000,0x0000,0x0000,0x0000,0x0000,0x0000,0xffff,0xffff,0xffff,0xffff,0xffff,0xffff,0xffff,0xffff,0xffff,0xffff,0xffff,0xffff,
	0xffff,0xffff,0xffff,0xffff,0xffff,0xffff,0xffff,0xffff,0xffff,0xffff,0xffff,0xffff,0xffff,0xffff,0xffff,0xffff,0xffff,0xffff,0xffff,0xffff,0xffff,0xffff,0xffff,0xffff,0x0000,0x0000,0xffff,0xffff,0xffff,0xffff,0xffff,0xffff,0x0000,0x0000,0x0000,0xffff,0xffff,0xffff,0xffff,0xffff,0x0000,0x0000,0x0000,0xffff,0xffff,0xffff,0xffff,0xffff,0x0000,0x0000,0xffff,0xffff,0xffff,0xffff,0xffff,0xffff,0xffff,0xffff,0xffff,0xffff,0xffff,0xffff,0xffff,0xffff,0xffff,0xffff,0xffff,0xffff,0xffff,0xffff,0xffff,0xffff,0xffff,0xffff,0xffff,0xffff,0xffff,0x0000,0x0000,0x0000,0x0000,0x0000,0x0000,0xffff,0xffff,0xffff,0xffff,0xffff,0xffff,0xffff,0xffff,0xffff,0xffff,0xffff,0xffff,0xffff,0xffff,0xffff,0xffff,0xffff,0xffff,0xffff,0xffff,0xffff,0xffff,0xffff,0xffff,0xffff,0x0000,0x0000,0x0000,0x0000,0x0000,0x0000,0x0000,0x0000,0xffff,0xffff,0xffff,0xffff,0x0000,0x0000,0x0000,0x0000,0x0000,0x0000,0x0000,0x0000,
	0x0000,0x0000,0x0000,0x0000,0x0000,0x0000,0x0000,0x0000,0x0000,0x0000,0x0000,0xffff,0xffff,0x0000,0x0000,0x0000,0x0000,0x0000,0xffff,0xffff,0x0000,0xffff,0xffff,0x0000,0x0000,0x0000,0x0000,0x0000,0x0000,0x0000,0x0000,0x0000,0x0000,0x0000,0x0000,0x0000,0x0000,0x0000,0x0000,0x0000,0x0000,0x0000,0x0000,0xffff,0xffff,0x0000,0x0000,0x0000,0x0000,0x0000,0xffff,0xffff,0x0000,0xffff,0xffff,0x0000,0x0000,0x0000,0xffff,0xffff,0x0000,0xffff,0xffff,0x0000,0x0000,0x0000,0x0000,0xffff,0xffff,0x0000,0x0000,0x0000,0x0000,0x0000,0x0000,0x0000,0x0000,0x0000,0x0000,0x0000,0x0000,0x0000,0x0000,0xffff,0xffff,0x0000,0x0000,0x0000,0xffff,0xffff,0xffff,0xffff,0xffff,0xffff,0xffff,0xffff,0xffff,0xffff,0xffff,0xffff,0xffff,0xffff,0xffff,0xffff,0xffff,0xffff,0xffff,0xffff,0x0000,0x0000,0x0000,0x0000,0x0000,0x0000,0x0000,0x0000,0xffff,0xffff,0xffff,0xffff,0x0000,0x0000,0x0000,0x0000,0x0000,0x0000,0x0000,0x0000,
	0x0000,0x0000,0x0000,0x0000,0x0000,0x0000,0x0000,0x0000,0x0000,0x0000,0x0000,0xffff,0xffff,0x0000,0x0000,0x0000,0x0000,0x0000,0xffff,0xffff,0x0000,0xffff,0xffff,0x0000,0x0000,0x0000,0x0000,0x0000,0x0000,0x0000,0x0000,0x0000,0x0000,0x0000,0x0000,0x0000,0x0000,0x0000,0x0000,0x0000,0x0000,0x0000,0x0000,0xffff,0xffff,0x0000,0x0000,0x0000,0x0000,0x0000,0xffff,0xffff,0x0000,0xffff,0xffff,0x0000,0x0000,0x0000,0xffff,0xffff,0x0000,0xffff,0xffff,0x0000,0x0000,0x0000,0x0000,0xffff,0xffff,0x0000,0x0000,0x0000,0x0000,0x0000,0x0000,0x0000,0x0000,0x0000,0x0000,0x0000,0x0000,0x0000,0x0000,0xffff,0xffff,0x0000,0x0000,0x0000,0xffff,0xffff,0xffff,0xffff,0xffff,0xffff,0xffff,0xffff,0xffff,0xffff,0xffff,0xffff,0xffff,0xffff,0xffff,0xffff,0xffff,0xffff,0xffff,0xffff,0x0000,0x0000,0x0000,0x0000,0x0000,0x0000,0x0000,0x0000,0xffff,0xffff,0xffff,0xffff,0x0000,0x0000,0x0000,0x0000,0x0000,0x0000,0x0000,0x0000,
	0x0000,0x0000,0x0000,0x0000,0x0000,0x0000,0x0000,0x0000,0x0000,0x0000,0x0000,0xffff,0xffff,0x0000,0x0000,0x0000,0x0000,0x0000,0xffff,0xffff,0x0000,0xffff,0xffff,0x0000,0x0000,0x0000,0x0000,0x0000,0x0000,0x0000,0x0000,0x0000,0x0000,0x0000,0x0000,0x0000,0x0000,0x0000,0x0000,0x0000,0x0000,0x0000,0x0000,0xffff,0xffff,0x0000,0x0000,0x0000,0x0000,0x0000,0xffff,0xffff,0x0000,0xffff,0xffff,0x0000,0x0000,0x0000,0xffff,0xffff,0x0000,0xffff,0xffff,0x0000,0x0000,0x0000,0x0000,0xffff,0xffff,0x0000,0x0000,0x0000,0x0000,0x0000,0x0000,0x0000,0x0000,0x0000,0x0000,0x0000,0x0000,0x0000,0x0000,0xffff,0xffff,0x0000,0x0000,0x0000,0xffff,0xffff,0xffff,0xffff,0xffff,0xffff,0xffff,0xffff,0xffff,0xffff,0xffff,0xffff,0xffff,0xffff,0xffff,0xffff,0xffff,0xffff,0xffff,0xffff,0x0000,0x0000,0x0000,0x0000,0x0000,0x0000,0x0000,0x0000,0xffff,0xffff,0xffff,0xffff,0x0000,0x0000,0x0000,0x0000,0x0000,0x0000,0x0000,0x0000,
	0x0000,0x0000,0x0000,0x0000,0x0000,0x0000,0x0000,0x0000,0x0000,0x0000,0x0000,0x0000,0x0000,0x0000,0x0000,0x0000,0x0000,0x0000,0x0000,0x0000,0x0000,0x0000,0x0000,0x0000,0x0000,0x0000,0x0000,0x0000,0x0000,0x0000,0x0000,0x0000,0xffff,0xffff,0xffff,0xffff,0xffff,0xffff,0x0000,0x0000,0x0000,0x0000,0x0000,0x0000,0x0000,0x0000,0x0000,0x0000,0x0000,0x0000,0x0000,0x0000,0x0000,0x0000,0x0000,0x0000,0x0000,0x0000,0x0000,0x0000,0x0000,0x0000,0x0000,0x0000,0xffff,0xffff,0xffff,0xffff,0xffff,0xffff,0x0000,0x0000,0x0000,0x0000,0xffff,0xffff,0xffff,0x0000,0x0000,0x0000,0x0000,0x0000,0xffff,0xffff,0xffff,0x0000,0x0000,0x0000,0x0000,0x0000,0x0000,0xffff,0xffff,0xffff,0x0000,0x0000,0x0000,0x0000,0x0000,0x0000,0x0000,0x0000,0x0000,0x0000,0x0000,0x0000,0x0000,0x0000,0x0000,0xffff,0xffff,0x0000,0x0000,0x0000,0xffff,0xffff,0xffff,0x0000,0x0000,0x0000,0x0000,0xffff,0xffff,0xffff,0xffff,0x0000,0x0000,0x0000,
	0x0000,0x0000,0x0000,0x0000,0x0000,0x0000,0x0000,0x0000,0x0000,0xffff,0xffff,0xffff,0xffff,0x0000,0x0000,0x0000,0xffff,0xffff,0xffff,0xffff,0xffff,0xffff,0x0000,0x0000,0xffff,0xffff,0xffff,0xffff,0xffff,0xffff,0xffff,0x0000,0xffff,0xffff,0x0000,0x0000,0xffff,0xffff,0x0000,0x0000,0x0000,0x0000,0x0000,0x0000,0x0000,0x0000,0x0000,0x0000,0x0000,0xffff,0xffff,0x0000,0x0000,0xffff,0xffff,0x0000,0x0000,0xffff,0xffff,0xffff,0x0000,0xffff,0xffff,0x0000,0x0000,0x0000,0xffff,0xffff,0x0000,0x0000,0x0000,0x0000,0x0000,0xffff,0xffff,0x0000,0xffff,0xffff,0x0000,0x0000,0x0000,0xffff,0xffff,0x0000,0xffff,0xffff,0x0000,0x0000,0x0000,0x0000,0xffff,0xffff,0x0000,0x0000,0x0000,0x0000,0x0000,0x0000,0x0000,0x0000,0x0000,0x0000,0x0000,0x0000,0x0000,0x0000,0x0000,0x0000,0xffff,0xffff,0x0000,0x0000,0x0000,0xffff,0xffff,0x0000,0x0000,0x0000,0x0000,0x0000,0xffff,0xffff,0x0000,0x0000,0xffff,0xffff,0x0000,0x0000,
	0x0000,0xffff,0xffff,0xffff,0x0000,0xffff,0xffff,0x0000,0xffff,0xffff,0x0000,0x0000,0xffff,0xffff,0x0000,0x0000,0xffff,0xffff,0x0000,0x0000,0xffff,0xffff,0x0000,0x0000,0x0000,0xffff,0xffff,0x0000,0xffff,0xffff,0x0000,0x0000,0x0000,0xffff,0xffff,0x0000,0x0000,0x0000,0x0000,0x0000,0x0000,0xffff,0xffff,0xffff,0xffff,0xffff,0xffff,0x0000,0x0000,0xffff,0xffff,0x0000,0x0000,0xffff,0xffff,0x0000,0xffff,0xffff,0x0000,0xffff,0xffff,0xffff,0x0000,0x0000,0x0000,0xffff,0xffff,0xffff,0xffff,0x0000,0x0000,0x0000,0xffff,0xffff,0x0000,0x0000,0x0000,0xffff,0xffff,0x0000,0xffff,0xffff,0x0000,0x0000,0x0000,0xffff,0xffff,0x0000,0x0000,0x0000,0x0000,0xffff,0xffff,0x0000,0x0000,0x0000,0x0000,0xffff,0xffff,0xffff,0xffff,0xffff,0xffff,0x0000,0x0000,0xffff,0xffff,0xffff,0xffff,0xffff,0xffff,0x0000,0xffff,0xffff,0x0000,0x0000,0x0000,0x0000,0x0000,0x0000,0xffff,0xffff,0x0000,0x0000,0xffff,0xffff,0x0000,0x0000,
	0xffff,0xffff,0x0000,0xffff,0xffff,0xffff,0x0000,0x0000,0xffff,0xffff,0xffff,0xffff,0xffff,0x0000,0x0000,0x0000,0xffff,0xffff,0x0000,0x0000,0x0000,0x0000,0x0000,0x0000,0x0000,0xffff,0xffff,0x0000,0xffff,0xffff,0x0000,0x0000,0x0000,0x0000,0xffff,0xffff,0x0000,0x0000,0x0000,0x0000,0xffff,0xffff,0x0000,0xffff,0xffff,0x0000,0x0000,0x0000,0x0000,0xffff,0xffff,0x0000,0x0000,0xffff,0xffff,0x0000,0x0000,0x0000,0x0000,0xffff,0xffff,0x0000,0x0000,0x0000,0xffff,0xffff,0x0000,0x0000,0xffff,0xffff,0x0000,0x0000,0xffff,0xffff,0xffff,0xffff,0xffff,0xffff,0xffff,0x0000,0xffff,0xffff,0x0000,0x0000,0x0000,0xffff,0xffff,0x0000,0x0000,0xffff,0xffff,0xffff,0xffff,0xffff,0x0000,0x0000,0xffff,0xffff,0x0000,0xffff,0xffff,0x0000,0xffff,0xffff,0xffff,0xffff,0x0000,0xffff,0xffff,0x0000,0xffff,0xffff,0xffff,0xffff,0xffff,0xffff,0xffff,0x0000,0x0000,0x0000,0xffff,0xffff,0x0000,0x0000,0xffff,0xffff,0x0000,0x0000,
	0xffff,0xffff,0x0000,0x0000,0xffff,0x0000,0x0000,0x0000,0xffff,0xffff,0x0000,0x0000,0xffff,0xffff,0x0000,0x0000,0xffff,0xffff,0x0000,0x0000,0x0000,0x0000,0x0000,0x0000,0x0000,0xffff,0xffff,0x0000,0xffff,0xffff,0x0000,0x0000,0x0000,0xffff,0xffff,0x0000,0x0000,0x0000,0x0000,0x0000,0xffff,0xffff,0x0000,0xffff,0xffff,0x0000,0x0000,0x0000,0x0000,0xffff,0xffff,0x0000,0x0000,0xffff,0xffff,0x0000,0x0000,0x0000,0x0000,0xffff,0xffff,0x0000,0x0000,0x0000,0xffff,0xffff,0x0000,0x0000,0xffff,0xffff,0x0000,0x0000,0xffff,0xffff,0x0000,0x0000,0x0000,0xffff,0xffff,0x0000,0x0000,0xffff,0xffff,0x0000,0xffff,0xffff,0x0000,0x0000,0xffff,0xffff,0x0000,0x0000,0xffff,0xffff,0x0000,0x0000,0xffff,0xffff,0x0000,0xffff,0xffff,0x0000,0xffff,0xffff,0xffff,0xffff,0x0000,0xffff,0xffff,0x0000,0xffff,0xffff,0xffff,0xffff,0x0000,0x0000,0x0000,0x0000,0x0000,0x0000,0xffff,0xffff,0x0000,0x0000,0xffff,0xffff,0x0000,0x0000,
	0xffff,0xffff,0x0000,0xffff,0xffff,0xffff,0x0000,0x0000,0xffff,0xffff,0xffff,0xffff,0xffff,0x0000,0x0000,0x0000,0xffff,0xffff,0x0000,0x0000,0x0000,0x0000,0x0000,0x0000,0x0000,0xffff,0xffff,0x0000,0xffff,0xffff,0x0000,0x0000,0xffff,0xffff,0x0000,0x0000,0xffff,0xffff,0x0000,0x0000,0xffff,0xffff,0x0000,0xffff,0xffff,0x0000,0x0000,0x0000,0x0000,0xffff,0xffff,0xffff,0xffff,0xffff,0x0000,0x0000,0x0000,0x0000,0x0000,0xffff,0xffff,0x0000,0x0000,0x0000,0x0000,0xffff,0xffff,0xffff,0xffff,0x0000,0x0000,0x0000,0x0000,0xffff,0xffff,0x0000,0xffff,0xffff,0x0000,0x0000,0x0000,0xffff,0xffff,0x0000,0xffff,0xffff,0x0000,0x0000,0xffff,0xffff,0x0000,0x0000,0xffff,0xffff,0x0000,0x0000,0x0000,0xffff,0xffff,0xffff,0xffff,0xffff,0xffff,0x0000,0x0000,0xffff,0xffff,0xffff,0xffff,0xffff,0xffff,0x0000,0x0000,0xffff,0xffff,0x0000,0x0000,0x0000,0x0000,0x0000,0xffff,0xffff,0x0000,0x0000,0xffff,0xffff,0x0000,0x0000,
	0x0000,0xffff,0xffff,0xffff,0x0000,0xffff,0xffff,0x0000,0xffff,0xffff,0x0000,0x0000,0x0000,0x0000,0x0000,0x0000,0xffff,0xffff,0x0000,0x0000,0x0000,0x0000,0x0000,0x0000,0x0000,0xffff,0xffff,0x0000,0xffff,0xffff,0x0000,0x0000,0xffff,0xffff,0xffff,0xffff,0xffff,0xffff,0x0000,0x0000,0x0000,0xffff,0xffff,0xffff,0x0000,0x0000,0x0000,0x0000,0x0000,0xffff,0xffff,0x0000,0x0000,0x0000,0x0000,0x0000,0x0000,0x0000,0x0000,0xffff,0xffff,0x0000,0x0000,0x0000,0x0000,0x0000,0xffff,0xffff,0x0000,0x0000,0x0000,0x0000,0x0000,0x0000,0xffff,0xffff,0xffff,0x0000,0x0000,0x0000,0xffff,0xffff,0xffff,0x0000,0xffff,0xffff,0xffff,0x0000,0x0000,0xffff,0xffff,0xffff,0xffff,0x0000,0x0000,0x0000,0x0000,0x0000,0x0000,0x0000,0x0000,0x0000,0x0000,0x0000,0x0000,0xffff,0xffff,0x0000,0x0000,0x0000,0x0000,0x0000,0x0000,0x0000,0xffff,0xffff,0xffff,0x0000,0x0000,0x0000,0xffff,0xffff,0x0000,0x0000,0xffff,0xffff,0x0000,0x0000,
	0x0000,0x0000,0x0000,0x0000,0x0000,0x0000,0x0000,0x0000,0xffff,0xffff,0x0000,0x0000,0x0000,0x0000,0x0000,0x0000,0x0000,0x0000,0x0000,0x0000,0x0000,0x0000,0x0000,0x0000,0x0000,0x0000,0x0000,0x0000,0x0000,0x0000,0x0000,0x0000,0x0000,0x0000,0x0000,0x0000,0x0000,0x0000,0x0000,0x0000,0x0000,0x0000,0x0000,0x0000,0x0000,0x0000,0x0000,0x0000,0xffff,0xffff,0x0000,0x0000,0x0000,0x0000,0x0000,0x0000,0x0000,0x0000,0x0000,0x0000,0x0000,0x0000,0x0000,0x0000,0xffff,0xffff,0xffff,0xffff,0xffff,0xffff,0x0000,0x0000,0x0000,0x0000,0x0000,0x0000,0x0000,0x0000,0x0000,0x0000,0x0000,0x0000,0x0000,0x0000,0x0000,0x0000,0x0000,0x0000,0x0000,0x0000,0x0000,0x0000,0x0000,0x0000,0x0000,0x0000,0x0000,0x0000,0x0000,0x0000,0x0000,0x0000,0x0000,0x0000,0xffff,0xffff,0x0000,0x0000,0x0000,0x0000,0x0000,0x0000,0x0000,0x0000,0x0000,0x0000,0x0000,0x0000,0x0000,0x0000,0x0000,0x0000,0x0000,0x0000,0x0000,0x0000,0x0000,0x0000,
	0x0000,0x0000,0x0000,0x0000,0x0000,0x0000,0x0000,0x0000,0x0000,0x0000,0xffff,0xffff,0x0000,0x0000,0x0000,0x0000,0x0000,0xffff,0xffff,0x0000,0x0000,0x0000,0x0000,0x0000,0x0000,0x0000,0x0000,0xffff,0xffff,0x0000,0x0000,0x0000,0x0000,0x0000,0x0000,0x0000,0xffff,0xffff,0xffff,0x0000,0x0000,0x0000,0x0000,0xffff,0xffff,0x0000,0x0000,0x0000,0x0000,0x0000,0xffff,0xffff,0x0000,0x0000,0x0000,0x0000,0x0000,0x0000,0x0000,0x0000,0x0000,0x0000,0x0000,0x0000,0x0000,0x0000,0xffff,0xffff,0xffff,0x0000,0x0000,0x0000,0x0000,0x0000,0x0000,0x0000,0x0000,0x0000,0x0000,0x0000,0x0000,0x0000,0x0000,0x0000,0x0000,0x0000,0x0000,0x0000,0x0000,0x0000,0x0000,0x0000,0xffff,0xffff,0xffff,0xffff,0x0000,0xffff,0xffff,0xffff,0xffff,0x0000,0x0000,0x0000,0x0000,0xffff,0xffff,0xffff,0x0000,0x0000,0x0000,0x0000,0x0000,0x0000,0x0000,0x0000,0x0000,0x0000,0x0000,0x0000,0x0000,0x0000,0x0000,0x0000,0x0000,0x0000,0x0000,0x0000,
	0xffff,0xffff,0xffff,0xffff,0xffff,0xffff,0x0000,0x0000,0x0000,0x0000,0xffff,0xffff,0x0000,0x0000,0x0000,0x0000,0x0000,0x0000,0xffff,0xffff,0x0000,0x0000,0x0000,0x0000,0x0000,0x0000,0xffff,0xffff,0x0000,0x0000,0x0000,0x0000,0x0000,0x0000,0x0000,0xffff,0xffff,0x0000,0xffff,0xffff,0x0000,0x0000,0x0000,0xffff,0xffff,0x0000,0x0000,0x0000,0x0000,0x0000,0xffff,0xffff,0x0000,0x0000,0x0000,0x0000,0x0000,0xffff,0xffff,0xffff,0x0000,0xffff,0xffff,0x0000,0x0000,0xffff,0xffff,0x0000,0xffff,0xffff,0x0000,0x0000,0x0000,0x0000,0x0000,0x0000,0x0000,0x0000,0x0000,0x0000,0x0000,0x0000,0x0000,0x0000,0x0000,0x0000,0x0000,0x0000,0x0000,0x0000,0x0000,0x0000,0xffff,0xffff,0x0000,0x0000,0x0000,0xffff,0xffff,0x0000,0xffff,0xffff,0x0000,0x0000,0x0000,0x0000,0x0000,0xffff,0xffff,0x0000,0x0000,0x0000,0x0000,0x0000,0x0000,0x0000,0x0000,0x0000,0x0000,0x0000,0x0000,0x0000,0x0000,0x0000,0x0000,0x0000,0x0000,0x0000,
	0x0000,0x0000,0x0000,0x0000,0x0000,0x0000,0x0000,0x0000,0xffff,0xffff,0xffff,0xffff,0xffff,0xffff,0x0000,0x0000,0x0000,0x0000,0x0000,0xffff,0xffff,0x0000,0x0000,0x0000,0x0000,0xffff,0xffff,0x0000,0x0000,0x0000,0x0000,0x0000,0x0000,0x0000,0x0000,0xffff,0xffff,0x0000,0xffff,0xffff,0x0000,0x0000,0x0000,0xffff,0xffff,0x0000,0x0000,0x0000,0x0000,0x0000,0x0000,0x0000,0x0000,0x0000,0x0000,0x0000,0xffff,0xffff,0x0000,0xffff,0xffff,0xffff,0x0000,0x0000,0x0000,0xffff,0xffff,0x0000,0xffff,0xffff,0x0000,0x0000,0x0000,0x0000,0x0000,0x0000,0x0000,0x0000,0x0000,0x0000,0x0000,0x0000,0x0000,0x0000,0x0000,0x0000,0x0000,0x0000,0x0000,0x0000,0x0000,0x0000,0xffff,0xffff,0x0000,0x0000,0x0000,0xffff,0xffff,0x0000,0xffff,0xffff,0x0000,0x0000,0x0000,0x0000,0xffff,0xffff,0x0000,0x0000,0x0000,0x0000,0x0000,0x0000,0xffff,0xffff,0xffff,0xffff,0x0000,0x0000,0x0000,0x0000,0x0000,0x0000,0x0000,0x0000,0x0000,0x0000,
	0xffff,0xffff,0xffff,0xffff,0xffff,0xffff,0x0000,0x0000,0x0000,0x0000,0xffff,0xffff,0x0000,0x0000,0x0000,0x0000,0x0000,0x0000,0xffff,0xffff,0x0000,0x0000,0x0000,0x0000,0x0000,0x0000,0xffff,0xffff,0x0000,0x0000,0x0000,0x0000,0x0000,0x0000,0x0000,0xffff,0xffff,0x0000,0x0000,0x0000,0x0000,0x0000,0x0000,0xffff,0xffff,0x0000,0x0000,0x0000,0xffff,0xffff,0xffff,0xffff,0xffff,0xffff,0x0000,0x0000,0x0000,0x0000,0x0000,0x0000,0x0000,0x0000,0x0000,0x0000,0x0000,0x0000,0xffff,0xffff,0xffff,0x0000,0x0000,0x0000,0x0000,0x0000,0x0000,0xffff,0xffff,0x0000,0x0000,0x0000,0x0000,0x0000,0x0000,0x0000,0x0000,0x0000,0x0000,0x0000,0x0000,0x0000,0x0000,0x0000,0xffff,0xffff,0x0000,0x0000,0x0000,0xffff,0xffff,0x0000,0xffff,0xffff,0x0000,0x0000,0x0000,0xffff,0xffff,0x0000,0x0000,0x0000,0x0000,0x0000,0x0000,0x0000,0xffff,0xffff,0xffff,0xffff,0x0000,0x0000,0x0000,0x0000,0x0000,0x0000,0x0000,0x0000,0x0000,0x0000,
	0x0000,0x0000,0x0000,0x0000,0x0000,0x0000,0x0000,0x0000,0x0000,0x0000,0xffff,0xffff,0x0000,0x0000,0x0000,0x0000,0x0000,0xffff,0xffff,0x0000,0x0000,0x0000,0x0000,0x0000,0x0000,0x0000,0x0000,0xffff,0xffff,0x0000,0x0000,0x0000,0x0000,0x0000,0x0000,0xffff,0xffff,0x0000,0x0000,0x0000,0x0000,0x0000,0x0000,0xffff,0xffff,0x0000,0x0000,0x0000,0x0000,0x0000,0x0000,0x0000,0x0000,0x0000,0x0000,0x0000,0x0000,0xffff,0xffff,0xffff,0x0000,0xffff,0xffff,0x0000,0x0000,0x0000,0x0000,0x0000,0x0000,0x0000,0x0000,0x0000,0x0000,0x0000,0x0000,0xffff,0xffff,0x0000,0x0000,0x0000,0x0000,0x0000,0x0000,0xffff,0xffff,0x0000,0x0000,0x0000,0xffff,0xffff,0xffff,0x0000,0xffff,0xffff,0x0000,0x0000,0x0000,0xffff,0xffff,0x0000,0xffff,0xffff,0x0000,0x0000,0x0000,0xffff,0xffff,0xffff,0xffff,0x0000,0x0000,0x0000,0x0000,0x0000,0xffff,0xffff,0xffff,0xffff,0x0000,0x0000,0x0000,0x0000,0x0000,0x0000,0x0000,0x0000,0x0000,0x0000,
	0xffff,0xffff,0xffff,0xffff,0xffff,0xffff,0x0000,0x0000,0x0000,0x0000,0x0000,0x0000,0x0000,0x0000,0x0000,0x0000,0x0000,0x0000,0x0000,0x0000,0x0000,0x0000,0x0000,0x0000,0x0000,0x0000,0x0000,0x0000,0x0000,0x0000,0x0000,0x0000,0x0000,0x0000,0x0000,0xffff,0xffff,0x0000,0x0000,0x0000,0xffff,0xffff,0x0000,0xffff,0xffff,0x0000,0x0000,0x0000,0x0000,0x0000,0xffff,0xffff,0x0000,0x0000,0x0000,0x0000,0xffff,0xffff,0x0000,0xffff,0xffff,0xffff,0x0000,0x0000,0x0000,0x0000,0x0000,0x0000,0x0000,0x0000,0x0000,0x0000,0x0000,0x0000,0x0000,0x0000,0x0000,0x0000,0x0000,0x0000,0x0000,0x0000,0x0000,0x0000,0x0000,0x0000,0x0000,0x0000,0x0000,0xffff,0xffff,0x0000,0xffff,0xffff,0x0000,0x0000,0x0000,0x0000,0x0000,0x0000,0x0000,0x0000,0x0000,0x0000,0x0000,0x0000,0x0000,0x0000,0x0000,0x0000,0x0000,0x0000,0x0000,0x0000,0xffff,0xffff,0xffff,0xffff,0x0000,0x0000,0x0000,0x0000,0x0000,0x0000,0x0000,0x0000,0x0000,0x0000,
	0x0000,0x0000,0x0000,0x0000,0x0000,0x0000,0x0000,0x0000,0xffff,0xffff,0xffff,0xffff,0xffff,0xffff,0x0000,0x0000,0xffff,0xffff,0xffff,0xffff,0xffff,0xffff,0x0000,0x0000,0xffff,0xffff,0xffff,0xffff,0xffff,0xffff,0x0000,0x0000,0x0000,0x0000,0x0000,0xffff,0xffff,0x0000,0x0000,0x0000,0xffff,0xffff,0x0000,0xffff,0xffff,0x0000,0x0000,0x0000,0x0000,0x0000,0xffff,0xffff,0x0000,0x0000,0x0000,0x0000,0x0000,0x0000,0x0000,0x0000,0x0000,0x0000,0x0000,0x0000,0x0000,0x0000,0x0000,0x0000,0x0000,0x0000,0x0000,0x0000,0x0000,0x0000,0x0000,0x0000,0x0000,0x0000,0x0000,0x0000,0x0000,0x0000,0x0000,0x0000,0x0000,0x0000,0x0000,0x0000,0x0000,0x0000,0xffff,0xffff,0xffff,0xffff,0x0000,0x0000,0x0000,0x0000,0x0000,0x0000,0x0000,0x0000,0x0000,0x0000,0x0000,0x0000,0x0000,0x0000,0x0000,0x0000,0x0000,0x0000,0x0000,0x0000,0x0000,0x0000,0x0000,0x0000,0x0000,0x0000,0x0000,0x0000,0x0000,0x0000,0x0000,0x0000,0x0000,0x0000,
	0x0000,0x0000,0x0000,0x0000,0x0000,0x0000,0x0000,0x0000,0x0000,0x0000,0x0000,0x0000,0x0000,0x0000,0x0000,0x0000,0x0000,0x0000,0x0000,0x0000,0x0000,0x0000,0x0000,0x0000,0x0000,0x0000,0x0000,0x0000,0x0000,0x0000,0x0000,0x0000,0x0000,0x0000,0x0000,0xffff,0xffff,0x0000,0x0000,0x0000,0x0000,0xffff,0xffff,0xffff,0x0000,0x0000,0x0000,0x0000,0x0000,0x0000,0x0000,0x0000,0x0000,0x0000,0x0000,0x0000,0x0000,0x0000,0x0000,0x0000,0x0000,0x0000,0x0000,0x0000,0x0000,0x0000,0x0000,0x0000,0x0000,0x0000,0x0000,0x0000,0x0000,0x0000,0x0000,0x0000,0x0000,0x0000,0x0000,0x0000,0x0000,0x0000,0x0000,0x0000,0x0000,0x0000,0x0000,0x0000,0x0000,0x0000,0x0000,0xffff,0xffff,0xffff,0x0000,0x0000,0x0000,0x0000,0x0000,0x0000,0x0000,0x0000,0x0000,0x0000,0x0000,0x0000,0x0000,0x0000,0x0000,0x0000,0x0000,0x0000,0x0000,0x0000,0x0000,0x0000,0x0000,0x0000,0x0000,0x0000,0x0000,0x0000,0x0000,0x0000,0x0000,0x0000,0x0000,0x0000
};

const unsigned char asciiMap2[2048] = {
	0x3f,0xe7,0x8f,0x3f,0x8f,0xaf,0x9f,0xe7,0x8f,0x07,0xe7,0x0f,0x07,0x07,0x77,0xbf,
	0xff,0xff,0x77,0xff,0x77,0xff,0xff,0x8f,0x77,0xff,0xff,0x77,0xff,0xff,0x8f,0xff,
	0x8f,0x8f,0x8f,0x07,0x07,0x07,0x1f,0x77,0x8f,0x8f,0x77,0x4f,0x8f,0x8f,0xff,0x1f,
	0x77,0x77,0x77,0x7f,0x7f,0x7f,0xbf,0x77,0x77,0x77,0x77,0x77,0xf7,0x77,0x87,0xbf,
	0x07,0x07,0x07,0x1f,0x1f,0x1f,0xbf,0x77,0x77,0x77,0x77,0x77,0x87,0x77,0x77,0xbf,
	0x77,0x77,0x77,0x7f,0x7f,0x7f,0xbf,0x77,0x77,0x77,0x77,0x77,0x77,0x77,0x87,0xbf,
	0x77,0x77,0x77,0x07,0x07,0x07,0x1f,0x8f,0x8f,0x8f,0x8f,0x4f,0x87,0x8f,0xf7,0x1f,
	0xff,0xff,0xff,0xff,0xff,0xff,0xff,0xff,0xff,0xff,0xff,0x7f,0xff,0xff,0x0f,0xff,
	0xff,0xff,0xff,0x87,0xff,0xdf,0xdf,0x77,0x8f,0xff,0xff,0xff,0xff,0xff,0xff,0xff,
	0xff,0x87,0xff,0x7f,0x87,0xaf,0xaf,0x8f,0x77,0xff,0xff,0xff,0xff,0xff,0xff,0xff,
	0x3f,0x5f,0xa7,0x8f,0x7f,0xff,0xff,0xff,0x8f,0xff,0xff,0xff,0xff,0xff,0xff,0xff,
	0xbf,0x4f,0x5b,0xf7,0x8f,0x77,0x77,0x07,0x77,0xff,0xff,0xff,0xff,0xff,0xff,0xff,
	0xbf,0x5f,0x47,0x77,0xf7,0x57,0x57,0xcf,0x07,0xff,0xff,0xff,0xff,0xff,0xff,0xff,
	0xbf,0x5f,0x5f,0x8f,0x0f,0x27,0x57,0xbf,0x7f,0xff,0xff,0xff,0xff,0xff,0xff,0xff,
	0x1f,0x87,0xa3,0xf7,0xf7,0x77,0x87,0x07,0x87,0xff,0xff,0xff,0xff,0xff,0xff,0xff,
	0xff,0xff,0xff,0xcf,0xcf,0xff,0xff,0xff,0xff,0xff,0xff,0xff,0xff,0xff,0xff,0xff,
	0xff,0x7f,0xaf,0xaf,0xdf,0x77,0xdf,0xbf,0xcf,0x3f,0xff,0xff,0xff,0xff,0xff,0xf7,
	0xff,0x7f,0xaf,0xaf,0x87,0x6f,0xaf,0xbf,0xbf,0xdf,0xff,0xdf,0xff,0xff,0xff,0xef,
	0xff,0x7f,0x5f,0x07,0x7f,0xef,0xdf,0x7f,0x7f,0xef,0x6f,0xdf,0xff,0xff,0xff,0xef,
	0xff,0x7f,0xff,0xaf,0x8f,0xdf,0x97,0xff,0x7f,0xef,0x9f,0x07,0xff,0x07,0xff,0xdf,
	0xff,0x7f,0xff,0x07,0xf7,0xbf,0x4f,0xff,0x7f,0xef,0x6f,0xdf,0xff,0xff,0xff,0xbf,
	0xff,0xff,0xff,0xaf,0x0f,0xb7,0x6f,0xff,0xbf,0xdf,0xff,0xdf,0x7f,0xff,0x7f,0xbf,
	0xff,0x7f,0xff,0xaf,0xdf,0x77,0x97,0xff,0xcf,0x3f,0xff,0xff,0x7f,0xff,0x7f,0x7f,
	0xff,0xff,0xff,0xff,0xff,0xff,0xff,0xff,0xff,0xff,0xff,0xff,0x7f,0xff,0xff,0xff,
	0x8f,0xdf,0x8f,0x8f,0xe7,0x07,0xcf,0x07,0x8f,0x8f,0xff,0xff,0xef,0xff,0x7f,0x8f,
	0x77,0x9f,0x77,0x77,0xd7,0x7f,0xbf,0x77,0x77,0x77,0x7f,0x7f,0xdf,0xff,0xbf,0x77,
	0x67,0xdf,0xf7,0xf7,0xb7,0x0f,0x7f,0xf7,0x77,0x77,0x7f,0x7f,0xbf,0x07,0xdf,0xf7,
	0x57,0xdf,0xcf,0xcf,0x77,0xf7,0x0f,0xef,0x8f,0x87,0xff,0xff,0x7f,0xff,0xef,0xef,
	0x37,0xdf,0xbf,0xf7,0x07,0xf7,0x77,0xdf,0x77,0xf7,0xff,0xff,0xbf,0xff,0xdf,0xdf,
	0x77,0xdf,0x77,0x77,0xf7,0x77,0x77,0xdf,0x77,0xef,0x7f,0x7f,0xdf,0x07,0xbf,0xff,
	0x8f,0x07,0x07,0x8f,0xf7,0x8f,0x8f,0xdf,0x8f,0x9f,0x7f,0x7f,0xef,0xff,0x7f,0xdf,
	0xff,0xff,0xff,0xff,0xff,0xff,0xff,0xff,0xff,0xff,0xff,0x7f,0xff,0xff,0xff,0xff,
	0x87,0x8f,0x0f,0x8f,0x0f,0x07,0x07,0x87,0x77,0x1f,0xf7,0x77,0x7f,0x77,0x77,0x8f,
	0x7b,0x77,0x77,0x77,0x77,0x7f,0x7f,0x7f,0x77,0xbf,0xf7,0x6f,0x7f,0x27,0x37,0x77,
	0x4b,0x07,0x0f,0x7f,0x77,0x1f,0x1f,0x67,0x07,0xbf,0xf7,0x1f,0x7f,0x57,0x57,0x77,
	0x4b,0x77,0x77,0x7f,0x77,0x7f,0x7f,0x77,0x77,0xbf,0xf7,0x6f,0x7f,0x77,0x67,0x77,
	0x43,0x77,0x77,0x7f,0x77,0x7f,0x7f,0x77,0x77,0xbf,0xf7,0x77,0x7f,0x77,0x77,0x77,
	0x7f,0x77,0x77,0x77,0x77,0x7f,0x7f,0x77,0x77,0xbf,0x77,0x77,0x7f,0x77,0x77,0x77,
	0x87,0x77,0x0f,0x8f,0x0f,0x07,0x7f,0x8f,0x77,0x1f,0x8f,0x77,0x07,0x77,0x77,0x8f,
	0xff,0xff,0xff,0xff,0xff,0xff,0xff,0xff,0xff,0xff,0xff,0xff,0xff,0xff,0xff,0xff,
	0x0f,0x8f,0x0f,0x87,0x07,0x77,0x77,0x77,0x77,0x77,0x07,0x1f,0x7f,0x1f,0xdf,0xff,
	0x77,0x77,0x77,0x7f,0xdf,0x77,0x77,0x77,0xaf,0xaf,0xf7,0x7f,0xbf,0xdf,0xaf,0xff,
	0x0f,0x77,0x0f,0x8f,0xdf,0x77,0x77,0x77,0xdf,0xdf,0xef,0x7f,0xbf,0xdf,0x77,0xff,
	0x7f,0x77,0x77,0xf7,0xdf,0x77,0x77,0x77,0xaf,0xdf,0xdf,0x7f,0xdf,0xdf,0xff,0xff,
	0x7f,0x77,0x77,0xf7,0xdf,0x77,0xaf,0x57,0x77,0xdf,0xbf,0x7f,0xef,0xdf,0xff,0xff,
	0x7f,0x6f,0x77,0x77,0xdf,0x77,0xaf,0x27,0x77,0xdf,0x7f,0x7f,0xef,0xdf,0xff,0xff,
	0x7f,0x97,0x77,0x8f,0xdf,0x8f,0xdf,0x77,0x77,0xdf,0x07,0x1f,0xf7,0x1f,0xff,0xff,
	0xff,0xff,0xff,0xff,0xff,0xff,0xff,0xff,0xff,0xff,0xff,0xff,0xff,0xff,0xff,0x07,
	0x7f,0xff,0x7f,0xff,0xf7,0xff,0xcf,0xff,0x7f,0x7f,0xf7,0x7f,0x7f,0xff,0xff,0xff,
	0x7f,0xff,0x7f,0xff,0xf7,0xff,0xbf,0xff,0x7f,0xff,0xff,0x7f,0x7f,0xff,0xff,0xff,
	0xbf,0x8f,0x4f,0x8f,0x97,0x8f,0x0f,0x87,0x4f,0x7f,0xf7,0x6f,0x7f,0x2f,0x0f,0x8f,
	0xff,0xf7,0x37,0x77,0x67,0x77,0xbf,0x77,0x37,0x7f,0xf7,0x5f,0x7f,0x57,0x77,0x77,
	0xff,0x87,0x77,0x7f,0x77,0x07,0xbf,0x77,0x77,0x7f,0xf7,0x3f,0x7f,0x57,0x77,0x77,
	0xff,0x77,0x77,0x77,0x77,0x7f,0xbf,0x87,0x77,0x7f,0x77,0x5f,0x7f,0x77,0x77,0x77,
	0xff,0x87,0x0f,0x8f,0x87,0x87,0xbf,0xf7,0x77,0x7f,0x77,0x6f,0xbf,0x77,0x77,0x8f,
	0xff,0xff,0xff,0xff,0xff,0xff,0xff,0x0f,0xff,0xff,0x8f,0xff,0xff,0xff,0xff,0xff,
	0xff,0xff,0xff,0xff,0xbf,0xff,0xff,0xff,0xff,0xff,0xff,0xcf,0x7f,0x3f,0x9b,0xff,
	0xff,0xff,0xff,0xff,0xbf,0xff,0xff,0xff,0xff,0xff,0xff,0xbf,0x7f,0xdf,0x67,0xff,
	0x4f,0x97,0x4f,0x87,0x1f,0x77,0x77,0x77,0x77,0x77,0x07,0xbf,0x7f,0xdf,0xff,0xdf,
	0x37,0x67,0x37,0x7f,0xbf,0x77,0x77,0x77,0xaf,0x77,0xef,0x7f,0xff,0xef,0xff,0xaf,
	0x77,0x77,0x7f,0x8f,0xbf,0x77,0x77,0x57,0xdf,0x77,0xdf,0xbf,0x7f,0xdf,0xff,0x77,
	0x0f,0x87,0x7f,0xf7,0xbf,0x77,0xaf,0x57,0xaf,0x87,0xbf,0xbf,0x7f,0xdf,0xff,0x77,
	0x7f,0xf7,0x7f,0x0f,0xdf,0x87,0xdf,0x87,0x77,0xf7,0x07,0xcf,0x7f,0x3f,0xff,0x07,
	0x7f,0xf7,0xff,0xff,0xff,0xff,0xff,0xff,0xff,0x0f,0xff,0xff,0xff,0xff,0xff,0xff,
	0x8f,0xaf,0xe7,0x8f,0xaf,0x3f,0xdf,0xff,0x8f,0xaf,0x3f,0x5f,0x8f,0x3f,0x77,0xdf,
	0x77,0xff,0xff,0x77,0xff,0xff,0xff,0x8f,0x77,0xff,0xff,0xff,0x77,0xff,0x8f,0xff,
	0x7f,0x77,0x8f,0x8f,0x8f,0x8f,0x8f,0x77,0x8f,0x8f,0x8f,0xbf,0xdf,0xbf,0x77,0x8f,
	0x7f,0x77,0x77,0xf7,0xf7,0xf7,0xf7,0x7f,0x77,0x77,0x77,0xbf,0xdf,0xbf,0x07,0x77,
	0x77,0x77,0x07,0x87,0x87,0x87,0x87,0x77,0x07,0x07,0x07,0xbf,0xdf,0xbf,0x77,0x07,
	0x8f,0x77,0x7f,0x77,0x77,0x77,0x77,0x8f,0x7f,0x7f,0x7f,0xbf,0xdf,0xbf,0x77,0x77,
	0xf7,0x87,0x87,0x87,0x87,0x87,0x87,0xf7,0x87,0x87,0x87,0xbf,0xdf,0xbf,0x77,0x77,
	0xcf,0xff,0xff,0xff,0xff,0xff,0xff,0xcf,0xff,0xff,0xff,0xff,0xff,0xff,0xff,0xff,
	0xe7,0xff,0x87,0x8f,0xaf,0x3f,0x8f,0x3f,0xaf,0x77,0x77,0xff,0xcf,0x8f,0xff,0xef,
	0xff,0xff,0x5f,0x77,0xff,0xff,0x77,0xff,0xff,0x8f,0xff,0xff,0xb7,0x77,0xff,0xd7,
	0x07,0xaf,0x0f,0x8f,0x8f,0x8f,0xff,0x77,0x77,0x77,0x77,0x8f,0xbf,0x67,0x5f,0xdf,
	0x7f,0xd7,0x5f,0x77,0x77,0x77,0x77,0x77,0x77,0x77,0x77,0x67,0x0f,0x57,0xbf,0x8f,
	0x1f,0x87,0x5f,0x77,0x77,0x77,0x77,0x77,0x77,0x77,0x77,0x57,0xbf,0x37,0x5f,0xdf,
	0x7f,0x5f,0x5f,0x77,0x77,0x77,0x77,0x77,0x87,0x77,0x77,0x37,0xbf,0x77,0xff,0xdf,
	0x07,0x87,0x47,0x8f,0x8f,0x8f,0x87,0x87,0xf7,0x8f,0x8f,0x8f,0x07,0x8f,0xff,0x5f,
	0xff,0xff,0xff,0xff,0xff,0xff,0xff,0xff,0x0f,0xff,0xff,0xff,0xff,0xff,0xff,0xbf,
	0xe7,0x3f,0xe7,0xe7,0x07,0x07,0x8f,0x8f,0xdf,0xff,0xff,0x77,0x77,0xff,0xff,0xff,
	0xff,0xff,0xff,0xff,0xff,0xff,0xf7,0x77,0xff,0x87,0xff,0x6f,0x6f,0x7f,0xd7,0x5f,
	0x8f,0x7f,0x8f,0x77,0x0f,0x77,0x07,0x77,0xdf,0x4b,0xff,0xef,0xef,0xff,0xaf,0xaf,
	0xf7,0x7f,0x77,0x77,0x77,0x37,0x87,0x8f,0xbf,0x5b,0x07,0xdf,0xdf,0x7f,0x5f,0xd7,
	0x87,0x7f,0x77,0x77,0x77,0x57,0xff,0xff,0x7f,0x2b,0xf7,0xb7,0xa7,0x7f,0xaf,0xaf,
	0x77,0x7f,0x77,0x77,0x77,0x67,0x07,0x07,0x77,0x87,0xf7,0xaf,0xa7,0x7f,0xd7,0x5f,
	0x87,0x7f,0x8f,0x87,0x77,0x77,0xff,0xff,0x8f,0xff,0xff,0x67,0x77,0x7f,0xff,0xff,
	0xff,0xff,0xff,0xff,0xff,0xff,0xff,0xff,0xff,0xff,0xff,0xff,0xff,0xff,0xff,0xff,
	0xdd,0xaa,0x24,0xe7,0xe7,0xe7,0xc9,0xff,0xff,0xc9,0xc9,0xff,0xc9,0xc9,0xe7,0xff,
	0x77,0x55,0x88,0xe7,0xe7,0xe7,0xc9,0xff,0xff,0xc9,0xc9,0xff,0xc9,0xc9,0xe7,0xff,
	0xdd,0xaa,0x24,0xe7,0xe7,0x07,0xc9,0xff,0x07,0x09,0xc9,0x01,0x09,0xc9,0x07,0xff,
	0x77,0x55,0x11,0xe7,0xe7,0xe7,0xc9,0xff,0xe7,0xf9,0xc9,0xf9,0xf9,0xc9,0xe7,0xff,
	0xdd,0xaa,0x24,0xe7,0x07,0x07,0x09,0x01,0x07,0x09,0xc9,0x09,0x01,0x01,0x07,0x07,
	0x77,0x55,0x88,0xe7,0xe7,0xe7,0xc9,0xc9,0xe7,0xc9,0xc9,0xc9,0xff,0xff,0xff,0xe7,
	0xdd,0xaa,0x24,0xe7,0xe7,0xe7,0xc9,0xc9,0xe7,0xc9,0xc9,0xc9,0xff,0xff,0xff,0xe7,
	0x77,0x55,0x11,0xe7,0xe7,0xe7,0xc9,0xc9,0xe7,0xc9,0xc9,0xc9,0xff,0xff,0xff,0xe7,
	0xe7,0xe7,0xff,0xe7,0xff,0xe7,0xe7,0xc9,0xc9,0xff,0xc9,0xff,0xc9,0xff,0xc9,0xe7,
	0xe7,0xe7,0xff,0xe7,0xff,0xe7,0xe7,0xc9,0xc9,0xff,0xc9,0xff,0xc9,0xff,0xc9,0xe7,
	0xe7,0xe7,0xff,0xe7,0xff,0xe7,0xe0,0xc9,0xc8,0xc0,0x08,0x00,0xc8,0x00,0x08,0x00,
	0xe7,0xe7,0xff,0xe7,0xff,0xe7,0xe7,0xc9,0xcf,0xcf,0xff,0xff,0xcf,0xff,0xff,0xff,
	0xe0,0x00,0x00,0xe0,0x00,0x00,0xe0,0xc8,0xc0,0xc8,0x00,0x08,0xc8,0x00,0x08,0x00,
	0xff,0xff,0xe7,0xe7,0xff,0xe7,0xe7,0xc9,0xff,0xc9,0xff,0xc9,0xc9,0xff,0xc9,0xff,
	0xff,0xff,0xe7,0xe7,0xff,0xe7,0xe7,0xc9,0xff,0xc9,0xff,0xc9,0xc9,0xff,0xc9,0xff,
	0xff,0xff,0xe7,0xe7,0xff,0xe7,0xe7,0xc9,0xff,0xc9,0xff,0xc9,0xc9,0xff,0xc9,0xff,
	0xc9,0xff,0xff,0xc9,0xe7,0xff,0xff,0xc9,0xe7,0xe7,0xff,0x00,0xff,0x0f,0xf0,0x00,
	0xc9,0xff,0xff,0xc9,0xe7,0xff,0xff,0xc9,0xe7,0xe7,0xff,0x00,0xff,0x0f,0xf0,0x00,
	0xc9,0x00,0xff,0xc9,0xe0,0xe0,0xff,0xc9,0x00,0xe7,0xff,0x00,0xff,0x0f,0xf0,0x00,
	0xc9,0xff,0xff,0xc9,0xe7,0xe7,0xff,0xc9,0xe7,0xe7,0xff,0x00,0xff,0x0f,0xf0,0x00,
	0x00,0x00,0x00,0xc0,0xe0,0xe0,0xc0,0x00,0x00,0x07,0xe0,0x00,0x00,0x0f,0xf0,0xff,
	0xff,0xe7,0xc9,0xff,0xff,0xe7,0xc9,0xc9,0xe7,0xff,0xe7,0x00,0x00,0x0f,0xf0,0xff,
	0xff,0xe7,0xc9,0xff,0xff,0xe7,0xc9,0xc9,0xe7,0xff,0xe7,0x00,0x00,0x0f,0xf0,0xff,
	0xff,0xe7,0xc9,0xff,0xff,0xe7,0xc9,0xc9,0xe7,0xff,0xe7,0x00,0x00,0x0f,0xf0,0xff,
	0xff,0xff,0xff,0xff,0x03,0xff,0xff,0xff,0x03,0xc7,0xc7,0xe3,0xff,0xf9,0xc7,0x87,
	0xff,0x87,0x03,0x01,0x33,0xff,0x99,0x89,0xcf,0x93,0x93,0xcf,0xff,0xf3,0x9f,0x33,
	0x89,0x33,0x33,0x93,0x9f,0x81,0x99,0x23,0x87,0x39,0x39,0xe7,0x81,0x81,0x3f,0x33,
	0x23,0x07,0x3f,0x93,0xcf,0x27,0x99,0xe7,0x33,0x01,0x39,0x83,0x24,0x24,0x07,0x33,
	0x37,0x33,0x3f,0x93,0x9f,0x27,0x99,0xe7,0x33,0x39,0x93,0x33,0x24,0x24,0x3f,0x33,
	0x23,0x07,0x3f,0x93,0x33,0x27,0x83,0xe7,0x87,0x93,0x93,0x33,0x81,0x81,0x9f,0x33,
	0x89,0x3f,0x3f,0x93,0x03,0x8f,0x9f,0xe7,0xcf,0xc7,0x11,0x87,0xff,0x9f,0xc7,0x33,
	0xff,0x3f,0xff,0xff,0xff,0xff,0x3f,0xff,0x03,0xff,0xff,0xff,0xff,0x3f,0xff,0xff,
	0xff,0xcf,0x9f,0xe7,0xf1,0xe7,0xcf,0xff,0xc7,0xff,0xff,0xf0,0x87,0x8f,0xff,0xff,
	0x03,0xcf,0xcf,0xcf,0xe4,0xe7,0xcf,0x89,0x93,0xff,0xff,0xf3,0x93,0xe7,0xff,0xff,
	0xff,0x03,0xe7,0x9f,0xe4,0xe7,0xff,0x23,0x93,0xff,0xff,0xf3,0x93,0xcf,0xc3,0xff,
	0x03,0xcf,0xcf,0xcf,0xe7,0xe7,0x03,0xff,0xc7,0xe7,0xff,0xf3,0x93,0x9f,0xc3,0xff,
	0xff,0xcf,0x9f,0xe7,0xe7,0xe7,0xff,0x89,0xff,0xe7,0xe7,0x13,0x93,0x87,0xc3,0xff,
	0x03,0xff,0xff,0xff,0xe7,0x27,0xcf,0x23,0xff,0xff,0xff,0x93,0xff,0xff,0xc3,0xff,
	0xff,0x03,0x03,0x03,0xe7,0x27,0xcf,0xff,0xff,0xff,0xff,0xc3,0xff,0xff,0xff,0xff,
	0xff,0xff,0xff,0xff,0xe7,0x8f,0xff,0xff,0xff,0xff,0xff,0xe3,0xff,0xff,0xff,0xff
};

const static char asciiLength[256] = {
    6, 6, 6, 6, 6, 6, 4, 6, 6, 6, 6, 6, 6, 6, 6, 4,
    4, 6, 6, 6, 6, 6, 6, 6, 6, 6, 6, 6, 6, 6, 6, 6,
    6, 2, 6, 6, 6, 6, 6, 3, 5, 5, 5, 6, 2, 6, 2, 6,
    6, 6, 6, 6, 6, 6, 6, 6, 6, 6, 2, 2, 6, 6, 6, 6,
    6, 6, 6, 6, 6, 6, 6, 6, 6, 6, 6, 6, 6, 6, 6, 6,
    6, 6, 6, 6, 6, 6, 6, 6, 6, 6, 6, 4, 6, 4, 6, 6,
    3, 6, 6, 6, 6, 6, 6, 6, 6, 2, 6, 6, 3, 6, 6, 6,
    6, 6, 6, 6, 4, 6, 6, 6, 6, 6, 6, 5, 2, 5, 6, 6,
    6, 6, 6, 6, 6, 6, 6, 6, 6, 6, 6, 4, 6, 3, 6, 6,
    6, 6, 6, 6, 6, 6, 6, 6, 6, 6, 6, 6, 6, 6, 4, 6,
    6, 3, 6, 6, 6, 6, 6, 6, 6, 6, 6, 6, 6, 2, 6, 6,
    6, 6, 6, 6, 6, 6, 6, 6, 6, 6, 6, 6, 6, 6, 6, 6,
    6, 6, 6, 6, 6, 6, 6, 6, 6, 6, 6, 6, 6, 6, 6, 6,
    6, 6, 6, 6, 6, 6, 6, 6, 6, 6, 6, 6, 6, 6, 6, 6,
    6, 6, 6, 6, 6, 6, 6, 6, 6, 6, 6, 6, 6, 6, 6, 6,
    6, 6, 6, 6, 6, 6, 6, 6, 6, 6, 6, 6, 6, 6, 6, 6,
};

const static color_t recipeSelector[12800] = {
	0x0001,0x0001,0x0001,0x0001,0x0000,0x0000,0x0000,0x0000,0x0000,0x0000,0x0000,0x0000,0x0000,0x0000,0x0000,0x0000,0x0000,0x0000,0x0000,0x0000,0x0000,0x0000,0x0000,0x0000,0x0000,0x0000,0x0000,0x0000,0x0000,0x0000,0x0000,0x0000,0x0000,0x0000,0x0000,0x0000,0x0000,0x0000,0x0000,0x0000,0x0000,0x0000,0x0000,0x0000,0x0000,0x0000,0x0000,0x0000,0x0000,0x0000,0x0000,0x0000,0x0000,0x0000,0x0000,0x0000,0x0000,0x0000,0x0000,0x0000,0x0000,0x0000,0x0000,0x0000,0x0000,0x0000,0x0000,0x0000,0x0000,0x0000,0x0000,0x0000,0x0000,0x0000,0x0000,0x0000,0x0000,0x0000,0x0000,0x0000,0x0000,0x0000,0x0000,0x0000,0x0000,0x0000,0x0000,0x0000,0x0000,0x0000,0x0000,0x0000,0x0000,0x0000,0x0001,0x0001,0x0001,0x0001,0x0001,0x0001,
	0x0001,0x0001,0x0001,0x0001,0x0000,0x0000,0x0000,0x0000,0x0000,0x0000,0x0000,0x0000,0x0000,0x0000,0x0000,0x0000,0x0000,0x0000,0x0000,0x0000,0x0000,0x0000,0x0000,0x0000,0x0000,0x0000,0x0000,0x0000,0x0000,0x0000,0x0000,0x0000,0x0000,0x0000,0x0000,0x0000,0x0000,0x0000,0x0000,0x0000,0x0000,0x0000,0x0000,0x0000,0x0000,0x0000,0x0000,0x0000,0x0000,0x0000,0x0000,0x0000,0x0000,0x0000,0x0000,0x0000,0x0000,0x0000,0x0000,0x0000,0x0000,0x0000,0x0000,0x0000,0x0000,0x0000,0x0000,0x0000,0x0000,0x0000,0x0000,0x0000,0x0000,0x0000,0x0000,0x0000,0x0000,0x0000,0x0000,0x0000,0x0000,0x0000,0x0000,0x0000,0x0000,0x0000,0x0000,0x0000,0x0000,0x0000,0x0000,0x0000,0x0000,0x0000,0x0001,0x0001,0x0001,0x0001,0x0001,0x0001,
	0x0001,0x0001,0x0000,0x0000,0xffff,0xffff,0xffff,0xffff,0xffff,0xffff,0xffff,0xffff,0xffff,0xffff,0xffff,0xffff,0xffff,0xffff,0xffff,0xffff,0xffff,0xffff,0xffff,0xffff,0xffff,0xffff,0xffff,0xffff,0xffff,0xffff,0xffff,0xffff,0xffff,0xffff,0xffff,0xffff,0xffff,0xffff,0xffff,0xffff,0xffff,0xffff,0xffff,0xffff,0xffff,0xffff,0xffff,0xffff,0xffff,0xffff,0xffff,0xffff,0xffff,0xffff,0xffff,0xffff,0xffff,0xffff,0xffff,0xffff,0xffff,0xffff,0xffff,0xffff,0xffff,0xffff,0xffff,0xffff,0xffff,0xffff,0xffff,0xffff,0xffff,0xffff,0xffff,0xffff,0xffff,0xffff,0xffff,0xffff,0xffff,0xffff,0xffff,0xffff,0xffff,0xffff,0xffff,0xffff,0xffff,0xffff,0xffff,0xffff,0xffff,0xffff,0x0000,0x0000,0x0001,0x0001,0x0001,0x0001,
	0x0001,0x0001,0x0000,0x0000,0xffff,0xffff,0xffff,0xffff,0xffff,0xffff,0xffff,0xffff,0xffff,0xffff,0xffff,0xffff,0xffff,0xffff,0xffff,0xffff,0xffff,0xffff,0xffff,0xffff,0xffff,0xffff,0xffff,0xffff,0xffff,0xffff,0xffff,0xffff,0xffff,0xffff,0xffff,0xffff,0xffff,0xffff,0xffff,0xffff,0xffff,0xffff,0xffff,0xffff,0xffff,0xffff,0xffff,0xffff,0xffff,0xffff,0xffff,0xffff,0xffff,0xffff,0xffff,0xffff,0xffff,0xffff,0xffff,0xffff,0xffff,0xffff,0xffff,0xffff,0xffff,0xffff,0xffff,0xffff,0xffff,0xffff,0xffff,0xffff,0xffff,0xffff,0xffff,0xffff,0xffff,0xffff,0xffff,0xffff,0xffff,0xffff,0xffff,0xffff,0xffff,0xffff,0xffff,0xffff,0xffff,0xffff,0xffff,0xffff,0xffff,0xffff,0x0000,0x0000,0x0001,0x0001,0x0001,0x0001,
	0x0000,0x0000,0xffff,0xffff,0xffff,0xffff,0xffff,0xffff,0xffff,0xffff,0xffff,0xffff,0xffff,0xffff,0xffff,0xffff,0xffff,0xffff,0xffff,0xffff,0xffff,0xffff,0xffff,0xffff,0xffff,0xffff,0xffff,0xffff,0xffff,0xffff,0xffff,0xffff,0xffff,0xffff,0xffff,0xffff,0xffff,0xffff,0xffff,0xffff,0xffff,0xffff,0xffff,0xffff,0xffff,0xffff,0xffff,0xffff,0xffff,0xffff,0xffff,0xffff,0xffff,0xffff,0xffff,0xffff,0xffff,0xffff,0xffff,0xffff,0xffff,0xffff,0xffff,0xffff,0xffff,0xffff,0xffff,0xffff,0xffff,0xffff,0xffff,0xffff,0xffff,0xffff,0xffff,0xffff,0xffff,0xffff,0xffff,0xffff,0xffff,0xffff,0xffff,0xffff,0xffff,0xffff,0xffff,0xffff,0xffff,0xffff,0xffff,0xffff,0xffff,0xffff,0xc638,0xc638,0x0000,0x0000,0x0001,0x0001,
	0x0000,0x0000,0xffff,0xffff,0xffff,0xffff,0xffff,0xffff,0xffff,0xffff,0xffff,0xffff,0xffff,0xffff,0xffff,0xffff,0xffff,0xffff,0xffff,0xffff,0xffff,0xffff,0xffff,0xffff,0xffff,0xffff,0xffff,0xffff,0xffff,0xffff,0xffff,0xffff,0xffff,0xffff,0xffff,0xffff,0xffff,0xffff,0xffff,0xffff,0xffff,0xffff,0xffff,0xffff,0xffff,0xffff,0xffff,0xffff,0xffff,0xffff,0xffff,0xffff,0xffff,0xffff,0xffff,0xffff,0xffff,0xffff,0xffff,0xffff,0xffff,0xffff,0xffff,0xffff,0xffff,0xffff,0xffff,0xffff,0xffff,0xffff,0xffff,0xffff,0xffff,0xffff,0xffff,0xffff,0xffff,0xffff,0xffff,0xffff,0xffff,0xffff,0xffff,0xffff,0xffff,0xffff,0xffff,0xffff,0xffff,0xffff,0xffff,0xffff,0xffff,0xffff,0xc638,0xc638,0x0000,0x0000,0x0001,0x0001,
	0x0000,0x0000,0xffff,0xffff,0xffff,0xffff,0xffff,0xc638,0xc638,0xc638,0xc638,0xc638,0xc638,0xc638,0xc638,0xc638,0xc638,0xc638,0xc638,0xc638,0xc638,0xc638,0xc638,0xc638,0xc638,0xc638,0xc638,0xc638,0xc638,0xc638,0xc638,0xc638,0xc638,0xc638,0xc638,0xc638,0xc638,0xc638,0xc638,0xc638,0xc638,0xc638,0xc638,0xc638,0xc638,0xc638,0xc638,0xc638,0xc638,0xc638,0xc638,0xc638,0xc638,0xc638,0xc638,0xc638,0xc638,0xc638,0xc638,0xc638,0xc638,0xc638,0xc638,0xc638,0xc638,0xc638,0xc638,0xc638,0xc638,0xc638,0xc638,0xc638,0xc638,0xc638,0xc638,0xc638,0xc638,0xc638,0xc638,0xc638,0xc638,0xc638,0xc638,0xc638,0xc638,0xc638,0xc638,0xc638,0xc638,0xc638,0xc638,0xc638,0xc638,0xc638,0x52aa,0x52aa,0x52aa,0x52aa,0x0000,0x0000,
	0x0000,0x0000,0xffff,0xffff,0xffff,0xffff,0xc638,0xc638,0xc638,0xc638,0xc638,0xc638,0xc638,0xc638,0xc638,0xc638,0xc638,0xc638,0xc638,0xc638,0xc638,0xc638,0xc638,0xc638,0xc638,0xc638,0xc638,0xc638,0xc638,0xc638,0xc638,0xc638,0xc638,0xc638,0xc638,0xc638,0xc638,0xc638,0xc638,0xc638,0xc638,0xc638,0xc638,0xc638,0xc638,0xc638,0xc638,0xc638,0xc638,0xc638,0xc638,0xc638,0xc638,0xc638,0xc638,0xc638,0xc638,0xc638,0xc638,0xc638,0xc638,0xc638,0xc638,0xc638,0xc638,0xc638,0xc638,0xc638,0xc638,0xc638,0xc638,0xc638,0xc638,0xc638,0xc638,0xc638,0xc638,0xc638,0xc638,0xc638,0xc638,0xc638,0xc638,0xc638,0xc638,0xc638,0xc638,0xc638,0xc638,0xc638,0xc638,0xc638,0xc638,0xc638,0x52aa,0x52aa,0x52aa,0x52aa,0x0000,0x0000,
	0x0000,0x0000,0xffff,0xffff,0xffff,0xffff,0xc638,0xc638,0x31a6,0x31a6,0x31a6,0x31a6,0x31a6,0x31a6,0x31a6,0x31a6,0x31a6,0x31a6,0x31a6,0x31a6,0x31a6,0x31a6,0x31a6,0x31a6,0x31a6,0x31a6,0x31a6,0x31a6,0x31a6,0x31a6,0x31a6,0x31a6,0x31a6,0x31a6,0x31a6,0x8c51,0x31a6,0x31a6,0x31a6,0x31a6,0x31a6,0x31a6,0x31a6,0x31a6,0x31a6,0x31a6,0x31a6,0x31a6,0x31a6,0x31a6,0x31a6,0x31a6,0x31a6,0x31a6,0x31a6,0x31a6,0x31a6,0x31a6,0x31a6,0x31a6,0x31a6,0x31a6,0x31a6,0x8c51,0x31a6,0x31a6,0x31a6,0x31a6,0x31a6,0x31a6,0x31a6,0x31a6,0x31a6,0x31a6,0x31a6,0x31a6,0x31a6,0x31a6,0x31a6,0x31a6,0x31a6,0x31a6,0x31a6,0x31a6,0x31a6,0x31a6,0x31a6,0x31a6,0x31a6,0x31a6,0x31a6,0x8c51,0xc638,0xc638,0x52aa,0x52aa,0x52aa,0x52aa,0x0000,0x0000,
	0x0000,0x0000,0xffff,0xffff,0xffff,0xffff,0xc638,0xc638,0x31a6,0x8c51,0x8c51,0x8c51,0x8c51,0x8c51,0x8c51,0x8c51,0x8c51,0x8c51,0x8c51,0x8c51,0x8c51,0x8c51,0x8c51,0x8c51,0x8c51,0x8c51,0x8c51,0x8c51,0x8c51,0x8c51,0x8c51,0x8c51,0x8c51,0x8c51,0x8c51,0xffff,0x31a6,0x8c51,0x8c51,0x8c51,0x8c51,0x8c51,0x8c51,0x8c51,0x8c51,0x8c51,0x8c51,0x8c51,0x8c51,0x8c51,0x8c51,0x8c51,0x8c51,0x8c51,0x8c51,0x8c51,0x8c51,0x8c51,0x8c51,0x8c51,0x8c51,0x8c51,0x8c51,0xffff,0x31a6,0x8c51,0x8c51,0x8c51,0x8c51,0x8c51,0x8c51,0x8c51,0x8c51,0x8c51,0x8c51,0x8c51,0x8c51,0x8c51,0x8c51,0x8c51,0x8c51,0x8c51,0x8c51,0x8c51,0x8c51,0x8c51,0x8c51,0x8c51,0x8c51,0x8c51,0x8c51,0xffff,0xc638,0xc638,0x52aa,0x52aa,0x52aa,0x52aa,0x0000,0x0000,
	0x0000,0x0000,0xffff,0xffff,0xffff,0xffff,0xc638,0xc638,0x31a6,0x8c51,0x8c51,0x8c51,0x8c51,0x8c51,0x8c51,0x8c51,0x8c51,0x8c51,0x8c51,0x8c51,0x8c51,0x8c51,0x8c51,0x8c51,0x8c51,0x8c51,0x8c51,0x8c51,0x8c51,0x8c51,0x8c51,0x8c51,0x8c51,0x8c51,0x8c51,0xffff,0x31a6,0x8c51,0x8c51,0x8c51,0x8c51,0x8c51,0x8c51,0x8c51,0x8c51,0x8c51,0x8c51,0x8c51,0x8c51,0x8c51,0x8c51,0x8c51,0x8c51,0x8c51,0x8c51,0x8c51,0x8c51,0x8c51,0x8c51,0x8c51,0x8c51,0x8c51,0x8c51,0xffff,0x31a6,0x8c51,0x8c51,0x8c51,0x8c51,0x8c51,0x8c51,0x8c51,0x8c51,0x8c51,0x8c51,0x8c51,0x8c51,0x8c51,0x8c51,0x8c51,0x8c51,0x8c51,0x8c51,0x8c51,0x8c51,0x8c51,0x8c51,0x8c51,0x8c51,0x8c51,0x8c51,0xffff,0xc638,0xc638,0x52aa,0x52aa,0x52aa,0x52aa,0x0000,0x0000,
	0x0000,0x0000,0xffff,0xffff,0xffff,0xffff,0xc638,0xc638,0x31a6,0x8c51,0x8c51,0x8c51,0x8c51,0x8c51,0x8c51,0x8c51,0x8c51,0x8c51,0x8c51,0x8c51,0x8c51,0x8c51,0x8c51,0x8c51,0x8c51,0x8c51,0x8c51,0x8c51,0x8c51,0x8c51,0x8c51,0x8c51,0x8c51,0x8c51,0x8c51,0xffff,0x31a6,0x8c51,0x8c51,0x8c51,0x8c51,0x8c51,0x8c51,0x8c51,0x8c51,0x8c51,0x8c51,0x8c51,0x8c51,0x8c51,0x8c51,0x8c51,0x8c51,0x8c51,0x8c51,0x8c51,0x8c51,0x8c51,0x8c51,0x8c51,0x8c51,0x8c51,0x8c51,0xffff,0x31a6,0x8c51,0x8c51,0x8c51,0x8c51,0x8c51,0x8c51,0x8c51,0x8c51,0x8c51,0x8c51,0x8c51,0x8c51,0x8c51,0x8c51,0x8c51,0x8c51,0x8c51,0x8c51,0x8c51,0x8c51,0x8c51,0x8c51,0x8c51,0x8c51,0x8c51,0x8c51,0xffff,0xc638,0xc638,0x52aa,0x52aa,0x52aa,0x52aa,0x0000,0x0000,
	0x0000,0x0000,0xffff,0xffff,0xffff,0xffff,0xc638,0xc638,0x31a6,0x8c51,0x8c51,0x8c51,0x8c51,0x8c51,0x8c51,0x8c51,0x8c51,0x8c51,0x8c51,0x8c51,0x8c51,0x8c51,0x8c51,0x8c51,0x8c51,0x8c51,0x8c51,0x8c51,0x8c51,0x8c51,0x8c51,0x8c51,0x8c51,0x8c51,0x8c51,0xffff,0x31a6,0x8c51,0x8c51,0x8c51,0x8c51,0x8c51,0x8c51,0x8c51,0x8c51,0x8c51,0x8c51,0x8c51,0x8c51,0x8c51,0x8c51,0x8c51,0x8c51,0x8c51,0x8c51,0x8c51,0x8c51,0x8c51,0x8c51,0x8c51,0x8c51,0x8c51,0x8c51,0xffff,0x31a6,0x8c51,0x8c51,0x8c51,0x8c51,0x8c51,0x8c51,0x8c51,0x8c51,0x8c51,0x8c51,0x8c51,0x8c51,0x8c51,0x8c51,0x8c51,0x8c51,0x8c51,0x8c51,0x8c51,0x8c51,0x8c51,0x8c51,0x8c51,0x8c51,0x8c51,0x8c51,0xffff,0xc638,0xc638,0x52aa,0x52aa,0x52aa,0x52aa,0x0000,0x0000,
	0x0000,0x0000,0xffff,0xffff,0xffff,0xffff,0xc638,0xc638,0x31a6,0x8c51,0x8c51,0x8c51,0x8c51,0x8c51,0x8c51,0x8c51,0x8c51,0x8c51,0x8c51,0x8c51,0x8c51,0x8c51,0x8c51,0x8c51,0x8c51,0x8c51,0x8c51,0x8c51,0x8c51,0x8c51,0x8c51,0x8c51,0x8c51,0x8c51,0x8c51,0xffff,0x31a6,0x8c51,0x8c51,0x8c51,0x8c51,0x8c51,0x8c51,0x8c51,0x8c51,0x8c51,0x8c51,0x8c51,0x8c51,0x8c51,0x8c51,0x8c51,0x8c51,0x8c51,0x8c51,0x8c51,0x8c51,0x8c51,0x8c51,0x8c51,0x8c51,0x8c51,0x8c51,0xffff,0x31a6,0x8c51,0x8c51,0x8c51,0x8c51,0x8c51,0x8c51,0x8c51,0x8c51,0x8c51,0x8c51,0x8c51,0x8c51,0x8c51,0x8c51,0x8c51,0x8c51,0x8c51,0x8c51,0x8c51,0x8c51,0x8c51,0x8c51,0x8c51,0x8c51,0x8c51,0x8c51,0xffff,0xc638,0xc638,0x52aa,0x52aa,0x52aa,0x52aa,0x0000,0x0000,
	0x0000,0x0000,0xffff,0xffff,0xffff,0xffff,0xc638,0xc638,0x31a6,0x8c51,0x8c51,0x8c51,0x8c51,0x8c51,0x8c51,0x8c51,0x8c51,0x8c51,0x8c51,0x8c51,0x8c51,0x8c51,0x8c51,0x8c51,0x8c51,0x8c51,0x8c51,0x8c51,0x8c51,0x8c51,0x8c51,0x8c51,0x8c51,0x8c51,0x8c51,0xffff,0x31a6,0x8c51,0x8c51,0x8c51,0x8c51,0x8c51,0x8c51,0x8c51,0x8c51,0x8c51,0x8c51,0x8c51,0x8c51,0x8c51,0x8c51,0x8c51,0x8c51,0x8c51,0x8c51,0x8c51,0x8c51,0x8c51,0x8c51,0x8c51,0x8c51,0x8c51,0x8c51,0xffff,0x31a6,0x8c51,0x8c51,0x8c51,0x8c51,0x8c51,0x8c51,0x8c51,0x8c51,0x8c51,0x8c51,0x8c51,0x8c51,0x8c51,0x8c51,0x8c51,0x8c51,0x8c51,0x8c51,0x8c51,0x8c51,0x8c51,0x8c51,0x8c51,0x8c51,0x8c51,0x8c51,0xffff,0xc638,0xc638,0x52aa,0x52aa,0x52aa,0x52aa,0x0000,0x0000,
	0x0000,0x0000,0xffff,0xffff,0xffff,0xffff,0xc638,0xc638,0x31a6,0x8c51,0x8c51,0x8c51,0x8c51,0x8c51,0x8c51,0x8c51,0x8c51,0x8c51,0x8c51,0x8c51,0x8c51,0x8c51,0x8c51,0x8c51,0x8c51,0x8c51,0x8c51,0x8c51,0x8c51,0x8c51,0x8c51,0x8c51,0x8c51,0x8c51,0x8c51,0xffff,0x31a6,0x8c51,0x8c51,0x8c51,0x8c51,0x8c51,0x8c51,0x8c51,0x8c51,0x8c51,0x8c51,0x8c51,0x8c51,0x8c51,0x8c51,0x8c51,0x8c51,0x8c51,0x8c51,0x8c51,0x8c51,0x8c51,0x8c51,0x8c51,0x8c51,0x8c51,0x8c51,0xffff,0x31a6,0x8c51,0x8c51,0x8c51,0x8c51,0x8c51,0x8c51,0x8c51,0x8c51,0x8c51,0x8c51,0x8c51,0x8c51,0x8c51,0x8c51,0x8c51,0x8c51,0x8c51,0x8c51,0x8c51,0x8c51,0x8c51,0x8c51,0x8c51,0x8c51,0x8c51,0x8c51,0xffff,0xc638,0xc638,0x52aa,0x52aa,0x52aa,0x52aa,0x0000,0x0000,
	0x0000,0x0000,0xffff,0xffff,0xffff,0xffff,0xc638,0xc638,0x31a6,0x8c51,0x8c51,0x8c51,0x8c51,0x8c51,0x8c51,0x8c51,0x8c51,0x8c51,0x8c51,0x8c51,0x8c51,0x8c51,0x8c51,0x8c51,0x8c51,0x8c51,0x8c51,0x8c51,0x8c51,0x8c51,0x8c51,0x8c51,0x8c51,0x8c51,0x8c51,0xffff,0x31a6,0x8c51,0x8c51,0x8c51,0x8c51,0x8c51,0x8c51,0x8c51,0x8c51,0x8c51,0x8c51,0x8c51,0x8c51,0x8c51,0x8c51,0x8c51,0x8c51,0x8c51,0x8c51,0x8c51,0x8c51,0x8c51,0x8c51,0x8c51,0x8c51,0x8c51,0x8c51,0xffff,0x31a6,0x8c51,0x8c51,0x8c51,0x8c51,0x8c51,0x8c51,0x8c51,0x8c51,0x8c51,0x8c51,0x8c51,0x8c51,0x8c51,0x8c51,0x8c51,0x8c51,0x8c51,0x8c51,0x8c51,0x8c51,0x8c51,0x8c51,0x8c51,0x8c51,0x8c51,0x8c51,0xffff,0xc638,0xc638,0x52aa,0x52aa,0x52aa,0x52aa,0x0000,0x0000,
	0x0000,0x0000,0xffff,0xffff,0xffff,0xffff,0xc638,0xc638,0x31a6,0x8c51,0x8c51,0x8c51,0x8c51,0x8c51,0x8c51,0x8c51,0x8c51,0x8c51,0x8c51,0x8c51,0x8c51,0x8c51,0x8c51,0x8c51,0x8c51,0x8c51,0x8c51,0x8c51,0x8c51,0x8c51,0x8c51,0x8c51,0x8c51,0x8c51,0x8c51,0xffff,0x31a6,0x8c51,0x8c51,0x8c51,0x8c51,0x8c51,0x8c51,0x8c51,0x8c51,0x8c51,0x8c51,0x8c51,0x8c51,0x8c51,0x8c51,0x8c51,0x8c51,0x8c51,0x8c51,0x8c51,0x8c51,0x8c51,0x8c51,0x8c51,0x8c51,0x8c51,0x8c51,0xffff,0x31a6,0x8c51,0x8c51,0x8c51,0x8c51,0x8c51,0x8c51,0x8c51,0x8c51,0x8c51,0x8c51,0x8c51,0x8c51,0x8c51,0x8c51,0x8c51,0x8c51,0x8c51,0x8c51,0x8c51,0x8c51,0x8c51,0x8c51,0x8c51,0x8c51,0x8c51,0x8c51,0xffff,0xc638,0xc638,0x52aa,0x52aa,0x52aa,0x52aa,0x0000,0x0000,
	0x0000,0x0000,0xffff,0xffff,0xffff,0xffff,0xc638,0xc638,0x31a6,0x8c51,0x8c51,0x8c51,0x8c51,0x8c51,0x8c51,0x8c51,0x8c51,0x8c51,0x8c51,0x8c51,0x8c51,0x8c51,0x8c51,0x8c51,0x8c51,0x8c51,0x8c51,0x8c51,0x8c51,0x8c51,0x8c51,0x8c51,0x8c51,0x8c51,0x8c51,0xffff,0x31a6,0x8c51,0x8c51,0x8c51,0x8c51,0x8c51,0x8c51,0x8c51,0x8c51,0x8c51,0x8c51,0x8c51,0x8c51,0x8c51,0x8c51,0x8c51,0x8c51,0x8c51,0x8c51,0x8c51,0x8c51,0x8c51,0x8c51,0x8c51,0x8c51,0x8c51,0x8c51,0xffff,0x31a6,0x8c51,0x8c51,0x8c51,0x8c51,0x8c51,0x8c51,0x8c51,0x8c51,0x8c51,0x8c51,0x8c51,0x8c51,0x8c51,0x8c51,0x8c51,0x8c51,0x8c51,0x8c51,0x8c51,0x8c51,0x8c51,0x8c51,0x8c51,0x8c51,0x8c51,0x8c51,0xffff,0xc638,0xc638,0x52aa,0x52aa,0x52aa,0x52aa,0x0000,0x0000,
	0x0000,0x0000,0xffff,0xffff,0xffff,0xffff,0xc638,0xc638,0x31a6,0x8c51,0x8c51,0x8c51,0x8c51,0x8c51,0x8c51,0x8c51,0x8c51,0x8c51,0x8c51,0x8c51,0x8c51,0x8c51,0x8c51,0x8c51,0x8c51,0x8c51,0x8c51,0x8c51,0x8c51,0x8c51,0x8c51,0x8c51,0x8c51,0x8c51,0x8c51,0xffff,0x31a6,0x8c51,0x8c51,0x8c51,0x8c51,0x8c51,0x8c51,0x8c51,0x8c51,0x8c51,0x8c51,0x8c51,0x8c51,0x8c51,0x8c51,0x8c51,0x8c51,0x8c51,0x8c51,0x8c51,0x8c51,0x8c51,0x8c51,0x8c51,0x8c51,0x8c51,0x8c51,0xffff,0x31a6,0x8c51,0x8c51,0x8c51,0x8c51,0x8c51,0x8c51,0x8c51,0x8c51,0x8c51,0x8c51,0x8c51,0x8c51,0x8c51,0x8c51,0x8c51,0x8c51,0x8c51,0x8c51,0x8c51,0x8c51,0x8c51,0x8c51,0x8c51,0x8c51,0x8c51,0x8c51,0xffff,0xc638,0xc638,0x52aa,0x52aa,0x52aa,0x52aa,0x0000,0x0000,
	0x0000,0x0000,0xffff,0xffff,0xffff,0xffff,0xc638,0xc638,0x31a6,0x8c51,0x8c51,0x8c51,0x8c51,0x8c51,0x8c51,0x8c51,0x8c51,0x8c51,0x8c51,0x8c51,0x8c51,0x8c51,0x8c51,0x8c51,0x8c51,0x8c51,0x8c51,0x8c51,0x8c51,0x8c51,0x8c51,0x8c51,0x8c51,0x8c51,0x8c51,0xffff,0x31a6,0x8c51,0x8c51,0x8c51,0x8c51,0x8c51,0x8c51,0x8c51,0x8c51,0x8c51,0x8c51,0x8c51,0x8c51,0x8c51,0x8c51,0x8c51,0x8c51,0x8c51,0x8c51,0x8c51,0x8c51,0x8c51,0x8c51,0x8c51,0x8c51,0x8c51,0x8c51,0xffff,0x31a6,0x8c51,0x8c51,0x8c51,0x8c51,0x8c51,0x8c51,0x8c51,0x8c51,0x8c51,0x8c51,0x8c51,0x8c51,0x8c51,0x8c51,0x8c51,0x8c51,0x8c51,0x8c51,0x8c51,0x8c51,0x8c51,0x8c51,0x8c51,0x8c51,0x8c51,0x8c51,0xffff,0xc638,0xc638,0x52aa,0x52aa,0x52aa,0x52aa,0x0000,0x0000,
	0x0000,0x0000,0xffff,0xffff,0xffff,0xffff,0xc638,0xc638,0x31a6,0x8c51,0x8c51,0x8c51,0x8c51,0x8c51,0x8c51,0x8c51,0x8c51,0x8c51,0x8c51,0x8c51,0x8c51,0x8c51,0x8c51,0x8c51,0x8c51,0x8c51,0x8c51,0x8c51,0x8c51,0x8c51,0x8c51,0x8c51,0x8c51,0x8c51,0x8c51,0xffff,0x31a6,0x8c51,0x8c51,0x8c51,0x8c51,0x8c51,0x8c51,0x8c51,0x8c51,0x8c51,0x8c51,0x8c51,0x8c51,0x8c51,0x8c51,0x8c51,0x8c51,0x8c51,0x8c51,0x8c51,0x8c51,0x8c51,0x8c51,0x8c51,0x8c51,0x8c51,0x8c51,0xffff,0x31a6,0x8c51,0x8c51,0x8c51,0x8c51,0x8c51,0x8c51,0x8c51,0x8c51,0x8c51,0x8c51,0x8c51,0x8c51,0x8c51,0x8c51,0x8c51,0x8c51,0x8c51,0x8c51,0x8c51,0x8c51,0x8c51,0x8c51,0x8c51,0x8c51,0x8c51,0x8c51,0xffff,0xc638,0xc638,0x52aa,0x52aa,0x52aa,0x52aa,0x0000,0x0000,
	0x0000,0x0000,0xffff,0xffff,0xffff,0xffff,0xc638,0xc638,0x31a6,0x8c51,0x8c51,0x8c51,0x8c51,0x8c51,0x8c51,0x8c51,0x8c51,0x8c51,0x8c51,0x8c51,0x8c51,0x8c51,0x8c51,0x8c51,0x8c51,0x8c51,0x8c51,0x8c51,0x8c51,0x8c51,0x8c51,0x8c51,0x8c51,0x8c51,0x8c51,0xffff,0x31a6,0x8c51,0x8c51,0x8c51,0x8c51,0x8c51,0x8c51,0x8c51,0x8c51,0x8c51,0x8c51,0x8c51,0x8c51,0x8c51,0x8c51,0x8c51,0x8c51,0x8c51,0x8c51,0x8c51,0x8c51,0x8c51,0x8c51,0x8c51,0x8c51,0x8c51,0x8c51,0xffff,0x31a6,0x8c51,0x8c51,0x8c51,0x8c51,0x8c51,0x8c51,0x8c51,0x8c51,0x8c51,0x8c51,0x8c51,0x8c51,0x8c51,0x8c51,0x8c51,0x8c51,0x8c51,0x8c51,0x8c51,0x8c51,0x8c51,0x8c51,0x8c51,0x8c51,0x8c51,0x8c51,0xffff,0xc638,0xc638,0x52aa,0x52aa,0x52aa,0x52aa,0x0000,0x0000,
	0x0000,0x0000,0xffff,0xffff,0xffff,0xffff,0xc638,0xc638,0x31a6,0x8c51,0x8c51,0x8c51,0x8c51,0x8c51,0x8c51,0x8c51,0x8c51,0x8c51,0x8c51,0x8c51,0x8c51,0x8c51,0x8c51,0x8c51,0x8c51,0x8c51,0x8c51,0x8c51,0x8c51,0x8c51,0x8c51,0x8c51,0x8c51,0x8c51,0x8c51,0xffff,0x31a6,0x8c51,0x8c51,0x8c51,0x8c51,0x8c51,0x8c51,0x8c51,0x8c51,0x8c51,0x8c51,0x8c51,0x8c51,0x8c51,0x8c51,0x8c51,0x8c51,0x8c51,0x8c51,0x8c51,0x8c51,0x8c51,0x8c51,0x8c51,0x8c51,0x8c51,0x8c51,0xffff,0x31a6,0x8c51,0x8c51,0x8c51,0x8c51,0x8c51,0x8c51,0x8c51,0x8c51,0x8c51,0x8c51,0x8c51,0x8c51,0x8c51,0x8c51,0x8c51,0x8c51,0x8c51,0x8c51,0x8c51,0x8c51,0x8c51,0x8c51,0x8c51,0x8c51,0x8c51,0x8c51,0xffff,0xc638,0xc638,0x52aa,0x52aa,0x52aa,0x52aa,0x0000,0x0000,
	0x0000,0x0000,0xffff,0xffff,0xffff,0xffff,0xc638,0xc638,0x31a6,0x8c51,0x8c51,0x8c51,0x8c51,0x8c51,0x8c51,0x8c51,0x8c51,0x8c51,0x8c51,0x8c51,0x8c51,0x8c51,0x8c51,0x8c51,0x8c51,0x8c51,0x8c51,0x8c51,0x8c51,0x8c51,0x8c51,0x8c51,0x8c51,0x8c51,0x8c51,0xffff,0x31a6,0x8c51,0x8c51,0x8c51,0x8c51,0x8c51,0x8c51,0x8c51,0x8c51,0x8c51,0x8c51,0x8c51,0x8c51,0x8c51,0x8c51,0x8c51,0x8c51,0x8c51,0x8c51,0x8c51,0x8c51,0x8c51,0x8c51,0x8c51,0x8c51,0x8c51,0x8c51,0xffff,0x31a6,0x8c51,0x8c51,0x8c51,0x8c51,0x8c51,0x8c51,0x8c51,0x8c51,0x8c51,0x8c51,0x8c51,0x8c51,0x8c51,0x8c51,0x8c51,0x8c51,0x8c51,0x8c51,0x8c51,0x8c51,0x8c51,0x8c51,0x8c51,0x8c51,0x8c51,0x8c51,0xffff,0xc638,0xc638,0x52aa,0x52aa,0x52aa,0x52aa,0x0000,0x0000,
	0x0000,0x0000,0xffff,0xffff,0xffff,0xffff,0xc638,0xc638,0x31a6,0x8c51,0x8c51,0x8c51,0x8c51,0x8c51,0x8c51,0x8c51,0x8c51,0x8c51,0x8c51,0x8c51,0x8c51,0x8c51,0x8c51,0x8c51,0x8c51,0x8c51,0x8c51,0x8c51,0x8c51,0x8c51,0x8c51,0x8c51,0x8c51,0x8c51,0x8c51,0xffff,0x31a6,0x8c51,0x8c51,0x8c51,0x8c51,0x8c51,0x8c51,0x8c51,0x8c51,0x8c51,0x8c51,0x8c51,0x8c51,0x8c51,0x8c51,0x8c51,0x8c51,0x8c51,0x8c51,0x8c51,0x8c51,0x8c51,0x8c51,0x8c51,0x8c51,0x8c51,0x8c51,0xffff,0x31a6,0x8c51,0x8c51,0x8c51,0x8c51,0x8c51,0x8c51,0x8c51,0x8c51,0x8c51,0x8c51,0x8c51,0x8c51,0x8c51,0x8c51,0x8c51,0x8c51,0x8c51,0x8c51,0x8c51,0x8c51,0x8c51,0x8c51,0x8c51,0x8c51,0x8c51,0x8c51,0xffff,0xc638,0xc638,0x52aa,0x52aa,0x52aa,0x52aa,0x0000,0x0000,
	0x0000,0x0000,0xffff,0xffff,0xffff,0xffff,0xc638,0xc638,0x31a6,0x8c51,0x8c51,0x8c51,0x8c51,0x8c51,0x8c51,0x8c51,0x8c51,0x8c51,0x8c51,0x8c51,0x8c51,0x8c51,0x8c51,0x8c51,0x8c51,0x8c51,0x8c51,0x8c51,0x8c51,0x8c51,0x8c51,0x8c51,0x8c51,0x8c51,0x8c51,0xffff,0x31a6,0x8c51,0x8c51,0x8c51,0x8c51,0x8c51,0x8c51,0x8c51,0x8c51,0x8c51,0x8c51,0x8c51,0x8c51,0x8c51,0x8c51,0x8c51,0x8c51,0x8c51,0x8c51,0x8c51,0x8c51,0x8c51,0x8c51,0x8c51,0x8c51,0x8c51,0x8c51,0xffff,0x31a6,0x8c51,0x8c51,0x8c51,0x8c51,0x8c51,0x8c51,0x8c51,0x8c51,0x8c51,0x8c51,0x8c51,0x8c51,0x8c51,0x8c51,0x8c51,0x8c51,0x8c51,0x8c51,0x8c51,0x8c51,0x8c51,0x8c51,0x8c51,0x8c51,0x8c51,0x8c51,0xffff,0xc638,0xc638,0x52aa,0x52aa,0x52aa,0x52aa,0x0000,0x0000,
	0x0000,0x0000,0xffff,0xffff,0xffff,0xffff,0xc638,0xc638,0x31a6,0x8c51,0x8c51,0x8c51,0x8c51,0x8c51,0x8c51,0x8c51,0x8c51,0x8c51,0x8c51,0x8c51,0x8c51,0x8c51,0x8c51,0x8c51,0x8c51,0x8c51,0x8c51,0x8c51,0x8c51,0x8c51,0x8c51,0x8c51,0x8c51,0x8c51,0x8c51,0xffff,0x31a6,0x8c51,0x8c51,0x8c51,0x8c51,0x8c51,0x8c51,0x8c51,0x8c51,0x8c51,0x8c51,0x8c51,0x8c51,0x8c51,0x8c51,0x8c51,0x8c51,0x8c51,0x8c51,0x8c51,0x8c51,0x8c51,0x8c51,0x8c51,0x8c51,0x8c51,0x8c51,0xffff,0x31a6,0x8c51,0x8c51,0x8c51,0x8c51,0x8c51,0x8c51,0x8c51,0x8c51,0x8c51,0x8c51,0x8c51,0x8c51,0x8c51,0x8c51,0x8c51,0x8c51,0x8c51,0x8c51,0x8c51,0x8c51,0x8c51,0x8c51,0x8c51,0x8c51,0x8c51,0x8c51,0xffff,0xc638,0xc638,0x52aa,0x52aa,0x52aa,0x52aa,0x0000,0x0000,
	0x0000,0x0000,0xffff,0xffff,0xffff,0xffff,0xc638,0xc638,0x31a6,0x8c51,0x8c51,0x8c51,0x8c51,0x8c51,0x8c51,0x8c51,0x8c51,0x8c51,0x8c51,0x8c51,0x8c51,0x8c51,0x8c51,0x8c51,0x8c51,0x8c51,0x8c51,0x8c51,0x8c51,0x8c51,0x8c51,0x8c51,0x8c51,0x8c51,0x8c51,0xffff,0x31a6,0x8c51,0x8c51,0x8c51,0x8c51,0x8c51,0x8c51,0x8c51,0x8c51,0x8c51,0x8c51,0x8c51,0x8c51,0x8c51,0x8c51,0x8c51,0x8c51,0x8c51,0x8c51,0x8c51,0x8c51,0x8c51,0x8c51,0x8c51,0x8c51,0x8c51,0x8c51,0xffff,0x31a6,0x8c51,0x8c51,0x8c51,0x8c51,0x8c51,0x8c51,0x8c51,0x8c51,0x8c51,0x8c51,0x8c51,0x8c51,0x8c51,0x8c51,0x8c51,0x8c51,0x8c51,0x8c51,0x8c51,0x8c51,0x8c51,0x8c51,0x8c51,0x8c51,0x8c51,0x8c51,0xffff,0xc638,0xc638,0x52aa,0x52aa,0x52aa,0x52aa,0x0000,0x0000,
	0x0000,0x0000,0xffff,0xffff,0xffff,0xffff,0xc638,0xc638,0x31a6,0x8c51,0x8c51,0x8c51,0x8c51,0x8c51,0x8c51,0x8c51,0x8c51,0x8c51,0x8c51,0x8c51,0x8c51,0x8c51,0x8c51,0x8c51,0x8c51,0x8c51,0x8c51,0x8c51,0x8c51,0x8c51,0x8c51,0x8c51,0x8c51,0x8c51,0x8c51,0xffff,0x31a6,0x8c51,0x8c51,0x8c51,0x8c51,0x8c51,0x8c51,0x8c51,0x8c51,0x8c51,0x8c51,0x8c51,0x8c51,0x8c51,0x8c51,0x8c51,0x8c51,0x8c51,0x8c51,0x8c51,0x8c51,0x8c51,0x8c51,0x8c51,0x8c51,0x8c51,0x8c51,0xffff,0x31a6,0x8c51,0x8c51,0x8c51,0x8c51,0x8c51,0x8c51,0x8c51,0x8c51,0x8c51,0x8c51,0x8c51,0x8c51,0x8c51,0x8c51,0x8c51,0x8c51,0x8c51,0x8c51,0x8c51,0x8c51,0x8c51,0x8c51,0x8c51,0x8c51,0x8c51,0x8c51,0xffff,0xc638,0xc638,0x52aa,0x52aa,0x52aa,0x52aa,0x0000,0x0000,
	0x0000,0x0000,0xffff,0xffff,0xffff,0xffff,0xc638,0xc638,0x31a6,0x8c51,0x8c51,0x8c51,0x8c51,0x8c51,0x8c51,0x8c51,0x8c51,0x8c51,0x8c51,0x8c51,0x8c51,0x8c51,0x8c51,0x8c51,0x8c51,0x8c51,0x8c51,0x8c51,0x8c51,0x8c51,0x8c51,0x8c51,0x8c51,0x8c51,0x8c51,0xffff,0x31a6,0x8c51,0x8c51,0x8c51,0x8c51,0x8c51,0x8c51,0x8c51,0x8c51,0x8c51,0x8c51,0x8c51,0x8c51,0x8c51,0x8c51,0x8c51,0x8c51,0x8c51,0x8c51,0x8c51,0x8c51,0x8c51,0x8c51,0x8c51,0x8c51,0x8c51,0x8c51,0xffff,0x31a6,0x8c51,0x8c51,0x8c51,0x8c51,0x8c51,0x8c51,0x8c51,0x8c51,0x8c51,0x8c51,0x8c51,0x8c51,0x8c51,0x8c51,0x8c51,0x8c51,0x8c51,0x8c51,0x8c51,0x8c51,0x8c51,0x8c51,0x8c51,0x8c51,0x8c51,0x8c51,0xffff,0xc638,0xc638,0x52aa,0x52aa,0x52aa,0x52aa,0x0000,0x0000,
	0x0000,0x0000,0xffff,0xffff,0xffff,0xffff,0xc638,0xc638,0x31a6,0x8c51,0x8c51,0x8c51,0x8c51,0x8c51,0x8c51,0x8c51,0x8c51,0x8c51,0x8c51,0x8c51,0x8c51,0x8c51,0x8c51,0x8c51,0x8c51,0x8c51,0x8c51,0x8c51,0x8c51,0x8c51,0x8c51,0x8c51,0x8c51,0x8c51,0x8c51,0xffff,0x31a6,0x8c51,0x8c51,0x8c51,0x8c51,0x8c51,0x8c51,0x8c51,0x8c51,0x8c51,0x8c51,0x8c51,0x8c51,0x8c51,0x8c51,0x8c51,0x8c51,0x8c51,0x8c51,0x8c51,0x8c51,0x8c51,0x8c51,0x8c51,0x8c51,0x8c51,0x8c51,0xffff,0x31a6,0x8c51,0x8c51,0x8c51,0x8c51,0x8c51,0x8c51,0x8c51,0x8c51,0x8c51,0x8c51,0x8c51,0x8c51,0x8c51,0x8c51,0x8c51,0x8c51,0x8c51,0x8c51,0x8c51,0x8c51,0x8c51,0x8c51,0x8c51,0x8c51,0x8c51,0x8c51,0xffff,0xc638,0xc638,0x52aa,0x52aa,0x52aa,0x52aa,0x0000,0x0000,
	0x0000,0x0000,0xffff,0xffff,0xffff,0xffff,0xc638,0xc638,0x31a6,0x8c51,0x8c51,0x8c51,0x8c51,0x8c51,0x8c51,0x8c51,0x8c51,0x8c51,0x8c51,0x8c51,0x8c51,0x8c51,0x8c51,0x8c51,0x8c51,0x8c51,0x8c51,0x8c51,0x8c51,0x8c51,0x8c51,0x8c51,0x8c51,0x8c51,0x8c51,0xffff,0x31a6,0x8c51,0x8c51,0x8c51,0x8c51,0x8c51,0x8c51,0x8c51,0x8c51,0x8c51,0x8c51,0x8c51,0x8c51,0x8c51,0x8c51,0x8c51,0x8c51,0x8c51,0x8c51,0x8c51,0x8c51,0x8c51,0x8c51,0x8c51,0x8c51,0x8c51,0x8c51,0xffff,0x31a6,0x8c51,0x8c51,0x8c51,0x8c51,0x8c51,0x8c51,0x8c51,0x8c51,0x8c51,0x8c51,0x8c51,0x8c51,0x8c51,0x8c51,0x8c51,0x8c51,0x8c51,0x8c51,0x8c51,0x8c51,0x8c51,0x8c51,0x8c51,0x8c51,0x8c51,0x8c51,0xffff,0xc638,0xc638,0x52aa,0x52aa,0x52aa,0x52aa,0x0000,0x0000,
	0x0000,0x0000,0xffff,0xffff,0xffff,0xffff,0xc638,0xc638,0x31a6,0x8c51,0x8c51,0x8c51,0x8c51,0x8c51,0x8c51,0x8c51,0x8c51,0x8c51,0x8c51,0x8c51,0x8c51,0x8c51,0x8c51,0x8c51,0x8c51,0x8c51,0x8c51,0x8c51,0x8c51,0x8c51,0x8c51,0x8c51,0x8c51,0x8c51,0x8c51,0xffff,0x31a6,0x8c51,0x8c51,0x8c51,0x8c51,0x8c51,0x8c51,0x8c51,0x8c51,0x8c51,0x8c51,0x8c51,0x8c51,0x8c51,0x8c51,0x8c51,0x8c51,0x8c51,0x8c51,0x8c51,0x8c51,0x8c51,0x8c51,0x8c51,0x8c51,0x8c51,0x8c51,0xffff,0x31a6,0x8c51,0x8c51,0x8c51,0x8c51,0x8c51,0x8c51,0x8c51,0x8c51,0x8c51,0x8c51,0x8c51,0x8c51,0x8c51,0x8c51,0x8c51,0x8c51,0x8c51,0x8c51,0x8c51,0x8c51,0x8c51,0x8c51,0x8c51,0x8c51,0x8c51,0x8c51,0xffff,0xc638,0xc638,0x52aa,0x52aa,0x52aa,0x52aa,0x0000,0x0000,
	0x0000,0x0000,0xffff,0xffff,0xffff,0xffff,0xc638,0xc638,0x31a6,0x8c51,0x8c51,0x8c51,0x8c51,0x8c51,0x8c51,0x8c51,0x8c51,0x8c51,0x8c51,0x8c51,0x8c51,0x8c51,0x8c51,0x8c51,0x8c51,0x8c51,0x8c51,0x8c51,0x8c51,0x8c51,0x8c51,0x8c51,0x8c51,0x8c51,0x8c51,0xffff,0x31a6,0x8c51,0x8c51,0x8c51,0x8c51,0x8c51,0x8c51,0x8c51,0x8c51,0x8c51,0x8c51,0x8c51,0x8c51,0x8c51,0x8c51,0x8c51,0x8c51,0x8c51,0x8c51,0x8c51,0x8c51,0x8c51,0x8c51,0x8c51,0x8c51,0x8c51,0x8c51,0xffff,0x31a6,0x8c51,0x8c51,0x8c51,0x8c51,0x8c51,0x8c51,0x8c51,0x8c51,0x8c51,0x8c51,0x8c51,0x8c51,0x8c51,0x8c51,0x8c51,0x8c51,0x8c51,0x8c51,0x8c51,0x8c51,0x8c51,0x8c51,0x8c51,0x8c51,0x8c51,0x8c51,0xffff,0xc638,0xc638,0x52aa,0x52aa,0x52aa,0x52aa,0x0000,0x0000,
	0x0000,0x0000,0xffff,0xffff,0xffff,0xffff,0xc638,0xc638,0x8c51,0xffff,0xffff,0xffff,0xffff,0xffff,0xffff,0xffff,0xffff,0xffff,0xffff,0xffff,0xffff,0xffff,0xffff,0xffff,0xffff,0xffff,0xffff,0xffff,0xffff,0xffff,0xffff,0xffff,0xffff,0xffff,0xffff,0xffff,0x8c51,0xffff,0xffff,0xffff,0xffff,0xffff,0xffff,0xffff,0xffff,0xffff,0xffff,0xffff,0xffff,0xffff,0xffff,0xffff,0xffff,0xffff,0xffff,0xffff,0xffff,0xffff,0xffff,0xffff,0xffff,0xffff,0xffff,0xffff,0x8c51,0xffff,0xffff,0xffff,0xffff,0xffff,0xffff,0xffff,0xffff,0xffff,0xffff,0xffff,0xffff,0xffff,0xffff,0xffff,0xffff,0xffff,0xffff,0xffff,0xffff,0xffff,0xffff,0xffff,0xffff,0xffff,0xffff,0xffff,0xc638,0xc638,0x52aa,0x52aa,0x52aa,0x52aa,0x0000,0x0000,
	0x0000,0x0000,0xffff,0xffff,0xffff,0xffff,0xc638,0xc638,0x31a6,0x31a6,0x31a6,0x31a6,0x31a6,0x31a6,0x31a6,0x31a6,0x31a6,0x31a6,0x31a6,0x31a6,0x31a6,0x31a6,0x31a6,0x31a6,0x31a6,0x31a6,0x31a6,0x31a6,0x31a6,0x31a6,0x31a6,0x31a6,0x31a6,0x31a6,0x31a6,0x8c51,0x31a6,0x31a6,0x31a6,0x31a6,0x31a6,0x31a6,0x31a6,0x31a6,0x31a6,0x31a6,0x31a6,0x31a6,0x31a6,0x31a6,0x31a6,0x31a6,0x31a6,0x31a6,0x31a6,0x31a6,0x31a6,0x31a6,0x31a6,0x31a6,0x31a6,0x31a6,0x31a6,0x8c51,0x31a6,0x31a6,0x31a6,0x31a6,0x31a6,0x31a6,0x31a6,0x31a6,0x31a6,0x31a6,0x31a6,0x31a6,0x31a6,0x31a6,0x31a6,0x31a6,0x31a6,0x31a6,0x31a6,0x31a6,0x31a6,0x31a6,0x31a6,0x31a6,0x31a6,0x31a6,0x31a6,0x8c51,0xc638,0xc638,0x52aa,0x52aa,0x52aa,0x52aa,0x0000,0x0000,
	0x0000,0x0000,0xffff,0xffff,0xffff,0xffff,0xc638,0xc638,0x31a6,0x8c51,0x8c51,0x8c51,0x8c51,0x8c51,0x8c51,0x8c51,0x8c51,0x8c51,0x8c51,0x8c51,0x8c51,0x8c51,0x8c51,0x8c51,0x8c51,0x8c51,0x8c51,0x8c51,0x8c51,0x8c51,0x8c51,0x8c51,0x8c51,0x8c51,0x8c51,0xffff,0x31a6,0x8c51,0x8c51,0x8c51,0x8c51,0x8c51,0x8c51,0x8c51,0x8c51,0x8c51,0x8c51,0x8c51,0x8c51,0x8c51,0x8c51,0x8c51,0x8c51,0x8c51,0x8c51,0x8c51,0x8c51,0x8c51,0x8c51,0x8c51,0x8c51,0x8c51,0x8c51,0xffff,0x31a6,0x8c51,0x8c51,0x8c51,0x8c51,0x8c51,0x8c51,0x8c51,0x8c51,0x8c51,0x8c51,0x8c51,0x8c51,0x8c51,0x8c51,0x8c51,0x8c51,0x8c51,0x8c51,0x8c51,0x8c51,0x8c51,0x8c51,0x8c51,0x8c51,0x8c51,0x8c51,0xffff,0xc638,0xc638,0x52aa,0x52aa,0x52aa,0x52aa,0x0000,0x0000,
	0x0000,0x0000,0xffff,0xffff,0xffff,0xffff,0xc638,0xc638,0x31a6,0x8c51,0x8c51,0x8c51,0x8c51,0x8c51,0x8c51,0x8c51,0x8c51,0x8c51,0x8c51,0x8c51,0x8c51,0x8c51,0x8c51,0x8c51,0x8c51,0x8c51,0x8c51,0x8c51,0x8c51,0x8c51,0x8c51,0x8c51,0x8c51,0x8c51,0x8c51,0xffff,0x31a6,0x8c51,0x8c51,0x8c51,0x8c51,0x8c51,0x8c51,0x8c51,0x8c51,0x8c51,0x8c51,0x8c51,0x8c51,0x8c51,0x8c51,0x8c51,0x8c51,0x8c51,0x8c51,0x8c51,0x8c51,0x8c51,0x8c51,0x8c51,0x8c51,0x8c51,0x8c51,0xffff,0x31a6,0x8c51,0x8c51,0x8c51,0x8c51,0x8c51,0x8c51,0x8c51,0x8c51,0x8c51,0x8c51,0x8c51,0x8c51,0x8c51,0x8c51,0x8c51,0x8c51,0x8c51,0x8c51,0x8c51,0x8c51,0x8c51,0x8c51,0x8c51,0x8c51,0x8c51,0x8c51,0xffff,0xc638,0xc638,0x52aa,0x52aa,0x52aa,0x52aa,0x0000,0x0000,
	0x0000,0x0000,0xffff,0xffff,0xffff,0xffff,0xc638,0xc638,0x31a6,0x8c51,0x8c51,0x8c51,0x8c51,0x8c51,0x8c51,0x8c51,0x8c51,0x8c51,0x8c51,0x8c51,0x8c51,0x8c51,0x8c51,0x8c51,0x8c51,0x8c51,0x8c51,0x8c51,0x8c51,0x8c51,0x8c51,0x8c51,0x8c51,0x8c51,0x8c51,0xffff,0x31a6,0x8c51,0x8c51,0x8c51,0x8c51,0x8c51,0x8c51,0x8c51,0x8c51,0x8c51,0x8c51,0x8c51,0x8c51,0x8c51,0x8c51,0x8c51,0x8c51,0x8c51,0x8c51,0x8c51,0x8c51,0x8c51,0x8c51,0x8c51,0x8c51,0x8c51,0x8c51,0xffff,0x31a6,0x8c51,0x8c51,0x8c51,0x8c51,0x8c51,0x8c51,0x8c51,0x8c51,0x8c51,0x8c51,0x8c51,0x8c51,0x8c51,0x8c51,0x8c51,0x8c51,0x8c51,0x8c51,0x8c51,0x8c51,0x8c51,0x8c51,0x8c51,0x8c51,0x8c51,0x8c51,0xffff,0xc638,0xc638,0x52aa,0x52aa,0x52aa,0x52aa,0x0000,0x0000,
	0x0000,0x0000,0xffff,0xffff,0xffff,0xffff,0xc638,0xc638,0x31a6,0x8c51,0x8c51,0x8c51,0x8c51,0x8c51,0x8c51,0x8c51,0x8c51,0x8c51,0x8c51,0x8c51,0x8c51,0x8c51,0x8c51,0x8c51,0x8c51,0x8c51,0x8c51,0x8c51,0x8c51,0x8c51,0x8c51,0x8c51,0x8c51,0x8c51,0x8c51,0xffff,0x31a6,0x8c51,0x8c51,0x8c51,0x8c51,0x8c51,0x8c51,0x8c51,0x8c51,0x8c51,0x8c51,0x8c51,0x8c51,0x8c51,0x8c51,0x8c51,0x8c51,0x8c51,0x8c51,0x8c51,0x8c51,0x8c51,0x8c51,0x8c51,0x8c51,0x8c51,0x8c51,0xffff,0x31a6,0x8c51,0x8c51,0x8c51,0x8c51,0x8c51,0x8c51,0x8c51,0x8c51,0x8c51,0x8c51,0x8c51,0x8c51,0x8c51,0x8c51,0x8c51,0x8c51,0x8c51,0x8c51,0x8c51,0x8c51,0x8c51,0x8c51,0x8c51,0x8c51,0x8c51,0x8c51,0xffff,0xc638,0xc638,0x52aa,0x52aa,0x52aa,0x52aa,0x0000,0x0000,
	0x0000,0x0000,0xffff,0xffff,0xffff,0xffff,0xc638,0xc638,0x31a6,0x8c51,0x8c51,0x8c51,0x8c51,0x8c51,0x8c51,0x8c51,0x8c51,0x8c51,0x8c51,0x8c51,0x8c51,0x8c51,0x8c51,0x8c51,0x8c51,0x8c51,0x8c51,0x8c51,0x8c51,0x8c51,0x8c51,0x8c51,0x8c51,0x8c51,0x8c51,0xffff,0x31a6,0x8c51,0x8c51,0x8c51,0x8c51,0x8c51,0x8c51,0x8c51,0x8c51,0x8c51,0x8c51,0x8c51,0x8c51,0x8c51,0x8c51,0x8c51,0x8c51,0x8c51,0x8c51,0x8c51,0x8c51,0x8c51,0x8c51,0x8c51,0x8c51,0x8c51,0x8c51,0xffff,0x31a6,0x8c51,0x8c51,0x8c51,0x8c51,0x8c51,0x8c51,0x8c51,0x8c51,0x8c51,0x8c51,0x8c51,0x8c51,0x8c51,0x8c51,0x8c51,0x8c51,0x8c51,0x8c51,0x8c51,0x8c51,0x8c51,0x8c51,0x8c51,0x8c51,0x8c51,0x8c51,0xffff,0xc638,0xc638,0x52aa,0x52aa,0x52aa,0x52aa,0x0000,0x0000,
	0x0000,0x0000,0xffff,0xffff,0xffff,0xffff,0xc638,0xc638,0x31a6,0x8c51,0x8c51,0x8c51,0x8c51,0x8c51,0x8c51,0x8c51,0x8c51,0x8c51,0x8c51,0x8c51,0x8c51,0x8c51,0x8c51,0x8c51,0x8c51,0x8c51,0x8c51,0x8c51,0x8c51,0x8c51,0x8c51,0x8c51,0x8c51,0x8c51,0x8c51,0xffff,0x31a6,0x8c51,0x8c51,0x8c51,0x8c51,0x8c51,0x8c51,0x8c51,0x8c51,0x8c51,0x8c51,0x8c51,0x8c51,0x8c51,0x8c51,0x8c51,0x8c51,0x8c51,0x8c51,0x8c51,0x8c51,0x8c51,0x8c51,0x8c51,0x8c51,0x8c51,0x8c51,0xffff,0x31a6,0x8c51,0x8c51,0x8c51,0x8c51,0x8c51,0x8c51,0x8c51,0x8c51,0x8c51,0x8c51,0x8c51,0x8c51,0x8c51,0x8c51,0x8c51,0x8c51,0x8c51,0x8c51,0x8c51,0x8c51,0x8c51,0x8c51,0x8c51,0x8c51,0x8c51,0x8c51,0xffff,0xc638,0xc638,0x52aa,0x52aa,0x52aa,0x52aa,0x0000,0x0000,
	0x0000,0x0000,0xffff,0xffff,0xffff,0xffff,0xc638,0xc638,0x31a6,0x8c51,0x8c51,0x8c51,0x8c51,0x8c51,0x8c51,0x8c51,0x8c51,0x8c51,0x8c51,0x8c51,0x8c51,0x8c51,0x8c51,0x8c51,0x8c51,0x8c51,0x8c51,0x8c51,0x8c51,0x8c51,0x8c51,0x8c51,0x8c51,0x8c51,0x8c51,0xffff,0x31a6,0x8c51,0x8c51,0x8c51,0x8c51,0x8c51,0x8c51,0x8c51,0x8c51,0x8c51,0x8c51,0x8c51,0x8c51,0x8c51,0x8c51,0x8c51,0x8c51,0x8c51,0x8c51,0x8c51,0x8c51,0x8c51,0x8c51,0x8c51,0x8c51,0x8c51,0x8c51,0xffff,0x31a6,0x8c51,0x8c51,0x8c51,0x8c51,0x8c51,0x8c51,0x8c51,0x8c51,0x8c51,0x8c51,0x8c51,0x8c51,0x8c51,0x8c51,0x8c51,0x8c51,0x8c51,0x8c51,0x8c51,0x8c51,0x8c51,0x8c51,0x8c51,0x8c51,0x8c51,0x8c51,0xffff,0xc638,0xc638,0x52aa,0x52aa,0x52aa,0x52aa,0x0000,0x0000,
	0x0000,0x0000,0xffff,0xffff,0xffff,0xffff,0xc638,0xc638,0x31a6,0x8c51,0x8c51,0x8c51,0x8c51,0x8c51,0x8c51,0x8c51,0x8c51,0x8c51,0x8c51,0x8c51,0x8c51,0x8c51,0x8c51,0x8c51,0x8c51,0x8c51,0x8c51,0x8c51,0x8c51,0x8c51,0x8c51,0x8c51,0x8c51,0x8c51,0x8c51,0xffff,0x31a6,0x8c51,0x8c51,0x8c51,0x8c51,0x8c51,0x8c51,0x8c51,0x8c51,0x8c51,0x8c51,0x8c51,0x8c51,0x8c51,0x8c51,0x8c51,0x8c51,0x8c51,0x8c51,0x8c51,0x8c51,0x8c51,0x8c51,0x8c51,0x8c51,0x8c51,0x8c51,0xffff,0x31a6,0x8c51,0x8c51,0x8c51,0x8c51,0x8c51,0x8c51,0x8c51,0x8c51,0x8c51,0x8c51,0x8c51,0x8c51,0x8c51,0x8c51,0x8c51,0x8c51,0x8c51,0x8c51,0x8c51,0x8c51,0x8c51,0x8c51,0x8c51,0x8c51,0x8c51,0x8c51,0xffff,0xc638,0xc638,0x52aa,0x52aa,0x52aa,0x52aa,0x0000,0x0000,
	0x0000,0x0000,0xffff,0xffff,0xffff,0xffff,0xc638,0xc638,0x31a6,0x8c51,0x8c51,0x8c51,0x8c51,0x8c51,0x8c51,0x8c51,0x8c51,0x8c51,0x8c51,0x8c51,0x8c51,0x8c51,0x8c51,0x8c51,0x8c51,0x8c51,0x8c51,0x8c51,0x8c51,0x8c51,0x8c51,0x8c51,0x8c51,0x8c51,0x8c51,0xffff,0x31a6,0x8c51,0x8c51,0x8c51,0x8c51,0x8c51,0x8c51,0x8c51,0x8c51,0x8c51,0x8c51,0x8c51,0x8c51,0x8c51,0x8c51,0x8c51,0x8c51,0x8c51,0x8c51,0x8c51,0x8c51,0x8c51,0x8c51,0x8c51,0x8c51,0x8c51,0x8c51,0xffff,0x31a6,0x8c51,0x8c51,0x8c51,0x8c51,0x8c51,0x8c51,0x8c51,0x8c51,0x8c51,0x8c51,0x8c51,0x8c51,0x8c51,0x8c51,0x8c51,0x8c51,0x8c51,0x8c51,0x8c51,0x8c51,0x8c51,0x8c51,0x8c51,0x8c51,0x8c51,0x8c51,0xffff,0xc638,0xc638,0x52aa,0x52aa,0x52aa,0x52aa,0x0000,0x0000,
	0x0000,0x0000,0xffff,0xffff,0xffff,0xffff,0xc638,0xc638,0x31a6,0x8c51,0x8c51,0x8c51,0x8c51,0x8c51,0x8c51,0x8c51,0x8c51,0x8c51,0x8c51,0x8c51,0x8c51,0x8c51,0x8c51,0x8c51,0x8c51,0x8c51,0x8c51,0x8c51,0x8c51,0x8c51,0x8c51,0x8c51,0x8c51,0x8c51,0x8c51,0xffff,0x31a6,0x8c51,0x8c51,0x8c51,0x8c51,0x8c51,0x8c51,0x8c51,0x8c51,0x8c51,0x8c51,0x8c51,0x8c51,0x8c51,0x8c51,0x8c51,0x8c51,0x8c51,0x8c51,0x8c51,0x8c51,0x8c51,0x8c51,0x8c51,0x8c51,0x8c51,0x8c51,0xffff,0x31a6,0x8c51,0x8c51,0x8c51,0x8c51,0x8c51,0x8c51,0x8c51,0x8c51,0x8c51,0x8c51,0x8c51,0x8c51,0x8c51,0x8c51,0x8c51,0x8c51,0x8c51,0x8c51,0x8c51,0x8c51,0x8c51,0x8c51,0x8c51,0x8c51,0x8c51,0x8c51,0xffff,0xc638,0xc638,0x52aa,0x52aa,0x52aa,0x52aa,0x0000,0x0000,
	0x0000,0x0000,0xffff,0xffff,0xffff,0xffff,0xc638,0xc638,0x31a6,0x8c51,0x8c51,0x8c51,0x8c51,0x8c51,0x8c51,0x8c51,0x8c51,0x8c51,0x8c51,0x8c51,0x8c51,0x8c51,0x8c51,0x8c51,0x8c51,0x8c51,0x8c51,0x8c51,0x8c51,0x8c51,0x8c51,0x8c51,0x8c51,0x8c51,0x8c51,0xffff,0x31a6,0x8c51,0x8c51,0x8c51,0x8c51,0x8c51,0x8c51,0x8c51,0x8c51,0x8c51,0x8c51,0x8c51,0x8c51,0x8c51,0x8c51,0x8c51,0x8c51,0x8c51,0x8c51,0x8c51,0x8c51,0x8c51,0x8c51,0x8c51,0x8c51,0x8c51,0x8c51,0xffff,0x31a6,0x8c51,0x8c51,0x8c51,0x8c51,0x8c51,0x8c51,0x8c51,0x8c51,0x8c51,0x8c51,0x8c51,0x8c51,0x8c51,0x8c51,0x8c51,0x8c51,0x8c51,0x8c51,0x8c51,0x8c51,0x8c51,0x8c51,0x8c51,0x8c51,0x8c51,0x8c51,0xffff,0xc638,0xc638,0x52aa,0x52aa,0x52aa,0x52aa,0x0000,0x0000,
	0x0000,0x0000,0xffff,0xffff,0xffff,0xffff,0xc638,0xc638,0x31a6,0x8c51,0x8c51,0x8c51,0x8c51,0x8c51,0x8c51,0x8c51,0x8c51,0x8c51,0x8c51,0x8c51,0x8c51,0x8c51,0x8c51,0x8c51,0x8c51,0x8c51,0x8c51,0x8c51,0x8c51,0x8c51,0x8c51,0x8c51,0x8c51,0x8c51,0x8c51,0xffff,0x31a6,0x8c51,0x8c51,0x8c51,0x8c51,0x8c51,0x8c51,0x8c51,0x8c51,0x8c51,0x8c51,0x8c51,0x8c51,0x8c51,0x8c51,0x8c51,0x8c51,0x8c51,0x8c51,0x8c51,0x8c51,0x8c51,0x8c51,0x8c51,0x8c51,0x8c51,0x8c51,0xffff,0x31a6,0x8c51,0x8c51,0x8c51,0x8c51,0x8c51,0x8c51,0x8c51,0x8c51,0x8c51,0x8c51,0x8c51,0x8c51,0x8c51,0x8c51,0x8c51,0x8c51,0x8c51,0x8c51,0x8c51,0x8c51,0x8c51,0x8c51,0x8c51,0x8c51,0x8c51,0x8c51,0xffff,0xc638,0xc638,0x52aa,0x52aa,0x52aa,0x52aa,0x0000,0x0000,
	0x0000,0x0000,0xffff,0xffff,0xffff,0xffff,0xc638,0xc638,0x31a6,0x8c51,0x8c51,0x8c51,0x8c51,0x8c51,0x8c51,0x8c51,0x8c51,0x8c51,0x8c51,0x8c51,0x8c51,0x8c51,0x8c51,0x8c51,0x8c51,0x8c51,0x8c51,0x8c51,0x8c51,0x8c51,0x8c51,0x8c51,0x8c51,0x8c51,0x8c51,0xffff,0x31a6,0x8c51,0x8c51,0x8c51,0x8c51,0x8c51,0x8c51,0x8c51,0x8c51,0x8c51,0x8c51,0x8c51,0x8c51,0x8c51,0x8c51,0x8c51,0x8c51,0x8c51,0x8c51,0x8c51,0x8c51,0x8c51,0x8c51,0x8c51,0x8c51,0x8c51,0x8c51,0xffff,0x31a6,0x8c51,0x8c51,0x8c51,0x8c51,0x8c51,0x8c51,0x8c51,0x8c51,0x8c51,0x8c51,0x8c51,0x8c51,0x8c51,0x8c51,0x8c51,0x8c51,0x8c51,0x8c51,0x8c51,0x8c51,0x8c51,0x8c51,0x8c51,0x8c51,0x8c51,0x8c51,0xffff,0xc638,0xc638,0x52aa,0x52aa,0x52aa,0x52aa,0x0000,0x0000,
	0x0000,0x0000,0xffff,0xffff,0xffff,0xffff,0xc638,0xc638,0x31a6,0x8c51,0x8c51,0x8c51,0x8c51,0x8c51,0x8c51,0x8c51,0x8c51,0x8c51,0x8c51,0x8c51,0x8c51,0x8c51,0x8c51,0x8c51,0x8c51,0x8c51,0x8c51,0x8c51,0x8c51,0x8c51,0x8c51,0x8c51,0x8c51,0x8c51,0x8c51,0xffff,0x31a6,0x8c51,0x8c51,0x8c51,0x8c51,0x8c51,0x8c51,0x8c51,0x8c51,0x8c51,0x8c51,0x8c51,0x8c51,0x8c51,0x8c51,0x8c51,0x8c51,0x8c51,0x8c51,0x8c51,0x8c51,0x8c51,0x8c51,0x8c51,0x8c51,0x8c51,0x8c51,0xffff,0x31a6,0x8c51,0x8c51,0x8c51,0x8c51,0x8c51,0x8c51,0x8c51,0x8c51,0x8c51,0x8c51,0x8c51,0x8c51,0x8c51,0x8c51,0x8c51,0x8c51,0x8c51,0x8c51,0x8c51,0x8c51,0x8c51,0x8c51,0x8c51,0x8c51,0x8c51,0x8c51,0xffff,0xc638,0xc638,0x52aa,0x52aa,0x52aa,0x52aa,0x0000,0x0000,
	0x0000,0x0000,0xffff,0xffff,0xffff,0xffff,0xc638,0xc638,0x31a6,0x8c51,0x8c51,0x8c51,0x8c51,0x8c51,0x8c51,0x8c51,0x8c51,0x8c51,0x8c51,0x8c51,0x8c51,0x8c51,0x8c51,0x8c51,0x8c51,0x8c51,0x8c51,0x8c51,0x8c51,0x8c51,0x8c51,0x8c51,0x8c51,0x8c51,0x8c51,0xffff,0x31a6,0x8c51,0x8c51,0x8c51,0x8c51,0x8c51,0x8c51,0x8c51,0x8c51,0x8c51,0x8c51,0x8c51,0x8c51,0x8c51,0x8c51,0x8c51,0x8c51,0x8c51,0x8c51,0x8c51,0x8c51,0x8c51,0x8c51,0x8c51,0x8c51,0x8c51,0x8c51,0xffff,0x31a6,0x8c51,0x8c51,0x8c51,0x8c51,0x8c51,0x8c51,0x8c51,0x8c51,0x8c51,0x8c51,0x8c51,0x8c51,0x8c51,0x8c51,0x8c51,0x8c51,0x8c51,0x8c51,0x8c51,0x8c51,0x8c51,0x8c51,0x8c51,0x8c51,0x8c51,0x8c51,0xffff,0xc638,0xc638,0x52aa,0x52aa,0x52aa,0x52aa,0x0000,0x0000,
	0x0000,0x0000,0xffff,0xffff,0xffff,0xffff,0xc638,0xc638,0x31a6,0x8c51,0x8c51,0x8c51,0x8c51,0x8c51,0x8c51,0x8c51,0x8c51,0x8c51,0x8c51,0x8c51,0x8c51,0x8c51,0x8c51,0x8c51,0x8c51,0x8c51,0x8c51,0x8c51,0x8c51,0x8c51,0x8c51,0x8c51,0x8c51,0x8c51,0x8c51,0xffff,0x31a6,0x8c51,0x8c51,0x8c51,0x8c51,0x8c51,0x8c51,0x8c51,0x8c51,0x8c51,0x8c51,0x8c51,0x8c51,0x8c51,0x8c51,0x8c51,0x8c51,0x8c51,0x8c51,0x8c51,0x8c51,0x8c51,0x8c51,0x8c51,0x8c51,0x8c51,0x8c51,0xffff,0x31a6,0x8c51,0x8c51,0x8c51,0x8c51,0x8c51,0x8c51,0x8c51,0x8c51,0x8c51,0x8c51,0x8c51,0x8c51,0x8c51,0x8c51,0x8c51,0x8c51,0x8c51,0x8c51,0x8c51,0x8c51,0x8c51,0x8c51,0x8c51,0x8c51,0x8c51,0x8c51,0xffff,0xc638,0xc638,0x52aa,0x52aa,0x52aa,0x52aa,0x0000,0x0000,
	0x0000,0x0000,0xffff,0xffff,0xffff,0xffff,0xc638,0xc638,0x31a6,0x8c51,0x8c51,0x8c51,0x8c51,0x8c51,0x8c51,0x8c51,0x8c51,0x8c51,0x8c51,0x8c51,0x8c51,0x8c51,0x8c51,0x8c51,0x8c51,0x8c51,0x8c51,0x8c51,0x8c51,0x8c51,0x8c51,0x8c51,0x8c51,0x8c51,0x8c51,0xffff,0x31a6,0x8c51,0x8c51,0x8c51,0x8c51,0x8c51,0x8c51,0x8c51,0x8c51,0x8c51,0x8c51,0x8c51,0x8c51,0x8c51,0x8c51,0x8c51,0x8c51,0x8c51,0x8c51,0x8c51,0x8c51,0x8c51,0x8c51,0x8c51,0x8c51,0x8c51,0x8c51,0xffff,0x31a6,0x8c51,0x8c51,0x8c51,0x8c51,0x8c51,0x8c51,0x8c51,0x8c51,0x8c51,0x8c51,0x8c51,0x8c51,0x8c51,0x8c51,0x8c51,0x8c51,0x8c51,0x8c51,0x8c51,0x8c51,0x8c51,0x8c51,0x8c51,0x8c51,0x8c51,0x8c51,0xffff,0xc638,0xc638,0x52aa,0x52aa,0x52aa,0x52aa,0x0000,0x0000,
	0x0000,0x0000,0xffff,0xffff,0xffff,0xffff,0xc638,0xc638,0x31a6,0x8c51,0x8c51,0x8c51,0x8c51,0x8c51,0x8c51,0x8c51,0x8c51,0x8c51,0x8c51,0x8c51,0x8c51,0x8c51,0x8c51,0x8c51,0x8c51,0x8c51,0x8c51,0x8c51,0x8c51,0x8c51,0x8c51,0x8c51,0x8c51,0x8c51,0x8c51,0xffff,0x31a6,0x8c51,0x8c51,0x8c51,0x8c51,0x8c51,0x8c51,0x8c51,0x8c51,0x8c51,0x8c51,0x8c51,0x8c51,0x8c51,0x8c51,0x8c51,0x8c51,0x8c51,0x8c51,0x8c51,0x8c51,0x8c51,0x8c51,0x8c51,0x8c51,0x8c51,0x8c51,0xffff,0x31a6,0x8c51,0x8c51,0x8c51,0x8c51,0x8c51,0x8c51,0x8c51,0x8c51,0x8c51,0x8c51,0x8c51,0x8c51,0x8c51,0x8c51,0x8c51,0x8c51,0x8c51,0x8c51,0x8c51,0x8c51,0x8c51,0x8c51,0x8c51,0x8c51,0x8c51,0x8c51,0xffff,0xc638,0xc638,0x52aa,0x52aa,0x52aa,0x52aa,0x0000,0x0000,
	0x0000,0x0000,0xffff,0xffff,0xffff,0xffff,0xc638,0xc638,0x31a6,0x8c51,0x8c51,0x8c51,0x8c51,0x8c51,0x8c51,0x8c51,0x8c51,0x8c51,0x8c51,0x8c51,0x8c51,0x8c51,0x8c51,0x8c51,0x8c51,0x8c51,0x8c51,0x8c51,0x8c51,0x8c51,0x8c51,0x8c51,0x8c51,0x8c51,0x8c51,0xffff,0x31a6,0x8c51,0x8c51,0x8c51,0x8c51,0x8c51,0x8c51,0x8c51,0x8c51,0x8c51,0x8c51,0x8c51,0x8c51,0x8c51,0x8c51,0x8c51,0x8c51,0x8c51,0x8c51,0x8c51,0x8c51,0x8c51,0x8c51,0x8c51,0x8c51,0x8c51,0x8c51,0xffff,0x31a6,0x8c51,0x8c51,0x8c51,0x8c51,0x8c51,0x8c51,0x8c51,0x8c51,0x8c51,0x8c51,0x8c51,0x8c51,0x8c51,0x8c51,0x8c51,0x8c51,0x8c51,0x8c51,0x8c51,0x8c51,0x8c51,0x8c51,0x8c51,0x8c51,0x8c51,0x8c51,0xffff,0xc638,0xc638,0x52aa,0x52aa,0x52aa,0x52aa,0x0000,0x0000,
	0x0000,0x0000,0xffff,0xffff,0xffff,0xffff,0xc638,0xc638,0x31a6,0x8c51,0x8c51,0x8c51,0x8c51,0x8c51,0x8c51,0x8c51,0x8c51,0x8c51,0x8c51,0x8c51,0x8c51,0x8c51,0x8c51,0x8c51,0x8c51,0x8c51,0x8c51,0x8c51,0x8c51,0x8c51,0x8c51,0x8c51,0x8c51,0x8c51,0x8c51,0xffff,0x31a6,0x8c51,0x8c51,0x8c51,0x8c51,0x8c51,0x8c51,0x8c51,0x8c51,0x8c51,0x8c51,0x8c51,0x8c51,0x8c51,0x8c51,0x8c51,0x8c51,0x8c51,0x8c51,0x8c51,0x8c51,0x8c51,0x8c51,0x8c51,0x8c51,0x8c51,0x8c51,0xffff,0x31a6,0x8c51,0x8c51,0x8c51,0x8c51,0x8c51,0x8c51,0x8c51,0x8c51,0x8c51,0x8c51,0x8c51,0x8c51,0x8c51,0x8c51,0x8c51,0x8c51,0x8c51,0x8c51,0x8c51,0x8c51,0x8c51,0x8c51,0x8c51,0x8c51,0x8c51,0x8c51,0xffff,0xc638,0xc638,0x52aa,0x52aa,0x52aa,0x52aa,0x0000,0x0000,
	0x0000,0x0000,0xffff,0xffff,0xffff,0xffff,0xc638,0xc638,0x31a6,0x8c51,0x8c51,0x8c51,0x8c51,0x8c51,0x8c51,0x8c51,0x8c51,0x8c51,0x8c51,0x8c51,0x8c51,0x8c51,0x8c51,0x8c51,0x8c51,0x8c51,0x8c51,0x8c51,0x8c51,0x8c51,0x8c51,0x8c51,0x8c51,0x8c51,0x8c51,0xffff,0x31a6,0x8c51,0x8c51,0x8c51,0x8c51,0x8c51,0x8c51,0x8c51,0x8c51,0x8c51,0x8c51,0x8c51,0x8c51,0x8c51,0x8c51,0x8c51,0x8c51,0x8c51,0x8c51,0x8c51,0x8c51,0x8c51,0x8c51,0x8c51,0x8c51,0x8c51,0x8c51,0xffff,0x31a6,0x8c51,0x8c51,0x8c51,0x8c51,0x8c51,0x8c51,0x8c51,0x8c51,0x8c51,0x8c51,0x8c51,0x8c51,0x8c51,0x8c51,0x8c51,0x8c51,0x8c51,0x8c51,0x8c51,0x8c51,0x8c51,0x8c51,0x8c51,0x8c51,0x8c51,0x8c51,0xffff,0xc638,0xc638,0x52aa,0x52aa,0x52aa,0x52aa,0x0000,0x0000,
	0x0000,0x0000,0xffff,0xffff,0xffff,0xffff,0xc638,0xc638,0x31a6,0x8c51,0x8c51,0x8c51,0x8c51,0x8c51,0x8c51,0x8c51,0x8c51,0x8c51,0x8c51,0x8c51,0x8c51,0x8c51,0x8c51,0x8c51,0x8c51,0x8c51,0x8c51,0x8c51,0x8c51,0x8c51,0x8c51,0x8c51,0x8c51,0x8c51,0x8c51,0xffff,0x31a6,0x8c51,0x8c51,0x8c51,0x8c51,0x8c51,0x8c51,0x8c51,0x8c51,0x8c51,0x8c51,0x8c51,0x8c51,0x8c51,0x8c51,0x8c51,0x8c51,0x8c51,0x8c51,0x8c51,0x8c51,0x8c51,0x8c51,0x8c51,0x8c51,0x8c51,0x8c51,0xffff,0x31a6,0x8c51,0x8c51,0x8c51,0x8c51,0x8c51,0x8c51,0x8c51,0x8c51,0x8c51,0x8c51,0x8c51,0x8c51,0x8c51,0x8c51,0x8c51,0x8c51,0x8c51,0x8c51,0x8c51,0x8c51,0x8c51,0x8c51,0x8c51,0x8c51,0x8c51,0x8c51,0xffff,0xc638,0xc638,0x52aa,0x52aa,0x52aa,0x52aa,0x0000,0x0000,
	0x0000,0x0000,0xffff,0xffff,0xffff,0xffff,0xc638,0xc638,0x31a6,0x8c51,0x8c51,0x8c51,0x8c51,0x8c51,0x8c51,0x8c51,0x8c51,0x8c51,0x8c51,0x8c51,0x8c51,0x8c51,0x8c51,0x8c51,0x8c51,0x8c51,0x8c51,0x8c51,0x8c51,0x8c51,0x8c51,0x8c51,0x8c51,0x8c51,0x8c51,0xffff,0x31a6,0x8c51,0x8c51,0x8c51,0x8c51,0x8c51,0x8c51,0x8c51,0x8c51,0x8c51,0x8c51,0x8c51,0x8c51,0x8c51,0x8c51,0x8c51,0x8c51,0x8c51,0x8c51,0x8c51,0x8c51,0x8c51,0x8c51,0x8c51,0x8c51,0x8c51,0x8c51,0xffff,0x31a6,0x8c51,0x8c51,0x8c51,0x8c51,0x8c51,0x8c51,0x8c51,0x8c51,0x8c51,0x8c51,0x8c51,0x8c51,0x8c51,0x8c51,0x8c51,0x8c51,0x8c51,0x8c51,0x8c51,0x8c51,0x8c51,0x8c51,0x8c51,0x8c51,0x8c51,0x8c51,0xffff,0xc638,0xc638,0x52aa,0x52aa,0x52aa,0x52aa,0x0000,0x0000,
	0x0000,0x0000,0xffff,0xffff,0xffff,0xffff,0xc638,0xc638,0x31a6,0x8c51,0x8c51,0x8c51,0x8c51,0x8c51,0x8c51,0x8c51,0x8c51,0x8c51,0x8c51,0x8c51,0x8c51,0x8c51,0x8c51,0x8c51,0x8c51,0x8c51,0x8c51,0x8c51,0x8c51,0x8c51,0x8c51,0x8c51,0x8c51,0x8c51,0x8c51,0xffff,0x31a6,0x8c51,0x8c51,0x8c51,0x8c51,0x8c51,0x8c51,0x8c51,0x8c51,0x8c51,0x8c51,0x8c51,0x8c51,0x8c51,0x8c51,0x8c51,0x8c51,0x8c51,0x8c51,0x8c51,0x8c51,0x8c51,0x8c51,0x8c51,0x8c51,0x8c51,0x8c51,0xffff,0x31a6,0x8c51,0x8c51,0x8c51,0x8c51,0x8c51,0x8c51,0x8c51,0x8c51,0x8c51,0x8c51,0x8c51,0x8c51,0x8c51,0x8c51,0x8c51,0x8c51,0x8c51,0x8c51,0x8c51,0x8c51,0x8c51,0x8c51,0x8c51,0x8c51,0x8c51,0x8c51,0xffff,0xc638,0xc638,0x52aa,0x52aa,0x52aa,0x52aa,0x0000,0x0000,
	0x0000,0x0000,0xffff,0xffff,0xffff,0xffff,0xc638,0xc638,0x31a6,0x8c51,0x8c51,0x8c51,0x8c51,0x8c51,0x8c51,0x8c51,0x8c51,0x8c51,0x8c51,0x8c51,0x8c51,0x8c51,0x8c51,0x8c51,0x8c51,0x8c51,0x8c51,0x8c51,0x8c51,0x8c51,0x8c51,0x8c51,0x8c51,0x8c51,0x8c51,0xffff,0x31a6,0x8c51,0x8c51,0x8c51,0x8c51,0x8c51,0x8c51,0x8c51,0x8c51,0x8c51,0x8c51,0x8c51,0x8c51,0x8c51,0x8c51,0x8c51,0x8c51,0x8c51,0x8c51,0x8c51,0x8c51,0x8c51,0x8c51,0x8c51,0x8c51,0x8c51,0x8c51,0xffff,0x31a6,0x8c51,0x8c51,0x8c51,0x8c51,0x8c51,0x8c51,0x8c51,0x8c51,0x8c51,0x8c51,0x8c51,0x8c51,0x8c51,0x8c51,0x8c51,0x8c51,0x8c51,0x8c51,0x8c51,0x8c51,0x8c51,0x8c51,0x8c51,0x8c51,0x8c51,0x8c51,0xffff,0xc638,0xc638,0x52aa,0x52aa,0x52aa,0x52aa,0x0000,0x0000,
	0x0000,0x0000,0xffff,0xffff,0xffff,0xffff,0xc638,0xc638,0x31a6,0x8c51,0x8c51,0x8c51,0x8c51,0x8c51,0x8c51,0x8c51,0x8c51,0x8c51,0x8c51,0x8c51,0x8c51,0x8c51,0x8c51,0x8c51,0x8c51,0x8c51,0x8c51,0x8c51,0x8c51,0x8c51,0x8c51,0x8c51,0x8c51,0x8c51,0x8c51,0xffff,0x31a6,0x8c51,0x8c51,0x8c51,0x8c51,0x8c51,0x8c51,0x8c51,0x8c51,0x8c51,0x8c51,0x8c51,0x8c51,0x8c51,0x8c51,0x8c51,0x8c51,0x8c51,0x8c51,0x8c51,0x8c51,0x8c51,0x8c51,0x8c51,0x8c51,0x8c51,0x8c51,0xffff,0x31a6,0x8c51,0x8c51,0x8c51,0x8c51,0x8c51,0x8c51,0x8c51,0x8c51,0x8c51,0x8c51,0x8c51,0x8c51,0x8c51,0x8c51,0x8c51,0x8c51,0x8c51,0x8c51,0x8c51,0x8c51,0x8c51,0x8c51,0x8c51,0x8c51,0x8c51,0x8c51,0xffff,0xc638,0xc638,0x52aa,0x52aa,0x52aa,0x52aa,0x0000,0x0000,
	0x0000,0x0000,0xffff,0xffff,0xffff,0xffff,0xc638,0xc638,0x8c51,0xffff,0xffff,0xffff,0xffff,0xffff,0xffff,0xffff,0xffff,0xffff,0xffff,0xffff,0xffff,0xffff,0xffff,0xffff,0xffff,0xffff,0xffff,0xffff,0xffff,0xffff,0xffff,0xffff,0xffff,0xffff,0xffff,0xffff,0x8c51,0xffff,0xffff,0xffff,0xffff,0xffff,0xffff,0xffff,0xffff,0xffff,0xffff,0xffff,0xffff,0xffff,0xffff,0xffff,0xffff,0xffff,0xffff,0xffff,0xffff,0xffff,0xffff,0xffff,0xffff,0xffff,0xffff,0xffff,0x8c51,0xffff,0xffff,0xffff,0xffff,0xffff,0xffff,0xffff,0xffff,0xffff,0xffff,0xffff,0xffff,0xffff,0xffff,0xffff,0xffff,0xffff,0xffff,0xffff,0xffff,0xffff,0xffff,0xffff,0xffff,0xffff,0xffff,0xffff,0xc638,0xc638,0x52aa,0x52aa,0x52aa,0x52aa,0x0000,0x0000,
	0x0000,0x0000,0xffff,0xffff,0xffff,0xffff,0xc638,0xc638,0x31a6,0x31a6,0x31a6,0x31a6,0x31a6,0x31a6,0x31a6,0x31a6,0x31a6,0x31a6,0x31a6,0x31a6,0x31a6,0x31a6,0x31a6,0x31a6,0x31a6,0x31a6,0x31a6,0x31a6,0x31a6,0x31a6,0x31a6,0x31a6,0x31a6,0x31a6,0x31a6,0x8c51,0x31a6,0x31a6,0x31a6,0x31a6,0x31a6,0x31a6,0x31a6,0x31a6,0x31a6,0x31a6,0x31a6,0x31a6,0x31a6,0x31a6,0x31a6,0x31a6,0x31a6,0x31a6,0x31a6,0x31a6,0x31a6,0x31a6,0x31a6,0x31a6,0x31a6,0x31a6,0x31a6,0x8c51,0x31a6,0x31a6,0x31a6,0x31a6,0x31a6,0x31a6,0x31a6,0x31a6,0x31a6,0x31a6,0x31a6,0x31a6,0x31a6,0x31a6,0x31a6,0x31a6,0x31a6,0x31a6,0x31a6,0x31a6,0x31a6,0x31a6,0x31a6,0x31a6,0x31a6,0x31a6,0x31a6,0x8c51,0xc638,0xc638,0x52aa,0x52aa,0x52aa,0x52aa,0x0000,0x0000,
	0x0000,0x0000,0xffff,0xffff,0xffff,0xffff,0xc638,0xc638,0x31a6,0x8c51,0x8c51,0x8c51,0x8c51,0x8c51,0x8c51,0x8c51,0x8c51,0x8c51,0x8c51,0x8c51,0x8c51,0x8c51,0x8c51,0x8c51,0x8c51,0x8c51,0x8c51,0x8c51,0x8c51,0x8c51,0x8c51,0x8c51,0x8c51,0x8c51,0x8c51,0xffff,0x31a6,0x8c51,0x8c51,0x8c51,0x8c51,0x8c51,0x8c51,0x8c51,0x8c51,0x8c51,0x8c51,0x8c51,0x8c51,0x8c51,0x8c51,0x8c51,0x8c51,0x8c51,0x8c51,0x8c51,0x8c51,0x8c51,0x8c51,0x8c51,0x8c51,0x8c51,0x8c51,0xffff,0x31a6,0x8c51,0x8c51,0x8c51,0x8c51,0x8c51,0x8c51,0x8c51,0x8c51,0x8c51,0x8c51,0x8c51,0x8c51,0x8c51,0x8c51,0x8c51,0x8c51,0x8c51,0x8c51,0x8c51,0x8c51,0x8c51,0x8c51,0x8c51,0x8c51,0x8c51,0x8c51,0xffff,0xc638,0xc638,0x52aa,0x52aa,0x52aa,0x52aa,0x0000,0x0000,
	0x0000,0x0000,0xffff,0xffff,0xffff,0xffff,0xc638,0xc638,0x31a6,0x8c51,0x8c51,0x8c51,0x8c51,0x8c51,0x8c51,0x8c51,0x8c51,0x8c51,0x8c51,0x8c51,0x8c51,0x8c51,0x8c51,0x8c51,0x8c51,0x8c51,0x8c51,0x8c51,0x8c51,0x8c51,0x8c51,0x8c51,0x8c51,0x8c51,0x8c51,0xffff,0x31a6,0x8c51,0x8c51,0x8c51,0x8c51,0x8c51,0x8c51,0x8c51,0x8c51,0x8c51,0x8c51,0x8c51,0x8c51,0x8c51,0x8c51,0x8c51,0x8c51,0x8c51,0x8c51,0x8c51,0x8c51,0x8c51,0x8c51,0x8c51,0x8c51,0x8c51,0x8c51,0xffff,0x31a6,0x8c51,0x8c51,0x8c51,0x8c51,0x8c51,0x8c51,0x8c51,0x8c51,0x8c51,0x8c51,0x8c51,0x8c51,0x8c51,0x8c51,0x8c51,0x8c51,0x8c51,0x8c51,0x8c51,0x8c51,0x8c51,0x8c51,0x8c51,0x8c51,0x8c51,0x8c51,0xffff,0xc638,0xc638,0x52aa,0x52aa,0x52aa,0x52aa,0x0000,0x0000,
	0x0000,0x0000,0xffff,0xffff,0xffff,0xffff,0xc638,0xc638,0x31a6,0x8c51,0x8c51,0x8c51,0x8c51,0x8c51,0x8c51,0x8c51,0x8c51,0x8c51,0x8c51,0x8c51,0x8c51,0x8c51,0x8c51,0x8c51,0x8c51,0x8c51,0x8c51,0x8c51,0x8c51,0x8c51,0x8c51,0x8c51,0x8c51,0x8c51,0x8c51,0xffff,0x31a6,0x8c51,0x8c51,0x8c51,0x8c51,0x8c51,0x8c51,0x8c51,0x8c51,0x8c51,0x8c51,0x8c51,0x8c51,0x8c51,0x8c51,0x8c51,0x8c51,0x8c51,0x8c51,0x8c51,0x8c51,0x8c51,0x8c51,0x8c51,0x8c51,0x8c51,0x8c51,0xffff,0x31a6,0x8c51,0x8c51,0x8c51,0x8c51,0x8c51,0x8c51,0x8c51,0x8c51,0x8c51,0x8c51,0x8c51,0x8c51,0x8c51,0x8c51,0x8c51,0x8c51,0x8c51,0x8c51,0x8c51,0x8c51,0x8c51,0x8c51,0x8c51,0x8c51,0x8c51,0x8c51,0xffff,0xc638,0xc638,0x52aa,0x52aa,0x52aa,0x52aa,0x0000,0x0000,
	0x0000,0x0000,0xffff,0xffff,0xffff,0xffff,0xc638,0xc638,0x31a6,0x8c51,0x8c51,0x8c51,0x8c51,0x8c51,0x8c51,0x8c51,0x8c51,0x8c51,0x8c51,0x8c51,0x8c51,0x8c51,0x8c51,0x8c51,0x8c51,0x8c51,0x8c51,0x8c51,0x8c51,0x8c51,0x8c51,0x8c51,0x8c51,0x8c51,0x8c51,0xffff,0x31a6,0x8c51,0x8c51,0x8c51,0x8c51,0x8c51,0x8c51,0x8c51,0x8c51,0x8c51,0x8c51,0x8c51,0x8c51,0x8c51,0x8c51,0x8c51,0x8c51,0x8c51,0x8c51,0x8c51,0x8c51,0x8c51,0x8c51,0x8c51,0x8c51,0x8c51,0x8c51,0xffff,0x31a6,0x8c51,0x8c51,0x8c51,0x8c51,0x8c51,0x8c51,0x8c51,0x8c51,0x8c51,0x8c51,0x8c51,0x8c51,0x8c51,0x8c51,0x8c51,0x8c51,0x8c51,0x8c51,0x8c51,0x8c51,0x8c51,0x8c51,0x8c51,0x8c51,0x8c51,0x8c51,0xffff,0xc638,0xc638,0x52aa,0x52aa,0x52aa,0x52aa,0x0000,0x0000,
	0x0000,0x0000,0xffff,0xffff,0xffff,0xffff,0xc638,0xc638,0x31a6,0x8c51,0x8c51,0x8c51,0x8c51,0x8c51,0x8c51,0x8c51,0x8c51,0x8c51,0x8c51,0x8c51,0x8c51,0x8c51,0x8c51,0x8c51,0x8c51,0x8c51,0x8c51,0x8c51,0x8c51,0x8c51,0x8c51,0x8c51,0x8c51,0x8c51,0x8c51,0xffff,0x31a6,0x8c51,0x8c51,0x8c51,0x8c51,0x8c51,0x8c51,0x8c51,0x8c51,0x8c51,0x8c51,0x8c51,0x8c51,0x8c51,0x8c51,0x8c51,0x8c51,0x8c51,0x8c51,0x8c51,0x8c51,0x8c51,0x8c51,0x8c51,0x8c51,0x8c51,0x8c51,0xffff,0x31a6,0x8c51,0x8c51,0x8c51,0x8c51,0x8c51,0x8c51,0x8c51,0x8c51,0x8c51,0x8c51,0x8c51,0x8c51,0x8c51,0x8c51,0x8c51,0x8c51,0x8c51,0x8c51,0x8c51,0x8c51,0x8c51,0x8c51,0x8c51,0x8c51,0x8c51,0x8c51,0xffff,0xc638,0xc638,0x52aa,0x52aa,0x52aa,0x52aa,0x0000,0x0000,
	0x0000,0x0000,0xffff,0xffff,0xffff,0xffff,0xc638,0xc638,0x31a6,0x8c51,0x8c51,0x8c51,0x8c51,0x8c51,0x8c51,0x8c51,0x8c51,0x8c51,0x8c51,0x8c51,0x8c51,0x8c51,0x8c51,0x8c51,0x8c51,0x8c51,0x8c51,0x8c51,0x8c51,0x8c51,0x8c51,0x8c51,0x8c51,0x8c51,0x8c51,0xffff,0x31a6,0x8c51,0x8c51,0x8c51,0x8c51,0x8c51,0x8c51,0x8c51,0x8c51,0x8c51,0x8c51,0x8c51,0x8c51,0x8c51,0x8c51,0x8c51,0x8c51,0x8c51,0x8c51,0x8c51,0x8c51,0x8c51,0x8c51,0x8c51,0x8c51,0x8c51,0x8c51,0xffff,0x31a6,0x8c51,0x8c51,0x8c51,0x8c51,0x8c51,0x8c51,0x8c51,0x8c51,0x8c51,0x8c51,0x8c51,0x8c51,0x8c51,0x8c51,0x8c51,0x8c51,0x8c51,0x8c51,0x8c51,0x8c51,0x8c51,0x8c51,0x8c51,0x8c51,0x8c51,0x8c51,0xffff,0xc638,0xc638,0x52aa,0x52aa,0x52aa,0x52aa,0x0000,0x0000,
	0x0000,0x0000,0xffff,0xffff,0xffff,0xffff,0xc638,0xc638,0x31a6,0x8c51,0x8c51,0x8c51,0x8c51,0x8c51,0x8c51,0x8c51,0x8c51,0x8c51,0x8c51,0x8c51,0x8c51,0x8c51,0x8c51,0x8c51,0x8c51,0x8c51,0x8c51,0x8c51,0x8c51,0x8c51,0x8c51,0x8c51,0x8c51,0x8c51,0x8c51,0xffff,0x31a6,0x8c51,0x8c51,0x8c51,0x8c51,0x8c51,0x8c51,0x8c51,0x8c51,0x8c51,0x8c51,0x8c51,0x8c51,0x8c51,0x8c51,0x8c51,0x8c51,0x8c51,0x8c51,0x8c51,0x8c51,0x8c51,0x8c51,0x8c51,0x8c51,0x8c51,0x8c51,0xffff,0x31a6,0x8c51,0x8c51,0x8c51,0x8c51,0x8c51,0x8c51,0x8c51,0x8c51,0x8c51,0x8c51,0x8c51,0x8c51,0x8c51,0x8c51,0x8c51,0x8c51,0x8c51,0x8c51,0x8c51,0x8c51,0x8c51,0x8c51,0x8c51,0x8c51,0x8c51,0x8c51,0xffff,0xc638,0xc638,0x52aa,0x52aa,0x52aa,0x52aa,0x0000,0x0000,
	0x0000,0x0000,0xffff,0xffff,0xffff,0xffff,0xc638,0xc638,0x31a6,0x8c51,0x8c51,0x8c51,0x8c51,0x8c51,0x8c51,0x8c51,0x8c51,0x8c51,0x8c51,0x8c51,0x8c51,0x8c51,0x8c51,0x8c51,0x8c51,0x8c51,0x8c51,0x8c51,0x8c51,0x8c51,0x8c51,0x8c51,0x8c51,0x8c51,0x8c51,0xffff,0x31a6,0x8c51,0x8c51,0x8c51,0x8c51,0x8c51,0x8c51,0x8c51,0x8c51,0x8c51,0x8c51,0x8c51,0x8c51,0x8c51,0x8c51,0x8c51,0x8c51,0x8c51,0x8c51,0x8c51,0x8c51,0x8c51,0x8c51,0x8c51,0x8c51,0x8c51,0x8c51,0xffff,0x31a6,0x8c51,0x8c51,0x8c51,0x8c51,0x8c51,0x8c51,0x8c51,0x8c51,0x8c51,0x8c51,0x8c51,0x8c51,0x8c51,0x8c51,0x8c51,0x8c51,0x8c51,0x8c51,0x8c51,0x8c51,0x8c51,0x8c51,0x8c51,0x8c51,0x8c51,0x8c51,0xffff,0xc638,0xc638,0x52aa,0x52aa,0x52aa,0x52aa,0x0000,0x0000,
	0x0000,0x0000,0xffff,0xffff,0xffff,0xffff,0xc638,0xc638,0x31a6,0x8c51,0x8c51,0x8c51,0x8c51,0x8c51,0x8c51,0x8c51,0x8c51,0x8c51,0x8c51,0x8c51,0x8c51,0x8c51,0x8c51,0x8c51,0x8c51,0x8c51,0x8c51,0x8c51,0x8c51,0x8c51,0x8c51,0x8c51,0x8c51,0x8c51,0x8c51,0xffff,0x31a6,0x8c51,0x8c51,0x8c51,0x8c51,0x8c51,0x8c51,0x8c51,0x8c51,0x8c51,0x8c51,0x8c51,0x8c51,0x8c51,0x8c51,0x8c51,0x8c51,0x8c51,0x8c51,0x8c51,0x8c51,0x8c51,0x8c51,0x8c51,0x8c51,0x8c51,0x8c51,0xffff,0x31a6,0x8c51,0x8c51,0x8c51,0x8c51,0x8c51,0x8c51,0x8c51,0x8c51,0x8c51,0x8c51,0x8c51,0x8c51,0x8c51,0x8c51,0x8c51,0x8c51,0x8c51,0x8c51,0x8c51,0x8c51,0x8c51,0x8c51,0x8c51,0x8c51,0x8c51,0x8c51,0xffff,0xc638,0xc638,0x52aa,0x52aa,0x52aa,0x52aa,0x0000,0x0000,
	0x0000,0x0000,0xffff,0xffff,0xffff,0xffff,0xc638,0xc638,0x31a6,0x8c51,0x8c51,0x8c51,0x8c51,0x8c51,0x8c51,0x8c51,0x8c51,0x8c51,0x8c51,0x8c51,0x8c51,0x8c51,0x8c51,0x8c51,0x8c51,0x8c51,0x8c51,0x8c51,0x8c51,0x8c51,0x8c51,0x8c51,0x8c51,0x8c51,0x8c51,0xffff,0x31a6,0x8c51,0x8c51,0x8c51,0x8c51,0x8c51,0x8c51,0x8c51,0x8c51,0x8c51,0x8c51,0x8c51,0x8c51,0x8c51,0x8c51,0x8c51,0x8c51,0x8c51,0x8c51,0x8c51,0x8c51,0x8c51,0x8c51,0x8c51,0x8c51,0x8c51,0x8c51,0xffff,0x31a6,0x8c51,0x8c51,0x8c51,0x8c51,0x8c51,0x8c51,0x8c51,0x8c51,0x8c51,0x8c51,0x8c51,0x8c51,0x8c51,0x8c51,0x8c51,0x8c51,0x8c51,0x8c51,0x8c51,0x8c51,0x8c51,0x8c51,0x8c51,0x8c51,0x8c51,0x8c51,0xffff,0xc638,0xc638,0x52aa,0x52aa,0x52aa,0x52aa,0x0000,0x0000,
	0x0000,0x0000,0xffff,0xffff,0xffff,0xffff,0xc638,0xc638,0x31a6,0x8c51,0x8c51,0x8c51,0x8c51,0x8c51,0x8c51,0x8c51,0x8c51,0x8c51,0x8c51,0x8c51,0x8c51,0x8c51,0x8c51,0x8c51,0x8c51,0x8c51,0x8c51,0x8c51,0x8c51,0x8c51,0x8c51,0x8c51,0x8c51,0x8c51,0x8c51,0xffff,0x31a6,0x8c51,0x8c51,0x8c51,0x8c51,0x8c51,0x8c51,0x8c51,0x8c51,0x8c51,0x8c51,0x8c51,0x8c51,0x8c51,0x8c51,0x8c51,0x8c51,0x8c51,0x8c51,0x8c51,0x8c51,0x8c51,0x8c51,0x8c51,0x8c51,0x8c51,0x8c51,0xffff,0x31a6,0x8c51,0x8c51,0x8c51,0x8c51,0x8c51,0x8c51,0x8c51,0x8c51,0x8c51,0x8c51,0x8c51,0x8c51,0x8c51,0x8c51,0x8c51,0x8c51,0x8c51,0x8c51,0x8c51,0x8c51,0x8c51,0x8c51,0x8c51,0x8c51,0x8c51,0x8c51,0xffff,0xc638,0xc638,0x52aa,0x52aa,0x52aa,0x52aa,0x0000,0x0000,
	0x0000,0x0000,0xffff,0xffff,0xffff,0xffff,0xc638,0xc638,0x31a6,0x8c51,0x8c51,0x8c51,0x8c51,0x8c51,0x8c51,0x8c51,0x8c51,0x8c51,0x8c51,0x8c51,0x8c51,0x8c51,0x8c51,0x8c51,0x8c51,0x8c51,0x8c51,0x8c51,0x8c51,0x8c51,0x8c51,0x8c51,0x8c51,0x8c51,0x8c51,0xffff,0x31a6,0x8c51,0x8c51,0x8c51,0x8c51,0x8c51,0x8c51,0x8c51,0x8c51,0x8c51,0x8c51,0x8c51,0x8c51,0x8c51,0x8c51,0x8c51,0x8c51,0x8c51,0x8c51,0x8c51,0x8c51,0x8c51,0x8c51,0x8c51,0x8c51,0x8c51,0x8c51,0xffff,0x31a6,0x8c51,0x8c51,0x8c51,0x8c51,0x8c51,0x8c51,0x8c51,0x8c51,0x8c51,0x8c51,0x8c51,0x8c51,0x8c51,0x8c51,0x8c51,0x8c51,0x8c51,0x8c51,0x8c51,0x8c51,0x8c51,0x8c51,0x8c51,0x8c51,0x8c51,0x8c51,0xffff,0xc638,0xc638,0x52aa,0x52aa,0x52aa,0x52aa,0x0000,0x0000,
	0x0000,0x0000,0xffff,0xffff,0xffff,0xffff,0xc638,0xc638,0x31a6,0x8c51,0x8c51,0x8c51,0x8c51,0x8c51,0x8c51,0x8c51,0x8c51,0x8c51,0x8c51,0x8c51,0x8c51,0x8c51,0x8c51,0x8c51,0x8c51,0x8c51,0x8c51,0x8c51,0x8c51,0x8c51,0x8c51,0x8c51,0x8c51,0x8c51,0x8c51,0xffff,0x31a6,0x8c51,0x8c51,0x8c51,0x8c51,0x8c51,0x8c51,0x8c51,0x8c51,0x8c51,0x8c51,0x8c51,0x8c51,0x8c51,0x8c51,0x8c51,0x8c51,0x8c51,0x8c51,0x8c51,0x8c51,0x8c51,0x8c51,0x8c51,0x8c51,0x8c51,0x8c51,0xffff,0x31a6,0x8c51,0x8c51,0x8c51,0x8c51,0x8c51,0x8c51,0x8c51,0x8c51,0x8c51,0x8c51,0x8c51,0x8c51,0x8c51,0x8c51,0x8c51,0x8c51,0x8c51,0x8c51,0x8c51,0x8c51,0x8c51,0x8c51,0x8c51,0x8c51,0x8c51,0x8c51,0xffff,0xc638,0xc638,0x52aa,0x52aa,0x52aa,0x52aa,0x0000,0x0000,
	0x0000,0x0000,0xffff,0xffff,0xffff,0xffff,0xc638,0xc638,0x31a6,0x8c51,0x8c51,0x8c51,0x8c51,0x8c51,0x8c51,0x8c51,0x8c51,0x8c51,0x8c51,0x8c51,0x8c51,0x8c51,0x8c51,0x8c51,0x8c51,0x8c51,0x8c51,0x8c51,0x8c51,0x8c51,0x8c51,0x8c51,0x8c51,0x8c51,0x8c51,0xffff,0x31a6,0x8c51,0x8c51,0x8c51,0x8c51,0x8c51,0x8c51,0x8c51,0x8c51,0x8c51,0x8c51,0x8c51,0x8c51,0x8c51,0x8c51,0x8c51,0x8c51,0x8c51,0x8c51,0x8c51,0x8c51,0x8c51,0x8c51,0x8c51,0x8c51,0x8c51,0x8c51,0xffff,0x31a6,0x8c51,0x8c51,0x8c51,0x8c51,0x8c51,0x8c51,0x8c51,0x8c51,0x8c51,0x8c51,0x8c51,0x8c51,0x8c51,0x8c51,0x8c51,0x8c51,0x8c51,0x8c51,0x8c51,0x8c51,0x8c51,0x8c51,0x8c51,0x8c51,0x8c51,0x8c51,0xffff,0xc638,0xc638,0x52aa,0x52aa,0x52aa,0x52aa,0x0000,0x0000,
	0x0000,0x0000,0xffff,0xffff,0xffff,0xffff,0xc638,0xc638,0x31a6,0x8c51,0x8c51,0x8c51,0x8c51,0x8c51,0x8c51,0x8c51,0x8c51,0x8c51,0x8c51,0x8c51,0x8c51,0x8c51,0x8c51,0x8c51,0x8c51,0x8c51,0x8c51,0x8c51,0x8c51,0x8c51,0x8c51,0x8c51,0x8c51,0x8c51,0x8c51,0xffff,0x31a6,0x8c51,0x8c51,0x8c51,0x8c51,0x8c51,0x8c51,0x8c51,0x8c51,0x8c51,0x8c51,0x8c51,0x8c51,0x8c51,0x8c51,0x8c51,0x8c51,0x8c51,0x8c51,0x8c51,0x8c51,0x8c51,0x8c51,0x8c51,0x8c51,0x8c51,0x8c51,0xffff,0x31a6,0x8c51,0x8c51,0x8c51,0x8c51,0x8c51,0x8c51,0x8c51,0x8c51,0x8c51,0x8c51,0x8c51,0x8c51,0x8c51,0x8c51,0x8c51,0x8c51,0x8c51,0x8c51,0x8c51,0x8c51,0x8c51,0x8c51,0x8c51,0x8c51,0x8c51,0x8c51,0xffff,0xc638,0xc638,0x52aa,0x52aa,0x52aa,0x52aa,0x0000,0x0000,
	0x0000,0x0000,0xffff,0xffff,0xffff,0xffff,0xc638,0xc638,0x31a6,0x8c51,0x8c51,0x8c51,0x8c51,0x8c51,0x8c51,0x8c51,0x8c51,0x8c51,0x8c51,0x8c51,0x8c51,0x8c51,0x8c51,0x8c51,0x8c51,0x8c51,0x8c51,0x8c51,0x8c51,0x8c51,0x8c51,0x8c51,0x8c51,0x8c51,0x8c51,0xffff,0x31a6,0x8c51,0x8c51,0x8c51,0x8c51,0x8c51,0x8c51,0x8c51,0x8c51,0x8c51,0x8c51,0x8c51,0x8c51,0x8c51,0x8c51,0x8c51,0x8c51,0x8c51,0x8c51,0x8c51,0x8c51,0x8c51,0x8c51,0x8c51,0x8c51,0x8c51,0x8c51,0xffff,0x31a6,0x8c51,0x8c51,0x8c51,0x8c51,0x8c51,0x8c51,0x8c51,0x8c51,0x8c51,0x8c51,0x8c51,0x8c51,0x8c51,0x8c51,0x8c51,0x8c51,0x8c51,0x8c51,0x8c51,0x8c51,0x8c51,0x8c51,0x8c51,0x8c51,0x8c51,0x8c51,0xffff,0xc638,0xc638,0x52aa,0x52aa,0x52aa,0x52aa,0x0000,0x0000,
	0x0000,0x0000,0xffff,0xffff,0xffff,0xffff,0xc638,0xc638,0x31a6,0x8c51,0x8c51,0x8c51,0x8c51,0x8c51,0x8c51,0x8c51,0x8c51,0x8c51,0x8c51,0x8c51,0x8c51,0x8c51,0x8c51,0x8c51,0x8c51,0x8c51,0x8c51,0x8c51,0x8c51,0x8c51,0x8c51,0x8c51,0x8c51,0x8c51,0x8c51,0xffff,0x31a6,0x8c51,0x8c51,0x8c51,0x8c51,0x8c51,0x8c51,0x8c51,0x8c51,0x8c51,0x8c51,0x8c51,0x8c51,0x8c51,0x8c51,0x8c51,0x8c51,0x8c51,0x8c51,0x8c51,0x8c51,0x8c51,0x8c51,0x8c51,0x8c51,0x8c51,0x8c51,0xffff,0x31a6,0x8c51,0x8c51,0x8c51,0x8c51,0x8c51,0x8c51,0x8c51,0x8c51,0x8c51,0x8c51,0x8c51,0x8c51,0x8c51,0x8c51,0x8c51,0x8c51,0x8c51,0x8c51,0x8c51,0x8c51,0x8c51,0x8c51,0x8c51,0x8c51,0x8c51,0x8c51,0xffff,0xc638,0xc638,0x52aa,0x52aa,0x52aa,0x52aa,0x0000,0x0000,
	0x0000,0x0000,0xffff,0xffff,0xffff,0xffff,0xc638,0xc638,0x31a6,0x8c51,0x8c51,0x8c51,0x8c51,0x8c51,0x8c51,0x8c51,0x8c51,0x8c51,0x8c51,0x8c51,0x8c51,0x8c51,0x8c51,0x8c51,0x8c51,0x8c51,0x8c51,0x8c51,0x8c51,0x8c51,0x8c51,0x8c51,0x8c51,0x8c51,0x8c51,0xffff,0x31a6,0x8c51,0x8c51,0x8c51,0x8c51,0x8c51,0x8c51,0x8c51,0x8c51,0x8c51,0x8c51,0x8c51,0x8c51,0x8c51,0x8c51,0x8c51,0x8c51,0x8c51,0x8c51,0x8c51,0x8c51,0x8c51,0x8c51,0x8c51,0x8c51,0x8c51,0x8c51,0xffff,0x31a6,0x8c51,0x8c51,0x8c51,0x8c51,0x8c51,0x8c51,0x8c51,0x8c51,0x8c51,0x8c51,0x8c51,0x8c51,0x8c51,0x8c51,0x8c51,0x8c51,0x8c51,0x8c51,0x8c51,0x8c51,0x8c51,0x8c51,0x8c51,0x8c51,0x8c51,0x8c51,0xffff,0xc638,0xc638,0x52aa,0x52aa,0x52aa,0x52aa,0x0000,0x0000,
	0x0000,0x0000,0xffff,0xffff,0xffff,0xffff,0xc638,0xc638,0x31a6,0x8c51,0x8c51,0x8c51,0x8c51,0x8c51,0x8c51,0x8c51,0x8c51,0x8c51,0x8c51,0x8c51,0x8c51,0x8c51,0x8c51,0x8c51,0x8c51,0x8c51,0x8c51,0x8c51,0x8c51,0x8c51,0x8c51,0x8c51,0x8c51,0x8c51,0x8c51,0xffff,0x31a6,0x8c51,0x8c51,0x8c51,0x8c51,0x8c51,0x8c51,0x8c51,0x8c51,0x8c51,0x8c51,0x8c51,0x8c51,0x8c51,0x8c51,0x8c51,0x8c51,0x8c51,0x8c51,0x8c51,0x8c51,0x8c51,0x8c51,0x8c51,0x8c51,0x8c51,0x8c51,0xffff,0x31a6,0x8c51,0x8c51,0x8c51,0x8c51,0x8c51,0x8c51,0x8c51,0x8c51,0x8c51,0x8c51,0x8c51,0x8c51,0x8c51,0x8c51,0x8c51,0x8c51,0x8c51,0x8c51,0x8c51,0x8c51,0x8c51,0x8c51,0x8c51,0x8c51,0x8c51,0x8c51,0xffff,0xc638,0xc638,0x52aa,0x52aa,0x52aa,0x52aa,0x0000,0x0000,
	0x0000,0x0000,0xffff,0xffff,0xffff,0xffff,0xc638,0xc638,0x31a6,0x8c51,0x8c51,0x8c51,0x8c51,0x8c51,0x8c51,0x8c51,0x8c51,0x8c51,0x8c51,0x8c51,0x8c51,0x8c51,0x8c51,0x8c51,0x8c51,0x8c51,0x8c51,0x8c51,0x8c51,0x8c51,0x8c51,0x8c51,0x8c51,0x8c51,0x8c51,0xffff,0x31a6,0x8c51,0x8c51,0x8c51,0x8c51,0x8c51,0x8c51,0x8c51,0x8c51,0x8c51,0x8c51,0x8c51,0x8c51,0x8c51,0x8c51,0x8c51,0x8c51,0x8c51,0x8c51,0x8c51,0x8c51,0x8c51,0x8c51,0x8c51,0x8c51,0x8c51,0x8c51,0xffff,0x31a6,0x8c51,0x8c51,0x8c51,0x8c51,0x8c51,0x8c51,0x8c51,0x8c51,0x8c51,0x8c51,0x8c51,0x8c51,0x8c51,0x8c51,0x8c51,0x8c51,0x8c51,0x8c51,0x8c51,0x8c51,0x8c51,0x8c51,0x8c51,0x8c51,0x8c51,0x8c51,0xffff,0xc638,0xc638,0x52aa,0x52aa,0x52aa,0x52aa,0x0000,0x0000,
	0x0000,0x0000,0xffff,0xffff,0xffff,0xffff,0xc638,0xc638,0x31a6,0x8c51,0x8c51,0x8c51,0x8c51,0x8c51,0x8c51,0x8c51,0x8c51,0x8c51,0x8c51,0x8c51,0x8c51,0x8c51,0x8c51,0x8c51,0x8c51,0x8c51,0x8c51,0x8c51,0x8c51,0x8c51,0x8c51,0x8c51,0x8c51,0x8c51,0x8c51,0xffff,0x31a6,0x8c51,0x8c51,0x8c51,0x8c51,0x8c51,0x8c51,0x8c51,0x8c51,0x8c51,0x8c51,0x8c51,0x8c51,0x8c51,0x8c51,0x8c51,0x8c51,0x8c51,0x8c51,0x8c51,0x8c51,0x8c51,0x8c51,0x8c51,0x8c51,0x8c51,0x8c51,0xffff,0x31a6,0x8c51,0x8c51,0x8c51,0x8c51,0x8c51,0x8c51,0x8c51,0x8c51,0x8c51,0x8c51,0x8c51,0x8c51,0x8c51,0x8c51,0x8c51,0x8c51,0x8c51,0x8c51,0x8c51,0x8c51,0x8c51,0x8c51,0x8c51,0x8c51,0x8c51,0x8c51,0xffff,0xc638,0xc638,0x52aa,0x52aa,0x52aa,0x52aa,0x0000,0x0000,
	0x0000,0x0000,0xffff,0xffff,0xffff,0xffff,0xc638,0xc638,0x31a6,0x8c51,0x8c51,0x8c51,0x8c51,0x8c51,0x8c51,0x8c51,0x8c51,0x8c51,0x8c51,0x8c51,0x8c51,0x8c51,0x8c51,0x8c51,0x8c51,0x8c51,0x8c51,0x8c51,0x8c51,0x8c51,0x8c51,0x8c51,0x8c51,0x8c51,0x8c51,0xffff,0x31a6,0x8c51,0x8c51,0x8c51,0x8c51,0x8c51,0x8c51,0x8c51,0x8c51,0x8c51,0x8c51,0x8c51,0x8c51,0x8c51,0x8c51,0x8c51,0x8c51,0x8c51,0x8c51,0x8c51,0x8c51,0x8c51,0x8c51,0x8c51,0x8c51,0x8c51,0x8c51,0xffff,0x31a6,0x8c51,0x8c51,0x8c51,0x8c51,0x8c51,0x8c51,0x8c51,0x8c51,0x8c51,0x8c51,0x8c51,0x8c51,0x8c51,0x8c51,0x8c51,0x8c51,0x8c51,0x8c51,0x8c51,0x8c51,0x8c51,0x8c51,0x8c51,0x8c51,0x8c51,0x8c51,0xffff,0xc638,0xc638,0x52aa,0x52aa,0x52aa,0x52aa,0x0000,0x0000,
	0x0000,0x0000,0xffff,0xffff,0xffff,0xffff,0xc638,0xc638,0x31a6,0x8c51,0x8c51,0x8c51,0x8c51,0x8c51,0x8c51,0x8c51,0x8c51,0x8c51,0x8c51,0x8c51,0x8c51,0x8c51,0x8c51,0x8c51,0x8c51,0x8c51,0x8c51,0x8c51,0x8c51,0x8c51,0x8c51,0x8c51,0x8c51,0x8c51,0x8c51,0xffff,0x31a6,0x8c51,0x8c51,0x8c51,0x8c51,0x8c51,0x8c51,0x8c51,0x8c51,0x8c51,0x8c51,0x8c51,0x8c51,0x8c51,0x8c51,0x8c51,0x8c51,0x8c51,0x8c51,0x8c51,0x8c51,0x8c51,0x8c51,0x8c51,0x8c51,0x8c51,0x8c51,0xffff,0x31a6,0x8c51,0x8c51,0x8c51,0x8c51,0x8c51,0x8c51,0x8c51,0x8c51,0x8c51,0x8c51,0x8c51,0x8c51,0x8c51,0x8c51,0x8c51,0x8c51,0x8c51,0x8c51,0x8c51,0x8c51,0x8c51,0x8c51,0x8c51,0x8c51,0x8c51,0x8c51,0xffff,0xc638,0xc638,0x52aa,0x52aa,0x52aa,0x52aa,0x0000,0x0000,
	0x0000,0x0000,0xffff,0xffff,0xffff,0xffff,0xc638,0xc638,0x31a6,0x8c51,0x8c51,0x8c51,0x8c51,0x8c51,0x8c51,0x8c51,0x8c51,0x8c51,0x8c51,0x8c51,0x8c51,0x8c51,0x8c51,0x8c51,0x8c51,0x8c51,0x8c51,0x8c51,0x8c51,0x8c51,0x8c51,0x8c51,0x8c51,0x8c51,0x8c51,0xffff,0x31a6,0x8c51,0x8c51,0x8c51,0x8c51,0x8c51,0x8c51,0x8c51,0x8c51,0x8c51,0x8c51,0x8c51,0x8c51,0x8c51,0x8c51,0x8c51,0x8c51,0x8c51,0x8c51,0x8c51,0x8c51,0x8c51,0x8c51,0x8c51,0x8c51,0x8c51,0x8c51,0xffff,0x31a6,0x8c51,0x8c51,0x8c51,0x8c51,0x8c51,0x8c51,0x8c51,0x8c51,0x8c51,0x8c51,0x8c51,0x8c51,0x8c51,0x8c51,0x8c51,0x8c51,0x8c51,0x8c51,0x8c51,0x8c51,0x8c51,0x8c51,0x8c51,0x8c51,0x8c51,0x8c51,0xffff,0xc638,0xc638,0x52aa,0x52aa,0x52aa,0x52aa,0x0000,0x0000,
	0x0000,0x0000,0xffff,0xffff,0xffff,0xffff,0xc638,0xc638,0x31a6,0x8c51,0x8c51,0x8c51,0x8c51,0x8c51,0x8c51,0x8c51,0x8c51,0x8c51,0x8c51,0x8c51,0x8c51,0x8c51,0x8c51,0x8c51,0x8c51,0x8c51,0x8c51,0x8c51,0x8c51,0x8c51,0x8c51,0x8c51,0x8c51,0x8c51,0x8c51,0xffff,0x31a6,0x8c51,0x8c51,0x8c51,0x8c51,0x8c51,0x8c51,0x8c51,0x8c51,0x8c51,0x8c51,0x8c51,0x8c51,0x8c51,0x8c51,0x8c51,0x8c51,0x8c51,0x8c51,0x8c51,0x8c51,0x8c51,0x8c51,0x8c51,0x8c51,0x8c51,0x8c51,0xffff,0x31a6,0x8c51,0x8c51,0x8c51,0x8c51,0x8c51,0x8c51,0x8c51,0x8c51,0x8c51,0x8c51,0x8c51,0x8c51,0x8c51,0x8c51,0x8c51,0x8c51,0x8c51,0x8c51,0x8c51,0x8c51,0x8c51,0x8c51,0x8c51,0x8c51,0x8c51,0x8c51,0xffff,0xc638,0xc638,0x52aa,0x52aa,0x52aa,0x52aa,0x0000,0x0000,
	0x0000,0x0000,0xffff,0xffff,0xffff,0xffff,0xc638,0xc638,0x31a6,0x8c51,0x8c51,0x8c51,0x8c51,0x8c51,0x8c51,0x8c51,0x8c51,0x8c51,0x8c51,0x8c51,0x8c51,0x8c51,0x8c51,0x8c51,0x8c51,0x8c51,0x8c51,0x8c51,0x8c51,0x8c51,0x8c51,0x8c51,0x8c51,0x8c51,0x8c51,0xffff,0x31a6,0x8c51,0x8c51,0x8c51,0x8c51,0x8c51,0x8c51,0x8c51,0x8c51,0x8c51,0x8c51,0x8c51,0x8c51,0x8c51,0x8c51,0x8c51,0x8c51,0x8c51,0x8c51,0x8c51,0x8c51,0x8c51,0x8c51,0x8c51,0x8c51,0x8c51,0x8c51,0xffff,0x31a6,0x8c51,0x8c51,0x8c51,0x8c51,0x8c51,0x8c51,0x8c51,0x8c51,0x8c51,0x8c51,0x8c51,0x8c51,0x8c51,0x8c51,0x8c51,0x8c51,0x8c51,0x8c51,0x8c51,0x8c51,0x8c51,0x8c51,0x8c51,0x8c51,0x8c51,0x8c51,0xffff,0xc638,0xc638,0x52aa,0x52aa,0x52aa,0x52aa,0x0000,0x0000,
	0x0000,0x0000,0xffff,0xffff,0xffff,0xffff,0xc638,0xc638,0x8c51,0xffff,0xffff,0xffff,0xffff,0xffff,0xffff,0xffff,0xffff,0xffff,0xffff,0xffff,0xffff,0xffff,0xffff,0xffff,0xffff,0xffff,0xffff,0xffff,0xffff,0xffff,0xffff,0xffff,0xffff,0xffff,0xffff,0xffff,0x8c51,0xffff,0xffff,0xffff,0xffff,0xffff,0xffff,0xffff,0xffff,0xffff,0xffff,0xffff,0xffff,0xffff,0xffff,0xffff,0xffff,0xffff,0xffff,0xffff,0xffff,0xffff,0xffff,0xffff,0xffff,0xffff,0xffff,0xffff,0x8c51,0xffff,0xffff,0xffff,0xffff,0xffff,0xffff,0xffff,0xffff,0xffff,0xffff,0xffff,0xffff,0xffff,0xffff,0xffff,0xffff,0xffff,0xffff,0xffff,0xffff,0xffff,0xffff,0xffff,0xffff,0xffff,0xffff,0xffff,0xc638,0xc638,0x52aa,0x52aa,0x52aa,0x52aa,0x0000,0x0000,
	0x0000,0x0000,0xffff,0xffff,0xffff,0xffff,0xc638,0xc638,0x31a6,0x31a6,0x31a6,0x31a6,0x31a6,0x31a6,0x31a6,0x31a6,0x31a6,0x31a6,0x31a6,0x31a6,0x31a6,0x31a6,0x31a6,0x31a6,0x31a6,0x31a6,0x31a6,0x31a6,0x31a6,0x31a6,0x31a6,0x31a6,0x31a6,0x31a6,0x31a6,0x8c51,0x31a6,0x31a6,0x31a6,0x31a6,0x31a6,0x31a6,0x31a6,0x31a6,0x31a6,0x31a6,0x31a6,0x31a6,0x31a6,0x31a6,0x31a6,0x31a6,0x31a6,0x31a6,0x31a6,0x31a6,0x31a6,0x31a6,0x31a6,0x31a6,0x31a6,0x31a6,0x31a6,0x8c51,0x31a6,0x31a6,0x31a6,0x31a6,0x31a6,0x31a6,0x31a6,0x31a6,0x31a6,0x31a6,0x31a6,0x31a6,0x31a6,0x31a6,0x31a6,0x31a6,0x31a6,0x31a6,0x31a6,0x31a6,0x31a6,0x31a6,0x31a6,0x31a6,0x31a6,0x31a6,0x31a6,0x8c51,0xc638,0xc638,0x52aa,0x52aa,0x52aa,0x52aa,0x0000,0x0000,
	0x0000,0x0000,0xffff,0xffff,0xffff,0xffff,0xc638,0xc638,0x31a6,0x8c51,0x8c51,0x8c51,0x8c51,0x8c51,0x8c51,0x8c51,0x8c51,0x8c51,0x8c51,0x8c51,0x8c51,0x8c51,0x8c51,0x8c51,0x8c51,0x8c51,0x8c51,0x8c51,0x8c51,0x8c51,0x8c51,0x8c51,0x8c51,0x8c51,0x8c51,0xffff,0x31a6,0x8c51,0x8c51,0x8c51,0x8c51,0x8c51,0x8c51,0x8c51,0x8c51,0x8c51,0x8c51,0x8c51,0x8c51,0x8c51,0x8c51,0x8c51,0x8c51,0x8c51,0x8c51,0x8c51,0x8c51,0x8c51,0x8c51,0x8c51,0x8c51,0x8c51,0x8c51,0xffff,0x31a6,0x8c51,0x8c51,0x8c51,0x8c51,0x8c51,0x8c51,0x8c51,0x8c51,0x8c51,0x8c51,0x8c51,0x8c51,0x8c51,0x8c51,0x8c51,0x8c51,0x8c51,0x8c51,0x8c51,0x8c51,0x8c51,0x8c51,0x8c51,0x8c51,0x8c51,0x8c51,0xffff,0xc638,0xc638,0x52aa,0x52aa,0x52aa,0x52aa,0x0000,0x0000,
	0x0000,0x0000,0xffff,0xffff,0xffff,0xffff,0xc638,0xc638,0x31a6,0x8c51,0x8c51,0x8c51,0x8c51,0x8c51,0x8c51,0x8c51,0x8c51,0x8c51,0x8c51,0x8c51,0x8c51,0x8c51,0x8c51,0x8c51,0x8c51,0x8c51,0x8c51,0x8c51,0x8c51,0x8c51,0x8c51,0x8c51,0x8c51,0x8c51,0x8c51,0xffff,0x31a6,0x8c51,0x8c51,0x8c51,0x8c51,0x8c51,0x8c51,0x8c51,0x8c51,0x8c51,0x8c51,0x8c51,0x8c51,0x8c51,0x8c51,0x8c51,0x8c51,0x8c51,0x8c51,0x8c51,0x8c51,0x8c51,0x8c51,0x8c51,0x8c51,0x8c51,0x8c51,0xffff,0x31a6,0x8c51,0x8c51,0x8c51,0x8c51,0x8c51,0x8c51,0x8c51,0x8c51,0x8c51,0x8c51,0x8c51,0x8c51,0x8c51,0x8c51,0x8c51,0x8c51,0x8c51,0x8c51,0x8c51,0x8c51,0x8c51,0x8c51,0x8c51,0x8c51,0x8c51,0x8c51,0xffff,0xc638,0xc638,0x52aa,0x52aa,0x52aa,0x52aa,0x0000,0x0000,
	0x0000,0x0000,0xffff,0xffff,0xffff,0xffff,0xc638,0xc638,0x31a6,0x8c51,0x8c51,0x8c51,0x8c51,0x8c51,0x8c51,0x8c51,0x8c51,0x8c51,0x8c51,0x8c51,0x8c51,0x8c51,0x8c51,0x8c51,0x8c51,0x8c51,0x8c51,0x8c51,0x8c51,0x8c51,0x8c51,0x8c51,0x8c51,0x8c51,0x8c51,0xffff,0x31a6,0x8c51,0x8c51,0x8c51,0x8c51,0x8c51,0x8c51,0x8c51,0x8c51,0x8c51,0x8c51,0x8c51,0x8c51,0x8c51,0x8c51,0x8c51,0x8c51,0x8c51,0x8c51,0x8c51,0x8c51,0x8c51,0x8c51,0x8c51,0x8c51,0x8c51,0x8c51,0xffff,0x31a6,0x8c51,0x8c51,0x8c51,0x8c51,0x8c51,0x8c51,0x8c51,0x8c51,0x8c51,0x8c51,0x8c51,0x8c51,0x8c51,0x8c51,0x8c51,0x8c51,0x8c51,0x8c51,0x8c51,0x8c51,0x8c51,0x8c51,0x8c51,0x8c51,0x8c51,0x8c51,0xffff,0xc638,0xc638,0x52aa,0x52aa,0x52aa,0x52aa,0x0000,0x0000,
	0x0000,0x0000,0xffff,0xffff,0xffff,0xffff,0xc638,0xc638,0x31a6,0x8c51,0x8c51,0x8c51,0x8c51,0x8c51,0x8c51,0x8c51,0x8c51,0x8c51,0x8c51,0x8c51,0x8c51,0x8c51,0x8c51,0x8c51,0x8c51,0x8c51,0x8c51,0x8c51,0x8c51,0x8c51,0x8c51,0x8c51,0x8c51,0x8c51,0x8c51,0xffff,0x31a6,0x8c51,0x8c51,0x8c51,0x8c51,0x8c51,0x8c51,0x8c51,0x8c51,0x8c51,0x8c51,0x8c51,0x8c51,0x8c51,0x8c51,0x8c51,0x8c51,0x8c51,0x8c51,0x8c51,0x8c51,0x8c51,0x8c51,0x8c51,0x8c51,0x8c51,0x8c51,0xffff,0x31a6,0x8c51,0x8c51,0x8c51,0x8c51,0x8c51,0x8c51,0x8c51,0x8c51,0x8c51,0x8c51,0x8c51,0x8c51,0x8c51,0x8c51,0x8c51,0x8c51,0x8c51,0x8c51,0x8c51,0x8c51,0x8c51,0x8c51,0x8c51,0x8c51,0x8c51,0x8c51,0xffff,0xc638,0xc638,0x52aa,0x52aa,0x52aa,0x52aa,0x0000,0x0000,
	0x0000,0x0000,0xffff,0xffff,0xffff,0xffff,0xc638,0xc638,0x31a6,0x8c51,0x8c51,0x8c51,0x8c51,0x8c51,0x8c51,0x8c51,0x8c51,0x8c51,0x8c51,0x8c51,0x8c51,0x8c51,0x8c51,0x8c51,0x8c51,0x8c51,0x8c51,0x8c51,0x8c51,0x8c51,0x8c51,0x8c51,0x8c51,0x8c51,0x8c51,0xffff,0x31a6,0x8c51,0x8c51,0x8c51,0x8c51,0x8c51,0x8c51,0x8c51,0x8c51,0x8c51,0x8c51,0x8c51,0x8c51,0x8c51,0x8c51,0x8c51,0x8c51,0x8c51,0x8c51,0x8c51,0x8c51,0x8c51,0x8c51,0x8c51,0x8c51,0x8c51,0x8c51,0xffff,0x31a6,0x8c51,0x8c51,0x8c51,0x8c51,0x8c51,0x8c51,0x8c51,0x8c51,0x8c51,0x8c51,0x8c51,0x8c51,0x8c51,0x8c51,0x8c51,0x8c51,0x8c51,0x8c51,0x8c51,0x8c51,0x8c51,0x8c51,0x8c51,0x8c51,0x8c51,0x8c51,0xffff,0xc638,0xc638,0x52aa,0x52aa,0x52aa,0x52aa,0x0000,0x0000,
	0x0000,0x0000,0xffff,0xffff,0xffff,0xffff,0xc638,0xc638,0x31a6,0x8c51,0x8c51,0x8c51,0x8c51,0x8c51,0x8c51,0x8c51,0x8c51,0x8c51,0x8c51,0x8c51,0x8c51,0x8c51,0x8c51,0x8c51,0x8c51,0x8c51,0x8c51,0x8c51,0x8c51,0x8c51,0x8c51,0x8c51,0x8c51,0x8c51,0x8c51,0xffff,0x31a6,0x8c51,0x8c51,0x8c51,0x8c51,0x8c51,0x8c51,0x8c51,0x8c51,0x8c51,0x8c51,0x8c51,0x8c51,0x8c51,0x8c51,0x8c51,0x8c51,0x8c51,0x8c51,0x8c51,0x8c51,0x8c51,0x8c51,0x8c51,0x8c51,0x8c51,0x8c51,0xffff,0x31a6,0x8c51,0x8c51,0x8c51,0x8c51,0x8c51,0x8c51,0x8c51,0x8c51,0x8c51,0x8c51,0x8c51,0x8c51,0x8c51,0x8c51,0x8c51,0x8c51,0x8c51,0x8c51,0x8c51,0x8c51,0x8c51,0x8c51,0x8c51,0x8c51,0x8c51,0x8c51,0xffff,0xc638,0xc638,0x52aa,0x52aa,0x52aa,0x52aa,0x0000,0x0000,
	0x0000,0x0000,0xffff,0xffff,0xffff,0xffff,0xc638,0xc638,0x31a6,0x8c51,0x8c51,0x8c51,0x8c51,0x8c51,0x8c51,0x8c51,0x8c51,0x8c51,0x8c51,0x8c51,0x8c51,0x8c51,0x8c51,0x8c51,0x8c51,0x8c51,0x8c51,0x8c51,0x8c51,0x8c51,0x8c51,0x8c51,0x8c51,0x8c51,0x8c51,0xffff,0x31a6,0x8c51,0x8c51,0x8c51,0x8c51,0x8c51,0x8c51,0x8c51,0x8c51,0x8c51,0x8c51,0x8c51,0x8c51,0x8c51,0x8c51,0x8c51,0x8c51,0x8c51,0x8c51,0x8c51,0x8c51,0x8c51,0x8c51,0x8c51,0x8c51,0x8c51,0x8c51,0xffff,0x31a6,0x8c51,0x8c51,0x8c51,0x8c51,0x8c51,0x8c51,0x8c51,0x8c51,0x8c51,0x8c51,0x8c51,0x8c51,0x8c51,0x8c51,0x8c51,0x8c51,0x8c51,0x8c51,0x8c51,0x8c51,0x8c51,0x8c51,0x8c51,0x8c51,0x8c51,0x8c51,0xffff,0xc638,0xc638,0x52aa,0x52aa,0x52aa,0x52aa,0x0000,0x0000,
	0x0000,0x0000,0xffff,0xffff,0xffff,0xffff,0xc638,0xc638,0x31a6,0x8c51,0x8c51,0x8c51,0x8c51,0x8c51,0x8c51,0x8c51,0x8c51,0x8c51,0x8c51,0x8c51,0x8c51,0x8c51,0x8c51,0x8c51,0x8c51,0x8c51,0x8c51,0x8c51,0x8c51,0x8c51,0x8c51,0x8c51,0x8c51,0x8c51,0x8c51,0xffff,0x31a6,0x8c51,0x8c51,0x8c51,0x8c51,0x8c51,0x8c51,0x8c51,0x8c51,0x8c51,0x8c51,0x8c51,0x8c51,0x8c51,0x8c51,0x8c51,0x8c51,0x8c51,0x8c51,0x8c51,0x8c51,0x8c51,0x8c51,0x8c51,0x8c51,0x8c51,0x8c51,0xffff,0x31a6,0x8c51,0x8c51,0x8c51,0x8c51,0x8c51,0x8c51,0x8c51,0x8c51,0x8c51,0x8c51,0x8c51,0x8c51,0x8c51,0x8c51,0x8c51,0x8c51,0x8c51,0x8c51,0x8c51,0x8c51,0x8c51,0x8c51,0x8c51,0x8c51,0x8c51,0x8c51,0xffff,0xc638,0xc638,0x52aa,0x52aa,0x52aa,0x52aa,0x0000,0x0000,
	0x0000,0x0000,0xffff,0xffff,0xffff,0xffff,0xc638,0xc638,0x31a6,0x8c51,0x8c51,0x8c51,0x8c51,0x8c51,0x8c51,0x8c51,0x8c51,0x8c51,0x8c51,0x8c51,0x8c51,0x8c51,0x8c51,0x8c51,0x8c51,0x8c51,0x8c51,0x8c51,0x8c51,0x8c51,0x8c51,0x8c51,0x8c51,0x8c51,0x8c51,0xffff,0x31a6,0x8c51,0x8c51,0x8c51,0x8c51,0x8c51,0x8c51,0x8c51,0x8c51,0x8c51,0x8c51,0x8c51,0x8c51,0x8c51,0x8c51,0x8c51,0x8c51,0x8c51,0x8c51,0x8c51,0x8c51,0x8c51,0x8c51,0x8c51,0x8c51,0x8c51,0x8c51,0xffff,0x31a6,0x8c51,0x8c51,0x8c51,0x8c51,0x8c51,0x8c51,0x8c51,0x8c51,0x8c51,0x8c51,0x8c51,0x8c51,0x8c51,0x8c51,0x8c51,0x8c51,0x8c51,0x8c51,0x8c51,0x8c51,0x8c51,0x8c51,0x8c51,0x8c51,0x8c51,0x8c51,0xffff,0xc638,0xc638,0x52aa,0x52aa,0x52aa,0x52aa,0x0000,0x0000,
	0x0000,0x0000,0xffff,0xffff,0xffff,0xffff,0xc638,0xc638,0x31a6,0x8c51,0x8c51,0x8c51,0x8c51,0x8c51,0x8c51,0x8c51,0x8c51,0x8c51,0x8c51,0x8c51,0x8c51,0x8c51,0x8c51,0x8c51,0x8c51,0x8c51,0x8c51,0x8c51,0x8c51,0x8c51,0x8c51,0x8c51,0x8c51,0x8c51,0x8c51,0xffff,0x31a6,0x8c51,0x8c51,0x8c51,0x8c51,0x8c51,0x8c51,0x8c51,0x8c51,0x8c51,0x8c51,0x8c51,0x8c51,0x8c51,0x8c51,0x8c51,0x8c51,0x8c51,0x8c51,0x8c51,0x8c51,0x8c51,0x8c51,0x8c51,0x8c51,0x8c51,0x8c51,0xffff,0x31a6,0x8c51,0x8c51,0x8c51,0x8c51,0x8c51,0x8c51,0x8c51,0x8c51,0x8c51,0x8c51,0x8c51,0x8c51,0x8c51,0x8c51,0x8c51,0x8c51,0x8c51,0x8c51,0x8c51,0x8c51,0x8c51,0x8c51,0x8c51,0x8c51,0x8c51,0x8c51,0xffff,0xc638,0xc638,0x52aa,0x52aa,0x52aa,0x52aa,0x0000,0x0000,
	0x0000,0x0000,0xffff,0xffff,0xffff,0xffff,0xc638,0xc638,0x31a6,0x8c51,0x8c51,0x8c51,0x8c51,0x8c51,0x8c51,0x8c51,0x8c51,0x8c51,0x8c51,0x8c51,0x8c51,0x8c51,0x8c51,0x8c51,0x8c51,0x8c51,0x8c51,0x8c51,0x8c51,0x8c51,0x8c51,0x8c51,0x8c51,0x8c51,0x8c51,0xffff,0x31a6,0x8c51,0x8c51,0x8c51,0x8c51,0x8c51,0x8c51,0x8c51,0x8c51,0x8c51,0x8c51,0x8c51,0x8c51,0x8c51,0x8c51,0x8c51,0x8c51,0x8c51,0x8c51,0x8c51,0x8c51,0x8c51,0x8c51,0x8c51,0x8c51,0x8c51,0x8c51,0xffff,0x31a6,0x8c51,0x8c51,0x8c51,0x8c51,0x8c51,0x8c51,0x8c51,0x8c51,0x8c51,0x8c51,0x8c51,0x8c51,0x8c51,0x8c51,0x8c51,0x8c51,0x8c51,0x8c51,0x8c51,0x8c51,0x8c51,0x8c51,0x8c51,0x8c51,0x8c51,0x8c51,0xffff,0xc638,0xc638,0x52aa,0x52aa,0x52aa,0x52aa,0x0000,0x0000,
	0x0000,0x0000,0xffff,0xffff,0xffff,0xffff,0xc638,0xc638,0x31a6,0x8c51,0x8c51,0x8c51,0x8c51,0x8c51,0x8c51,0x8c51,0x8c51,0x8c51,0x8c51,0x8c51,0x8c51,0x8c51,0x8c51,0x8c51,0x8c51,0x8c51,0x8c51,0x8c51,0x8c51,0x8c51,0x8c51,0x8c51,0x8c51,0x8c51,0x8c51,0xffff,0x31a6,0x8c51,0x8c51,0x8c51,0x8c51,0x8c51,0x8c51,0x8c51,0x8c51,0x8c51,0x8c51,0x8c51,0x8c51,0x8c51,0x8c51,0x8c51,0x8c51,0x8c51,0x8c51,0x8c51,0x8c51,0x8c51,0x8c51,0x8c51,0x8c51,0x8c51,0x8c51,0xffff,0x31a6,0x8c51,0x8c51,0x8c51,0x8c51,0x8c51,0x8c51,0x8c51,0x8c51,0x8c51,0x8c51,0x8c51,0x8c51,0x8c51,0x8c51,0x8c51,0x8c51,0x8c51,0x8c51,0x8c51,0x8c51,0x8c51,0x8c51,0x8c51,0x8c51,0x8c51,0x8c51,0xffff,0xc638,0xc638,0x52aa,0x52aa,0x52aa,0x52aa,0x0000,0x0000,
	0x0000,0x0000,0xffff,0xffff,0xffff,0xffff,0xc638,0xc638,0x31a6,0x8c51,0x8c51,0x8c51,0x8c51,0x8c51,0x8c51,0x8c51,0x8c51,0x8c51,0x8c51,0x8c51,0x8c51,0x8c51,0x8c51,0x8c51,0x8c51,0x8c51,0x8c51,0x8c51,0x8c51,0x8c51,0x8c51,0x8c51,0x8c51,0x8c51,0x8c51,0xffff,0x31a6,0x8c51,0x8c51,0x8c51,0x8c51,0x8c51,0x8c51,0x8c51,0x8c51,0x8c51,0x8c51,0x8c51,0x8c51,0x8c51,0x8c51,0x8c51,0x8c51,0x8c51,0x8c51,0x8c51,0x8c51,0x8c51,0x8c51,0x8c51,0x8c51,0x8c51,0x8c51,0xffff,0x31a6,0x8c51,0x8c51,0x8c51,0x8c51,0x8c51,0x8c51,0x8c51,0x8c51,0x8c51,0x8c51,0x8c51,0x8c51,0x8c51,0x8c51,0x8c51,0x8c51,0x8c51,0x8c51,0x8c51,0x8c51,0x8c51,0x8c51,0x8c51,0x8c51,0x8c51,0x8c51,0xffff,0xc638,0xc638,0x52aa,0x52aa,0x52aa,0x52aa,0x0000,0x0000,
	0x0000,0x0000,0xffff,0xffff,0xffff,0xffff,0xc638,0xc638,0x31a6,0x8c51,0x8c51,0x8c51,0x8c51,0x8c51,0x8c51,0x8c51,0x8c51,0x8c51,0x8c51,0x8c51,0x8c51,0x8c51,0x8c51,0x8c51,0x8c51,0x8c51,0x8c51,0x8c51,0x8c51,0x8c51,0x8c51,0x8c51,0x8c51,0x8c51,0x8c51,0xffff,0x31a6,0x8c51,0x8c51,0x8c51,0x8c51,0x8c51,0x8c51,0x8c51,0x8c51,0x8c51,0x8c51,0x8c51,0x8c51,0x8c51,0x8c51,0x8c51,0x8c51,0x8c51,0x8c51,0x8c51,0x8c51,0x8c51,0x8c51,0x8c51,0x8c51,0x8c51,0x8c51,0xffff,0x31a6,0x8c51,0x8c51,0x8c51,0x8c51,0x8c51,0x8c51,0x8c51,0x8c51,0x8c51,0x8c51,0x8c51,0x8c51,0x8c51,0x8c51,0x8c51,0x8c51,0x8c51,0x8c51,0x8c51,0x8c51,0x8c51,0x8c51,0x8c51,0x8c51,0x8c51,0x8c51,0xffff,0xc638,0xc638,0x52aa,0x52aa,0x52aa,0x52aa,0x0000,0x0000,
	0x0000,0x0000,0xffff,0xffff,0xffff,0xffff,0xc638,0xc638,0x31a6,0x8c51,0x8c51,0x8c51,0x8c51,0x8c51,0x8c51,0x8c51,0x8c51,0x8c51,0x8c51,0x8c51,0x8c51,0x8c51,0x8c51,0x8c51,0x8c51,0x8c51,0x8c51,0x8c51,0x8c51,0x8c51,0x8c51,0x8c51,0x8c51,0x8c51,0x8c51,0xffff,0x31a6,0x8c51,0x8c51,0x8c51,0x8c51,0x8c51,0x8c51,0x8c51,0x8c51,0x8c51,0x8c51,0x8c51,0x8c51,0x8c51,0x8c51,0x8c51,0x8c51,0x8c51,0x8c51,0x8c51,0x8c51,0x8c51,0x8c51,0x8c51,0x8c51,0x8c51,0x8c51,0xffff,0x31a6,0x8c51,0x8c51,0x8c51,0x8c51,0x8c51,0x8c51,0x8c51,0x8c51,0x8c51,0x8c51,0x8c51,0x8c51,0x8c51,0x8c51,0x8c51,0x8c51,0x8c51,0x8c51,0x8c51,0x8c51,0x8c51,0x8c51,0x8c51,0x8c51,0x8c51,0x8c51,0xffff,0xc638,0xc638,0x52aa,0x52aa,0x52aa,0x52aa,0x0000,0x0000,
	0x0000,0x0000,0xffff,0xffff,0xffff,0xffff,0xc638,0xc638,0x31a6,0x8c51,0x8c51,0x8c51,0x8c51,0x8c51,0x8c51,0x8c51,0x8c51,0x8c51,0x8c51,0x8c51,0x8c51,0x8c51,0x8c51,0x8c51,0x8c51,0x8c51,0x8c51,0x8c51,0x8c51,0x8c51,0x8c51,0x8c51,0x8c51,0x8c51,0x8c51,0xffff,0x31a6,0x8c51,0x8c51,0x8c51,0x8c51,0x8c51,0x8c51,0x8c51,0x8c51,0x8c51,0x8c51,0x8c51,0x8c51,0x8c51,0x8c51,0x8c51,0x8c51,0x8c51,0x8c51,0x8c51,0x8c51,0x8c51,0x8c51,0x8c51,0x8c51,0x8c51,0x8c51,0xffff,0x31a6,0x8c51,0x8c51,0x8c51,0x8c51,0x8c51,0x8c51,0x8c51,0x8c51,0x8c51,0x8c51,0x8c51,0x8c51,0x8c51,0x8c51,0x8c51,0x8c51,0x8c51,0x8c51,0x8c51,0x8c51,0x8c51,0x8c51,0x8c51,0x8c51,0x8c51,0x8c51,0xffff,0xc638,0xc638,0x52aa,0x52aa,0x52aa,0x52aa,0x0000,0x0000,
	0x0000,0x0000,0xffff,0xffff,0xffff,0xffff,0xc638,0xc638,0x31a6,0x8c51,0x8c51,0x8c51,0x8c51,0x8c51,0x8c51,0x8c51,0x8c51,0x8c51,0x8c51,0x8c51,0x8c51,0x8c51,0x8c51,0x8c51,0x8c51,0x8c51,0x8c51,0x8c51,0x8c51,0x8c51,0x8c51,0x8c51,0x8c51,0x8c51,0x8c51,0xffff,0x31a6,0x8c51,0x8c51,0x8c51,0x8c51,0x8c51,0x8c51,0x8c51,0x8c51,0x8c51,0x8c51,0x8c51,0x8c51,0x8c51,0x8c51,0x8c51,0x8c51,0x8c51,0x8c51,0x8c51,0x8c51,0x8c51,0x8c51,0x8c51,0x8c51,0x8c51,0x8c51,0xffff,0x31a6,0x8c51,0x8c51,0x8c51,0x8c51,0x8c51,0x8c51,0x8c51,0x8c51,0x8c51,0x8c51,0x8c51,0x8c51,0x8c51,0x8c51,0x8c51,0x8c51,0x8c51,0x8c51,0x8c51,0x8c51,0x8c51,0x8c51,0x8c51,0x8c51,0x8c51,0x8c51,0xffff,0xc638,0xc638,0x52aa,0x52aa,0x52aa,0x52aa,0x0000,0x0000,
	0x0000,0x0000,0xffff,0xffff,0xffff,0xffff,0xc638,0xc638,0x31a6,0x8c51,0x8c51,0x8c51,0x8c51,0x8c51,0x8c51,0x8c51,0x8c51,0x8c51,0x8c51,0x8c51,0x8c51,0x8c51,0x8c51,0x8c51,0x8c51,0x8c51,0x8c51,0x8c51,0x8c51,0x8c51,0x8c51,0x8c51,0x8c51,0x8c51,0x8c51,0xffff,0x31a6,0x8c51,0x8c51,0x8c51,0x8c51,0x8c51,0x8c51,0x8c51,0x8c51,0x8c51,0x8c51,0x8c51,0x8c51,0x8c51,0x8c51,0x8c51,0x8c51,0x8c51,0x8c51,0x8c51,0x8c51,0x8c51,0x8c51,0x8c51,0x8c51,0x8c51,0x8c51,0xffff,0x31a6,0x8c51,0x8c51,0x8c51,0x8c51,0x8c51,0x8c51,0x8c51,0x8c51,0x8c51,0x8c51,0x8c51,0x8c51,0x8c51,0x8c51,0x8c51,0x8c51,0x8c51,0x8c51,0x8c51,0x8c51,0x8c51,0x8c51,0x8c51,0x8c51,0x8c51,0x8c51,0xffff,0xc638,0xc638,0x52aa,0x52aa,0x52aa,0x52aa,0x0000,0x0000,
	0x0000,0x0000,0xffff,0xffff,0xffff,0xffff,0xc638,0xc638,0x31a6,0x8c51,0x8c51,0x8c51,0x8c51,0x8c51,0x8c51,0x8c51,0x8c51,0x8c51,0x8c51,0x8c51,0x8c51,0x8c51,0x8c51,0x8c51,0x8c51,0x8c51,0x8c51,0x8c51,0x8c51,0x8c51,0x8c51,0x8c51,0x8c51,0x8c51,0x8c51,0xffff,0x31a6,0x8c51,0x8c51,0x8c51,0x8c51,0x8c51,0x8c51,0x8c51,0x8c51,0x8c51,0x8c51,0x8c51,0x8c51,0x8c51,0x8c51,0x8c51,0x8c51,0x8c51,0x8c51,0x8c51,0x8c51,0x8c51,0x8c51,0x8c51,0x8c51,0x8c51,0x8c51,0xffff,0x31a6,0x8c51,0x8c51,0x8c51,0x8c51,0x8c51,0x8c51,0x8c51,0x8c51,0x8c51,0x8c51,0x8c51,0x8c51,0x8c51,0x8c51,0x8c51,0x8c51,0x8c51,0x8c51,0x8c51,0x8c51,0x8c51,0x8c51,0x8c51,0x8c51,0x8c51,0x8c51,0xffff,0xc638,0xc638,0x52aa,0x52aa,0x52aa,0x52aa,0x0000,0x0000,
	0x0000,0x0000,0xffff,0xffff,0xffff,0xffff,0xc638,0xc638,0x31a6,0x8c51,0x8c51,0x8c51,0x8c51,0x8c51,0x8c51,0x8c51,0x8c51,0x8c51,0x8c51,0x8c51,0x8c51,0x8c51,0x8c51,0x8c51,0x8c51,0x8c51,0x8c51,0x8c51,0x8c51,0x8c51,0x8c51,0x8c51,0x8c51,0x8c51,0x8c51,0xffff,0x31a6,0x8c51,0x8c51,0x8c51,0x8c51,0x8c51,0x8c51,0x8c51,0x8c51,0x8c51,0x8c51,0x8c51,0x8c51,0x8c51,0x8c51,0x8c51,0x8c51,0x8c51,0x8c51,0x8c51,0x8c51,0x8c51,0x8c51,0x8c51,0x8c51,0x8c51,0x8c51,0xffff,0x31a6,0x8c51,0x8c51,0x8c51,0x8c51,0x8c51,0x8c51,0x8c51,0x8c51,0x8c51,0x8c51,0x8c51,0x8c51,0x8c51,0x8c51,0x8c51,0x8c51,0x8c51,0x8c51,0x8c51,0x8c51,0x8c51,0x8c51,0x8c51,0x8c51,0x8c51,0x8c51,0xffff,0xc638,0xc638,0x52aa,0x52aa,0x52aa,0x52aa,0x0000,0x0000,
	0x0000,0x0000,0xffff,0xffff,0xffff,0xffff,0xc638,0xc638,0x31a6,0x8c51,0x8c51,0x8c51,0x8c51,0x8c51,0x8c51,0x8c51,0x8c51,0x8c51,0x8c51,0x8c51,0x8c51,0x8c51,0x8c51,0x8c51,0x8c51,0x8c51,0x8c51,0x8c51,0x8c51,0x8c51,0x8c51,0x8c51,0x8c51,0x8c51,0x8c51,0xffff,0x31a6,0x8c51,0x8c51,0x8c51,0x8c51,0x8c51,0x8c51,0x8c51,0x8c51,0x8c51,0x8c51,0x8c51,0x8c51,0x8c51,0x8c51,0x8c51,0x8c51,0x8c51,0x8c51,0x8c51,0x8c51,0x8c51,0x8c51,0x8c51,0x8c51,0x8c51,0x8c51,0xffff,0x31a6,0x8c51,0x8c51,0x8c51,0x8c51,0x8c51,0x8c51,0x8c51,0x8c51,0x8c51,0x8c51,0x8c51,0x8c51,0x8c51,0x8c51,0x8c51,0x8c51,0x8c51,0x8c51,0x8c51,0x8c51,0x8c51,0x8c51,0x8c51,0x8c51,0x8c51,0x8c51,0xffff,0xc638,0xc638,0x52aa,0x52aa,0x52aa,0x52aa,0x0000,0x0000,
	0x0000,0x0000,0xffff,0xffff,0xffff,0xffff,0xc638,0xc638,0x31a6,0x8c51,0x8c51,0x8c51,0x8c51,0x8c51,0x8c51,0x8c51,0x8c51,0x8c51,0x8c51,0x8c51,0x8c51,0x8c51,0x8c51,0x8c51,0x8c51,0x8c51,0x8c51,0x8c51,0x8c51,0x8c51,0x8c51,0x8c51,0x8c51,0x8c51,0x8c51,0xffff,0x31a6,0x8c51,0x8c51,0x8c51,0x8c51,0x8c51,0x8c51,0x8c51,0x8c51,0x8c51,0x8c51,0x8c51,0x8c51,0x8c51,0x8c51,0x8c51,0x8c51,0x8c51,0x8c51,0x8c51,0x8c51,0x8c51,0x8c51,0x8c51,0x8c51,0x8c51,0x8c51,0xffff,0x31a6,0x8c51,0x8c51,0x8c51,0x8c51,0x8c51,0x8c51,0x8c51,0x8c51,0x8c51,0x8c51,0x8c51,0x8c51,0x8c51,0x8c51,0x8c51,0x8c51,0x8c51,0x8c51,0x8c51,0x8c51,0x8c51,0x8c51,0x8c51,0x8c51,0x8c51,0x8c51,0xffff,0xc638,0xc638,0x52aa,0x52aa,0x52aa,0x52aa,0x0000,0x0000,
	0x0000,0x0000,0xffff,0xffff,0xffff,0xffff,0xc638,0xc638,0x31a6,0x8c51,0x8c51,0x8c51,0x8c51,0x8c51,0x8c51,0x8c51,0x8c51,0x8c51,0x8c51,0x8c51,0x8c51,0x8c51,0x8c51,0x8c51,0x8c51,0x8c51,0x8c51,0x8c51,0x8c51,0x8c51,0x8c51,0x8c51,0x8c51,0x8c51,0x8c51,0xffff,0x31a6,0x8c51,0x8c51,0x8c51,0x8c51,0x8c51,0x8c51,0x8c51,0x8c51,0x8c51,0x8c51,0x8c51,0x8c51,0x8c51,0x8c51,0x8c51,0x8c51,0x8c51,0x8c51,0x8c51,0x8c51,0x8c51,0x8c51,0x8c51,0x8c51,0x8c51,0x8c51,0xffff,0x31a6,0x8c51,0x8c51,0x8c51,0x8c51,0x8c51,0x8c51,0x8c51,0x8c51,0x8c51,0x8c51,0x8c51,0x8c51,0x8c51,0x8c51,0x8c51,0x8c51,0x8c51,0x8c51,0x8c51,0x8c51,0x8c51,0x8c51,0x8c51,0x8c51,0x8c51,0x8c51,0xffff,0xc638,0xc638,0x52aa,0x52aa,0x52aa,0x52aa,0x0000,0x0000,
	0x0000,0x0000,0xffff,0xffff,0xffff,0xffff,0xc638,0xc638,0x31a6,0x8c51,0x8c51,0x8c51,0x8c51,0x8c51,0x8c51,0x8c51,0x8c51,0x8c51,0x8c51,0x8c51,0x8c51,0x8c51,0x8c51,0x8c51,0x8c51,0x8c51,0x8c51,0x8c51,0x8c51,0x8c51,0x8c51,0x8c51,0x8c51,0x8c51,0x8c51,0xffff,0x31a6,0x8c51,0x8c51,0x8c51,0x8c51,0x8c51,0x8c51,0x8c51,0x8c51,0x8c51,0x8c51,0x8c51,0x8c51,0x8c51,0x8c51,0x8c51,0x8c51,0x8c51,0x8c51,0x8c51,0x8c51,0x8c51,0x8c51,0x8c51,0x8c51,0x8c51,0x8c51,0xffff,0x31a6,0x8c51,0x8c51,0x8c51,0x8c51,0x8c51,0x8c51,0x8c51,0x8c51,0x8c51,0x8c51,0x8c51,0x8c51,0x8c51,0x8c51,0x8c51,0x8c51,0x8c51,0x8c51,0x8c51,0x8c51,0x8c51,0x8c51,0x8c51,0x8c51,0x8c51,0x8c51,0xffff,0xc638,0xc638,0x52aa,0x52aa,0x52aa,0x52aa,0x0000,0x0000,
	0x0000,0x0000,0xffff,0xffff,0xffff,0xffff,0xc638,0xc638,0x31a6,0x8c51,0x8c51,0x8c51,0x8c51,0x8c51,0x8c51,0x8c51,0x8c51,0x8c51,0x8c51,0x8c51,0x8c51,0x8c51,0x8c51,0x8c51,0x8c51,0x8c51,0x8c51,0x8c51,0x8c51,0x8c51,0x8c51,0x8c51,0x8c51,0x8c51,0x8c51,0xffff,0x31a6,0x8c51,0x8c51,0x8c51,0x8c51,0x8c51,0x8c51,0x8c51,0x8c51,0x8c51,0x8c51,0x8c51,0x8c51,0x8c51,0x8c51,0x8c51,0x8c51,0x8c51,0x8c51,0x8c51,0x8c51,0x8c51,0x8c51,0x8c51,0x8c51,0x8c51,0x8c51,0xffff,0x31a6,0x8c51,0x8c51,0x8c51,0x8c51,0x8c51,0x8c51,0x8c51,0x8c51,0x8c51,0x8c51,0x8c51,0x8c51,0x8c51,0x8c51,0x8c51,0x8c51,0x8c51,0x8c51,0x8c51,0x8c51,0x8c51,0x8c51,0x8c51,0x8c51,0x8c51,0x8c51,0xffff,0xc638,0xc638,0x52aa,0x52aa,0x52aa,0x52aa,0x0000,0x0000,
	0x0000,0x0000,0xffff,0xffff,0xffff,0xffff,0xc638,0xc638,0x31a6,0x8c51,0x8c51,0x8c51,0x8c51,0x8c51,0x8c51,0x8c51,0x8c51,0x8c51,0x8c51,0x8c51,0x8c51,0x8c51,0x8c51,0x8c51,0x8c51,0x8c51,0x8c51,0x8c51,0x8c51,0x8c51,0x8c51,0x8c51,0x8c51,0x8c51,0x8c51,0xffff,0x31a6,0x8c51,0x8c51,0x8c51,0x8c51,0x8c51,0x8c51,0x8c51,0x8c51,0x8c51,0x8c51,0x8c51,0x8c51,0x8c51,0x8c51,0x8c51,0x8c51,0x8c51,0x8c51,0x8c51,0x8c51,0x8c51,0x8c51,0x8c51,0x8c51,0x8c51,0x8c51,0xffff,0x31a6,0x8c51,0x8c51,0x8c51,0x8c51,0x8c51,0x8c51,0x8c51,0x8c51,0x8c51,0x8c51,0x8c51,0x8c51,0x8c51,0x8c51,0x8c51,0x8c51,0x8c51,0x8c51,0x8c51,0x8c51,0x8c51,0x8c51,0x8c51,0x8c51,0x8c51,0x8c51,0xffff,0xc638,0xc638,0x52aa,0x52aa,0x52aa,0x52aa,0x0000,0x0000,
	0x0000,0x0000,0xffff,0xffff,0xffff,0xffff,0xc638,0xc638,0x8c51,0xffff,0xffff,0xffff,0xffff,0xffff,0xffff,0xffff,0xffff,0xffff,0xffff,0xffff,0xffff,0xffff,0xffff,0xffff,0xffff,0xffff,0xffff,0xffff,0xffff,0xffff,0xffff,0xffff,0xffff,0xffff,0xffff,0xffff,0x8c51,0xffff,0xffff,0xffff,0xffff,0xffff,0xffff,0xffff,0xffff,0xffff,0xffff,0xffff,0xffff,0xffff,0xffff,0xffff,0xffff,0xffff,0xffff,0xffff,0xffff,0xffff,0xffff,0xffff,0xffff,0xffff,0xffff,0xffff,0x8c51,0xffff,0xffff,0xffff,0xffff,0xffff,0xffff,0xffff,0xffff,0xffff,0xffff,0xffff,0xffff,0xffff,0xffff,0xffff,0xffff,0xffff,0xffff,0xffff,0xffff,0xffff,0xffff,0xffff,0xffff,0xffff,0xffff,0xffff,0xc638,0xc638,0x52aa,0x52aa,0x52aa,0x52aa,0x0000,0x0000,
	0x0000,0x0000,0xffff,0xffff,0xffff,0xffff,0xc638,0xc638,0xc638,0xc638,0xc638,0xc638,0xc638,0xc638,0xc638,0xc638,0xc638,0xc638,0xc638,0xc638,0xc638,0xc638,0xc638,0xc638,0xc638,0xc638,0xc638,0xc638,0xc638,0xc638,0xc638,0xc638,0xc638,0xc638,0xc638,0xc638,0xc638,0xc638,0xc638,0xc638,0xc638,0xc638,0xc638,0xc638,0xc638,0xc638,0xc638,0xc638,0xc638,0xc638,0xc638,0xc638,0xc638,0xc638,0xc638,0xc638,0xc638,0xc638,0xc638,0xc638,0xc638,0xc638,0xc638,0xc638,0xc638,0xc638,0xc638,0xc638,0xc638,0xc638,0xc638,0xc638,0xc638,0xc638,0xc638,0xc638,0xc638,0xc638,0xc638,0xc638,0xc638,0xc638,0xc638,0xc638,0xc638,0xc638,0xc638,0xc638,0xc638,0xc638,0xc638,0xc638,0xc638,0xc638,0x52aa,0x52aa,0x52aa,0x52aa,0x0000,0x0000,
	0x0000,0x0000,0xffff,0xffff,0xffff,0xffff,0xc638,0xc638,0xc638,0xc638,0xc638,0xc638,0xc638,0xc638,0xc638,0xc638,0xc638,0xc638,0xc638,0xc638,0xc638,0xc638,0xc638,0xc638,0xc638,0xc638,0xc638,0xc638,0xc638,0xc638,0xc638,0xc638,0xc638,0xc638,0xc638,0xc638,0xc638,0xc638,0xc638,0xc638,0xc638,0xc638,0xc638,0xc638,0xc638,0xc638,0xc638,0xc638,0xc638,0xc638,0xc638,0xc638,0xc638,0xc638,0xc638,0xc638,0xc638,0xc638,0xc638,0xc638,0xc638,0xc638,0xc638,0xc638,0xc638,0xc638,0xc638,0xc638,0xc638,0xc638,0xc638,0xc638,0xc638,0xc638,0xc638,0xc638,0xc638,0xc638,0xc638,0xc638,0xc638,0xc638,0xc638,0xc638,0xc638,0xc638,0xc638,0xc638,0xc638,0xc638,0xc638,0xc638,0xc638,0xc638,0x52aa,0x52aa,0x52aa,0x52aa,0x0000,0x0000,
	0x0001,0x0001,0x0000,0x0000,0xc638,0xc638,0x52aa,0x52aa,0x52aa,0x52aa,0x52aa,0x52aa,0x52aa,0x52aa,0x52aa,0x52aa,0x52aa,0x52aa,0x52aa,0x52aa,0x52aa,0x52aa,0x52aa,0x52aa,0x52aa,0x52aa,0x52aa,0x52aa,0x52aa,0x52aa,0x52aa,0x52aa,0x52aa,0x52aa,0x52aa,0x52aa,0x52aa,0x52aa,0x52aa,0x52aa,0x52aa,0x52aa,0x52aa,0x52aa,0x52aa,0x52aa,0x52aa,0x52aa,0x52aa,0x52aa,0x52aa,0x52aa,0x52aa,0x52aa,0x52aa,0x52aa,0x52aa,0x52aa,0x52aa,0x52aa,0x52aa,0x52aa,0x52aa,0x52aa,0x52aa,0x52aa,0x52aa,0x52aa,0x52aa,0x52aa,0x52aa,0x52aa,0x52aa,0x52aa,0x52aa,0x52aa,0x52aa,0x52aa,0x52aa,0x52aa,0x52aa,0x52aa,0x52aa,0x52aa,0x52aa,0x52aa,0x52aa,0x52aa,0x52aa,0x52aa,0x52aa,0x52aa,0x52aa,0x52aa,0x52aa,0x52aa,0x52aa,0x52aa,0x0000,0x0000,
	0x0001,0x0001,0x0000,0x0000,0xc638,0xc638,0x52aa,0x52aa,0x52aa,0x52aa,0x52aa,0x52aa,0x52aa,0x52aa,0x52aa,0x52aa,0x52aa,0x52aa,0x52aa,0x52aa,0x52aa,0x52aa,0x52aa,0x52aa,0x52aa,0x52aa,0x52aa,0x52aa,0x52aa,0x52aa,0x52aa,0x52aa,0x52aa,0x52aa,0x52aa,0x52aa,0x52aa,0x52aa,0x52aa,0x52aa,0x52aa,0x52aa,0x52aa,0x52aa,0x52aa,0x52aa,0x52aa,0x52aa,0x52aa,0x52aa,0x52aa,0x52aa,0x52aa,0x52aa,0x52aa,0x52aa,0x52aa,0x52aa,0x52aa,0x52aa,0x52aa,0x52aa,0x52aa,0x52aa,0x52aa,0x52aa,0x52aa,0x52aa,0x52aa,0x52aa,0x52aa,0x52aa,0x52aa,0x52aa,0x52aa,0x52aa,0x52aa,0x52aa,0x52aa,0x52aa,0x52aa,0x52aa,0x52aa,0x52aa,0x52aa,0x52aa,0x52aa,0x52aa,0x52aa,0x52aa,0x52aa,0x52aa,0x52aa,0x52aa,0x52aa,0x52aa,0x52aa,0x52aa,0x0000,0x0000,
	0x0001,0x0001,0x0001,0x0001,0x0000,0x0000,0x52aa,0x52aa,0x52aa,0x52aa,0x52aa,0x52aa,0x52aa,0x52aa,0x52aa,0x52aa,0x52aa,0x52aa,0x52aa,0x52aa,0x52aa,0x52aa,0x52aa,0x52aa,0x52aa,0x52aa,0x52aa,0x52aa,0x52aa,0x52aa,0x52aa,0x52aa,0x52aa,0x52aa,0x52aa,0x52aa,0x52aa,0x52aa,0x52aa,0x52aa,0x52aa,0x52aa,0x52aa,0x52aa,0x52aa,0x52aa,0x52aa,0x52aa,0x52aa,0x52aa,0x52aa,0x52aa,0x52aa,0x52aa,0x52aa,0x52aa,0x52aa,0x52aa,0x52aa,0x52aa,0x52aa,0x52aa,0x52aa,0x52aa,0x52aa,0x52aa,0x52aa,0x52aa,0x52aa,0x52aa,0x52aa,0x52aa,0x52aa,0x52aa,0x52aa,0x52aa,0x52aa,0x52aa,0x52aa,0x52aa,0x52aa,0x52aa,0x52aa,0x52aa,0x52aa,0x52aa,0x52aa,0x52aa,0x52aa,0x52aa,0x52aa,0x52aa,0x52aa,0x52aa,0x52aa,0x52aa,0x0000,0x0000,0x0001,0x0001,
	0x0001,0x0001,0x0001,0x0001,0x0000,0x0000,0x52aa,0x52aa,0x52aa,0x52aa,0x52aa,0x52aa,0x52aa,0x52aa,0x52aa,0x52aa,0x52aa,0x52aa,0x52aa,0x52aa,0x52aa,0x52aa,0x52aa,0x52aa,0x52aa,0x52aa,0x52aa,0x52aa,0x52aa,0x52aa,0x52aa,0x52aa,0x52aa,0x52aa,0x52aa,0x52aa,0x52aa,0x52aa,0x52aa,0x52aa,0x52aa,0x52aa,0x52aa,0x52aa,0x52aa,0x52aa,0x52aa,0x52aa,0x52aa,0x52aa,0x52aa,0x52aa,0x52aa,0x52aa,0x52aa,0x52aa,0x52aa,0x52aa,0x52aa,0x52aa,0x52aa,0x52aa,0x52aa,0x52aa,0x52aa,0x52aa,0x52aa,0x52aa,0x52aa,0x52aa,0x52aa,0x52aa,0x52aa,0x52aa,0x52aa,0x52aa,0x52aa,0x52aa,0x52aa,0x52aa,0x52aa,0x52aa,0x52aa,0x52aa,0x52aa,0x52aa,0x52aa,0x52aa,0x52aa,0x52aa,0x52aa,0x52aa,0x52aa,0x52aa,0x52aa,0x52aa,0x0000,0x0000,0x0001,0x0001,
	0x0001,0x0001,0x0001,0x0001,0x0001,0x0001,0x0000,0x0000,0x0000,0x0000,0x0000,0x0000,0x0000,0x0000,0x0000,0x0000,0x0000,0x0000,0x0000,0x0000,0x0000,0x0000,0x0000,0x0000,0x0000,0x0000,0x0000,0x0000,0x0000,0x0000,0x0000,0x0000,0x0000,0x0000,0x0000,0x0000,0x0000,0x0000,0x0000,0x0000,0x0000,0x0000,0x0000,0x0000,0x0000,0x0000,0x0000,0x0000,0x0000,0x0000,0x0000,0x0000,0x0000,0x0000,0x0000,0x0000,0x0000,0x0000,0x0000,0x0000,0x0000,0x0000,0x0000,0x0000,0x0000,0x0000,0x0000,0x0000,0x0000,0x0000,0x0000,0x0000,0x0000,0x0000,0x0000,0x0000,0x0000,0x0000,0x0000,0x0000,0x0000,0x0000,0x0000,0x0000,0x0000,0x0000,0x0000,0x0000,0x0000,0x0000,0x0000,0x0000,0x0000,0x0000,0x0000,0x0000,0x0001,0x0001,0x0001,0x0001,
	0x0001,0x0001,0x0001,0x0001,0x0001,0x0001,0x0000,0x0000,0x0000,0x0000,0x0000,0x0000,0x0000,0x0000,0x0000,0x0000,0x0000,0x0000,0x0000,0x0000,0x0000,0x0000,0x0000,0x0000,0x0000,0x0000,0x0000,0x0000,0x0000,0x0000,0x0000,0x0000,0x0000,0x0000,0x0000,0x0000,0x0000,0x0000,0x0000,0x0000,0x0000,0x0000,0x0000,0x0000,0x0000,0x0000,0x0000,0x0000,0x0000,0x0000,0x0000,0x0000,0x0000,0x0000,0x0000,0x0000,0x0000,0x0000,0x0000,0x0000,0x0000,0x0000,0x0000,0x0000,0x0000,0x0000,0x0000,0x0000,0x0000,0x0000,0x0000,0x0000,0x0000,0x0000,0x0000,0x0000,0x0000,0x0000,0x0000,0x0000,0x0000,0x0000,0x0000,0x0000,0x0000,0x0000,0x0000,0x0000,0x0000,0x0000,0x0000,0x0000,0x0000,0x0000,0x0000,0x0000,0x0001,0x0001,0x0001,0x0001
};

const static color_t noCraftingTableCross[676] = {
	0x8904,0x8904,0x8904,0x8904,0xc269,0xc269,0x0000,0x0000,0x0000,0x0000,0x0000,0x0000,0x0000,0x0000,0x0000,0x0000,0x0000,0x0000,0x0000,0x0000,0x50c3,0x50c3,0x8904,0x8904,0x8904,0x8904,
	0x8904,0x8904,0x8904,0x8904,0xc269,0xc269,0x0000,0x0000,0x0000,0x0000,0x0000,0x0000,0x0000,0x0000,0x0000,0x0000,0x0000,0x0000,0x0000,0x0000,0x50c3,0x50c3,0x8904,0x8904,0x8904,0x8904,
	0x8904,0x8904,0x8904,0x8904,0x8904,0x8904,0xc269,0xc269,0x0000,0x0000,0x0000,0x0000,0x0000,0x0000,0x0000,0x0000,0x0000,0x0000,0x50c3,0x50c3,0x8904,0x8904,0x8904,0x8904,0x8904,0x8904,
	0x8904,0x8904,0x8904,0x8904,0x8904,0x8904,0xc269,0xc269,0x0000,0x0000,0x0000,0x0000,0x0000,0x0000,0x0000,0x0000,0x0000,0x0000,0x50c3,0x50c3,0x8904,0x8904,0x8904,0x8904,0x8904,0x8904,
	0x50c3,0x50c3,0x8904,0x8904,0x8904,0x8904,0x8904,0x8904,0xc269,0xc269,0x0000,0x0000,0x0000,0x0000,0x0000,0x0000,0x50c3,0x50c3,0x8904,0x8904,0x8904,0x8904,0x8904,0x8904,0xc269,0xc269,
	0x50c3,0x50c3,0x8904,0x8904,0x8904,0x8904,0x8904,0x8904,0xc269,0xc269,0x0000,0x0000,0x0000,0x0000,0x0000,0x0000,0x50c3,0x50c3,0x8904,0x8904,0x8904,0x8904,0x8904,0x8904,0xc269,0xc269,
	0x0000,0x0000,0x50c3,0x50c3,0x8904,0x8904,0x8904,0x8904,0x8904,0x8904,0xc269,0xc269,0x0000,0x0000,0x50c3,0x50c3,0x8904,0x8904,0x8904,0x8904,0x8904,0x8904,0xc269,0xc269,0x0000,0x0000,
	0x0000,0x0000,0x50c3,0x50c3,0x8904,0x8904,0x8904,0x8904,0x8904,0x8904,0xc269,0xc269,0x0000,0x0000,0x50c3,0x50c3,0x8904,0x8904,0x8904,0x8904,0x8904,0x8904,0xc269,0xc269,0x0000,0x0000,
	0x0000,0x0000,0x0000,0x0000,0x50c3,0x50c3,0x8904,0x8904,0x8904,0x8904,0x8904,0x8904,0xc269,0xc269,0x8904,0x8904,0x8904,0x8904,0x8904,0x8904,0xc269,0xc269,0x0000,0x0000,0x0000,0x0000,
	0x0000,0x0000,0x0000,0x0000,0x50c3,0x50c3,0x8904,0x8904,0x8904,0x8904,0x8904,0x8904,0xc269,0xc269,0x8904,0x8904,0x8904,0x8904,0x8904,0x8904,0xc269,0xc269,0x0000,0x0000,0x0000,0x0000,
	0x0000,0x0000,0x0000,0x0000,0x0000,0x0000,0x50c3,0x50c3,0x8904,0x8904,0x8904,0x8904,0x8904,0x8904,0x8904,0x8904,0x8904,0x8904,0xc269,0xc269,0x0000,0x0000,0x0000,0x0000,0x0000,0x0000,
	0x0000,0x0000,0x0000,0x0000,0x0000,0x0000,0x50c3,0x50c3,0x8904,0x8904,0x8904,0x8904,0x8904,0x8904,0x8904,0x8904,0x8904,0x8904,0xc269,0xc269,0x0000,0x0000,0x0000,0x0000,0x0000,0x0000,
	0x0000,0x0000,0x0000,0x0000,0x0000,0x0000,0x0000,0x0000,0x50c3,0x50c3,0x8904,0x8904,0x8904,0x8904,0x8904,0x8904,0xc269,0xc269,0x0000,0x0000,0x0000,0x0000,0x0000,0x0000,0x0000,0x0000,
	0x0000,0x0000,0x0000,0x0000,0x0000,0x0000,0x0000,0x0000,0x50c3,0x50c3,0x8904,0x8904,0x8904,0x8904,0x8904,0x8904,0xc269,0xc269,0x0000,0x0000,0x0000,0x0000,0x0000,0x0000,0x0000,0x0000,
	0x0000,0x0000,0x0000,0x0000,0x0000,0x0000,0x50c3,0x50c3,0x8904,0x8904,0x8904,0x8904,0x8904,0x8904,0x8904,0x8904,0x8904,0x8904,0xc269,0xc269,0x0000,0x0000,0x0000,0x0000,0x0000,0x0000,
	0x0000,0x0000,0x0000,0x0000,0x0000,0x0000,0x50c3,0x50c3,0x8904,0x8904,0x8904,0x8904,0x8904,0x8904,0x8904,0x8904,0x8904,0x8904,0xc269,0xc269,0x0000,0x0000,0x0000,0x0000,0x0000,0x0000,
	0x0000,0x0000,0x0000,0x0000,0x50c3,0x50c3,0x8904,0x8904,0x8904,0x8904,0x8904,0x8904,0xc269,0xc269,0x8904,0x8904,0x8904,0x8904,0x8904,0x8904,0xc269,0xc269,0x0000,0x0000,0x0000,0x0000,
	0x0000,0x0000,0x0000,0x0000,0x50c3,0x50c3,0x8904,0x8904,0x8904,0x8904,0x8904,0x8904,0xc269,0xc269,0x8904,0x8904,0x8904,0x8904,0x8904,0x8904,0xc269,0xc269,0x0000,0x0000,0x0000,0x0000,
	0x0000,0x0000,0x50c3,0x50c3,0x8904,0x8904,0x8904,0x8904,0x8904,0x8904,0xc269,0xc269,0x0000,0x0000,0x50c3,0x50c3,0x8904,0x8904,0x8904,0x8904,0x8904,0x8904,0xc269,0xc269,0x0000,0x0000,
	0x0000,0x0000,0x50c3,0x50c3,0x8904,0x8904,0x8904,0x8904,0x8904,0x8904,0xc269,0xc269,0x0000,0x0000,0x50c3,0x50c3,0x8904,0x8904,0x8904,0x8904,0x8904,0x8904,0xc269,0xc269,0x0000,0x0000,
	0x50c3,0x50c3,0x8904,0x8904,0x8904,0x8904,0x8904,0x8904,0xc269,0xc269,0x0000,0x0000,0x0000,0x0000,0x0000,0x0000,0x50c3,0x50c3,0x8904,0x8904,0x8904,0x8904,0x8904,0x8904,0xc269,0xc269,
	0x50c3,0x50c3,0x8904,0x8904,0x8904,0x8904,0x8904,0x8904,0xc269,0xc269,0x0000,0x0000,0x0000,0x0000,0x0000,0x0000,0x50c3,0x50c3,0x8904,0x8904,0x8904,0x8904,0x8904,0x8904,0xc269,0xc269,
	0x8904,0x8904,0x8904,0x8904,0x8904,0x8904,0xc269,0xc269,0x0000,0x0000,0x0000,0x0000,0x0000,0x0000,0x0000,0x0000,0x0000,0x0000,0x50c3,0x50c3,0x8904,0x8904,0x8904,0x8904,0x8904,0x8904,
	0x8904,0x8904,0x8904,0x8904,0x8904,0x8904,0xc269,0xc269,0x0000,0x0000,0x0000,0x0000,0x0000,0x0000,0x0000,0x0000,0x0000,0x0000,0x50c3,0x50c3,0x8904,0x8904,0x8904,0x8904,0x8904,0x8904,
	0x8904,0x8904,0x8904,0x8904,0xc269,0xc269,0x0000,0x0000,0x0000,0x0000,0x0000,0x0000,0x0000,0x0000,0x0000,0x0000,0x0000,0x0000,0x0000,0x0000,0x50c3,0x50c3,0x8904,0x8904,0x8904,0x8904,
	0x8904,0x8904,0x8904,0x8904,0xc269,0xc269,0x0000,0x0000,0x0000,0x0000,0x0000,0x0000,0x0000,0x0000,0x0000,0x0000,0x0000,0x0000,0x0000,0x0000,0x50c3,0x50c3,0x8904,0x8904,0x8904,0x8904
};

const static color_t hotbarDeselected[900] = {
	0xce79,0xce79,0xad55,0xad55,0x9492,0x9492,0xad55,0x9492,0x9492,0x9492,0x9492,0x9492,0x9492,0x9492,0x9492,0x9492,0x9492,0x9492,0x9492,0x9492,0x9492,0x9492,0x9492,0x9492,0x9492,0x9492,0x9492,0x9492,0x9492,0x9492,
	0xad55,0x5aeb,0x5aeb,0x5aeb,0x632c,0x5aeb,0x5aeb,0x630c,0x5acb,0x5aeb,0x5acb,0x5aeb,0x5acb,0x5aeb,0x632c,0x630c,0x5acb,0x5acb,0x5aeb,0x632c,0x630c,0x5acb,0x5acb,0x5aeb,0x632c,0x630c,0x5acb,0x5aeb,0x738e,0x5aeb,
	0xad55,0x632c,0x0020,0x0020,0x0020,0x0020,0x0020,0x0020,0x0020,0x0020,0x0840,0x0020,0x0840,0x0020,0x0020,0x0020,0x0020,0x0020,0x0020,0x0020,0x0840,0x0020,0x0840,0x0020,0x0020,0x0020,0x0020,0x0020,0x738e,0x630c,
	0x9492,0x630c,0x0020,0x18e0,0x2120,0x2120,0x18c0,0x2120,0x2120,0x2941,0x2120,0x2120,0x2120,0x18e0,0x2120,0x2120,0x18c0,0x2120,0x2120,0x2941,0x2120,0x2120,0x2120,0x10c0,0x2120,0x2120,0x2120,0x2120,0x7bef,0x52aa,
	0xad55,0x5aeb,0x0020,0x2120,0x2120,0x2120,0x2120,0x2120,0x2120,0x2120,0x2120,0x2120,0x2120,0x2120,0x2120,0x2120,0x2120,0x2120,0x2120,0x2120,0x2120,0x2120,0x2120,0x2920,0x2120,0x2120,0x2120,0x2120,0x7bef,0x5aeb,
	0x9492,0x632c,0x0020,0x2120,0x2941,0x2120,0x18c0,0x2120,0x2120,0x2120,0x2120,0x2920,0x2941,0x2120,0x2941,0x2120,0x18c0,0x2120,0x2120,0x2120,0x2120,0x2920,0x2941,0x2120,0x2120,0x2120,0x2941,0x2120,0x7bef,0x5acb,
	0x9492,0x5aeb,0x0020,0x2941,0x2941,0x2120,0x18e0,0x2120,0x2120,0x2120,0x2120,0x2100,0x2941,0x2941,0x2941,0x2120,0x18e0,0x2120,0x2120,0x2120,0x2120,0x2100,0x2941,0x2120,0x2120,0x2120,0x2941,0x2120,0x7bef,0x5aeb,
	0x9492,0x5aeb,0x0020,0x2120,0x2920,0x2120,0x2941,0x2120,0x2120,0x2120,0x2120,0x2120,0x2120,0x2120,0x2920,0x2120,0x2941,0x2120,0x2120,0x2120,0x2120,0x2120,0x2120,0x2120,0x2120,0x2120,0x2120,0x1900,0x7bef,0x52aa,
	0x9492,0x5aeb,0x0020,0x2120,0x2120,0x2120,0x2120,0x2120,0x1900,0x2120,0x18e0,0x2120,0x2120,0x2120,0x2120,0x2120,0x2120,0x2120,0x1900,0x2120,0x18e0,0x2120,0x2120,0x2120,0x2920,0x2120,0x10c0,0x2120,0x7bef,0x5aeb,
	0x9492,0x630c,0x0020,0x2120,0x2920,0x18e0,0x2120,0x2120,0x2120,0x2100,0x2120,0x2941,0x2100,0x2120,0x2920,0x18e0,0x2120,0x2120,0x2120,0x2100,0x2120,0x2941,0x2100,0x2120,0x2120,0x2120,0x2941,0x2120,0x7bef,0x5acb,
	0x9492,0x5aeb,0x0020,0x1900,0x2120,0x2120,0x2920,0x2941,0x2120,0x2120,0x2120,0x2120,0x2120,0x1900,0x2120,0x2120,0x2920,0x2941,0x2120,0x2120,0x2120,0x2120,0x2120,0x18e0,0x2120,0x2120,0x2120,0x2120,0x7bef,0x5aeb,
	0x9492,0x5aeb,0x0020,0x2920,0x2120,0x2120,0x2120,0x18e0,0x2120,0x2941,0x2120,0x2120,0x2120,0x2920,0x2120,0x2120,0x2120,0x18e0,0x2120,0x2941,0x2120,0x2120,0x2120,0x2120,0x2941,0x2120,0x2120,0x2941,0x7bef,0x5aeb,
	0x9492,0x632c,0x0020,0x2120,0x2120,0x18e0,0x2920,0x2120,0x2120,0x2120,0x2120,0x2920,0x2120,0x2120,0x2120,0x18e0,0x2920,0x2120,0x2120,0x2120,0x2120,0x2920,0x2120,0x2120,0x2120,0x18c0,0x2120,0x2120,0x7bef,0x630c,
	0x9492,0x632c,0x0020,0x18e0,0x2120,0x2120,0x18c0,0x2120,0x2120,0x2941,0x2120,0x2120,0x2120,0x18e0,0x2120,0x2120,0x18c0,0x2120,0x2120,0x2941,0x2120,0x2120,0x2120,0x10c0,0x2120,0x2120,0x2120,0x2120,0x7bef,0x630c,
	0x9492,0x5aeb,0x0020,0x2120,0x2120,0x2120,0x2120,0x2120,0x2120,0x2120,0x2120,0x2120,0x2120,0x2120,0x2120,0x2120,0x2120,0x2120,0x2120,0x2120,0x2120,0x2120,0x2120,0x2920,0x2120,0x2120,0x2120,0x2120,0x8c51,0x5aeb,
	0x9492,0x5aeb,0x0020,0x2120,0x2941,0x2120,0x18c0,0x2120,0x2120,0x2120,0x2120,0x2920,0x2941,0x2120,0x2941,0x2120,0x18c0,0x2120,0x2120,0x2120,0x2120,0x2920,0x2941,0x2120,0x2120,0x2120,0x2941,0x2120,0x738e,0x5aeb,
	0x9492,0x5aeb,0x0020,0x2941,0x2941,0x2120,0x18e0,0x2120,0x2120,0x2120,0x2120,0x2100,0x2941,0x2941,0x2941,0x2120,0x18e0,0x2120,0x2120,0x2120,0x2120,0x2100,0x2941,0x2120,0x2120,0x2120,0x2941,0x2120,0x7bef,0x5acb,
	0x9492,0x630c,0x0020,0x2120,0x2920,0x2120,0x2941,0x2120,0x2120,0x2120,0x2120,0x2120,0x2120,0x2120,0x2920,0x2120,0x2941,0x2120,0x2120,0x2120,0x2120,0x2120,0x2120,0x2120,0x2120,0x2120,0x2120,0x1900,0x7bef,0x5aeb,
	0xad55,0x5aeb,0x0020,0x2120,0x2120,0x2120,0x2120,0x2120,0x1900,0x2120,0x18e0,0x2120,0x2120,0x2120,0x2120,0x2120,0x2120,0x2120,0x1900,0x2120,0x18e0,0x2120,0x2120,0x2120,0x2920,0x2120,0x10c0,0x2120,0x7bcf,0x5acb,
	0x9492,0x632c,0x0020,0x2120,0x2920,0x18e0,0x2120,0x2120,0x2120,0x2100,0x2120,0x2941,0x2100,0x2120,0x2920,0x18e0,0x2120,0x2120,0x2120,0x2100,0x2120,0x2941,0x2100,0x2120,0x2120,0x2120,0x2941,0x2120,0x7bef,0x632c,
	0x9492,0x5aeb,0x0020,0x1900,0x2120,0x2120,0x2920,0x2941,0x2120,0x2120,0x2120,0x2120,0x2120,0x1900,0x2120,0x2120,0x2920,0x2941,0x2120,0x2120,0x2120,0x2120,0x2120,0x18e0,0x2120,0x2120,0x2120,0x2120,0x8c51,0x5aeb,
	0x9492,0x5aeb,0x0020,0x2920,0x2120,0x2120,0x2120,0x18e0,0x2120,0x2941,0x2120,0x2120,0x2120,0x2920,0x2120,0x2120,0x2120,0x18e0,0x2120,0x2941,0x2120,0x2120,0x2120,0x2120,0x2941,0x2120,0x2120,0x2941,0x738e,0x5aeb,
	0x9492,0x632c,0x0020,0x2120,0x2120,0x18e0,0x2920,0x2120,0x2120,0x2120,0x2120,0x2920,0x2120,0x2120,0x2120,0x18e0,0x2920,0x2120,0x2120,0x2120,0x2120,0x2920,0x2120,0x2120,0x2120,0x18c0,0x2120,0x2120,0x7bef,0x5acb,
	0x9492,0x632c,0x0020,0x2120,0x2120,0x2120,0x2920,0x2920,0x2120,0x2120,0x2120,0x2120,0x18e0,0x2120,0x2120,0x2120,0x2920,0x2920,0x2120,0x2120,0x2120,0x2120,0x18e0,0x2120,0x2120,0x2941,0x18c0,0x2120,0x7bef,0x5aeb,
	0x9492,0x5aeb,0x0020,0x2941,0x2120,0x1900,0x2120,0x18e0,0x2120,0x2120,0x2120,0x2120,0x2100,0x2941,0x2120,0x1900,0x2120,0x18e0,0x2120,0x2120,0x2120,0x2120,0x2100,0x2920,0x2120,0x18e0,0x2100,0x2120,0x7bcf,0x5acb,
	0x9492,0x5aeb,0x0020,0x2120,0x2941,0x2120,0x2920,0x2120,0x2120,0x2120,0x2120,0x2920,0x2120,0x2120,0x2941,0x2120,0x2920,0x2120,0x2120,0x2120,0x2120,0x2920,0x2120,0x2120,0x2120,0x2120,0x2120,0x2120,0x7bef,0x632c,
	0x9492,0x5aeb,0x0020,0x2120,0x2120,0x2120,0x2120,0x2120,0x2120,0x2120,0x2120,0x2120,0x3161,0x2120,0x2120,0x2120,0x2120,0x2120,0x2120,0x2120,0x2120,0x2120,0x3161,0x2120,0x2120,0x2120,0x2120,0x2120,0x7bef,0x5aeb,
	0x9492,0x5aeb,0x0020,0x2120,0x2120,0x18c0,0x2120,0x2120,0x18e0,0x2120,0x2120,0x2120,0x2120,0x2120,0x2120,0x18c0,0x2120,0x2120,0x18e0,0x2120,0x2120,0x2120,0x2120,0x10c0,0x2120,0x2120,0x2120,0x2120,0x8410,0x5aeb,
	0x9492,0x738e,0x7bef,0x7bef,0x7bef,0x7bef,0x7bef,0x8c51,0x8430,0x7bef,0x7bef,0x7bef,0x7bef,0x7bef,0x7bef,0x7bef,0x8c51,0x8430,0x7bef,0x7bef,0x7bef,0x8c51,0x8430,0x7bef,0x7bef,0x738e,0x8c51,0x8410,0x7bef,0x5aeb,
	0x9492,0x632c,0x5aeb,0x5aeb,0x630c,0x5aeb,0x5acb,0x5aeb,0x632c,0x5aeb,0x5aeb,0x5aeb,0x5aeb,0x630c,0x5aeb,0x5acb,0x5aeb,0x632c,0x5aeb,0x5aeb,0x5acb,0x5aeb,0x632c,0x5aeb,0x5aeb,0x632c,0x5aeb,0x5aeb,0x5aeb,0x5aeb
};

const static color_t hotbarSelected[1024] = {
	0xffff,0xffff,0xf7be,0xf7de,0xdf9b,0xffff,0xd75a,0xd75a,0xcf19,0xd739,0xd75a,0xdf7a,0xd75a,0xd75a,0xdf5a,0xd75a,0xcf19,0xd75a,0xd75a,0xd739,0xd75a,0xdf7a,0xd75a,0xd75a,0xdf5a,0xd75a,0xcf19,0xd75a,0xd75a,0xd75a,0xd75a,0xa593,
	0xffff,0xa593,0xa593,0xa593,0x9d72,0xa593,0xa593,0xa593,0xa593,0xadf5,0x9d52,0xa593,0x9511,0xa593,0x9d52,0xa593,0x9d52,0xa593,0xa593,0xadf5,0x9d52,0xa593,0x9511,0xa593,0x9d52,0xa593,0x9d52,0xa593,0xa593,0xadd4,0xa593,0x5b6b,
	0xf7de,0xa593,0x636b,0x5b6b,0x5b2a,0x5b6b,0x5b2a,0x5b6b,0x5b6b,0x5b6b,0x5b6b,0x638b,0x5b6b,0x636b,0x5b4b,0x5b6b,0x5b4b,0x5b6b,0x5b6b,0x5b6b,0x5b6b,0x638b,0x5b6b,0x636b,0x5b4b,0x5b6b,0x5b4b,0x5b6b,0x5b6b,0xadd4,0xa5b4,0x5b6b,
	0xffff,0xa593,0x5b6b,0x0000,0x0000,0x0000,0x0000,0x0000,0x0000,0x0000,0x0000,0x0000,0x0000,0x0000,0x0000,0x0000,0x0000,0x0000,0x0000,0x0000,0x0000,0x0000,0x0000,0x0000,0x0000,0x0000,0x0000,0x0000,0x0000,0xd739,0xa593,0x5b6b,
	0xd75a,0xadf5,0x5b6b,0x0000,0x0000,0x0000,0x0000,0x0000,0x0000,0x0000,0x0000,0x0000,0x0000,0x0000,0x0000,0x0000,0x0000,0x0000,0x0000,0x0000,0x0000,0x0000,0x0000,0x0000,0x0000,0x0000,0x0000,0x0000,0x0000,0xe7bb,0xa593,0x63ac,
	0xd75a,0xa593,0x5b6b,0x0000,0x0000,0x0000,0x0000,0x0000,0x0000,0x0000,0x0000,0x0000,0x0000,0x0000,0x0000,0x0000,0x0000,0x0000,0x0000,0x0000,0x0000,0x0000,0x0000,0x0000,0x0000,0x0000,0x0000,0x0000,0x0000,0xd75a,0xa593,0x638c,
	0xd75a,0xa593,0x5b6b,0x0000,0x0000,0x0000,0x0000,0x0000,0x0000,0x0000,0x0000,0x0000,0x0000,0x0000,0x0000,0x0000,0x0000,0x0000,0x0000,0x0000,0x0000,0x0000,0x0000,0x0000,0x0000,0x0000,0x0000,0x0000,0x0000,0xd75a,0xa593,0x5b6b,
	0xcef8,0xa593,0x5b6b,0x0000,0x0000,0x0000,0x0000,0x0000,0x0000,0x0000,0x0000,0x0000,0x0000,0x0000,0x0000,0x0000,0x0000,0x0000,0x0000,0x0000,0x0000,0x0000,0x0000,0x0000,0x0000,0x0000,0x0000,0x0000,0x0000,0xd75a,0xa593,0x5b6b,
	0xd75a,0xa593,0x5b6b,0x0000,0x0000,0x0000,0x0000,0x0000,0x0000,0x0000,0x0000,0x0000,0x0000,0x0000,0x0000,0x0000,0x0000,0x0000,0x0000,0x0000,0x0000,0x0000,0x0000,0x0000,0x0000,0x0000,0x0000,0x0000,0x0000,0xd75a,0xadd4,0x5b6b,
	0xd75a,0xadd4,0x5b6b,0x0000,0x0000,0x0000,0x0000,0x0000,0x0000,0x0000,0x0000,0x0000,0x0000,0x0000,0x0000,0x0000,0x0000,0x0000,0x0000,0x0000,0x0000,0x0000,0x0000,0x0000,0x0000,0x0000,0x0000,0x0000,0x0000,0xdf5a,0xa593,0x532a,
	0xd75a,0xa593,0x5b6b,0x0000,0x0000,0x0000,0x0000,0x0000,0x0000,0x0000,0x0000,0x0000,0x0000,0x0000,0x0000,0x0000,0x0000,0x0000,0x0000,0x0000,0x0000,0x0000,0x0000,0x0000,0x0000,0x0000,0x0000,0x0000,0x0000,0xdf9b,0xa593,0x6bac,
	0xdf7a,0xa593,0x5b4b,0x0000,0x0000,0x0000,0x0000,0x0000,0x0000,0x0000,0x0000,0x0000,0x0000,0x0000,0x0000,0x0000,0x0000,0x0000,0x0000,0x0000,0x0000,0x0000,0x0000,0x0000,0x0000,0x0000,0x0000,0x0000,0x0000,0xd75a,0xa593,0x5b4a,
	0xd75a,0xa5b3,0x530a,0x0000,0x0000,0x0000,0x0000,0x0000,0x0000,0x0000,0x0000,0x0000,0x0000,0x0000,0x0000,0x0000,0x0000,0x0000,0x0000,0x0000,0x0000,0x0000,0x0000,0x0000,0x0000,0x0000,0x0000,0x0000,0x0000,0xd75a,0xa593,0x5b6b,
	0xdf7a,0xa593,0x63ac,0x0000,0x0000,0x0000,0x0000,0x0000,0x0000,0x0000,0x0000,0x0000,0x0000,0x0000,0x0000,0x0000,0x0000,0x0000,0x0000,0x0000,0x0000,0x0000,0x0000,0x0000,0x0000,0x0000,0x0000,0x0000,0x0000,0xd75a,0xa593,0x5b6b,
	0xd75a,0xa593,0x6bcd,0x0000,0x0000,0x0000,0x0000,0x0000,0x0000,0x0000,0x0000,0x0000,0x0000,0x0000,0x0000,0x0000,0x0000,0x0000,0x0000,0x0000,0x0000,0x0000,0x0000,0x0000,0x0000,0x0000,0x0000,0x0000,0x0000,0xd75a,0x9d73,0x5b2a,
	0xdf7a,0x9d73,0x636b,0x0000,0x0000,0x0000,0x0000,0x0000,0x0000,0x0000,0x0000,0x0000,0x0000,0x0000,0x0000,0x0000,0x0000,0x0000,0x0000,0x0000,0x0000,0x0000,0x0000,0x0000,0x0000,0x0000,0x0000,0x0000,0x0000,0xd75a,0xa593,0x636b,
	0xcef8,0xa593,0x530a,0x0000,0x0000,0x0000,0x0000,0x0000,0x0000,0x0000,0x0000,0x0000,0x0000,0x0000,0x0000,0x0000,0x0000,0x0000,0x0000,0x0000,0x0000,0x0000,0x0000,0x0000,0x0000,0x0000,0x0000,0x0000,0x0000,0xdf9b,0xa593,0x6bac,
	0xd739,0x9532,0x5b4a,0x0000,0x0000,0x0000,0x0000,0x0000,0x0000,0x0000,0x0000,0x0000,0x0000,0x0000,0x0000,0x0000,0x0000,0x0000,0x0000,0x0000,0x0000,0x0000,0x0000,0x0000,0x0000,0x0000,0x0000,0x0000,0x0000,0xd75a,0xa593,0x5b4a,
	0xd75a,0xa593,0x5b6b,0x0000,0x0000,0x0000,0x0000,0x0000,0x0000,0x0000,0x0000,0x0000,0x0000,0x0000,0x0000,0x0000,0x0000,0x0000,0x0000,0x0000,0x0000,0x0000,0x0000,0x0000,0x0000,0x0000,0x0000,0x0000,0x0000,0xd75a,0xa593,0x5b6b,
	0xd75a,0xadd4,0x5b6b,0x0000,0x0000,0x0000,0x0000,0x0000,0x0000,0x0000,0x0000,0x0000,0x0000,0x0000,0x0000,0x0000,0x0000,0x0000,0x0000,0x0000,0x0000,0x0000,0x0000,0x0000,0x0000,0x0000,0x0000,0x0000,0x0000,0xd75a,0xa593,0x5b6b,
	0xd75a,0xa593,0x5b6b,0x0000,0x0000,0x0000,0x0000,0x0000,0x0000,0x0000,0x0000,0x0000,0x0000,0x0000,0x0000,0x0000,0x0000,0x0000,0x0000,0x0000,0x0000,0x0000,0x0000,0x0000,0x0000,0x0000,0x0000,0x0000,0x0000,0xd75a,0x9d73,0x5b2a,
	0xdf7a,0xa593,0x5b4b,0x0000,0x0000,0x0000,0x0000,0x0000,0x0000,0x0000,0x0000,0x0000,0x0000,0x0000,0x0000,0x0000,0x0000,0x0000,0x0000,0x0000,0x0000,0x0000,0x0000,0x0000,0x0000,0x0000,0x0000,0x0000,0x0000,0xd75a,0xa593,0x636b,
	0xd75a,0xa5b3,0x530a,0x0000,0x0000,0x0000,0x0000,0x0000,0x0000,0x0000,0x0000,0x0000,0x0000,0x0000,0x0000,0x0000,0x0000,0x0000,0x0000,0x0000,0x0000,0x0000,0x0000,0x0000,0x0000,0x0000,0x0000,0x0000,0x0000,0xd75a,0xa593,0x5b6b,
	0xdf7a,0xa593,0x63ac,0x0000,0x0000,0x0000,0x0000,0x0000,0x0000,0x0000,0x0000,0x0000,0x0000,0x0000,0x0000,0x0000,0x0000,0x0000,0x0000,0x0000,0x0000,0x0000,0x0000,0x0000,0x0000,0x0000,0x0000,0x0000,0x0000,0xd75a,0xa593,0x5b6b,
	0xd75a,0xa593,0x6bcd,0x0000,0x0000,0x0000,0x0000,0x0000,0x0000,0x0000,0x0000,0x0000,0x0000,0x0000,0x0000,0x0000,0x0000,0x0000,0x0000,0x0000,0x0000,0x0000,0x0000,0x0000,0x0000,0x0000,0x0000,0x0000,0x0000,0xd75a,0x9d73,0x5b2a,
	0xdf7a,0x9d73,0x636b,0x0000,0x0000,0x0000,0x0000,0x0000,0x0000,0x0000,0x0000,0x0000,0x0000,0x0000,0x0000,0x0000,0x0000,0x0000,0x0000,0x0000,0x0000,0x0000,0x0000,0x0000,0x0000,0x0000,0x0000,0x0000,0x0000,0xd75a,0xa593,0x636b,
	0xcef8,0xa593,0x530a,0x0000,0x0000,0x0000,0x0000,0x0000,0x0000,0x0000,0x0000,0x0000,0x0000,0x0000,0x0000,0x0000,0x0000,0x0000,0x0000,0x0000,0x0000,0x0000,0x0000,0x0000,0x0000,0x0000,0x0000,0x0000,0x0000,0xcf19,0xa5b4,0x638c,
	0xd739,0x9532,0x5b4a,0x0000,0x0000,0x0000,0x0000,0x0000,0x0000,0x0000,0x0000,0x0000,0x0000,0x0000,0x0000,0x0000,0x0000,0x0000,0x0000,0x0000,0x0000,0x0000,0x0000,0x0000,0x0000,0x0000,0x0000,0x0000,0x0000,0xd75a,0xa593,0x5b6b,
	0xd75a,0x9d93,0x5b4b,0x0000,0x0000,0x0000,0x0000,0x0000,0x0000,0x0000,0x0000,0x0000,0x0000,0x0000,0x0000,0x0000,0x0000,0x0000,0x0000,0x0000,0x0000,0x0000,0x0000,0x0000,0x0000,0x0000,0x0000,0x0000,0x0000,0xffdf,0x9d93,0x530a,
	0xd75a,0xa593,0xd719,0xd739,0xd75a,0xd75a,0xdf5a,0xcf19,0xd739,0xd75a,0xd739,0xd75a,0xd719,0xd739,0xd75a,0xd75a,0xdf5a,0xcf19,0xd739,0xd75a,0xd739,0xd75a,0xd75a,0xd75a,0xd75a,0xd75a,0xd75a,0xdf7a,0xf7de,0xf7de,0xa593,0x5b6b,
	0xd75a,0xa593,0xa593,0xadf4,0x9d52,0xa593,0xa593,0xa593,0x9d52,0xadf4,0xa593,0x9d73,0xa593,0xadf4,0x9d52,0xa593,0xa593,0xa593,0x9d52,0xadf4,0xa593,0x9d73,0xa593,0xa593,0xa593,0x9d73,0xa593,0x9d73,0xa593,0x9d93,0xa593,0x5b6b,
	0xa593,0x5b6b,0x5b6b,0x638c,0x638c,0x5b2a,0x5b4b,0x5b6b,0x5b6b,0x63ac,0x63ac,0x5b6b,0x5b6b,0x638c,0x638c,0x5b2a,0x5b4b,0x5b6b,0x5b6b,0x63ac,0x63ac,0x5b6b,0x5b6b,0x5b6b,0x5b6b,0x5b6b,0x63ac,0x5b6b,0x6bed,0x5b6b,0x532a,0x636b
};

const static color_t heart[2][196] = {
    { //empty
		0x0000,0x0000,0x0000,0x0001,0x0001,0x0001,0x0000,0x0000,0x0001,0x0001,0x0001,0x0000,0x0000,0x0000,
		0x0000,0x0000,0x0000,0x0001,0x0001,0x0001,0x0000,0x0000,0x0001,0x0001,0x0001,0x0000,0x0000,0x0000,
		0x0000,0x0000,0x0001,0x2945,0x2945,0x2945,0x0001,0x0001,0x2945,0x2945,0x2945,0x0001,0x0000,0x0000,
		0x0001,0x0001,0x2945,0x2945,0x2945,0x2945,0x2945,0x2945,0x2945,0x2945,0x2945,0x2945,0x0001,0x0001,
		0x0001,0x0001,0x2945,0x2945,0x2945,0x2945,0x2945,0x2945,0x2945,0x2945,0x2945,0x2945,0x0001,0x0001,
		0x0001,0x0001,0x2945,0x2945,0x2945,0x2945,0x2945,0x2945,0x2945,0x2945,0x2945,0x2945,0x0001,0x0001,
		0x0001,0x0001,0x2945,0x2945,0x2945,0x2945,0x2945,0x2945,0x2945,0x2945,0x2945,0x2945,0x0001,0x0001,
		0x0001,0x0001,0x2945,0x2945,0x2945,0x2945,0x2945,0x2945,0x2945,0x2945,0x2945,0x2945,0x0001,0x0001,
		0x0000,0x0000,0x0001,0x2945,0x2945,0x2945,0x2945,0x2945,0x2945,0x2945,0x2945,0x0001,0x0000,0x0000,
		0x0000,0x0000,0x0000,0x0001,0x0001,0x2945,0x2945,0x2945,0x2945,0x0001,0x0001,0x0000,0x0000,0x0000,
		0x0000,0x0000,0x0000,0x0001,0x0001,0x2945,0x2945,0x2945,0x2945,0x0001,0x0001,0x0000,0x0000,0x0000,
		0x0000,0x0000,0x0000,0x0000,0x0000,0x0001,0x2945,0x2945,0x0001,0x0000,0x0000,0x0000,0x0000,0x0000,
		0x0000,0x0000,0x0000,0x0000,0x0000,0x0000,0x0001,0x0001,0x0000,0x0000,0x0000,0x0000,0x0000,0x0000,
		0x0000,0x0000,0x0000,0x0000,0x0000,0x0000,0x0001,0x0001,0x0000,0x0000,0x0000,0x0000,0x0000,0x0000
	},
    { //full
		0x0000,0x0000,0x0000,0x0000,0x0000,0x0000,0x0000,0x0000,0x0000,0x0000,0x0000,0x0000,0x0000,0x0000,
		0x0000,0x0000,0x0000,0x0000,0x0000,0x0000,0x0000,0x0000,0x0000,0x0000,0x0000,0x0000,0x0000,0x0000,
		0x0000,0x0000,0x0000,0xf882,0xf882,0xf882,0x0000,0x0000,0xf882,0xf882,0xf882,0x0000,0x0000,0x0000,
		0x0000,0x0000,0xf882,0xfe59,0xfe59,0xf882,0xf882,0xf882,0xf882,0xf882,0xf882,0xf882,0x0000,0x0000,
		0x0000,0x0000,0xf882,0xfe59,0xfe59,0xf882,0xf882,0xf882,0xf882,0xf882,0xf882,0xf882,0x0000,0x0000,
		0x0000,0x0000,0xf882,0xf882,0xf882,0xf882,0xf882,0xf882,0xf882,0xf882,0xf882,0xf882,0x0000,0x0000,
		0x0000,0x0000,0xb882,0xf882,0xf882,0xf882,0xf882,0xf882,0xf882,0xf882,0xf882,0xb882,0x0000,0x0000,
		0x0000,0x0000,0xb882,0xf882,0xf882,0xf882,0xf882,0xf882,0xf882,0xf882,0xf882,0xb882,0x0000,0x0000,
		0x0000,0x0000,0x0000,0xb882,0xb882,0xf882,0xf882,0xf882,0xf882,0xb882,0xb882,0x0000,0x0000,0x0000,
		0x0000,0x0000,0x0000,0x0000,0x0000,0xb882,0xf882,0xf882,0xb882,0x0000,0x0000,0x0000,0x0000,0x0000,
		0x0000,0x0000,0x0000,0x0000,0x0000,0xb882,0xf882,0xf882,0xb882,0x0000,0x0000,0x0000,0x0000,0x0000,
		0x0000,0x0000,0x0000,0x0000,0x0000,0x0000,0xb882,0xb882,0x0000,0x0000,0x0000,0x0000,0x0000,0x0000,
		0x0000,0x0000,0x0000,0x0000,0x0000,0x0000,0x0000,0x0000,0x0000,0x0000,0x0000,0x0000,0x0000,0x0000,
		0x0000,0x0000,0x0000,0x0000,0x0000,0x0000,0x0000,0x0000,0x0000,0x0000,0x0000,0x0000,0x0000,0x0000
	}
};

const color_t inventory_palette[7] = {0x0001, 0x0000, 0xffff, 0xc638, 0x52aa, 0x31a6, 0x8c51};

const unsigned char inventory[17688] = {
	0x00,0x00,0x11,0x11,0x11,0x11,0x11,0x11,0x11,0x11,0x11,0x11,0x11,0x11,0x11,0x11,0x11,0x11,0x11,0x11,0x11,0x11,0x11,0x11,0x11,0x11,0x11,0x11,0x11,0x11,0x11,0x11,0x11,0x11,0x11,0x11,0x11,0x11,0x11,0x11,0x11,0x11,0x11,0x11,0x11,0x11,0x11,0x11,0x11,0x11,0x11,0x11,0x11,0x11,0x11,0x11,0x11,0x11,0x11,0x11,0x11,0x11,0x11,0x11,0x11,0x11,0x11,0x11,0x11,0x11,0x11,0x11,0x11,0x11,0x11,0x11,0x11,0x11,0x11,0x11,0x11,0x11,0x11,0x11,0x11,0x11,0x11,0x11,0x11,0x11,0x11,0x11,0x11,0x11,0x11,0x11,0x11,0x11,0x11,0x11,0x11,0x11,0x11,0x11,0x11,0x11,0x11,0x11,0x11,0x11,0x11,0x11,0x11,0x11,0x11,0x11,0x11,0x11,0x11,0x11,0x11,0x11,0x11,0x11,0x11,0x11,0x11,0x11,0x11,0x11,0x11,0x00,0x00,0x00,
	0x00,0x00,0x11,0x11,0x11,0x11,0x11,0x11,0x11,0x11,0x11,0x11,0x11,0x11,0x11,0x11,0x11,0x11,0x11,0x11,0x11,0x11,0x11,0x11,0x11,0x11,0x11,0x11,0x11,0x11,0x11,0x11,0x11,0x11,0x11,0x11,0x11,0x11,0x11,0x11,0x11,0x11,0x11,0x11,0x11,0x11,0x11,0x11,0x11,0x11,0x11,0x11,0x11,0x11,0x11,0x11,0x11,0x11,0x11,0x11,0x11,0x11,0x11,0x11,0x11,0x11,0x11,0x11,0x11,0x11,0x11,0x11,0x11,0x11,0x11,0x11,0x11,0x11,0x11,0x11,0x11,0x11,0x11,0x11,0x11,0x11,0x11,0x11,0x11,0x11,0x11,0x11,0x11,0x11,0x11,0x11,0x11,0x11,0x11,0x11,0x11,0x11,0x11,0x11,0x11,0x11,0x11,0x11,0x11,0x11,0x11,0x11,0x11,0x11,0x11,0x11,0x11,0x11,0x11,0x11,0x11,0x11,0x11,0x11,0x11,0x11,0x11,0x11,0x11,0x11,0x11,0x00,0x00,0x00,
	0x00,0x11,0x22,0x22,0x22,0x22,0x22,0x22,0x22,0x22,0x22,0x22,0x22,0x22,0x22,0x22,0x22,0x22,0x22,0x22,0x22,0x22,0x22,0x22,0x22,0x22,0x22,0x22,0x22,0x22,0x22,0x22,0x22,0x22,0x22,0x22,0x22,0x22,0x22,0x22,0x22,0x22,0x22,0x22,0x22,0x22,0x22,0x22,0x22,0x22,0x22,0x22,0x22,0x22,0x22,0x22,0x22,0x22,0x22,0x22,0x22,0x22,0x22,0x22,0x22,0x22,0x22,0x22,0x22,0x22,0x22,0x22,0x22,0x22,0x22,0x22,0x22,0x22,0x22,0x22,0x22,0x22,0x22,0x22,0x22,0x22,0x22,0x22,0x22,0x22,0x22,0x22,0x22,0x22,0x22,0x22,0x22,0x22,0x22,0x22,0x22,0x22,0x22,0x22,0x22,0x22,0x22,0x22,0x22,0x22,0x22,0x22,0x22,0x22,0x22,0x22,0x22,0x22,0x22,0x22,0x22,0x22,0x22,0x22,0x22,0x22,0x22,0x22,0x22,0x22,0x22,0x11,0x00,0x00,
	0x00,0x11,0x22,0x22,0x22,0x22,0x22,0x22,0x22,0x22,0x22,0x22,0x22,0x22,0x22,0x22,0x22,0x22,0x22,0x22,0x22,0x22,0x22,0x22,0x22,0x22,0x22,0x22,0x22,0x22,0x22,0x22,0x22,0x22,0x22,0x22,0x22,0x22,0x22,0x22,0x22,0x22,0x22,0x22,0x22,0x22,0x22,0x22,0x22,0x22,0x22,0x22,0x22,0x22,0x22,0x22,0x22,0x22,0x22,0x22,0x22,0x22,0x22,0x22,0x22,0x22,0x22,0x22,0x22,0x22,0x22,0x22,0x22,0x22,0x22,0x22,0x22,0x22,0x22,0x22,0x22,0x22,0x22,0x22,0x22,0x22,0x22,0x22,0x22,0x22,0x22,0x22,0x22,0x22,0x22,0x22,0x22,0x22,0x22,0x22,0x22,0x22,0x22,0x22,0x22,0x22,0x22,0x22,0x22,0x22,0x22,0x22,0x22,0x22,0x22,0x22,0x22,0x22,0x22,0x22,0x22,0x22,0x22,0x22,0x22,0x22,0x22,0x22,0x22,0x22,0x22,0x11,0x00,0x00,
	0x11,0x22,0x22,0x22,0x22,0x22,0x22,0x22,0x22,0x22,0x22,0x22,0x22,0x22,0x22,0x22,0x22,0x22,0x22,0x22,0x22,0x22,0x22,0x22,0x22,0x22,0x22,0x22,0x22,0x22,0x22,0x22,0x22,0x22,0x22,0x22,0x22,0x22,0x22,0x22,0x22,0x22,0x22,0x22,0x22,0x22,0x22,0x22,0x22,0x22,0x22,0x22,0x22,0x22,0x22,0x22,0x22,0x22,0x22,0x22,0x22,0x22,0x22,0x22,0x22,0x22,0x22,0x22,0x22,0x22,0x22,0x22,0x22,0x22,0x22,0x22,0x22,0x22,0x22,0x22,0x22,0x22,0x22,0x22,0x22,0x22,0x22,0x22,0x22,0x22,0x22,0x22,0x22,0x22,0x22,0x22,0x22,0x22,0x22,0x22,0x22,0x22,0x22,0x22,0x22,0x22,0x22,0x22,0x22,0x22,0x22,0x22,0x22,0x22,0x22,0x22,0x22,0x22,0x22,0x22,0x22,0x22,0x22,0x22,0x22,0x22,0x22,0x22,0x22,0x22,0x22,0x33,0x11,0x00,
	0x11,0x22,0x22,0x22,0x22,0x22,0x22,0x22,0x22,0x22,0x22,0x22,0x22,0x22,0x22,0x22,0x22,0x22,0x22,0x22,0x22,0x22,0x22,0x22,0x22,0x22,0x22,0x22,0x22,0x22,0x22,0x22,0x22,0x22,0x22,0x22,0x22,0x22,0x22,0x22,0x22,0x22,0x22,0x22,0x22,0x22,0x22,0x22,0x22,0x22,0x22,0x22,0x22,0x22,0x22,0x22,0x22,0x22,0x22,0x22,0x22,0x22,0x22,0x22,0x22,0x22,0x22,0x22,0x22,0x22,0x22,0x22,0x22,0x22,0x22,0x22,0x22,0x22,0x22,0x22,0x22,0x22,0x22,0x22,0x22,0x22,0x22,0x22,0x22,0x22,0x22,0x22,0x22,0x22,0x22,0x22,0x22,0x22,0x22,0x22,0x22,0x22,0x22,0x22,0x22,0x22,0x22,0x22,0x22,0x22,0x22,0x22,0x22,0x22,0x22,0x22,0x22,0x22,0x22,0x22,0x22,0x22,0x22,0x22,0x22,0x22,0x22,0x22,0x22,0x22,0x22,0x33,0x11,0x00,
	0x11,0x22,0x22,0x23,0x33,0x33,0x33,0x33,0x33,0x33,0x33,0x33,0x33,0x33,0x33,0x33,0x33,0x33,0x33,0x33,0x33,0x33,0x33,0x33,0x33,0x33,0x33,0x33,0x33,0x33,0x33,0x33,0x33,0x33,0x33,0x33,0x33,0x33,0x33,0x33,0x33,0x33,0x33,0x33,0x33,0x33,0x33,0x33,0x33,0x33,0x33,0x33,0x33,0x33,0x33,0x33,0x33,0x33,0x33,0x33,0x33,0x33,0x33,0x33,0x33,0x33,0x33,0x33,0x33,0x33,0x33,0x33,0x33,0x33,0x33,0x33,0x33,0x33,0x33,0x33,0x33,0x33,0x33,0x33,0x33,0x33,0x33,0x33,0x33,0x33,0x33,0x33,0x33,0x33,0x33,0x33,0x33,0x33,0x33,0x33,0x33,0x33,0x33,0x33,0x33,0x33,0x33,0x33,0x33,0x33,0x33,0x33,0x33,0x33,0x33,0x33,0x33,0x33,0x33,0x33,0x33,0x33,0x33,0x33,0x33,0x33,0x33,0x33,0x33,0x33,0x33,0x44,0x44,0x11,
	0x11,0x22,0x22,0x33,0x33,0x33,0x33,0x33,0x33,0x33,0x33,0x33,0x33,0x33,0x33,0x33,0x33,0x33,0x33,0x33,0x33,0x33,0x33,0x33,0x33,0x33,0x33,0x33,0x33,0x33,0x33,0x33,0x33,0x33,0x33,0x33,0x33,0x33,0x33,0x33,0x33,0x33,0x33,0x33,0x33,0x33,0x33,0x33,0x33,0x33,0x33,0x33,0x33,0x33,0x33,0x33,0x33,0x33,0x33,0x33,0x33,0x33,0x33,0x33,0x33,0x33,0x33,0x33,0x33,0x33,0x33,0x33,0x33,0x33,0x33,0x33,0x33,0x33,0x33,0x33,0x33,0x33,0x33,0x33,0x33,0x33,0x33,0x33,0x33,0x33,0x33,0x33,0x33,0x33,0x33,0x33,0x33,0x33,0x33,0x33,0x33,0x33,0x33,0x33,0x33,0x33,0x33,0x33,0x33,0x33,0x33,0x33,0x33,0x33,0x33,0x33,0x33,0x33,0x33,0x33,0x33,0x33,0x33,0x33,0x33,0x33,0x33,0x33,0x33,0x33,0x33,0x44,0x44,0x11,
	0x11,0x22,0x22,0x33,0x55,0x55,0x55,0x55,0x55,0x55,0x55,0x55,0x55,0x55,0x55,0x55,0x55,0x56,0x55,0x55,0x55,0x55,0x55,0x55,0x55,0x55,0x55,0x55,0x55,0x55,0x55,0x56,0x55,0x55,0x55,0x55,0x55,0x55,0x55,0x55,0x55,0x55,0x55,0x55,0x55,0x56,0x55,0x55,0x55,0x55,0x55,0x55,0x55,0x55,0x55,0x55,0x55,0x55,0x55,0x56,0x55,0x55,0x55,0x55,0x55,0x55,0x55,0x55,0x55,0x55,0x55,0x55,0x55,0x56,0x55,0x55,0x55,0x55,0x55,0x55,0x55,0x55,0x55,0x55,0x55,0x55,0x55,0x56,0x55,0x55,0x55,0x55,0x55,0x55,0x55,0x55,0x55,0x55,0x55,0x55,0x55,0x56,0x55,0x55,0x55,0x55,0x55,0x55,0x55,0x55,0x55,0x55,0x55,0x55,0x55,0x56,0x55,0x55,0x55,0x55,0x55,0x55,0x55,0x55,0x55,0x55,0x55,0x55,0x55,0x56,0x33,0x44,0x44,0x11,
	0x11,0x22,0x22,0x33,0x56,0x66,0x66,0x66,0x66,0x66,0x66,0x66,0x66,0x66,0x66,0x66,0x66,0x62,0x56,0x66,0x66,0x66,0x66,0x66,0x66,0x66,0x66,0x66,0x66,0x66,0x66,0x62,0x56,0x66,0x66,0x66,0x66,0x66,0x66,0x66,0x66,0x66,0x66,0x66,0x66,0x62,0x56,0x66,0x66,0x66,0x66,0x66,0x66,0x66,0x66,0x66,0x66,0x66,0x66,0x62,0x56,0x66,0x66,0x66,0x66,0x66,0x66,0x66,0x66,0x66,0x66,0x66,0x66,0x62,0x56,0x66,0x66,0x66,0x66,0x66,0x66,0x66,0x66,0x66,0x66,0x66,0x66,0x62,0x56,0x66,0x66,0x66,0x66,0x66,0x66,0x66,0x66,0x66,0x66,0x66,0x66,0x62,0x56,0x66,0x66,0x66,0x66,0x66,0x66,0x66,0x66,0x66,0x66,0x66,0x66,0x62,0x56,0x66,0x66,0x66,0x66,0x66,0x66,0x66,0x66,0x66,0x66,0x66,0x66,0x62,0x33,0x44,0x44,0x11,
	0x11,0x22,0x22,0x33,0x56,0x66,0x66,0x66,0x66,0x66,0x66,0x66,0x66,0x66,0x66,0x66,0x66,0x62,0x56,0x66,0x66,0x66,0x66,0x66,0x66,0x66,0x66,0x66,0x66,0x66,0x66,0x62,0x56,0x66,0x66,0x66,0x66,0x66,0x66,0x66,0x66,0x66,0x66,0x66,0x66,0x62,0x56,0x66,0x66,0x66,0x66,0x66,0x66,0x66,0x66,0x66,0x66,0x66,0x66,0x62,0x56,0x66,0x66,0x66,0x66,0x66,0x66,0x66,0x66,0x66,0x66,0x66,0x66,0x62,0x56,0x66,0x66,0x66,0x66,0x66,0x66,0x66,0x66,0x66,0x66,0x66,0x66,0x62,0x56,0x66,0x66,0x66,0x66,0x66,0x66,0x66,0x66,0x66,0x66,0x66,0x66,0x62,0x56,0x66,0x66,0x66,0x66,0x66,0x66,0x66,0x66,0x66,0x66,0x66,0x66,0x62,0x56,0x66,0x66,0x66,0x66,0x66,0x66,0x66,0x66,0x66,0x66,0x66,0x66,0x62,0x33,0x44,0x44,0x11,
	0x11,0x22,0x22,0x33,0x56,0x66,0x66,0x66,0x66,0x66,0x66,0x66,0x66,0x66,0x66,0x66,0x66,0x62,0x56,0x66,0x66,0x66,0x66,0x66,0x66,0x66,0x66,0x66,0x66,0x66,0x66,0x62,0x56,0x66,0x66,0x66,0x66,0x66,0x66,0x66,0x66,0x66,0x66,0x66,0x66,0x62,0x56,0x66,0x66,0x66,0x66,0x66,0x66,0x66,0x66,0x66,0x66,0x66,0x66,0x62,0x56,0x66,0x66,0x66,0x66,0x66,0x66,0x66,0x66,0x66,0x66,0x66,0x66,0x62,0x56,0x66,0x66,0x66,0x66,0x66,0x66,0x66,0x66,0x66,0x66,0x66,0x66,0x62,0x56,0x66,0x66,0x66,0x66,0x66,0x66,0x66,0x66,0x66,0x66,0x66,0x66,0x62,0x56,0x66,0x66,0x66,0x66,0x66,0x66,0x66,0x66,0x66,0x66,0x66,0x66,0x62,0x56,0x66,0x66,0x66,0x66,0x66,0x66,0x66,0x66,0x66,0x66,0x66,0x66,0x62,0x33,0x44,0x44,0x11,
	0x11,0x22,0x22,0x33,0x56,0x66,0x66,0x66,0x66,0x66,0x66,0x66,0x66,0x66,0x66,0x66,0x66,0x62,0x56,0x66,0x66,0x66,0x66,0x66,0x66,0x66,0x66,0x66,0x66,0x66,0x66,0x62,0x56,0x66,0x66,0x66,0x66,0x66,0x66,0x66,0x66,0x66,0x66,0x66,0x66,0x62,0x56,0x66,0x66,0x66,0x66,0x66,0x66,0x66,0x66,0x66,0x66,0x66,0x66,0x62,0x56,0x66,0x66,0x66,0x66,0x66,0x66,0x66,0x66,0x66,0x66,0x66,0x66,0x62,0x56,0x66,0x66,0x66,0x66,0x66,0x66,0x66,0x66,0x66,0x66,0x66,0x66,0x62,0x56,0x66,0x66,0x66,0x66,0x66,0x66,0x66,0x66,0x66,0x66,0x66,0x66,0x62,0x56,0x66,0x66,0x66,0x66,0x66,0x66,0x66,0x66,0x66,0x66,0x66,0x66,0x62,0x56,0x66,0x66,0x66,0x66,0x66,0x66,0x66,0x66,0x66,0x66,0x66,0x66,0x62,0x33,0x44,0x44,0x11,
	0x11,0x22,0x22,0x33,0x56,0x66,0x66,0x66,0x66,0x66,0x66,0x66,0x66,0x66,0x66,0x66,0x66,0x62,0x56,0x66,0x66,0x66,0x66,0x66,0x66,0x66,0x66,0x66,0x66,0x66,0x66,0x62,0x56,0x66,0x66,0x66,0x66,0x66,0x66,0x66,0x66,0x66,0x66,0x66,0x66,0x62,0x56,0x66,0x66,0x66,0x66,0x66,0x66,0x66,0x66,0x66,0x66,0x66,0x66,0x62,0x56,0x66,0x66,0x66,0x66,0x66,0x66,0x66,0x66,0x66,0x66,0x66,0x66,0x62,0x56,0x66,0x66,0x66,0x66,0x66,0x66,0x66,0x66,0x66,0x66,0x66,0x66,0x62,0x56,0x66,0x66,0x66,0x66,0x66,0x66,0x66,0x66,0x66,0x66,0x66,0x66,0x62,0x56,0x66,0x66,0x66,0x66,0x66,0x66,0x66,0x66,0x66,0x66,0x66,0x66,0x62,0x56,0x66,0x66,0x66,0x66,0x66,0x66,0x66,0x66,0x66,0x66,0x66,0x66,0x62,0x33,0x44,0x44,0x11,
	0x11,0x22,0x22,0x33,0x56,0x66,0x66,0x66,0x66,0x66,0x66,0x66,0x66,0x66,0x66,0x66,0x66,0x62,0x56,0x66,0x66,0x66,0x66,0x66,0x66,0x66,0x66,0x66,0x66,0x66,0x66,0x62,0x56,0x66,0x66,0x66,0x66,0x66,0x66,0x66,0x66,0x66,0x66,0x66,0x66,0x62,0x56,0x66,0x66,0x66,0x66,0x66,0x66,0x66,0x66,0x66,0x66,0x66,0x66,0x62,0x56,0x66,0x66,0x66,0x66,0x66,0x66,0x66,0x66,0x66,0x66,0x66,0x66,0x62,0x56,0x66,0x66,0x66,0x66,0x66,0x66,0x66,0x66,0x66,0x66,0x66,0x66,0x62,0x56,0x66,0x66,0x66,0x66,0x66,0x66,0x66,0x66,0x66,0x66,0x66,0x66,0x62,0x56,0x66,0x66,0x66,0x66,0x66,0x66,0x66,0x66,0x66,0x66,0x66,0x66,0x62,0x56,0x66,0x66,0x66,0x66,0x66,0x66,0x66,0x66,0x66,0x66,0x66,0x66,0x62,0x33,0x44,0x44,0x11,
	0x11,0x22,0x22,0x33,0x56,0x66,0x66,0x66,0x66,0x66,0x66,0x66,0x66,0x66,0x66,0x66,0x66,0x62,0x56,0x66,0x66,0x66,0x66,0x66,0x66,0x66,0x66,0x66,0x66,0x66,0x66,0x62,0x56,0x66,0x66,0x66,0x66,0x66,0x66,0x66,0x66,0x66,0x66,0x66,0x66,0x62,0x56,0x66,0x66,0x66,0x66,0x66,0x66,0x66,0x66,0x66,0x66,0x66,0x66,0x62,0x56,0x66,0x66,0x66,0x66,0x66,0x66,0x66,0x66,0x66,0x66,0x66,0x66,0x62,0x56,0x66,0x66,0x66,0x66,0x66,0x66,0x66,0x66,0x66,0x66,0x66,0x66,0x62,0x56,0x66,0x66,0x66,0x66,0x66,0x66,0x66,0x66,0x66,0x66,0x66,0x66,0x62,0x56,0x66,0x66,0x66,0x66,0x66,0x66,0x66,0x66,0x66,0x66,0x66,0x66,0x62,0x56,0x66,0x66,0x66,0x66,0x66,0x66,0x66,0x66,0x66,0x66,0x66,0x66,0x62,0x33,0x44,0x44,0x11,
	0x11,0x22,0x22,0x33,0x56,0x66,0x66,0x66,0x66,0x66,0x66,0x66,0x66,0x66,0x66,0x66,0x66,0x62,0x56,0x66,0x66,0x66,0x66,0x66,0x66,0x66,0x66,0x66,0x66,0x66,0x66,0x62,0x56,0x66,0x66,0x66,0x66,0x66,0x66,0x66,0x66,0x66,0x66,0x66,0x66,0x62,0x56,0x66,0x66,0x66,0x66,0x66,0x66,0x66,0x66,0x66,0x66,0x66,0x66,0x62,0x56,0x66,0x66,0x66,0x66,0x66,0x66,0x66,0x66,0x66,0x66,0x66,0x66,0x62,0x56,0x66,0x66,0x66,0x66,0x66,0x66,0x66,0x66,0x66,0x66,0x66,0x66,0x62,0x56,0x66,0x66,0x66,0x66,0x66,0x66,0x66,0x66,0x66,0x66,0x66,0x66,0x62,0x56,0x66,0x66,0x66,0x66,0x66,0x66,0x66,0x66,0x66,0x66,0x66,0x66,0x62,0x56,0x66,0x66,0x66,0x66,0x66,0x66,0x66,0x66,0x66,0x66,0x66,0x66,0x62,0x33,0x44,0x44,0x11,
	0x11,0x22,0x22,0x33,0x56,0x66,0x66,0x66,0x66,0x66,0x66,0x66,0x66,0x66,0x66,0x66,0x66,0x62,0x56,0x66,0x66,0x66,0x66,0x66,0x66,0x66,0x66,0x66,0x66,0x66,0x66,0x62,0x56,0x66,0x66,0x66,0x66,0x66,0x66,0x66,0x66,0x66,0x66,0x66,0x66,0x62,0x56,0x66,0x66,0x66,0x66,0x66,0x66,0x66,0x66,0x66,0x66,0x66,0x66,0x62,0x56,0x66,0x66,0x66,0x66,0x66,0x66,0x66,0x66,0x66,0x66,0x66,0x66,0x62,0x56,0x66,0x66,0x66,0x66,0x66,0x66,0x66,0x66,0x66,0x66,0x66,0x66,0x62,0x56,0x66,0x66,0x66,0x66,0x66,0x66,0x66,0x66,0x66,0x66,0x66,0x66,0x62,0x56,0x66,0x66,0x66,0x66,0x66,0x66,0x66,0x66,0x66,0x66,0x66,0x66,0x62,0x56,0x66,0x66,0x66,0x66,0x66,0x66,0x66,0x66,0x66,0x66,0x66,0x66,0x62,0x33,0x44,0x44,0x11,
	0x11,0x22,0x22,0x33,0x56,0x66,0x66,0x66,0x66,0x66,0x66,0x66,0x66,0x66,0x66,0x66,0x66,0x62,0x56,0x66,0x66,0x66,0x66,0x66,0x66,0x66,0x66,0x66,0x66,0x66,0x66,0x62,0x56,0x66,0x66,0x66,0x66,0x66,0x66,0x66,0x66,0x66,0x66,0x66,0x66,0x62,0x56,0x66,0x66,0x66,0x66,0x66,0x66,0x66,0x66,0x66,0x66,0x66,0x66,0x62,0x56,0x66,0x66,0x66,0x66,0x66,0x66,0x66,0x66,0x66,0x66,0x66,0x66,0x62,0x56,0x66,0x66,0x66,0x66,0x66,0x66,0x66,0x66,0x66,0x66,0x66,0x66,0x62,0x56,0x66,0x66,0x66,0x66,0x66,0x66,0x66,0x66,0x66,0x66,0x66,0x66,0x62,0x56,0x66,0x66,0x66,0x66,0x66,0x66,0x66,0x66,0x66,0x66,0x66,0x66,0x62,0x56,0x66,0x66,0x66,0x66,0x66,0x66,0x66,0x66,0x66,0x66,0x66,0x66,0x62,0x33,0x44,0x44,0x11,
	0x11,0x22,0x22,0x33,0x56,0x66,0x66,0x66,0x66,0x66,0x66,0x66,0x66,0x66,0x66,0x66,0x66,0x62,0x56,0x66,0x66,0x66,0x66,0x66,0x66,0x66,0x66,0x66,0x66,0x66,0x66,0x62,0x56,0x66,0x66,0x66,0x66,0x66,0x66,0x66,0x66,0x66,0x66,0x66,0x66,0x62,0x56,0x66,0x66,0x66,0x66,0x66,0x66,0x66,0x66,0x66,0x66,0x66,0x66,0x62,0x56,0x66,0x66,0x66,0x66,0x66,0x66,0x66,0x66,0x66,0x66,0x66,0x66,0x62,0x56,0x66,0x66,0x66,0x66,0x66,0x66,0x66,0x66,0x66,0x66,0x66,0x66,0x62,0x56,0x66,0x66,0x66,0x66,0x66,0x66,0x66,0x66,0x66,0x66,0x66,0x66,0x62,0x56,0x66,0x66,0x66,0x66,0x66,0x66,0x66,0x66,0x66,0x66,0x66,0x66,0x62,0x56,0x66,0x66,0x66,0x66,0x66,0x66,0x66,0x66,0x66,0x66,0x66,0x66,0x62,0x33,0x44,0x44,0x11,
	0x11,0x22,0x22,0x33,0x56,0x66,0x66,0x66,0x66,0x66,0x66,0x66,0x66,0x66,0x66,0x66,0x66,0x62,0x56,0x66,0x66,0x66,0x66,0x66,0x66,0x66,0x66,0x66,0x66,0x66,0x66,0x62,0x56,0x66,0x66,0x66,0x66,0x66,0x66,0x66,0x66,0x66,0x66,0x66,0x66,0x62,0x56,0x66,0x66,0x66,0x66,0x66,0x66,0x66,0x66,0x66,0x66,0x66,0x66,0x62,0x56,0x66,0x66,0x66,0x66,0x66,0x66,0x66,0x66,0x66,0x66,0x66,0x66,0x62,0x56,0x66,0x66,0x66,0x66,0x66,0x66,0x66,0x66,0x66,0x66,0x66,0x66,0x62,0x56,0x66,0x66,0x66,0x66,0x66,0x66,0x66,0x66,0x66,0x66,0x66,0x66,0x62,0x56,0x66,0x66,0x66,0x66,0x66,0x66,0x66,0x66,0x66,0x66,0x66,0x66,0x62,0x56,0x66,0x66,0x66,0x66,0x66,0x66,0x66,0x66,0x66,0x66,0x66,0x66,0x62,0x33,0x44,0x44,0x11,
	0x11,0x22,0x22,0x33,0x56,0x66,0x66,0x66,0x66,0x66,0x66,0x66,0x66,0x66,0x66,0x66,0x66,0x62,0x56,0x66,0x66,0x66,0x66,0x66,0x66,0x66,0x66,0x66,0x66,0x66,0x66,0x62,0x56,0x66,0x66,0x66,0x66,0x66,0x66,0x66,0x66,0x66,0x66,0x66,0x66,0x62,0x56,0x66,0x66,0x66,0x66,0x66,0x66,0x66,0x66,0x66,0x66,0x66,0x66,0x62,0x56,0x66,0x66,0x66,0x66,0x66,0x66,0x66,0x66,0x66,0x66,0x66,0x66,0x62,0x56,0x66,0x66,0x66,0x66,0x66,0x66,0x66,0x66,0x66,0x66,0x66,0x66,0x62,0x56,0x66,0x66,0x66,0x66,0x66,0x66,0x66,0x66,0x66,0x66,0x66,0x66,0x62,0x56,0x66,0x66,0x66,0x66,0x66,0x66,0x66,0x66,0x66,0x66,0x66,0x66,0x62,0x56,0x66,0x66,0x66,0x66,0x66,0x66,0x66,0x66,0x66,0x66,0x66,0x66,0x62,0x33,0x44,0x44,0x11,
	0x11,0x22,0x22,0x33,0x56,0x66,0x66,0x66,0x66,0x66,0x66,0x66,0x66,0x66,0x66,0x66,0x66,0x62,0x56,0x66,0x66,0x66,0x66,0x66,0x66,0x66,0x66,0x66,0x66,0x66,0x66,0x62,0x56,0x66,0x66,0x66,0x66,0x66,0x66,0x66,0x66,0x66,0x66,0x66,0x66,0x62,0x56,0x66,0x66,0x66,0x66,0x66,0x66,0x66,0x66,0x66,0x66,0x66,0x66,0x62,0x56,0x66,0x66,0x66,0x66,0x66,0x66,0x66,0x66,0x66,0x66,0x66,0x66,0x62,0x56,0x66,0x66,0x66,0x66,0x66,0x66,0x66,0x66,0x66,0x66,0x66,0x66,0x62,0x56,0x66,0x66,0x66,0x66,0x66,0x66,0x66,0x66,0x66,0x66,0x66,0x66,0x62,0x56,0x66,0x66,0x66,0x66,0x66,0x66,0x66,0x66,0x66,0x66,0x66,0x66,0x62,0x56,0x66,0x66,0x66,0x66,0x66,0x66,0x66,0x66,0x66,0x66,0x66,0x66,0x62,0x33,0x44,0x44,0x11,
	0x11,0x22,0x22,0x33,0x56,0x66,0x66,0x66,0x66,0x66,0x66,0x66,0x66,0x66,0x66,0x66,0x66,0x62,0x56,0x66,0x66,0x66,0x66,0x66,0x66,0x66,0x66,0x66,0x66,0x66,0x66,0x62,0x56,0x66,0x66,0x66,0x66,0x66,0x66,0x66,0x66,0x66,0x66,0x66,0x66,0x62,0x56,0x66,0x66,0x66,0x66,0x66,0x66,0x66,0x66,0x66,0x66,0x66,0x66,0x62,0x56,0x66,0x66,0x66,0x66,0x66,0x66,0x66,0x66,0x66,0x66,0x66,0x66,0x62,0x56,0x66,0x66,0x66,0x66,0x66,0x66,0x66,0x66,0x66,0x66,0x66,0x66,0x62,0x56,0x66,0x66,0x66,0x66,0x66,0x66,0x66,0x66,0x66,0x66,0x66,0x66,0x62,0x56,0x66,0x66,0x66,0x66,0x66,0x66,0x66,0x66,0x66,0x66,0x66,0x66,0x62,0x56,0x66,0x66,0x66,0x66,0x66,0x66,0x66,0x66,0x66,0x66,0x66,0x66,0x62,0x33,0x44,0x44,0x11,
	0x11,0x22,0x22,0x33,0x56,0x66,0x66,0x66,0x66,0x66,0x66,0x66,0x66,0x66,0x66,0x66,0x66,0x62,0x56,0x66,0x66,0x66,0x66,0x66,0x66,0x66,0x66,0x66,0x66,0x66,0x66,0x62,0x56,0x66,0x66,0x66,0x66,0x66,0x66,0x66,0x66,0x66,0x66,0x66,0x66,0x62,0x56,0x66,0x66,0x66,0x66,0x66,0x66,0x66,0x66,0x66,0x66,0x66,0x66,0x62,0x56,0x66,0x66,0x66,0x66,0x66,0x66,0x66,0x66,0x66,0x66,0x66,0x66,0x62,0x56,0x66,0x66,0x66,0x66,0x66,0x66,0x66,0x66,0x66,0x66,0x66,0x66,0x62,0x56,0x66,0x66,0x66,0x66,0x66,0x66,0x66,0x66,0x66,0x66,0x66,0x66,0x62,0x56,0x66,0x66,0x66,0x66,0x66,0x66,0x66,0x66,0x66,0x66,0x66,0x66,0x62,0x56,0x66,0x66,0x66,0x66,0x66,0x66,0x66,0x66,0x66,0x66,0x66,0x66,0x62,0x33,0x44,0x44,0x11,
	0x11,0x22,0x22,0x33,0x56,0x66,0x66,0x66,0x66,0x66,0x66,0x66,0x66,0x66,0x66,0x66,0x66,0x62,0x56,0x66,0x66,0x66,0x66,0x66,0x66,0x66,0x66,0x66,0x66,0x66,0x66,0x62,0x56,0x66,0x66,0x66,0x66,0x66,0x66,0x66,0x66,0x66,0x66,0x66,0x66,0x62,0x56,0x66,0x66,0x66,0x66,0x66,0x66,0x66,0x66,0x66,0x66,0x66,0x66,0x62,0x56,0x66,0x66,0x66,0x66,0x66,0x66,0x66,0x66,0x66,0x66,0x66,0x66,0x62,0x56,0x66,0x66,0x66,0x66,0x66,0x66,0x66,0x66,0x66,0x66,0x66,0x66,0x62,0x56,0x66,0x66,0x66,0x66,0x66,0x66,0x66,0x66,0x66,0x66,0x66,0x66,0x62,0x56,0x66,0x66,0x66,0x66,0x66,0x66,0x66,0x66,0x66,0x66,0x66,0x66,0x62,0x56,0x66,0x66,0x66,0x66,0x66,0x66,0x66,0x66,0x66,0x66,0x66,0x66,0x62,0x33,0x44,0x44,0x11,
	0x11,0x22,0x22,0x33,0x56,0x66,0x66,0x66,0x66,0x66,0x66,0x66,0x66,0x66,0x66,0x66,0x66,0x62,0x56,0x66,0x66,0x66,0x66,0x66,0x66,0x66,0x66,0x66,0x66,0x66,0x66,0x62,0x56,0x66,0x66,0x66,0x66,0x66,0x66,0x66,0x66,0x66,0x66,0x66,0x66,0x62,0x56,0x66,0x66,0x66,0x66,0x66,0x66,0x66,0x66,0x66,0x66,0x66,0x66,0x62,0x56,0x66,0x66,0x66,0x66,0x66,0x66,0x66,0x66,0x66,0x66,0x66,0x66,0x62,0x56,0x66,0x66,0x66,0x66,0x66,0x66,0x66,0x66,0x66,0x66,0x66,0x66,0x62,0x56,0x66,0x66,0x66,0x66,0x66,0x66,0x66,0x66,0x66,0x66,0x66,0x66,0x62,0x56,0x66,0x66,0x66,0x66,0x66,0x66,0x66,0x66,0x66,0x66,0x66,0x66,0x62,0x56,0x66,0x66,0x66,0x66,0x66,0x66,0x66,0x66,0x66,0x66,0x66,0x66,0x62,0x33,0x44,0x44,0x11,
	0x11,0x22,0x22,0x33,0x56,0x66,0x66,0x66,0x66,0x66,0x66,0x66,0x66,0x66,0x66,0x66,0x66,0x62,0x56,0x66,0x66,0x66,0x66,0x66,0x66,0x66,0x66,0x66,0x66,0x66,0x66,0x62,0x56,0x66,0x66,0x66,0x66,0x66,0x66,0x66,0x66,0x66,0x66,0x66,0x66,0x62,0x56,0x66,0x66,0x66,0x66,0x66,0x66,0x66,0x66,0x66,0x66,0x66,0x66,0x62,0x56,0x66,0x66,0x66,0x66,0x66,0x66,0x66,0x66,0x66,0x66,0x66,0x66,0x62,0x56,0x66,0x66,0x66,0x66,0x66,0x66,0x66,0x66,0x66,0x66,0x66,0x66,0x62,0x56,0x66,0x66,0x66,0x66,0x66,0x66,0x66,0x66,0x66,0x66,0x66,0x66,0x62,0x56,0x66,0x66,0x66,0x66,0x66,0x66,0x66,0x66,0x66,0x66,0x66,0x66,0x62,0x56,0x66,0x66,0x66,0x66,0x66,0x66,0x66,0x66,0x66,0x66,0x66,0x66,0x62,0x33,0x44,0x44,0x11,
	0x11,0x22,0x22,0x33,0x56,0x66,0x66,0x66,0x66,0x66,0x66,0x66,0x66,0x66,0x66,0x66,0x66,0x62,0x56,0x66,0x66,0x66,0x66,0x66,0x66,0x66,0x66,0x66,0x66,0x66,0x66,0x62,0x56,0x66,0x66,0x66,0x66,0x66,0x66,0x66,0x66,0x66,0x66,0x66,0x66,0x62,0x56,0x66,0x66,0x66,0x66,0x66,0x66,0x66,0x66,0x66,0x66,0x66,0x66,0x62,0x56,0x66,0x66,0x66,0x66,0x66,0x66,0x66,0x66,0x66,0x66,0x66,0x66,0x62,0x56,0x66,0x66,0x66,0x66,0x66,0x66,0x66,0x66,0x66,0x66,0x66,0x66,0x62,0x56,0x66,0x66,0x66,0x66,0x66,0x66,0x66,0x66,0x66,0x66,0x66,0x66,0x62,0x56,0x66,0x66,0x66,0x66,0x66,0x66,0x66,0x66,0x66,0x66,0x66,0x66,0x62,0x56,0x66,0x66,0x66,0x66,0x66,0x66,0x66,0x66,0x66,0x66,0x66,0x66,0x62,0x33,0x44,0x44,0x11,
	0x11,0x22,0x22,0x33,0x56,0x66,0x66,0x66,0x66,0x66,0x66,0x66,0x66,0x66,0x66,0x66,0x66,0x62,0x56,0x66,0x66,0x66,0x66,0x66,0x66,0x66,0x66,0x66,0x66,0x66,0x66,0x62,0x56,0x66,0x66,0x66,0x66,0x66,0x66,0x66,0x66,0x66,0x66,0x66,0x66,0x62,0x56,0x66,0x66,0x66,0x66,0x66,0x66,0x66,0x66,0x66,0x66,0x66,0x66,0x62,0x56,0x66,0x66,0x66,0x66,0x66,0x66,0x66,0x66,0x66,0x66,0x66,0x66,0x62,0x56,0x66,0x66,0x66,0x66,0x66,0x66,0x66,0x66,0x66,0x66,0x66,0x66,0x62,0x56,0x66,0x66,0x66,0x66,0x66,0x66,0x66,0x66,0x66,0x66,0x66,0x66,0x62,0x56,0x66,0x66,0x66,0x66,0x66,0x66,0x66,0x66,0x66,0x66,0x66,0x66,0x62,0x56,0x66,0x66,0x66,0x66,0x66,0x66,0x66,0x66,0x66,0x66,0x66,0x66,0x62,0x33,0x44,0x44,0x11,
	0x11,0x22,0x22,0x33,0x56,0x66,0x66,0x66,0x66,0x66,0x66,0x66,0x66,0x66,0x66,0x66,0x66,0x62,0x56,0x66,0x66,0x66,0x66,0x66,0x66,0x66,0x66,0x66,0x66,0x66,0x66,0x62,0x56,0x66,0x66,0x66,0x66,0x66,0x66,0x66,0x66,0x66,0x66,0x66,0x66,0x62,0x56,0x66,0x66,0x66,0x66,0x66,0x66,0x66,0x66,0x66,0x66,0x66,0x66,0x62,0x56,0x66,0x66,0x66,0x66,0x66,0x66,0x66,0x66,0x66,0x66,0x66,0x66,0x62,0x56,0x66,0x66,0x66,0x66,0x66,0x66,0x66,0x66,0x66,0x66,0x66,0x66,0x62,0x56,0x66,0x66,0x66,0x66,0x66,0x66,0x66,0x66,0x66,0x66,0x66,0x66,0x62,0x56,0x66,0x66,0x66,0x66,0x66,0x66,0x66,0x66,0x66,0x66,0x66,0x66,0x62,0x56,0x66,0x66,0x66,0x66,0x66,0x66,0x66,0x66,0x66,0x66,0x66,0x66,0x62,0x33,0x44,0x44,0x11,
	0x11,0x22,0x22,0x33,0x56,0x66,0x66,0x66,0x66,0x66,0x66,0x66,0x66,0x66,0x66,0x66,0x66,0x62,0x56,0x66,0x66,0x66,0x66,0x66,0x66,0x66,0x66,0x66,0x66,0x66,0x66,0x62,0x56,0x66,0x66,0x66,0x66,0x66,0x66,0x66,0x66,0x66,0x66,0x66,0x66,0x62,0x56,0x66,0x66,0x66,0x66,0x66,0x66,0x66,0x66,0x66,0x66,0x66,0x66,0x62,0x56,0x66,0x66,0x66,0x66,0x66,0x66,0x66,0x66,0x66,0x66,0x66,0x66,0x62,0x56,0x66,0x66,0x66,0x66,0x66,0x66,0x66,0x66,0x66,0x66,0x66,0x66,0x62,0x56,0x66,0x66,0x66,0x66,0x66,0x66,0x66,0x66,0x66,0x66,0x66,0x66,0x62,0x56,0x66,0x66,0x66,0x66,0x66,0x66,0x66,0x66,0x66,0x66,0x66,0x66,0x62,0x56,0x66,0x66,0x66,0x66,0x66,0x66,0x66,0x66,0x66,0x66,0x66,0x66,0x62,0x33,0x44,0x44,0x11,
	0x11,0x22,0x22,0x33,0x56,0x66,0x66,0x66,0x66,0x66,0x66,0x66,0x66,0x66,0x66,0x66,0x66,0x62,0x56,0x66,0x66,0x66,0x66,0x66,0x66,0x66,0x66,0x66,0x66,0x66,0x66,0x62,0x56,0x66,0x66,0x66,0x66,0x66,0x66,0x66,0x66,0x66,0x66,0x66,0x66,0x62,0x56,0x66,0x66,0x66,0x66,0x66,0x66,0x66,0x66,0x66,0x66,0x66,0x66,0x62,0x56,0x66,0x66,0x66,0x66,0x66,0x66,0x66,0x66,0x66,0x66,0x66,0x66,0x62,0x56,0x66,0x66,0x66,0x66,0x66,0x66,0x66,0x66,0x66,0x66,0x66,0x66,0x62,0x56,0x66,0x66,0x66,0x66,0x66,0x66,0x66,0x66,0x66,0x66,0x66,0x66,0x62,0x56,0x66,0x66,0x66,0x66,0x66,0x66,0x66,0x66,0x66,0x66,0x66,0x66,0x62,0x56,0x66,0x66,0x66,0x66,0x66,0x66,0x66,0x66,0x66,0x66,0x66,0x66,0x62,0x33,0x44,0x44,0x11,
	0x11,0x22,0x22,0x33,0x56,0x66,0x66,0x66,0x66,0x66,0x66,0x66,0x66,0x66,0x66,0x66,0x66,0x62,0x56,0x66,0x66,0x66,0x66,0x66,0x66,0x66,0x66,0x66,0x66,0x66,0x66,0x62,0x56,0x66,0x66,0x66,0x66,0x66,0x66,0x66,0x66,0x66,0x66,0x66,0x66,0x62,0x56,0x66,0x66,0x66,0x66,0x66,0x66,0x66,0x66,0x66,0x66,0x66,0x66,0x62,0x56,0x66,0x66,0x66,0x66,0x66,0x66,0x66,0x66,0x66,0x66,0x66,0x66,0x62,0x56,0x66,0x66,0x66,0x66,0x66,0x66,0x66,0x66,0x66,0x66,0x66,0x66,0x62,0x56,0x66,0x66,0x66,0x66,0x66,0x66,0x66,0x66,0x66,0x66,0x66,0x66,0x62,0x56,0x66,0x66,0x66,0x66,0x66,0x66,0x66,0x66,0x66,0x66,0x66,0x66,0x62,0x56,0x66,0x66,0x66,0x66,0x66,0x66,0x66,0x66,0x66,0x66,0x66,0x66,0x62,0x33,0x44,0x44,0x11,
	0x11,0x22,0x22,0x33,0x56,0x66,0x66,0x66,0x66,0x66,0x66,0x66,0x66,0x66,0x66,0x66,0x66,0x62,0x56,0x66,0x66,0x66,0x66,0x66,0x66,0x66,0x66,0x66,0x66,0x66,0x66,0x62,0x56,0x66,0x66,0x66,0x66,0x66,0x66,0x66,0x66,0x66,0x66,0x66,0x66,0x62,0x56,0x66,0x66,0x66,0x66,0x66,0x66,0x66,0x66,0x66,0x66,0x66,0x66,0x62,0x56,0x66,0x66,0x66,0x66,0x66,0x66,0x66,0x66,0x66,0x66,0x66,0x66,0x62,0x56,0x66,0x66,0x66,0x66,0x66,0x66,0x66,0x66,0x66,0x66,0x66,0x66,0x62,0x56,0x66,0x66,0x66,0x66,0x66,0x66,0x66,0x66,0x66,0x66,0x66,0x66,0x62,0x56,0x66,0x66,0x66,0x66,0x66,0x66,0x66,0x66,0x66,0x66,0x66,0x66,0x62,0x56,0x66,0x66,0x66,0x66,0x66,0x66,0x66,0x66,0x66,0x66,0x66,0x66,0x62,0x33,0x44,0x44,0x11,
	0x11,0x22,0x22,0x33,0x62,0x22,0x22,0x22,0x22,0x22,0x22,0x22,0x22,0x22,0x22,0x22,0x22,0x22,0x62,0x22,0x22,0x22,0x22,0x22,0x22,0x22,0x22,0x22,0x22,0x22,0x22,0x22,0x62,0x22,0x22,0x22,0x22,0x22,0x22,0x22,0x22,0x22,0x22,0x22,0x22,0x22,0x62,0x22,0x22,0x22,0x22,0x22,0x22,0x22,0x22,0x22,0x22,0x22,0x22,0x22,0x62,0x22,0x22,0x22,0x22,0x22,0x22,0x22,0x22,0x22,0x22,0x22,0x22,0x22,0x62,0x22,0x22,0x22,0x22,0x22,0x22,0x22,0x22,0x22,0x22,0x22,0x22,0x22,0x62,0x22,0x22,0x22,0x22,0x22,0x22,0x22,0x22,0x22,0x22,0x22,0x22,0x22,0x62,0x22,0x22,0x22,0x22,0x22,0x22,0x22,0x22,0x22,0x22,0x22,0x22,0x22,0x62,0x22,0x22,0x22,0x22,0x22,0x22,0x22,0x22,0x22,0x22,0x22,0x22,0x22,0x33,0x44,0x44,0x11,
	0x11,0x22,0x22,0x33,0x55,0x55,0x55,0x55,0x55,0x55,0x55,0x55,0x55,0x55,0x55,0x55,0x55,0x56,0x55,0x55,0x55,0x55,0x55,0x55,0x55,0x55,0x55,0x55,0x55,0x55,0x55,0x56,0x55,0x55,0x55,0x55,0x55,0x55,0x55,0x55,0x55,0x55,0x55,0x55,0x55,0x56,0x55,0x55,0x55,0x55,0x55,0x55,0x55,0x55,0x55,0x55,0x55,0x55,0x55,0x56,0x55,0x55,0x55,0x55,0x55,0x55,0x55,0x55,0x55,0x55,0x55,0x55,0x55,0x56,0x55,0x55,0x55,0x55,0x55,0x55,0x55,0x55,0x55,0x55,0x55,0x55,0x55,0x56,0x55,0x55,0x55,0x55,0x55,0x55,0x55,0x55,0x55,0x55,0x55,0x55,0x55,0x56,0x55,0x55,0x55,0x55,0x55,0x55,0x55,0x55,0x55,0x55,0x55,0x55,0x55,0x56,0x55,0x55,0x55,0x55,0x55,0x55,0x55,0x55,0x55,0x55,0x55,0x55,0x55,0x56,0x33,0x44,0x44,0x11,
	0x11,0x22,0x22,0x33,0x56,0x66,0x66,0x66,0x66,0x66,0x66,0x66,0x66,0x66,0x66,0x66,0x66,0x62,0x56,0x66,0x66,0x66,0x66,0x66,0x66,0x66,0x66,0x66,0x66,0x66,0x66,0x62,0x56,0x66,0x66,0x66,0x66,0x66,0x66,0x66,0x66,0x66,0x66,0x66,0x66,0x62,0x56,0x66,0x66,0x66,0x66,0x66,0x66,0x66,0x66,0x66,0x66,0x66,0x66,0x62,0x56,0x66,0x66,0x66,0x66,0x66,0x66,0x66,0x66,0x66,0x66,0x66,0x66,0x62,0x56,0x66,0x66,0x66,0x66,0x66,0x66,0x66,0x66,0x66,0x66,0x66,0x66,0x62,0x56,0x66,0x66,0x66,0x66,0x66,0x66,0x66,0x66,0x66,0x66,0x66,0x66,0x62,0x56,0x66,0x66,0x66,0x66,0x66,0x66,0x66,0x66,0x66,0x66,0x66,0x66,0x62,0x56,0x66,0x66,0x66,0x66,0x66,0x66,0x66,0x66,0x66,0x66,0x66,0x66,0x62,0x33,0x44,0x44,0x11,
	0x11,0x22,0x22,0x33,0x56,0x66,0x66,0x66,0x66,0x66,0x66,0x66,0x66,0x66,0x66,0x66,0x66,0x62,0x56,0x66,0x66,0x66,0x66,0x66,0x66,0x66,0x66,0x66,0x66,0x66,0x66,0x62,0x56,0x66,0x66,0x66,0x66,0x66,0x66,0x66,0x66,0x66,0x66,0x66,0x66,0x62,0x56,0x66,0x66,0x66,0x66,0x66,0x66,0x66,0x66,0x66,0x66,0x66,0x66,0x62,0x56,0x66,0x66,0x66,0x66,0x66,0x66,0x66,0x66,0x66,0x66,0x66,0x66,0x62,0x56,0x66,0x66,0x66,0x66,0x66,0x66,0x66,0x66,0x66,0x66,0x66,0x66,0x62,0x56,0x66,0x66,0x66,0x66,0x66,0x66,0x66,0x66,0x66,0x66,0x66,0x66,0x62,0x56,0x66,0x66,0x66,0x66,0x66,0x66,0x66,0x66,0x66,0x66,0x66,0x66,0x62,0x56,0x66,0x66,0x66,0x66,0x66,0x66,0x66,0x66,0x66,0x66,0x66,0x66,0x62,0x33,0x44,0x44,0x11,
	0x11,0x22,0x22,0x33,0x56,0x66,0x66,0x66,0x66,0x66,0x66,0x66,0x66,0x66,0x66,0x66,0x66,0x62,0x56,0x66,0x66,0x66,0x66,0x66,0x66,0x66,0x66,0x66,0x66,0x66,0x66,0x62,0x56,0x66,0x66,0x66,0x66,0x66,0x66,0x66,0x66,0x66,0x66,0x66,0x66,0x62,0x56,0x66,0x66,0x66,0x66,0x66,0x66,0x66,0x66,0x66,0x66,0x66,0x66,0x62,0x56,0x66,0x66,0x66,0x66,0x66,0x66,0x66,0x66,0x66,0x66,0x66,0x66,0x62,0x56,0x66,0x66,0x66,0x66,0x66,0x66,0x66,0x66,0x66,0x66,0x66,0x66,0x62,0x56,0x66,0x66,0x66,0x66,0x66,0x66,0x66,0x66,0x66,0x66,0x66,0x66,0x62,0x56,0x66,0x66,0x66,0x66,0x66,0x66,0x66,0x66,0x66,0x66,0x66,0x66,0x62,0x56,0x66,0x66,0x66,0x66,0x66,0x66,0x66,0x66,0x66,0x66,0x66,0x66,0x62,0x33,0x44,0x44,0x11,
	0x11,0x22,0x22,0x33,0x56,0x66,0x66,0x66,0x66,0x66,0x66,0x66,0x66,0x66,0x66,0x66,0x66,0x62,0x56,0x66,0x66,0x66,0x66,0x66,0x66,0x66,0x66,0x66,0x66,0x66,0x66,0x62,0x56,0x66,0x66,0x66,0x66,0x66,0x66,0x66,0x66,0x66,0x66,0x66,0x66,0x62,0x56,0x66,0x66,0x66,0x66,0x66,0x66,0x66,0x66,0x66,0x66,0x66,0x66,0x62,0x56,0x66,0x66,0x66,0x66,0x66,0x66,0x66,0x66,0x66,0x66,0x66,0x66,0x62,0x56,0x66,0x66,0x66,0x66,0x66,0x66,0x66,0x66,0x66,0x66,0x66,0x66,0x62,0x56,0x66,0x66,0x66,0x66,0x66,0x66,0x66,0x66,0x66,0x66,0x66,0x66,0x62,0x56,0x66,0x66,0x66,0x66,0x66,0x66,0x66,0x66,0x66,0x66,0x66,0x66,0x62,0x56,0x66,0x66,0x66,0x66,0x66,0x66,0x66,0x66,0x66,0x66,0x66,0x66,0x62,0x33,0x44,0x44,0x11,
	0x11,0x22,0x22,0x33,0x56,0x66,0x66,0x66,0x66,0x66,0x66,0x66,0x66,0x66,0x66,0x66,0x66,0x62,0x56,0x66,0x66,0x66,0x66,0x66,0x66,0x66,0x66,0x66,0x66,0x66,0x66,0x62,0x56,0x66,0x66,0x66,0x66,0x66,0x66,0x66,0x66,0x66,0x66,0x66,0x66,0x62,0x56,0x66,0x66,0x66,0x66,0x66,0x66,0x66,0x66,0x66,0x66,0x66,0x66,0x62,0x56,0x66,0x66,0x66,0x66,0x66,0x66,0x66,0x66,0x66,0x66,0x66,0x66,0x62,0x56,0x66,0x66,0x66,0x66,0x66,0x66,0x66,0x66,0x66,0x66,0x66,0x66,0x62,0x56,0x66,0x66,0x66,0x66,0x66,0x66,0x66,0x66,0x66,0x66,0x66,0x66,0x62,0x56,0x66,0x66,0x66,0x66,0x66,0x66,0x66,0x66,0x66,0x66,0x66,0x66,0x62,0x56,0x66,0x66,0x66,0x66,0x66,0x66,0x66,0x66,0x66,0x66,0x66,0x66,0x62,0x33,0x44,0x44,0x11,
	0x11,0x22,0x22,0x33,0x56,0x66,0x66,0x66,0x66,0x66,0x66,0x66,0x66,0x66,0x66,0x66,0x66,0x62,0x56,0x66,0x66,0x66,0x66,0x66,0x66,0x66,0x66,0x66,0x66,0x66,0x66,0x62,0x56,0x66,0x66,0x66,0x66,0x66,0x66,0x66,0x66,0x66,0x66,0x66,0x66,0x62,0x56,0x66,0x66,0x66,0x66,0x66,0x66,0x66,0x66,0x66,0x66,0x66,0x66,0x62,0x56,0x66,0x66,0x66,0x66,0x66,0x66,0x66,0x66,0x66,0x66,0x66,0x66,0x62,0x56,0x66,0x66,0x66,0x66,0x66,0x66,0x66,0x66,0x66,0x66,0x66,0x66,0x62,0x56,0x66,0x66,0x66,0x66,0x66,0x66,0x66,0x66,0x66,0x66,0x66,0x66,0x62,0x56,0x66,0x66,0x66,0x66,0x66,0x66,0x66,0x66,0x66,0x66,0x66,0x66,0x62,0x56,0x66,0x66,0x66,0x66,0x66,0x66,0x66,0x66,0x66,0x66,0x66,0x66,0x62,0x33,0x44,0x44,0x11,
	0x11,0x22,0x22,0x33,0x56,0x66,0x66,0x66,0x66,0x66,0x66,0x66,0x66,0x66,0x66,0x66,0x66,0x62,0x56,0x66,0x66,0x66,0x66,0x66,0x66,0x66,0x66,0x66,0x66,0x66,0x66,0x62,0x56,0x66,0x66,0x66,0x66,0x66,0x66,0x66,0x66,0x66,0x66,0x66,0x66,0x62,0x56,0x66,0x66,0x66,0x66,0x66,0x66,0x66,0x66,0x66,0x66,0x66,0x66,0x62,0x56,0x66,0x66,0x66,0x66,0x66,0x66,0x66,0x66,0x66,0x66,0x66,0x66,0x62,0x56,0x66,0x66,0x66,0x66,0x66,0x66,0x66,0x66,0x66,0x66,0x66,0x66,0x62,0x56,0x66,0x66,0x66,0x66,0x66,0x66,0x66,0x66,0x66,0x66,0x66,0x66,0x62,0x56,0x66,0x66,0x66,0x66,0x66,0x66,0x66,0x66,0x66,0x66,0x66,0x66,0x62,0x56,0x66,0x66,0x66,0x66,0x66,0x66,0x66,0x66,0x66,0x66,0x66,0x66,0x62,0x33,0x44,0x44,0x11,
	0x11,0x22,0x22,0x33,0x56,0x66,0x66,0x66,0x66,0x66,0x66,0x66,0x66,0x66,0x66,0x66,0x66,0x62,0x56,0x66,0x66,0x66,0x66,0x66,0x66,0x66,0x66,0x66,0x66,0x66,0x66,0x62,0x56,0x66,0x66,0x66,0x66,0x66,0x66,0x66,0x66,0x66,0x66,0x66,0x66,0x62,0x56,0x66,0x66,0x66,0x66,0x66,0x66,0x66,0x66,0x66,0x66,0x66,0x66,0x62,0x56,0x66,0x66,0x66,0x66,0x66,0x66,0x66,0x66,0x66,0x66,0x66,0x66,0x62,0x56,0x66,0x66,0x66,0x66,0x66,0x66,0x66,0x66,0x66,0x66,0x66,0x66,0x62,0x56,0x66,0x66,0x66,0x66,0x66,0x66,0x66,0x66,0x66,0x66,0x66,0x66,0x62,0x56,0x66,0x66,0x66,0x66,0x66,0x66,0x66,0x66,0x66,0x66,0x66,0x66,0x62,0x56,0x66,0x66,0x66,0x66,0x66,0x66,0x66,0x66,0x66,0x66,0x66,0x66,0x62,0x33,0x44,0x44,0x11,
	0x11,0x22,0x22,0x33,0x56,0x66,0x66,0x66,0x66,0x66,0x66,0x66,0x66,0x66,0x66,0x66,0x66,0x62,0x56,0x66,0x66,0x66,0x66,0x66,0x66,0x66,0x66,0x66,0x66,0x66,0x66,0x62,0x56,0x66,0x66,0x66,0x66,0x66,0x66,0x66,0x66,0x66,0x66,0x66,0x66,0x62,0x56,0x66,0x66,0x66,0x66,0x66,0x66,0x66,0x66,0x66,0x66,0x66,0x66,0x62,0x56,0x66,0x66,0x66,0x66,0x66,0x66,0x66,0x66,0x66,0x66,0x66,0x66,0x62,0x56,0x66,0x66,0x66,0x66,0x66,0x66,0x66,0x66,0x66,0x66,0x66,0x66,0x62,0x56,0x66,0x66,0x66,0x66,0x66,0x66,0x66,0x66,0x66,0x66,0x66,0x66,0x62,0x56,0x66,0x66,0x66,0x66,0x66,0x66,0x66,0x66,0x66,0x66,0x66,0x66,0x62,0x56,0x66,0x66,0x66,0x66,0x66,0x66,0x66,0x66,0x66,0x66,0x66,0x66,0x62,0x33,0x44,0x44,0x11,
	0x11,0x22,0x22,0x33,0x56,0x66,0x66,0x66,0x66,0x66,0x66,0x66,0x66,0x66,0x66,0x66,0x66,0x62,0x56,0x66,0x66,0x66,0x66,0x66,0x66,0x66,0x66,0x66,0x66,0x66,0x66,0x62,0x56,0x66,0x66,0x66,0x66,0x66,0x66,0x66,0x66,0x66,0x66,0x66,0x66,0x62,0x56,0x66,0x66,0x66,0x66,0x66,0x66,0x66,0x66,0x66,0x66,0x66,0x66,0x62,0x56,0x66,0x66,0x66,0x66,0x66,0x66,0x66,0x66,0x66,0x66,0x66,0x66,0x62,0x56,0x66,0x66,0x66,0x66,0x66,0x66,0x66,0x66,0x66,0x66,0x66,0x66,0x62,0x56,0x66,0x66,0x66,0x66,0x66,0x66,0x66,0x66,0x66,0x66,0x66,0x66,0x62,0x56,0x66,0x66,0x66,0x66,0x66,0x66,0x66,0x66,0x66,0x66,0x66,0x66,0x62,0x56,0x66,0x66,0x66,0x66,0x66,0x66,0x66,0x66,0x66,0x66,0x66,0x66,0x62,0x33,0x44,0x44,0x11,
	0x11,0x22,0x22,0x33,0x56,0x66,0x66,0x66,0x66,0x66,0x66,0x66,0x66,0x66,0x66,0x66,0x66,0x62,0x56,0x66,0x66,0x66,0x66,0x66,0x66,0x66,0x66,0x66,0x66,0x66,0x66,0x62,0x56,0x66,0x66,0x66,0x66,0x66,0x66,0x66,0x66,0x66,0x66,0x66,0x66,0x62,0x56,0x66,0x66,0x66,0x66,0x66,0x66,0x66,0x66,0x66,0x66,0x66,0x66,0x62,0x56,0x66,0x66,0x66,0x66,0x66,0x66,0x66,0x66,0x66,0x66,0x66,0x66,0x62,0x56,0x66,0x66,0x66,0x66,0x66,0x66,0x66,0x66,0x66,0x66,0x66,0x66,0x62,0x56,0x66,0x66,0x66,0x66,0x66,0x66,0x66,0x66,0x66,0x66,0x66,0x66,0x62,0x56,0x66,0x66,0x66,0x66,0x66,0x66,0x66,0x66,0x66,0x66,0x66,0x66,0x62,0x56,0x66,0x66,0x66,0x66,0x66,0x66,0x66,0x66,0x66,0x66,0x66,0x66,0x62,0x33,0x44,0x44,0x11,
	0x11,0x22,0x22,0x33,0x56,0x66,0x66,0x66,0x66,0x66,0x66,0x66,0x66,0x66,0x66,0x66,0x66,0x62,0x56,0x66,0x66,0x66,0x66,0x66,0x66,0x66,0x66,0x66,0x66,0x66,0x66,0x62,0x56,0x66,0x66,0x66,0x66,0x66,0x66,0x66,0x66,0x66,0x66,0x66,0x66,0x62,0x56,0x66,0x66,0x66,0x66,0x66,0x66,0x66,0x66,0x66,0x66,0x66,0x66,0x62,0x56,0x66,0x66,0x66,0x66,0x66,0x66,0x66,0x66,0x66,0x66,0x66,0x66,0x62,0x56,0x66,0x66,0x66,0x66,0x66,0x66,0x66,0x66,0x66,0x66,0x66,0x66,0x62,0x56,0x66,0x66,0x66,0x66,0x66,0x66,0x66,0x66,0x66,0x66,0x66,0x66,0x62,0x56,0x66,0x66,0x66,0x66,0x66,0x66,0x66,0x66,0x66,0x66,0x66,0x66,0x62,0x56,0x66,0x66,0x66,0x66,0x66,0x66,0x66,0x66,0x66,0x66,0x66,0x66,0x62,0x33,0x44,0x44,0x11,
	0x11,0x22,0x22,0x33,0x56,0x66,0x66,0x66,0x66,0x66,0x66,0x66,0x66,0x66,0x66,0x66,0x66,0x62,0x56,0x66,0x66,0x66,0x66,0x66,0x66,0x66,0x66,0x66,0x66,0x66,0x66,0x62,0x56,0x66,0x66,0x66,0x66,0x66,0x66,0x66,0x66,0x66,0x66,0x66,0x66,0x62,0x56,0x66,0x66,0x66,0x66,0x66,0x66,0x66,0x66,0x66,0x66,0x66,0x66,0x62,0x56,0x66,0x66,0x66,0x66,0x66,0x66,0x66,0x66,0x66,0x66,0x66,0x66,0x62,0x56,0x66,0x66,0x66,0x66,0x66,0x66,0x66,0x66,0x66,0x66,0x66,0x66,0x62,0x56,0x66,0x66,0x66,0x66,0x66,0x66,0x66,0x66,0x66,0x66,0x66,0x66,0x62,0x56,0x66,0x66,0x66,0x66,0x66,0x66,0x66,0x66,0x66,0x66,0x66,0x66,0x62,0x56,0x66,0x66,0x66,0x66,0x66,0x66,0x66,0x66,0x66,0x66,0x66,0x66,0x62,0x33,0x44,0x44,0x11,
	0x11,0x22,0x22,0x33,0x56,0x66,0x66,0x66,0x66,0x66,0x66,0x66,0x66,0x66,0x66,0x66,0x66,0x62,0x56,0x66,0x66,0x66,0x66,0x66,0x66,0x66,0x66,0x66,0x66,0x66,0x66,0x62,0x56,0x66,0x66,0x66,0x66,0x66,0x66,0x66,0x66,0x66,0x66,0x66,0x66,0x62,0x56,0x66,0x66,0x66,0x66,0x66,0x66,0x66,0x66,0x66,0x66,0x66,0x66,0x62,0x56,0x66,0x66,0x66,0x66,0x66,0x66,0x66,0x66,0x66,0x66,0x66,0x66,0x62,0x56,0x66,0x66,0x66,0x66,0x66,0x66,0x66,0x66,0x66,0x66,0x66,0x66,0x62,0x56,0x66,0x66,0x66,0x66,0x66,0x66,0x66,0x66,0x66,0x66,0x66,0x66,0x62,0x56,0x66,0x66,0x66,0x66,0x66,0x66,0x66,0x66,0x66,0x66,0x66,0x66,0x62,0x56,0x66,0x66,0x66,0x66,0x66,0x66,0x66,0x66,0x66,0x66,0x66,0x66,0x62,0x33,0x44,0x44,0x11,
	0x11,0x22,0x22,0x33,0x56,0x66,0x66,0x66,0x66,0x66,0x66,0x66,0x66,0x66,0x66,0x66,0x66,0x62,0x56,0x66,0x66,0x66,0x66,0x66,0x66,0x66,0x66,0x66,0x66,0x66,0x66,0x62,0x56,0x66,0x66,0x66,0x66,0x66,0x66,0x66,0x66,0x66,0x66,0x66,0x66,0x62,0x56,0x66,0x66,0x66,0x66,0x66,0x66,0x66,0x66,0x66,0x66,0x66,0x66,0x62,0x56,0x66,0x66,0x66,0x66,0x66,0x66,0x66,0x66,0x66,0x66,0x66,0x66,0x62,0x56,0x66,0x66,0x66,0x66,0x66,0x66,0x66,0x66,0x66,0x66,0x66,0x66,0x62,0x56,0x66,0x66,0x66,0x66,0x66,0x66,0x66,0x66,0x66,0x66,0x66,0x66,0x62,0x56,0x66,0x66,0x66,0x66,0x66,0x66,0x66,0x66,0x66,0x66,0x66,0x66,0x62,0x56,0x66,0x66,0x66,0x66,0x66,0x66,0x66,0x66,0x66,0x66,0x66,0x66,0x62,0x33,0x44,0x44,0x11,
	0x11,0x22,0x22,0x33,0x56,0x66,0x66,0x66,0x66,0x66,0x66,0x66,0x66,0x66,0x66,0x66,0x66,0x62,0x56,0x66,0x66,0x66,0x66,0x66,0x66,0x66,0x66,0x66,0x66,0x66,0x66,0x62,0x56,0x66,0x66,0x66,0x66,0x66,0x66,0x66,0x66,0x66,0x66,0x66,0x66,0x62,0x56,0x66,0x66,0x66,0x66,0x66,0x66,0x66,0x66,0x66,0x66,0x66,0x66,0x62,0x56,0x66,0x66,0x66,0x66,0x66,0x66,0x66,0x66,0x66,0x66,0x66,0x66,0x62,0x56,0x66,0x66,0x66,0x66,0x66,0x66,0x66,0x66,0x66,0x66,0x66,0x66,0x62,0x56,0x66,0x66,0x66,0x66,0x66,0x66,0x66,0x66,0x66,0x66,0x66,0x66,0x62,0x56,0x66,0x66,0x66,0x66,0x66,0x66,0x66,0x66,0x66,0x66,0x66,0x66,0x62,0x56,0x66,0x66,0x66,0x66,0x66,0x66,0x66,0x66,0x66,0x66,0x66,0x66,0x62,0x33,0x44,0x44,0x11,
	0x11,0x22,0x22,0x33,0x56,0x66,0x66,0x66,0x66,0x66,0x66,0x66,0x66,0x66,0x66,0x66,0x66,0x62,0x56,0x66,0x66,0x66,0x66,0x66,0x66,0x66,0x66,0x66,0x66,0x66,0x66,0x62,0x56,0x66,0x66,0x66,0x66,0x66,0x66,0x66,0x66,0x66,0x66,0x66,0x66,0x62,0x56,0x66,0x66,0x66,0x66,0x66,0x66,0x66,0x66,0x66,0x66,0x66,0x66,0x62,0x56,0x66,0x66,0x66,0x66,0x66,0x66,0x66,0x66,0x66,0x66,0x66,0x66,0x62,0x56,0x66,0x66,0x66,0x66,0x66,0x66,0x66,0x66,0x66,0x66,0x66,0x66,0x62,0x56,0x66,0x66,0x66,0x66,0x66,0x66,0x66,0x66,0x66,0x66,0x66,0x66,0x62,0x56,0x66,0x66,0x66,0x66,0x66,0x66,0x66,0x66,0x66,0x66,0x66,0x66,0x62,0x56,0x66,0x66,0x66,0x66,0x66,0x66,0x66,0x66,0x66,0x66,0x66,0x66,0x62,0x33,0x44,0x44,0x11,
	0x11,0x22,0x22,0x33,0x56,0x66,0x66,0x66,0x66,0x66,0x66,0x66,0x66,0x66,0x66,0x66,0x66,0x62,0x56,0x66,0x66,0x66,0x66,0x66,0x66,0x66,0x66,0x66,0x66,0x66,0x66,0x62,0x56,0x66,0x66,0x66,0x66,0x66,0x66,0x66,0x66,0x66,0x66,0x66,0x66,0x62,0x56,0x66,0x66,0x66,0x66,0x66,0x66,0x66,0x66,0x66,0x66,0x66,0x66,0x62,0x56,0x66,0x66,0x66,0x66,0x66,0x66,0x66,0x66,0x66,0x66,0x66,0x66,0x62,0x56,0x66,0x66,0x66,0x66,0x66,0x66,0x66,0x66,0x66,0x66,0x66,0x66,0x62,0x56,0x66,0x66,0x66,0x66,0x66,0x66,0x66,0x66,0x66,0x66,0x66,0x66,0x62,0x56,0x66,0x66,0x66,0x66,0x66,0x66,0x66,0x66,0x66,0x66,0x66,0x66,0x62,0x56,0x66,0x66,0x66,0x66,0x66,0x66,0x66,0x66,0x66,0x66,0x66,0x66,0x62,0x33,0x44,0x44,0x11,
	0x11,0x22,0x22,0x33,0x56,0x66,0x66,0x66,0x66,0x66,0x66,0x66,0x66,0x66,0x66,0x66,0x66,0x62,0x56,0x66,0x66,0x66,0x66,0x66,0x66,0x66,0x66,0x66,0x66,0x66,0x66,0x62,0x56,0x66,0x66,0x66,0x66,0x66,0x66,0x66,0x66,0x66,0x66,0x66,0x66,0x62,0x56,0x66,0x66,0x66,0x66,0x66,0x66,0x66,0x66,0x66,0x66,0x66,0x66,0x62,0x56,0x66,0x66,0x66,0x66,0x66,0x66,0x66,0x66,0x66,0x66,0x66,0x66,0x62,0x56,0x66,0x66,0x66,0x66,0x66,0x66,0x66,0x66,0x66,0x66,0x66,0x66,0x62,0x56,0x66,0x66,0x66,0x66,0x66,0x66,0x66,0x66,0x66,0x66,0x66,0x66,0x62,0x56,0x66,0x66,0x66,0x66,0x66,0x66,0x66,0x66,0x66,0x66,0x66,0x66,0x62,0x56,0x66,0x66,0x66,0x66,0x66,0x66,0x66,0x66,0x66,0x66,0x66,0x66,0x62,0x33,0x44,0x44,0x11,
	0x11,0x22,0x22,0x33,0x56,0x66,0x66,0x66,0x66,0x66,0x66,0x66,0x66,0x66,0x66,0x66,0x66,0x62,0x56,0x66,0x66,0x66,0x66,0x66,0x66,0x66,0x66,0x66,0x66,0x66,0x66,0x62,0x56,0x66,0x66,0x66,0x66,0x66,0x66,0x66,0x66,0x66,0x66,0x66,0x66,0x62,0x56,0x66,0x66,0x66,0x66,0x66,0x66,0x66,0x66,0x66,0x66,0x66,0x66,0x62,0x56,0x66,0x66,0x66,0x66,0x66,0x66,0x66,0x66,0x66,0x66,0x66,0x66,0x62,0x56,0x66,0x66,0x66,0x66,0x66,0x66,0x66,0x66,0x66,0x66,0x66,0x66,0x62,0x56,0x66,0x66,0x66,0x66,0x66,0x66,0x66,0x66,0x66,0x66,0x66,0x66,0x62,0x56,0x66,0x66,0x66,0x66,0x66,0x66,0x66,0x66,0x66,0x66,0x66,0x66,0x62,0x56,0x66,0x66,0x66,0x66,0x66,0x66,0x66,0x66,0x66,0x66,0x66,0x66,0x62,0x33,0x44,0x44,0x11,
	0x11,0x22,0x22,0x33,0x56,0x66,0x66,0x66,0x66,0x66,0x66,0x66,0x66,0x66,0x66,0x66,0x66,0x62,0x56,0x66,0x66,0x66,0x66,0x66,0x66,0x66,0x66,0x66,0x66,0x66,0x66,0x62,0x56,0x66,0x66,0x66,0x66,0x66,0x66,0x66,0x66,0x66,0x66,0x66,0x66,0x62,0x56,0x66,0x66,0x66,0x66,0x66,0x66,0x66,0x66,0x66,0x66,0x66,0x66,0x62,0x56,0x66,0x66,0x66,0x66,0x66,0x66,0x66,0x66,0x66,0x66,0x66,0x66,0x62,0x56,0x66,0x66,0x66,0x66,0x66,0x66,0x66,0x66,0x66,0x66,0x66,0x66,0x62,0x56,0x66,0x66,0x66,0x66,0x66,0x66,0x66,0x66,0x66,0x66,0x66,0x66,0x62,0x56,0x66,0x66,0x66,0x66,0x66,0x66,0x66,0x66,0x66,0x66,0x66,0x66,0x62,0x56,0x66,0x66,0x66,0x66,0x66,0x66,0x66,0x66,0x66,0x66,0x66,0x66,0x62,0x33,0x44,0x44,0x11,
	0x11,0x22,0x22,0x33,0x56,0x66,0x66,0x66,0x66,0x66,0x66,0x66,0x66,0x66,0x66,0x66,0x66,0x62,0x56,0x66,0x66,0x66,0x66,0x66,0x66,0x66,0x66,0x66,0x66,0x66,0x66,0x62,0x56,0x66,0x66,0x66,0x66,0x66,0x66,0x66,0x66,0x66,0x66,0x66,0x66,0x62,0x56,0x66,0x66,0x66,0x66,0x66,0x66,0x66,0x66,0x66,0x66,0x66,0x66,0x62,0x56,0x66,0x66,0x66,0x66,0x66,0x66,0x66,0x66,0x66,0x66,0x66,0x66,0x62,0x56,0x66,0x66,0x66,0x66,0x66,0x66,0x66,0x66,0x66,0x66,0x66,0x66,0x62,0x56,0x66,0x66,0x66,0x66,0x66,0x66,0x66,0x66,0x66,0x66,0x66,0x66,0x62,0x56,0x66,0x66,0x66,0x66,0x66,0x66,0x66,0x66,0x66,0x66,0x66,0x66,0x62,0x56,0x66,0x66,0x66,0x66,0x66,0x66,0x66,0x66,0x66,0x66,0x66,0x66,0x62,0x33,0x44,0x44,0x11,
	0x11,0x22,0x22,0x33,0x56,0x66,0x66,0x66,0x66,0x66,0x66,0x66,0x66,0x66,0x66,0x66,0x66,0x62,0x56,0x66,0x66,0x66,0x66,0x66,0x66,0x66,0x66,0x66,0x66,0x66,0x66,0x62,0x56,0x66,0x66,0x66,0x66,0x66,0x66,0x66,0x66,0x66,0x66,0x66,0x66,0x62,0x56,0x66,0x66,0x66,0x66,0x66,0x66,0x66,0x66,0x66,0x66,0x66,0x66,0x62,0x56,0x66,0x66,0x66,0x66,0x66,0x66,0x66,0x66,0x66,0x66,0x66,0x66,0x62,0x56,0x66,0x66,0x66,0x66,0x66,0x66,0x66,0x66,0x66,0x66,0x66,0x66,0x62,0x56,0x66,0x66,0x66,0x66,0x66,0x66,0x66,0x66,0x66,0x66,0x66,0x66,0x62,0x56,0x66,0x66,0x66,0x66,0x66,0x66,0x66,0x66,0x66,0x66,0x66,0x66,0x62,0x56,0x66,0x66,0x66,0x66,0x66,0x66,0x66,0x66,0x66,0x66,0x66,0x66,0x62,0x33,0x44,0x44,0x11,
	0x11,0x22,0x22,0x33,0x56,0x66,0x66,0x66,0x66,0x66,0x66,0x66,0x66,0x66,0x66,0x66,0x66,0x62,0x56,0x66,0x66,0x66,0x66,0x66,0x66,0x66,0x66,0x66,0x66,0x66,0x66,0x62,0x56,0x66,0x66,0x66,0x66,0x66,0x66,0x66,0x66,0x66,0x66,0x66,0x66,0x62,0x56,0x66,0x66,0x66,0x66,0x66,0x66,0x66,0x66,0x66,0x66,0x66,0x66,0x62,0x56,0x66,0x66,0x66,0x66,0x66,0x66,0x66,0x66,0x66,0x66,0x66,0x66,0x62,0x56,0x66,0x66,0x66,0x66,0x66,0x66,0x66,0x66,0x66,0x66,0x66,0x66,0x62,0x56,0x66,0x66,0x66,0x66,0x66,0x66,0x66,0x66,0x66,0x66,0x66,0x66,0x62,0x56,0x66,0x66,0x66,0x66,0x66,0x66,0x66,0x66,0x66,0x66,0x66,0x66,0x62,0x56,0x66,0x66,0x66,0x66,0x66,0x66,0x66,0x66,0x66,0x66,0x66,0x66,0x62,0x33,0x44,0x44,0x11,
	0x11,0x22,0x22,0x33,0x56,0x66,0x66,0x66,0x66,0x66,0x66,0x66,0x66,0x66,0x66,0x66,0x66,0x62,0x56,0x66,0x66,0x66,0x66,0x66,0x66,0x66,0x66,0x66,0x66,0x66,0x66,0x62,0x56,0x66,0x66,0x66,0x66,0x66,0x66,0x66,0x66,0x66,0x66,0x66,0x66,0x62,0x56,0x66,0x66,0x66,0x66,0x66,0x66,0x66,0x66,0x66,0x66,0x66,0x66,0x62,0x56,0x66,0x66,0x66,0x66,0x66,0x66,0x66,0x66,0x66,0x66,0x66,0x66,0x62,0x56,0x66,0x66,0x66,0x66,0x66,0x66,0x66,0x66,0x66,0x66,0x66,0x66,0x62,0x56,0x66,0x66,0x66,0x66,0x66,0x66,0x66,0x66,0x66,0x66,0x66,0x66,0x62,0x56,0x66,0x66,0x66,0x66,0x66,0x66,0x66,0x66,0x66,0x66,0x66,0x66,0x62,0x56,0x66,0x66,0x66,0x66,0x66,0x66,0x66,0x66,0x66,0x66,0x66,0x66,0x62,0x33,0x44,0x44,0x11,
	0x11,0x22,0x22,0x33,0x56,0x66,0x66,0x66,0x66,0x66,0x66,0x66,0x66,0x66,0x66,0x66,0x66,0x62,0x56,0x66,0x66,0x66,0x66,0x66,0x66,0x66,0x66,0x66,0x66,0x66,0x66,0x62,0x56,0x66,0x66,0x66,0x66,0x66,0x66,0x66,0x66,0x66,0x66,0x66,0x66,0x62,0x56,0x66,0x66,0x66,0x66,0x66,0x66,0x66,0x66,0x66,0x66,0x66,0x66,0x62,0x56,0x66,0x66,0x66,0x66,0x66,0x66,0x66,0x66,0x66,0x66,0x66,0x66,0x62,0x56,0x66,0x66,0x66,0x66,0x66,0x66,0x66,0x66,0x66,0x66,0x66,0x66,0x62,0x56,0x66,0x66,0x66,0x66,0x66,0x66,0x66,0x66,0x66,0x66,0x66,0x66,0x62,0x56,0x66,0x66,0x66,0x66,0x66,0x66,0x66,0x66,0x66,0x66,0x66,0x66,0x62,0x56,0x66,0x66,0x66,0x66,0x66,0x66,0x66,0x66,0x66,0x66,0x66,0x66,0x62,0x33,0x44,0x44,0x11,
	0x11,0x22,0x22,0x33,0x62,0x22,0x22,0x22,0x22,0x22,0x22,0x22,0x22,0x22,0x22,0x22,0x22,0x22,0x62,0x22,0x22,0x22,0x22,0x22,0x22,0x22,0x22,0x22,0x22,0x22,0x22,0x22,0x62,0x22,0x22,0x22,0x22,0x22,0x22,0x22,0x22,0x22,0x22,0x22,0x22,0x22,0x62,0x22,0x22,0x22,0x22,0x22,0x22,0x22,0x22,0x22,0x22,0x22,0x22,0x22,0x62,0x22,0x22,0x22,0x22,0x22,0x22,0x22,0x22,0x22,0x22,0x22,0x22,0x22,0x62,0x22,0x22,0x22,0x22,0x22,0x22,0x22,0x22,0x22,0x22,0x22,0x22,0x22,0x62,0x22,0x22,0x22,0x22,0x22,0x22,0x22,0x22,0x22,0x22,0x22,0x22,0x22,0x62,0x22,0x22,0x22,0x22,0x22,0x22,0x22,0x22,0x22,0x22,0x22,0x22,0x22,0x62,0x22,0x22,0x22,0x22,0x22,0x22,0x22,0x22,0x22,0x22,0x22,0x22,0x22,0x33,0x44,0x44,0x11,
	0x11,0x22,0x22,0x33,0x55,0x55,0x55,0x55,0x55,0x55,0x55,0x55,0x55,0x55,0x55,0x55,0x55,0x56,0x55,0x55,0x55,0x55,0x55,0x55,0x55,0x55,0x55,0x55,0x55,0x55,0x55,0x56,0x55,0x55,0x55,0x55,0x55,0x55,0x55,0x55,0x55,0x55,0x55,0x55,0x55,0x56,0x55,0x55,0x55,0x55,0x55,0x55,0x55,0x55,0x55,0x55,0x55,0x55,0x55,0x56,0x55,0x55,0x55,0x55,0x55,0x55,0x55,0x55,0x55,0x55,0x55,0x55,0x55,0x56,0x55,0x55,0x55,0x55,0x55,0x55,0x55,0x55,0x55,0x55,0x55,0x55,0x55,0x56,0x55,0x55,0x55,0x55,0x55,0x55,0x55,0x55,0x55,0x55,0x55,0x55,0x55,0x56,0x55,0x55,0x55,0x55,0x55,0x55,0x55,0x55,0x55,0x55,0x55,0x55,0x55,0x56,0x55,0x55,0x55,0x55,0x55,0x55,0x55,0x55,0x55,0x55,0x55,0x55,0x55,0x56,0x33,0x44,0x44,0x11,
	0x11,0x22,0x22,0x33,0x56,0x66,0x66,0x66,0x66,0x66,0x66,0x66,0x66,0x66,0x66,0x66,0x66,0x62,0x56,0x66,0x66,0x66,0x66,0x66,0x66,0x66,0x66,0x66,0x66,0x66,0x66,0x62,0x56,0x66,0x66,0x66,0x66,0x66,0x66,0x66,0x66,0x66,0x66,0x66,0x66,0x62,0x56,0x66,0x66,0x66,0x66,0x66,0x66,0x66,0x66,0x66,0x66,0x66,0x66,0x62,0x56,0x66,0x66,0x66,0x66,0x66,0x66,0x66,0x66,0x66,0x66,0x66,0x66,0x62,0x56,0x66,0x66,0x66,0x66,0x66,0x66,0x66,0x66,0x66,0x66,0x66,0x66,0x62,0x56,0x66,0x66,0x66,0x66,0x66,0x66,0x66,0x66,0x66,0x66,0x66,0x66,0x62,0x56,0x66,0x66,0x66,0x66,0x66,0x66,0x66,0x66,0x66,0x66,0x66,0x66,0x62,0x56,0x66,0x66,0x66,0x66,0x66,0x66,0x66,0x66,0x66,0x66,0x66,0x66,0x62,0x33,0x44,0x44,0x11,
	0x11,0x22,0x22,0x33,0x56,0x66,0x66,0x66,0x66,0x66,0x66,0x66,0x66,0x66,0x66,0x66,0x66,0x62,0x56,0x66,0x66,0x66,0x66,0x66,0x66,0x66,0x66,0x66,0x66,0x66,0x66,0x62,0x56,0x66,0x66,0x66,0x66,0x66,0x66,0x66,0x66,0x66,0x66,0x66,0x66,0x62,0x56,0x66,0x66,0x66,0x66,0x66,0x66,0x66,0x66,0x66,0x66,0x66,0x66,0x62,0x56,0x66,0x66,0x66,0x66,0x66,0x66,0x66,0x66,0x66,0x66,0x66,0x66,0x62,0x56,0x66,0x66,0x66,0x66,0x66,0x66,0x66,0x66,0x66,0x66,0x66,0x66,0x62,0x56,0x66,0x66,0x66,0x66,0x66,0x66,0x66,0x66,0x66,0x66,0x66,0x66,0x62,0x56,0x66,0x66,0x66,0x66,0x66,0x66,0x66,0x66,0x66,0x66,0x66,0x66,0x62,0x56,0x66,0x66,0x66,0x66,0x66,0x66,0x66,0x66,0x66,0x66,0x66,0x66,0x62,0x33,0x44,0x44,0x11,
	0x11,0x22,0x22,0x33,0x56,0x66,0x66,0x66,0x66,0x66,0x66,0x66,0x66,0x66,0x66,0x66,0x66,0x62,0x56,0x66,0x66,0x66,0x66,0x66,0x66,0x66,0x66,0x66,0x66,0x66,0x66,0x62,0x56,0x66,0x66,0x66,0x66,0x66,0x66,0x66,0x66,0x66,0x66,0x66,0x66,0x62,0x56,0x66,0x66,0x66,0x66,0x66,0x66,0x66,0x66,0x66,0x66,0x66,0x66,0x62,0x56,0x66,0x66,0x66,0x66,0x66,0x66,0x66,0x66,0x66,0x66,0x66,0x66,0x62,0x56,0x66,0x66,0x66,0x66,0x66,0x66,0x66,0x66,0x66,0x66,0x66,0x66,0x62,0x56,0x66,0x66,0x66,0x66,0x66,0x66,0x66,0x66,0x66,0x66,0x66,0x66,0x62,0x56,0x66,0x66,0x66,0x66,0x66,0x66,0x66,0x66,0x66,0x66,0x66,0x66,0x62,0x56,0x66,0x66,0x66,0x66,0x66,0x66,0x66,0x66,0x66,0x66,0x66,0x66,0x62,0x33,0x44,0x44,0x11,
	0x11,0x22,0x22,0x33,0x56,0x66,0x66,0x66,0x66,0x66,0x66,0x66,0x66,0x66,0x66,0x66,0x66,0x62,0x56,0x66,0x66,0x66,0x66,0x66,0x66,0x66,0x66,0x66,0x66,0x66,0x66,0x62,0x56,0x66,0x66,0x66,0x66,0x66,0x66,0x66,0x66,0x66,0x66,0x66,0x66,0x62,0x56,0x66,0x66,0x66,0x66,0x66,0x66,0x66,0x66,0x66,0x66,0x66,0x66,0x62,0x56,0x66,0x66,0x66,0x66,0x66,0x66,0x66,0x66,0x66,0x66,0x66,0x66,0x62,0x56,0x66,0x66,0x66,0x66,0x66,0x66,0x66,0x66,0x66,0x66,0x66,0x66,0x62,0x56,0x66,0x66,0x66,0x66,0x66,0x66,0x66,0x66,0x66,0x66,0x66,0x66,0x62,0x56,0x66,0x66,0x66,0x66,0x66,0x66,0x66,0x66,0x66,0x66,0x66,0x66,0x62,0x56,0x66,0x66,0x66,0x66,0x66,0x66,0x66,0x66,0x66,0x66,0x66,0x66,0x62,0x33,0x44,0x44,0x11,
	0x11,0x22,0x22,0x33,0x56,0x66,0x66,0x66,0x66,0x66,0x66,0x66,0x66,0x66,0x66,0x66,0x66,0x62,0x56,0x66,0x66,0x66,0x66,0x66,0x66,0x66,0x66,0x66,0x66,0x66,0x66,0x62,0x56,0x66,0x66,0x66,0x66,0x66,0x66,0x66,0x66,0x66,0x66,0x66,0x66,0x62,0x56,0x66,0x66,0x66,0x66,0x66,0x66,0x66,0x66,0x66,0x66,0x66,0x66,0x62,0x56,0x66,0x66,0x66,0x66,0x66,0x66,0x66,0x66,0x66,0x66,0x66,0x66,0x62,0x56,0x66,0x66,0x66,0x66,0x66,0x66,0x66,0x66,0x66,0x66,0x66,0x66,0x62,0x56,0x66,0x66,0x66,0x66,0x66,0x66,0x66,0x66,0x66,0x66,0x66,0x66,0x62,0x56,0x66,0x66,0x66,0x66,0x66,0x66,0x66,0x66,0x66,0x66,0x66,0x66,0x62,0x56,0x66,0x66,0x66,0x66,0x66,0x66,0x66,0x66,0x66,0x66,0x66,0x66,0x62,0x33,0x44,0x44,0x11,
	0x11,0x22,0x22,0x33,0x56,0x66,0x66,0x66,0x66,0x66,0x66,0x66,0x66,0x66,0x66,0x66,0x66,0x62,0x56,0x66,0x66,0x66,0x66,0x66,0x66,0x66,0x66,0x66,0x66,0x66,0x66,0x62,0x56,0x66,0x66,0x66,0x66,0x66,0x66,0x66,0x66,0x66,0x66,0x66,0x66,0x62,0x56,0x66,0x66,0x66,0x66,0x66,0x66,0x66,0x66,0x66,0x66,0x66,0x66,0x62,0x56,0x66,0x66,0x66,0x66,0x66,0x66,0x66,0x66,0x66,0x66,0x66,0x66,0x62,0x56,0x66,0x66,0x66,0x66,0x66,0x66,0x66,0x66,0x66,0x66,0x66,0x66,0x62,0x56,0x66,0x66,0x66,0x66,0x66,0x66,0x66,0x66,0x66,0x66,0x66,0x66,0x62,0x56,0x66,0x66,0x66,0x66,0x66,0x66,0x66,0x66,0x66,0x66,0x66,0x66,0x62,0x56,0x66,0x66,0x66,0x66,0x66,0x66,0x66,0x66,0x66,0x66,0x66,0x66,0x62,0x33,0x44,0x44,0x11,
	0x11,0x22,0x22,0x33,0x56,0x66,0x66,0x66,0x66,0x66,0x66,0x66,0x66,0x66,0x66,0x66,0x66,0x62,0x56,0x66,0x66,0x66,0x66,0x66,0x66,0x66,0x66,0x66,0x66,0x66,0x66,0x62,0x56,0x66,0x66,0x66,0x66,0x66,0x66,0x66,0x66,0x66,0x66,0x66,0x66,0x62,0x56,0x66,0x66,0x66,0x66,0x66,0x66,0x66,0x66,0x66,0x66,0x66,0x66,0x62,0x56,0x66,0x66,0x66,0x66,0x66,0x66,0x66,0x66,0x66,0x66,0x66,0x66,0x62,0x56,0x66,0x66,0x66,0x66,0x66,0x66,0x66,0x66,0x66,0x66,0x66,0x66,0x62,0x56,0x66,0x66,0x66,0x66,0x66,0x66,0x66,0x66,0x66,0x66,0x66,0x66,0x62,0x56,0x66,0x66,0x66,0x66,0x66,0x66,0x66,0x66,0x66,0x66,0x66,0x66,0x62,0x56,0x66,0x66,0x66,0x66,0x66,0x66,0x66,0x66,0x66,0x66,0x66,0x66,0x62,0x33,0x44,0x44,0x11,
	0x11,0x22,0x22,0x33,0x56,0x66,0x66,0x66,0x66,0x66,0x66,0x66,0x66,0x66,0x66,0x66,0x66,0x62,0x56,0x66,0x66,0x66,0x66,0x66,0x66,0x66,0x66,0x66,0x66,0x66,0x66,0x62,0x56,0x66,0x66,0x66,0x66,0x66,0x66,0x66,0x66,0x66,0x66,0x66,0x66,0x62,0x56,0x66,0x66,0x66,0x66,0x66,0x66,0x66,0x66,0x66,0x66,0x66,0x66,0x62,0x56,0x66,0x66,0x66,0x66,0x66,0x66,0x66,0x66,0x66,0x66,0x66,0x66,0x62,0x56,0x66,0x66,0x66,0x66,0x66,0x66,0x66,0x66,0x66,0x66,0x66,0x66,0x62,0x56,0x66,0x66,0x66,0x66,0x66,0x66,0x66,0x66,0x66,0x66,0x66,0x66,0x62,0x56,0x66,0x66,0x66,0x66,0x66,0x66,0x66,0x66,0x66,0x66,0x66,0x66,0x62,0x56,0x66,0x66,0x66,0x66,0x66,0x66,0x66,0x66,0x66,0x66,0x66,0x66,0x62,0x33,0x44,0x44,0x11,
	0x11,0x22,0x22,0x33,0x56,0x66,0x66,0x66,0x66,0x66,0x66,0x66,0x66,0x66,0x66,0x66,0x66,0x62,0x56,0x66,0x66,0x66,0x66,0x66,0x66,0x66,0x66,0x66,0x66,0x66,0x66,0x62,0x56,0x66,0x66,0x66,0x66,0x66,0x66,0x66,0x66,0x66,0x66,0x66,0x66,0x62,0x56,0x66,0x66,0x66,0x66,0x66,0x66,0x66,0x66,0x66,0x66,0x66,0x66,0x62,0x56,0x66,0x66,0x66,0x66,0x66,0x66,0x66,0x66,0x66,0x66,0x66,0x66,0x62,0x56,0x66,0x66,0x66,0x66,0x66,0x66,0x66,0x66,0x66,0x66,0x66,0x66,0x62,0x56,0x66,0x66,0x66,0x66,0x66,0x66,0x66,0x66,0x66,0x66,0x66,0x66,0x62,0x56,0x66,0x66,0x66,0x66,0x66,0x66,0x66,0x66,0x66,0x66,0x66,0x66,0x62,0x56,0x66,0x66,0x66,0x66,0x66,0x66,0x66,0x66,0x66,0x66,0x66,0x66,0x62,0x33,0x44,0x44,0x11,
	0x11,0x22,0x22,0x33,0x56,0x66,0x66,0x66,0x66,0x66,0x66,0x66,0x66,0x66,0x66,0x66,0x66,0x62,0x56,0x66,0x66,0x66,0x66,0x66,0x66,0x66,0x66,0x66,0x66,0x66,0x66,0x62,0x56,0x66,0x66,0x66,0x66,0x66,0x66,0x66,0x66,0x66,0x66,0x66,0x66,0x62,0x56,0x66,0x66,0x66,0x66,0x66,0x66,0x66,0x66,0x66,0x66,0x66,0x66,0x62,0x56,0x66,0x66,0x66,0x66,0x66,0x66,0x66,0x66,0x66,0x66,0x66,0x66,0x62,0x56,0x66,0x66,0x66,0x66,0x66,0x66,0x66,0x66,0x66,0x66,0x66,0x66,0x62,0x56,0x66,0x66,0x66,0x66,0x66,0x66,0x66,0x66,0x66,0x66,0x66,0x66,0x62,0x56,0x66,0x66,0x66,0x66,0x66,0x66,0x66,0x66,0x66,0x66,0x66,0x66,0x62,0x56,0x66,0x66,0x66,0x66,0x66,0x66,0x66,0x66,0x66,0x66,0x66,0x66,0x62,0x33,0x44,0x44,0x11,
	0x11,0x22,0x22,0x33,0x56,0x66,0x66,0x66,0x66,0x66,0x66,0x66,0x66,0x66,0x66,0x66,0x66,0x62,0x56,0x66,0x66,0x66,0x66,0x66,0x66,0x66,0x66,0x66,0x66,0x66,0x66,0x62,0x56,0x66,0x66,0x66,0x66,0x66,0x66,0x66,0x66,0x66,0x66,0x66,0x66,0x62,0x56,0x66,0x66,0x66,0x66,0x66,0x66,0x66,0x66,0x66,0x66,0x66,0x66,0x62,0x56,0x66,0x66,0x66,0x66,0x66,0x66,0x66,0x66,0x66,0x66,0x66,0x66,0x62,0x56,0x66,0x66,0x66,0x66,0x66,0x66,0x66,0x66,0x66,0x66,0x66,0x66,0x62,0x56,0x66,0x66,0x66,0x66,0x66,0x66,0x66,0x66,0x66,0x66,0x66,0x66,0x62,0x56,0x66,0x66,0x66,0x66,0x66,0x66,0x66,0x66,0x66,0x66,0x66,0x66,0x62,0x56,0x66,0x66,0x66,0x66,0x66,0x66,0x66,0x66,0x66,0x66,0x66,0x66,0x62,0x33,0x44,0x44,0x11,
	0x11,0x22,0x22,0x33,0x56,0x66,0x66,0x66,0x66,0x66,0x66,0x66,0x66,0x66,0x66,0x66,0x66,0x62,0x56,0x66,0x66,0x66,0x66,0x66,0x66,0x66,0x66,0x66,0x66,0x66,0x66,0x62,0x56,0x66,0x66,0x66,0x66,0x66,0x66,0x66,0x66,0x66,0x66,0x66,0x66,0x62,0x56,0x66,0x66,0x66,0x66,0x66,0x66,0x66,0x66,0x66,0x66,0x66,0x66,0x62,0x56,0x66,0x66,0x66,0x66,0x66,0x66,0x66,0x66,0x66,0x66,0x66,0x66,0x62,0x56,0x66,0x66,0x66,0x66,0x66,0x66,0x66,0x66,0x66,0x66,0x66,0x66,0x62,0x56,0x66,0x66,0x66,0x66,0x66,0x66,0x66,0x66,0x66,0x66,0x66,0x66,0x62,0x56,0x66,0x66,0x66,0x66,0x66,0x66,0x66,0x66,0x66,0x66,0x66,0x66,0x62,0x56,0x66,0x66,0x66,0x66,0x66,0x66,0x66,0x66,0x66,0x66,0x66,0x66,0x62,0x33,0x44,0x44,0x11,
	0x11,0x22,0x22,0x33,0x56,0x66,0x66,0x66,0x66,0x66,0x66,0x66,0x66,0x66,0x66,0x66,0x66,0x62,0x56,0x66,0x66,0x66,0x66,0x66,0x66,0x66,0x66,0x66,0x66,0x66,0x66,0x62,0x56,0x66,0x66,0x66,0x66,0x66,0x66,0x66,0x66,0x66,0x66,0x66,0x66,0x62,0x56,0x66,0x66,0x66,0x66,0x66,0x66,0x66,0x66,0x66,0x66,0x66,0x66,0x62,0x56,0x66,0x66,0x66,0x66,0x66,0x66,0x66,0x66,0x66,0x66,0x66,0x66,0x62,0x56,0x66,0x66,0x66,0x66,0x66,0x66,0x66,0x66,0x66,0x66,0x66,0x66,0x62,0x56,0x66,0x66,0x66,0x66,0x66,0x66,0x66,0x66,0x66,0x66,0x66,0x66,0x62,0x56,0x66,0x66,0x66,0x66,0x66,0x66,0x66,0x66,0x66,0x66,0x66,0x66,0x62,0x56,0x66,0x66,0x66,0x66,0x66,0x66,0x66,0x66,0x66,0x66,0x66,0x66,0x62,0x33,0x44,0x44,0x11,
	0x11,0x22,0x22,0x33,0x56,0x66,0x66,0x66,0x66,0x66,0x66,0x66,0x66,0x66,0x66,0x66,0x66,0x62,0x56,0x66,0x66,0x66,0x66,0x66,0x66,0x66,0x66,0x66,0x66,0x66,0x66,0x62,0x56,0x66,0x66,0x66,0x66,0x66,0x66,0x66,0x66,0x66,0x66,0x66,0x66,0x62,0x56,0x66,0x66,0x66,0x66,0x66,0x66,0x66,0x66,0x66,0x66,0x66,0x66,0x62,0x56,0x66,0x66,0x66,0x66,0x66,0x66,0x66,0x66,0x66,0x66,0x66,0x66,0x62,0x56,0x66,0x66,0x66,0x66,0x66,0x66,0x66,0x66,0x66,0x66,0x66,0x66,0x62,0x56,0x66,0x66,0x66,0x66,0x66,0x66,0x66,0x66,0x66,0x66,0x66,0x66,0x62,0x56,0x66,0x66,0x66,0x66,0x66,0x66,0x66,0x66,0x66,0x66,0x66,0x66,0x62,0x56,0x66,0x66,0x66,0x66,0x66,0x66,0x66,0x66,0x66,0x66,0x66,0x66,0x62,0x33,0x44,0x44,0x11,
	0x11,0x22,0x22,0x33,0x56,0x66,0x66,0x66,0x66,0x66,0x66,0x66,0x66,0x66,0x66,0x66,0x66,0x62,0x56,0x66,0x66,0x66,0x66,0x66,0x66,0x66,0x66,0x66,0x66,0x66,0x66,0x62,0x56,0x66,0x66,0x66,0x66,0x66,0x66,0x66,0x66,0x66,0x66,0x66,0x66,0x62,0x56,0x66,0x66,0x66,0x66,0x66,0x66,0x66,0x66,0x66,0x66,0x66,0x66,0x62,0x56,0x66,0x66,0x66,0x66,0x66,0x66,0x66,0x66,0x66,0x66,0x66,0x66,0x62,0x56,0x66,0x66,0x66,0x66,0x66,0x66,0x66,0x66,0x66,0x66,0x66,0x66,0x62,0x56,0x66,0x66,0x66,0x66,0x66,0x66,0x66,0x66,0x66,0x66,0x66,0x66,0x62,0x56,0x66,0x66,0x66,0x66,0x66,0x66,0x66,0x66,0x66,0x66,0x66,0x66,0x62,0x56,0x66,0x66,0x66,0x66,0x66,0x66,0x66,0x66,0x66,0x66,0x66,0x66,0x62,0x33,0x44,0x44,0x11,
	0x11,0x22,0x22,0x33,0x56,0x66,0x66,0x66,0x66,0x66,0x66,0x66,0x66,0x66,0x66,0x66,0x66,0x62,0x56,0x66,0x66,0x66,0x66,0x66,0x66,0x66,0x66,0x66,0x66,0x66,0x66,0x62,0x56,0x66,0x66,0x66,0x66,0x66,0x66,0x66,0x66,0x66,0x66,0x66,0x66,0x62,0x56,0x66,0x66,0x66,0x66,0x66,0x66,0x66,0x66,0x66,0x66,0x66,0x66,0x62,0x56,0x66,0x66,0x66,0x66,0x66,0x66,0x66,0x66,0x66,0x66,0x66,0x66,0x62,0x56,0x66,0x66,0x66,0x66,0x66,0x66,0x66,0x66,0x66,0x66,0x66,0x66,0x62,0x56,0x66,0x66,0x66,0x66,0x66,0x66,0x66,0x66,0x66,0x66,0x66,0x66,0x62,0x56,0x66,0x66,0x66,0x66,0x66,0x66,0x66,0x66,0x66,0x66,0x66,0x66,0x62,0x56,0x66,0x66,0x66,0x66,0x66,0x66,0x66,0x66,0x66,0x66,0x66,0x66,0x62,0x33,0x44,0x44,0x11,
	0x11,0x22,0x22,0x33,0x56,0x66,0x66,0x66,0x66,0x66,0x66,0x66,0x66,0x66,0x66,0x66,0x66,0x62,0x56,0x66,0x66,0x66,0x66,0x66,0x66,0x66,0x66,0x66,0x66,0x66,0x66,0x62,0x56,0x66,0x66,0x66,0x66,0x66,0x66,0x66,0x66,0x66,0x66,0x66,0x66,0x62,0x56,0x66,0x66,0x66,0x66,0x66,0x66,0x66,0x66,0x66,0x66,0x66,0x66,0x62,0x56,0x66,0x66,0x66,0x66,0x66,0x66,0x66,0x66,0x66,0x66,0x66,0x66,0x62,0x56,0x66,0x66,0x66,0x66,0x66,0x66,0x66,0x66,0x66,0x66,0x66,0x66,0x62,0x56,0x66,0x66,0x66,0x66,0x66,0x66,0x66,0x66,0x66,0x66,0x66,0x66,0x62,0x56,0x66,0x66,0x66,0x66,0x66,0x66,0x66,0x66,0x66,0x66,0x66,0x66,0x62,0x56,0x66,0x66,0x66,0x66,0x66,0x66,0x66,0x66,0x66,0x66,0x66,0x66,0x62,0x33,0x44,0x44,0x11,
	0x11,0x22,0x22,0x33,0x56,0x66,0x66,0x66,0x66,0x66,0x66,0x66,0x66,0x66,0x66,0x66,0x66,0x62,0x56,0x66,0x66,0x66,0x66,0x66,0x66,0x66,0x66,0x66,0x66,0x66,0x66,0x62,0x56,0x66,0x66,0x66,0x66,0x66,0x66,0x66,0x66,0x66,0x66,0x66,0x66,0x62,0x56,0x66,0x66,0x66,0x66,0x66,0x66,0x66,0x66,0x66,0x66,0x66,0x66,0x62,0x56,0x66,0x66,0x66,0x66,0x66,0x66,0x66,0x66,0x66,0x66,0x66,0x66,0x62,0x56,0x66,0x66,0x66,0x66,0x66,0x66,0x66,0x66,0x66,0x66,0x66,0x66,0x62,0x56,0x66,0x66,0x66,0x66,0x66,0x66,0x66,0x66,0x66,0x66,0x66,0x66,0x62,0x56,0x66,0x66,0x66,0x66,0x66,0x66,0x66,0x66,0x66,0x66,0x66,0x66,0x62,0x56,0x66,0x66,0x66,0x66,0x66,0x66,0x66,0x66,0x66,0x66,0x66,0x66,0x62,0x33,0x44,0x44,0x11,
	0x11,0x22,0x22,0x33,0x56,0x66,0x66,0x66,0x66,0x66,0x66,0x66,0x66,0x66,0x66,0x66,0x66,0x62,0x56,0x66,0x66,0x66,0x66,0x66,0x66,0x66,0x66,0x66,0x66,0x66,0x66,0x62,0x56,0x66,0x66,0x66,0x66,0x66,0x66,0x66,0x66,0x66,0x66,0x66,0x66,0x62,0x56,0x66,0x66,0x66,0x66,0x66,0x66,0x66,0x66,0x66,0x66,0x66,0x66,0x62,0x56,0x66,0x66,0x66,0x66,0x66,0x66,0x66,0x66,0x66,0x66,0x66,0x66,0x62,0x56,0x66,0x66,0x66,0x66,0x66,0x66,0x66,0x66,0x66,0x66,0x66,0x66,0x62,0x56,0x66,0x66,0x66,0x66,0x66,0x66,0x66,0x66,0x66,0x66,0x66,0x66,0x62,0x56,0x66,0x66,0x66,0x66,0x66,0x66,0x66,0x66,0x66,0x66,0x66,0x66,0x62,0x56,0x66,0x66,0x66,0x66,0x66,0x66,0x66,0x66,0x66,0x66,0x66,0x66,0x62,0x33,0x44,0x44,0x11,
	0x11,0x22,0x22,0x33,0x56,0x66,0x66,0x66,0x66,0x66,0x66,0x66,0x66,0x66,0x66,0x66,0x66,0x62,0x56,0x66,0x66,0x66,0x66,0x66,0x66,0x66,0x66,0x66,0x66,0x66,0x66,0x62,0x56,0x66,0x66,0x66,0x66,0x66,0x66,0x66,0x66,0x66,0x66,0x66,0x66,0x62,0x56,0x66,0x66,0x66,0x66,0x66,0x66,0x66,0x66,0x66,0x66,0x66,0x66,0x62,0x56,0x66,0x66,0x66,0x66,0x66,0x66,0x66,0x66,0x66,0x66,0x66,0x66,0x62,0x56,0x66,0x66,0x66,0x66,0x66,0x66,0x66,0x66,0x66,0x66,0x66,0x66,0x62,0x56,0x66,0x66,0x66,0x66,0x66,0x66,0x66,0x66,0x66,0x66,0x66,0x66,0x62,0x56,0x66,0x66,0x66,0x66,0x66,0x66,0x66,0x66,0x66,0x66,0x66,0x66,0x62,0x56,0x66,0x66,0x66,0x66,0x66,0x66,0x66,0x66,0x66,0x66,0x66,0x66,0x62,0x33,0x44,0x44,0x11,
	0x11,0x22,0x22,0x33,0x56,0x66,0x66,0x66,0x66,0x66,0x66,0x66,0x66,0x66,0x66,0x66,0x66,0x62,0x56,0x66,0x66,0x66,0x66,0x66,0x66,0x66,0x66,0x66,0x66,0x66,0x66,0x62,0x56,0x66,0x66,0x66,0x66,0x66,0x66,0x66,0x66,0x66,0x66,0x66,0x66,0x62,0x56,0x66,0x66,0x66,0x66,0x66,0x66,0x66,0x66,0x66,0x66,0x66,0x66,0x62,0x56,0x66,0x66,0x66,0x66,0x66,0x66,0x66,0x66,0x66,0x66,0x66,0x66,0x62,0x56,0x66,0x66,0x66,0x66,0x66,0x66,0x66,0x66,0x66,0x66,0x66,0x66,0x62,0x56,0x66,0x66,0x66,0x66,0x66,0x66,0x66,0x66,0x66,0x66,0x66,0x66,0x62,0x56,0x66,0x66,0x66,0x66,0x66,0x66,0x66,0x66,0x66,0x66,0x66,0x66,0x62,0x56,0x66,0x66,0x66,0x66,0x66,0x66,0x66,0x66,0x66,0x66,0x66,0x66,0x62,0x33,0x44,0x44,0x11,
	0x11,0x22,0x22,0x33,0x56,0x66,0x66,0x66,0x66,0x66,0x66,0x66,0x66,0x66,0x66,0x66,0x66,0x62,0x56,0x66,0x66,0x66,0x66,0x66,0x66,0x66,0x66,0x66,0x66,0x66,0x66,0x62,0x56,0x66,0x66,0x66,0x66,0x66,0x66,0x66,0x66,0x66,0x66,0x66,0x66,0x62,0x56,0x66,0x66,0x66,0x66,0x66,0x66,0x66,0x66,0x66,0x66,0x66,0x66,0x62,0x56,0x66,0x66,0x66,0x66,0x66,0x66,0x66,0x66,0x66,0x66,0x66,0x66,0x62,0x56,0x66,0x66,0x66,0x66,0x66,0x66,0x66,0x66,0x66,0x66,0x66,0x66,0x62,0x56,0x66,0x66,0x66,0x66,0x66,0x66,0x66,0x66,0x66,0x66,0x66,0x66,0x62,0x56,0x66,0x66,0x66,0x66,0x66,0x66,0x66,0x66,0x66,0x66,0x66,0x66,0x62,0x56,0x66,0x66,0x66,0x66,0x66,0x66,0x66,0x66,0x66,0x66,0x66,0x66,0x62,0x33,0x44,0x44,0x11,
	0x11,0x22,0x22,0x33,0x56,0x66,0x66,0x66,0x66,0x66,0x66,0x66,0x66,0x66,0x66,0x66,0x66,0x62,0x56,0x66,0x66,0x66,0x66,0x66,0x66,0x66,0x66,0x66,0x66,0x66,0x66,0x62,0x56,0x66,0x66,0x66,0x66,0x66,0x66,0x66,0x66,0x66,0x66,0x66,0x66,0x62,0x56,0x66,0x66,0x66,0x66,0x66,0x66,0x66,0x66,0x66,0x66,0x66,0x66,0x62,0x56,0x66,0x66,0x66,0x66,0x66,0x66,0x66,0x66,0x66,0x66,0x66,0x66,0x62,0x56,0x66,0x66,0x66,0x66,0x66,0x66,0x66,0x66,0x66,0x66,0x66,0x66,0x62,0x56,0x66,0x66,0x66,0x66,0x66,0x66,0x66,0x66,0x66,0x66,0x66,0x66,0x62,0x56,0x66,0x66,0x66,0x66,0x66,0x66,0x66,0x66,0x66,0x66,0x66,0x66,0x62,0x56,0x66,0x66,0x66,0x66,0x66,0x66,0x66,0x66,0x66,0x66,0x66,0x66,0x62,0x33,0x44,0x44,0x11,
	0x11,0x22,0x22,0x33,0x56,0x66,0x66,0x66,0x66,0x66,0x66,0x66,0x66,0x66,0x66,0x66,0x66,0x62,0x56,0x66,0x66,0x66,0x66,0x66,0x66,0x66,0x66,0x66,0x66,0x66,0x66,0x62,0x56,0x66,0x66,0x66,0x66,0x66,0x66,0x66,0x66,0x66,0x66,0x66,0x66,0x62,0x56,0x66,0x66,0x66,0x66,0x66,0x66,0x66,0x66,0x66,0x66,0x66,0x66,0x62,0x56,0x66,0x66,0x66,0x66,0x66,0x66,0x66,0x66,0x66,0x66,0x66,0x66,0x62,0x56,0x66,0x66,0x66,0x66,0x66,0x66,0x66,0x66,0x66,0x66,0x66,0x66,0x62,0x56,0x66,0x66,0x66,0x66,0x66,0x66,0x66,0x66,0x66,0x66,0x66,0x66,0x62,0x56,0x66,0x66,0x66,0x66,0x66,0x66,0x66,0x66,0x66,0x66,0x66,0x66,0x62,0x56,0x66,0x66,0x66,0x66,0x66,0x66,0x66,0x66,0x66,0x66,0x66,0x66,0x62,0x33,0x44,0x44,0x11,
	0x11,0x22,0x22,0x33,0x56,0x66,0x66,0x66,0x66,0x66,0x66,0x66,0x66,0x66,0x66,0x66,0x66,0x62,0x56,0x66,0x66,0x66,0x66,0x66,0x66,0x66,0x66,0x66,0x66,0x66,0x66,0x62,0x56,0x66,0x66,0x66,0x66,0x66,0x66,0x66,0x66,0x66,0x66,0x66,0x66,0x62,0x56,0x66,0x66,0x66,0x66,0x66,0x66,0x66,0x66,0x66,0x66,0x66,0x66,0x62,0x56,0x66,0x66,0x66,0x66,0x66,0x66,0x66,0x66,0x66,0x66,0x66,0x66,0x62,0x56,0x66,0x66,0x66,0x66,0x66,0x66,0x66,0x66,0x66,0x66,0x66,0x66,0x62,0x56,0x66,0x66,0x66,0x66,0x66,0x66,0x66,0x66,0x66,0x66,0x66,0x66,0x62,0x56,0x66,0x66,0x66,0x66,0x66,0x66,0x66,0x66,0x66,0x66,0x66,0x66,0x62,0x56,0x66,0x66,0x66,0x66,0x66,0x66,0x66,0x66,0x66,0x66,0x66,0x66,0x62,0x33,0x44,0x44,0x11,
	0x11,0x22,0x22,0x33,0x56,0x66,0x66,0x66,0x66,0x66,0x66,0x66,0x66,0x66,0x66,0x66,0x66,0x62,0x56,0x66,0x66,0x66,0x66,0x66,0x66,0x66,0x66,0x66,0x66,0x66,0x66,0x62,0x56,0x66,0x66,0x66,0x66,0x66,0x66,0x66,0x66,0x66,0x66,0x66,0x66,0x62,0x56,0x66,0x66,0x66,0x66,0x66,0x66,0x66,0x66,0x66,0x66,0x66,0x66,0x62,0x56,0x66,0x66,0x66,0x66,0x66,0x66,0x66,0x66,0x66,0x66,0x66,0x66,0x62,0x56,0x66,0x66,0x66,0x66,0x66,0x66,0x66,0x66,0x66,0x66,0x66,0x66,0x62,0x56,0x66,0x66,0x66,0x66,0x66,0x66,0x66,0x66,0x66,0x66,0x66,0x66,0x62,0x56,0x66,0x66,0x66,0x66,0x66,0x66,0x66,0x66,0x66,0x66,0x66,0x66,0x62,0x56,0x66,0x66,0x66,0x66,0x66,0x66,0x66,0x66,0x66,0x66,0x66,0x66,0x62,0x33,0x44,0x44,0x11,
	0x11,0x22,0x22,0x33,0x62,0x22,0x22,0x22,0x22,0x22,0x22,0x22,0x22,0x22,0x22,0x22,0x22,0x22,0x62,0x22,0x22,0x22,0x22,0x22,0x22,0x22,0x22,0x22,0x22,0x22,0x22,0x22,0x62,0x22,0x22,0x22,0x22,0x22,0x22,0x22,0x22,0x22,0x22,0x22,0x22,0x22,0x62,0x22,0x22,0x22,0x22,0x22,0x22,0x22,0x22,0x22,0x22,0x22,0x22,0x22,0x62,0x22,0x22,0x22,0x22,0x22,0x22,0x22,0x22,0x22,0x22,0x22,0x22,0x22,0x62,0x22,0x22,0x22,0x22,0x22,0x22,0x22,0x22,0x22,0x22,0x22,0x22,0x22,0x62,0x22,0x22,0x22,0x22,0x22,0x22,0x22,0x22,0x22,0x22,0x22,0x22,0x22,0x62,0x22,0x22,0x22,0x22,0x22,0x22,0x22,0x22,0x22,0x22,0x22,0x22,0x22,0x62,0x22,0x22,0x22,0x22,0x22,0x22,0x22,0x22,0x22,0x22,0x22,0x22,0x22,0x33,0x44,0x44,0x11,
	0x11,0x22,0x22,0x33,0x33,0x33,0x33,0x33,0x33,0x33,0x33,0x33,0x33,0x33,0x33,0x33,0x33,0x33,0x33,0x33,0x33,0x33,0x33,0x33,0x33,0x33,0x33,0x33,0x33,0x33,0x33,0x33,0x33,0x33,0x33,0x33,0x33,0x33,0x33,0x33,0x33,0x33,0x33,0x33,0x33,0x33,0x33,0x33,0x33,0x33,0x33,0x33,0x33,0x33,0x33,0x33,0x33,0x33,0x33,0x33,0x33,0x33,0x33,0x33,0x33,0x33,0x33,0x33,0x33,0x33,0x33,0x33,0x33,0x33,0x33,0x33,0x33,0x33,0x33,0x33,0x33,0x33,0x33,0x33,0x33,0x33,0x33,0x33,0x33,0x33,0x33,0x33,0x33,0x33,0x33,0x33,0x33,0x33,0x33,0x33,0x33,0x33,0x33,0x33,0x33,0x33,0x33,0x33,0x33,0x33,0x33,0x33,0x33,0x33,0x33,0x33,0x33,0x33,0x33,0x33,0x33,0x33,0x33,0x33,0x33,0x33,0x33,0x33,0x33,0x33,0x33,0x44,0x44,0x11,
	0x11,0x22,0x22,0x33,0x33,0x33,0x33,0x33,0x33,0x33,0x33,0x33,0x33,0x33,0x33,0x33,0x33,0x33,0x33,0x33,0x33,0x33,0x33,0x33,0x33,0x33,0x33,0x33,0x33,0x33,0x33,0x33,0x33,0x33,0x33,0x33,0x33,0x33,0x33,0x33,0x33,0x33,0x33,0x33,0x33,0x33,0x33,0x33,0x33,0x33,0x33,0x33,0x33,0x33,0x33,0x33,0x33,0x33,0x33,0x33,0x33,0x33,0x33,0x33,0x33,0x33,0x33,0x33,0x33,0x33,0x33,0x33,0x33,0x33,0x33,0x33,0x33,0x33,0x33,0x33,0x33,0x33,0x33,0x33,0x33,0x33,0x33,0x33,0x33,0x33,0x33,0x33,0x33,0x33,0x33,0x33,0x33,0x33,0x33,0x33,0x33,0x33,0x33,0x33,0x33,0x33,0x33,0x33,0x33,0x33,0x33,0x33,0x33,0x33,0x33,0x33,0x33,0x33,0x33,0x33,0x33,0x33,0x33,0x33,0x33,0x33,0x33,0x33,0x33,0x33,0x33,0x44,0x44,0x11,
	0x11,0x22,0x22,0x33,0x33,0x33,0x33,0x33,0x33,0x33,0x33,0x33,0x33,0x33,0x33,0x33,0x33,0x33,0x33,0x33,0x33,0x33,0x33,0x33,0x33,0x33,0x33,0x33,0x33,0x33,0x33,0x33,0x33,0x33,0x33,0x33,0x33,0x33,0x33,0x33,0x33,0x33,0x33,0x33,0x33,0x33,0x33,0x33,0x33,0x33,0x33,0x33,0x33,0x33,0x33,0x33,0x33,0x33,0x33,0x33,0x33,0x33,0x33,0x33,0x33,0x33,0x33,0x33,0x33,0x33,0x33,0x33,0x33,0x33,0x33,0x33,0x33,0x33,0x33,0x33,0x33,0x33,0x33,0x33,0x33,0x33,0x33,0x33,0x33,0x33,0x33,0x33,0x33,0x33,0x33,0x33,0x33,0x33,0x33,0x33,0x33,0x33,0x33,0x33,0x33,0x33,0x33,0x33,0x33,0x33,0x33,0x33,0x33,0x33,0x33,0x33,0x33,0x33,0x33,0x33,0x33,0x33,0x33,0x33,0x33,0x33,0x33,0x33,0x33,0x33,0x33,0x44,0x44,0x11,
	0x11,0x22,0x22,0x33,0x33,0x33,0x33,0x33,0x33,0x33,0x33,0x33,0x33,0x33,0x33,0x33,0x33,0x33,0x33,0x33,0x33,0x33,0x33,0x33,0x33,0x33,0x33,0x33,0x33,0x33,0x33,0x33,0x33,0x33,0x33,0x33,0x33,0x33,0x33,0x33,0x33,0x33,0x33,0x33,0x33,0x33,0x33,0x33,0x33,0x33,0x33,0x33,0x33,0x33,0x33,0x33,0x33,0x33,0x33,0x33,0x33,0x33,0x33,0x33,0x33,0x33,0x33,0x33,0x33,0x33,0x33,0x33,0x33,0x33,0x33,0x33,0x33,0x33,0x33,0x33,0x33,0x33,0x33,0x33,0x33,0x33,0x33,0x33,0x33,0x33,0x33,0x33,0x33,0x33,0x33,0x33,0x33,0x33,0x33,0x33,0x33,0x33,0x33,0x33,0x33,0x33,0x33,0x33,0x33,0x33,0x33,0x33,0x33,0x33,0x33,0x33,0x33,0x33,0x33,0x33,0x33,0x33,0x33,0x33,0x33,0x33,0x33,0x33,0x33,0x33,0x33,0x44,0x44,0x11,
	0x11,0x22,0x22,0x33,0x55,0x55,0x55,0x55,0x55,0x55,0x55,0x55,0x55,0x55,0x55,0x55,0x55,0x56,0x55,0x55,0x55,0x55,0x55,0x55,0x55,0x55,0x55,0x55,0x55,0x55,0x55,0x56,0x55,0x55,0x55,0x55,0x55,0x55,0x55,0x55,0x55,0x55,0x55,0x55,0x55,0x56,0x55,0x55,0x55,0x55,0x55,0x55,0x55,0x55,0x55,0x55,0x55,0x55,0x55,0x56,0x55,0x55,0x55,0x55,0x55,0x55,0x55,0x55,0x55,0x55,0x55,0x55,0x55,0x56,0x55,0x55,0x55,0x55,0x55,0x55,0x55,0x55,0x55,0x55,0x55,0x55,0x55,0x56,0x55,0x55,0x55,0x55,0x55,0x55,0x55,0x55,0x55,0x55,0x55,0x55,0x55,0x56,0x55,0x55,0x55,0x55,0x55,0x55,0x55,0x55,0x55,0x55,0x55,0x55,0x55,0x56,0x55,0x55,0x55,0x55,0x55,0x55,0x55,0x55,0x55,0x55,0x55,0x55,0x55,0x56,0x33,0x44,0x44,0x11,
	0x11,0x22,0x22,0x33,0x56,0x66,0x66,0x66,0x66,0x66,0x66,0x66,0x66,0x66,0x66,0x66,0x66,0x62,0x56,0x66,0x66,0x66,0x66,0x66,0x66,0x66,0x66,0x66,0x66,0x66,0x66,0x62,0x56,0x66,0x66,0x66,0x66,0x66,0x66,0x66,0x66,0x66,0x66,0x66,0x66,0x62,0x56,0x66,0x66,0x66,0x66,0x66,0x66,0x66,0x66,0x66,0x66,0x66,0x66,0x62,0x56,0x66,0x66,0x66,0x66,0x66,0x66,0x66,0x66,0x66,0x66,0x66,0x66,0x62,0x56,0x66,0x66,0x66,0x66,0x66,0x66,0x66,0x66,0x66,0x66,0x66,0x66,0x62,0x56,0x66,0x66,0x66,0x66,0x66,0x66,0x66,0x66,0x66,0x66,0x66,0x66,0x62,0x56,0x66,0x66,0x66,0x66,0x66,0x66,0x66,0x66,0x66,0x66,0x66,0x66,0x62,0x56,0x66,0x66,0x66,0x66,0x66,0x66,0x66,0x66,0x66,0x66,0x66,0x66,0x62,0x33,0x44,0x44,0x11,
	0x11,0x22,0x22,0x33,0x56,0x66,0x66,0x66,0x66,0x66,0x66,0x66,0x66,0x66,0x66,0x66,0x66,0x62,0x56,0x66,0x66,0x66,0x66,0x66,0x66,0x66,0x66,0x66,0x66,0x66,0x66,0x62,0x56,0x66,0x66,0x66,0x66,0x66,0x66,0x66,0x66,0x66,0x66,0x66,0x66,0x62,0x56,0x66,0x66,0x66,0x66,0x66,0x66,0x66,0x66,0x66,0x66,0x66,0x66,0x62,0x56,0x66,0x66,0x66,0x66,0x66,0x66,0x66,0x66,0x66,0x66,0x66,0x66,0x62,0x56,0x66,0x66,0x66,0x66,0x66,0x66,0x66,0x66,0x66,0x66,0x66,0x66,0x62,0x56,0x66,0x66,0x66,0x66,0x66,0x66,0x66,0x66,0x66,0x66,0x66,0x66,0x62,0x56,0x66,0x66,0x66,0x66,0x66,0x66,0x66,0x66,0x66,0x66,0x66,0x66,0x62,0x56,0x66,0x66,0x66,0x66,0x66,0x66,0x66,0x66,0x66,0x66,0x66,0x66,0x62,0x33,0x44,0x44,0x11,
	0x11,0x22,0x22,0x33,0x56,0x66,0x66,0x66,0x66,0x66,0x66,0x66,0x66,0x66,0x66,0x66,0x66,0x62,0x56,0x66,0x66,0x66,0x66,0x66,0x66,0x66,0x66,0x66,0x66,0x66,0x66,0x62,0x56,0x66,0x66,0x66,0x66,0x66,0x66,0x66,0x66,0x66,0x66,0x66,0x66,0x62,0x56,0x66,0x66,0x66,0x66,0x66,0x66,0x66,0x66,0x66,0x66,0x66,0x66,0x62,0x56,0x66,0x66,0x66,0x66,0x66,0x66,0x66,0x66,0x66,0x66,0x66,0x66,0x62,0x56,0x66,0x66,0x66,0x66,0x66,0x66,0x66,0x66,0x66,0x66,0x66,0x66,0x62,0x56,0x66,0x66,0x66,0x66,0x66,0x66,0x66,0x66,0x66,0x66,0x66,0x66,0x62,0x56,0x66,0x66,0x66,0x66,0x66,0x66,0x66,0x66,0x66,0x66,0x66,0x66,0x62,0x56,0x66,0x66,0x66,0x66,0x66,0x66,0x66,0x66,0x66,0x66,0x66,0x66,0x62,0x33,0x44,0x44,0x11,
	0x11,0x22,0x22,0x33,0x56,0x66,0x66,0x66,0x66,0x66,0x66,0x66,0x66,0x66,0x66,0x66,0x66,0x62,0x56,0x66,0x66,0x66,0x66,0x66,0x66,0x66,0x66,0x66,0x66,0x66,0x66,0x62,0x56,0x66,0x66,0x66,0x66,0x66,0x66,0x66,0x66,0x66,0x66,0x66,0x66,0x62,0x56,0x66,0x66,0x66,0x66,0x66,0x66,0x66,0x66,0x66,0x66,0x66,0x66,0x62,0x56,0x66,0x66,0x66,0x66,0x66,0x66,0x66,0x66,0x66,0x66,0x66,0x66,0x62,0x56,0x66,0x66,0x66,0x66,0x66,0x66,0x66,0x66,0x66,0x66,0x66,0x66,0x62,0x56,0x66,0x66,0x66,0x66,0x66,0x66,0x66,0x66,0x66,0x66,0x66,0x66,0x62,0x56,0x66,0x66,0x66,0x66,0x66,0x66,0x66,0x66,0x66,0x66,0x66,0x66,0x62,0x56,0x66,0x66,0x66,0x66,0x66,0x66,0x66,0x66,0x66,0x66,0x66,0x66,0x62,0x33,0x44,0x44,0x11,
	0x11,0x22,0x22,0x33,0x56,0x66,0x66,0x66,0x66,0x66,0x66,0x66,0x66,0x66,0x66,0x66,0x66,0x62,0x56,0x66,0x66,0x66,0x66,0x66,0x66,0x66,0x66,0x66,0x66,0x66,0x66,0x62,0x56,0x66,0x66,0x66,0x66,0x66,0x66,0x66,0x66,0x66,0x66,0x66,0x66,0x62,0x56,0x66,0x66,0x66,0x66,0x66,0x66,0x66,0x66,0x66,0x66,0x66,0x66,0x62,0x56,0x66,0x66,0x66,0x66,0x66,0x66,0x66,0x66,0x66,0x66,0x66,0x66,0x62,0x56,0x66,0x66,0x66,0x66,0x66,0x66,0x66,0x66,0x66,0x66,0x66,0x66,0x62,0x56,0x66,0x66,0x66,0x66,0x66,0x66,0x66,0x66,0x66,0x66,0x66,0x66,0x62,0x56,0x66,0x66,0x66,0x66,0x66,0x66,0x66,0x66,0x66,0x66,0x66,0x66,0x62,0x56,0x66,0x66,0x66,0x66,0x66,0x66,0x66,0x66,0x66,0x66,0x66,0x66,0x62,0x33,0x44,0x44,0x11,
	0x11,0x22,0x22,0x33,0x56,0x66,0x66,0x66,0x66,0x66,0x66,0x66,0x66,0x66,0x66,0x66,0x66,0x62,0x56,0x66,0x66,0x66,0x66,0x66,0x66,0x66,0x66,0x66,0x66,0x66,0x66,0x62,0x56,0x66,0x66,0x66,0x66,0x66,0x66,0x66,0x66,0x66,0x66,0x66,0x66,0x62,0x56,0x66,0x66,0x66,0x66,0x66,0x66,0x66,0x66,0x66,0x66,0x66,0x66,0x62,0x56,0x66,0x66,0x66,0x66,0x66,0x66,0x66,0x66,0x66,0x66,0x66,0x66,0x62,0x56,0x66,0x66,0x66,0x66,0x66,0x66,0x66,0x66,0x66,0x66,0x66,0x66,0x62,0x56,0x66,0x66,0x66,0x66,0x66,0x66,0x66,0x66,0x66,0x66,0x66,0x66,0x62,0x56,0x66,0x66,0x66,0x66,0x66,0x66,0x66,0x66,0x66,0x66,0x66,0x66,0x62,0x56,0x66,0x66,0x66,0x66,0x66,0x66,0x66,0x66,0x66,0x66,0x66,0x66,0x62,0x33,0x44,0x44,0x11,
	0x11,0x22,0x22,0x33,0x56,0x66,0x66,0x66,0x66,0x66,0x66,0x66,0x66,0x66,0x66,0x66,0x66,0x62,0x56,0x66,0x66,0x66,0x66,0x66,0x66,0x66,0x66,0x66,0x66,0x66,0x66,0x62,0x56,0x66,0x66,0x66,0x66,0x66,0x66,0x66,0x66,0x66,0x66,0x66,0x66,0x62,0x56,0x66,0x66,0x66,0x66,0x66,0x66,0x66,0x66,0x66,0x66,0x66,0x66,0x62,0x56,0x66,0x66,0x66,0x66,0x66,0x66,0x66,0x66,0x66,0x66,0x66,0x66,0x62,0x56,0x66,0x66,0x66,0x66,0x66,0x66,0x66,0x66,0x66,0x66,0x66,0x66,0x62,0x56,0x66,0x66,0x66,0x66,0x66,0x66,0x66,0x66,0x66,0x66,0x66,0x66,0x62,0x56,0x66,0x66,0x66,0x66,0x66,0x66,0x66,0x66,0x66,0x66,0x66,0x66,0x62,0x56,0x66,0x66,0x66,0x66,0x66,0x66,0x66,0x66,0x66,0x66,0x66,0x66,0x62,0x33,0x44,0x44,0x11,
	0x11,0x22,0x22,0x33,0x56,0x66,0x66,0x66,0x66,0x66,0x66,0x66,0x66,0x66,0x66,0x66,0x66,0x62,0x56,0x66,0x66,0x66,0x66,0x66,0x66,0x66,0x66,0x66,0x66,0x66,0x66,0x62,0x56,0x66,0x66,0x66,0x66,0x66,0x66,0x66,0x66,0x66,0x66,0x66,0x66,0x62,0x56,0x66,0x66,0x66,0x66,0x66,0x66,0x66,0x66,0x66,0x66,0x66,0x66,0x62,0x56,0x66,0x66,0x66,0x66,0x66,0x66,0x66,0x66,0x66,0x66,0x66,0x66,0x62,0x56,0x66,0x66,0x66,0x66,0x66,0x66,0x66,0x66,0x66,0x66,0x66,0x66,0x62,0x56,0x66,0x66,0x66,0x66,0x66,0x66,0x66,0x66,0x66,0x66,0x66,0x66,0x62,0x56,0x66,0x66,0x66,0x66,0x66,0x66,0x66,0x66,0x66,0x66,0x66,0x66,0x62,0x56,0x66,0x66,0x66,0x66,0x66,0x66,0x66,0x66,0x66,0x66,0x66,0x66,0x62,0x33,0x44,0x44,0x11,
	0x11,0x22,0x22,0x33,0x56,0x66,0x66,0x66,0x66,0x66,0x66,0x66,0x66,0x66,0x66,0x66,0x66,0x62,0x56,0x66,0x66,0x66,0x66,0x66,0x66,0x66,0x66,0x66,0x66,0x66,0x66,0x62,0x56,0x66,0x66,0x66,0x66,0x66,0x66,0x66,0x66,0x66,0x66,0x66,0x66,0x62,0x56,0x66,0x66,0x66,0x66,0x66,0x66,0x66,0x66,0x66,0x66,0x66,0x66,0x62,0x56,0x66,0x66,0x66,0x66,0x66,0x66,0x66,0x66,0x66,0x66,0x66,0x66,0x62,0x56,0x66,0x66,0x66,0x66,0x66,0x66,0x66,0x66,0x66,0x66,0x66,0x66,0x62,0x56,0x66,0x66,0x66,0x66,0x66,0x66,0x66,0x66,0x66,0x66,0x66,0x66,0x62,0x56,0x66,0x66,0x66,0x66,0x66,0x66,0x66,0x66,0x66,0x66,0x66,0x66,0x62,0x56,0x66,0x66,0x66,0x66,0x66,0x66,0x66,0x66,0x66,0x66,0x66,0x66,0x62,0x33,0x44,0x44,0x11,
	0x11,0x22,0x22,0x33,0x56,0x66,0x66,0x66,0x66,0x66,0x66,0x66,0x66,0x66,0x66,0x66,0x66,0x62,0x56,0x66,0x66,0x66,0x66,0x66,0x66,0x66,0x66,0x66,0x66,0x66,0x66,0x62,0x56,0x66,0x66,0x66,0x66,0x66,0x66,0x66,0x66,0x66,0x66,0x66,0x66,0x62,0x56,0x66,0x66,0x66,0x66,0x66,0x66,0x66,0x66,0x66,0x66,0x66,0x66,0x62,0x56,0x66,0x66,0x66,0x66,0x66,0x66,0x66,0x66,0x66,0x66,0x66,0x66,0x62,0x56,0x66,0x66,0x66,0x66,0x66,0x66,0x66,0x66,0x66,0x66,0x66,0x66,0x62,0x56,0x66,0x66,0x66,0x66,0x66,0x66,0x66,0x66,0x66,0x66,0x66,0x66,0x62,0x56,0x66,0x66,0x66,0x66,0x66,0x66,0x66,0x66,0x66,0x66,0x66,0x66,0x62,0x56,0x66,0x66,0x66,0x66,0x66,0x66,0x66,0x66,0x66,0x66,0x66,0x66,0x62,0x33,0x44,0x44,0x11,
	0x11,0x22,0x22,0x33,0x56,0x66,0x66,0x66,0x66,0x66,0x66,0x66,0x66,0x66,0x66,0x66,0x66,0x62,0x56,0x66,0x66,0x66,0x66,0x66,0x66,0x66,0x66,0x66,0x66,0x66,0x66,0x62,0x56,0x66,0x66,0x66,0x66,0x66,0x66,0x66,0x66,0x66,0x66,0x66,0x66,0x62,0x56,0x66,0x66,0x66,0x66,0x66,0x66,0x66,0x66,0x66,0x66,0x66,0x66,0x62,0x56,0x66,0x66,0x66,0x66,0x66,0x66,0x66,0x66,0x66,0x66,0x66,0x66,0x62,0x56,0x66,0x66,0x66,0x66,0x66,0x66,0x66,0x66,0x66,0x66,0x66,0x66,0x62,0x56,0x66,0x66,0x66,0x66,0x66,0x66,0x66,0x66,0x66,0x66,0x66,0x66,0x62,0x56,0x66,0x66,0x66,0x66,0x66,0x66,0x66,0x66,0x66,0x66,0x66,0x66,0x62,0x56,0x66,0x66,0x66,0x66,0x66,0x66,0x66,0x66,0x66,0x66,0x66,0x66,0x62,0x33,0x44,0x44,0x11,
	0x11,0x22,0x22,0x33,0x56,0x66,0x66,0x66,0x66,0x66,0x66,0x66,0x66,0x66,0x66,0x66,0x66,0x62,0x56,0x66,0x66,0x66,0x66,0x66,0x66,0x66,0x66,0x66,0x66,0x66,0x66,0x62,0x56,0x66,0x66,0x66,0x66,0x66,0x66,0x66,0x66,0x66,0x66,0x66,0x66,0x62,0x56,0x66,0x66,0x66,0x66,0x66,0x66,0x66,0x66,0x66,0x66,0x66,0x66,0x62,0x56,0x66,0x66,0x66,0x66,0x66,0x66,0x66,0x66,0x66,0x66,0x66,0x66,0x62,0x56,0x66,0x66,0x66,0x66,0x66,0x66,0x66,0x66,0x66,0x66,0x66,0x66,0x62,0x56,0x66,0x66,0x66,0x66,0x66,0x66,0x66,0x66,0x66,0x66,0x66,0x66,0x62,0x56,0x66,0x66,0x66,0x66,0x66,0x66,0x66,0x66,0x66,0x66,0x66,0x66,0x62,0x56,0x66,0x66,0x66,0x66,0x66,0x66,0x66,0x66,0x66,0x66,0x66,0x66,0x62,0x33,0x44,0x44,0x11,
	0x11,0x22,0x22,0x33,0x56,0x66,0x66,0x66,0x66,0x66,0x66,0x66,0x66,0x66,0x66,0x66,0x66,0x62,0x56,0x66,0x66,0x66,0x66,0x66,0x66,0x66,0x66,0x66,0x66,0x66,0x66,0x62,0x56,0x66,0x66,0x66,0x66,0x66,0x66,0x66,0x66,0x66,0x66,0x66,0x66,0x62,0x56,0x66,0x66,0x66,0x66,0x66,0x66,0x66,0x66,0x66,0x66,0x66,0x66,0x62,0x56,0x66,0x66,0x66,0x66,0x66,0x66,0x66,0x66,0x66,0x66,0x66,0x66,0x62,0x56,0x66,0x66,0x66,0x66,0x66,0x66,0x66,0x66,0x66,0x66,0x66,0x66,0x62,0x56,0x66,0x66,0x66,0x66,0x66,0x66,0x66,0x66,0x66,0x66,0x66,0x66,0x62,0x56,0x66,0x66,0x66,0x66,0x66,0x66,0x66,0x66,0x66,0x66,0x66,0x66,0x62,0x56,0x66,0x66,0x66,0x66,0x66,0x66,0x66,0x66,0x66,0x66,0x66,0x66,0x62,0x33,0x44,0x44,0x11,
	0x11,0x22,0x22,0x33,0x56,0x66,0x66,0x66,0x66,0x66,0x66,0x66,0x66,0x66,0x66,0x66,0x66,0x62,0x56,0x66,0x66,0x66,0x66,0x66,0x66,0x66,0x66,0x66,0x66,0x66,0x66,0x62,0x56,0x66,0x66,0x66,0x66,0x66,0x66,0x66,0x66,0x66,0x66,0x66,0x66,0x62,0x56,0x66,0x66,0x66,0x66,0x66,0x66,0x66,0x66,0x66,0x66,0x66,0x66,0x62,0x56,0x66,0x66,0x66,0x66,0x66,0x66,0x66,0x66,0x66,0x66,0x66,0x66,0x62,0x56,0x66,0x66,0x66,0x66,0x66,0x66,0x66,0x66,0x66,0x66,0x66,0x66,0x62,0x56,0x66,0x66,0x66,0x66,0x66,0x66,0x66,0x66,0x66,0x66,0x66,0x66,0x62,0x56,0x66,0x66,0x66,0x66,0x66,0x66,0x66,0x66,0x66,0x66,0x66,0x66,0x62,0x56,0x66,0x66,0x66,0x66,0x66,0x66,0x66,0x66,0x66,0x66,0x66,0x66,0x62,0x33,0x44,0x44,0x11,
	0x11,0x22,0x22,0x33,0x56,0x66,0x66,0x66,0x66,0x66,0x66,0x66,0x66,0x66,0x66,0x66,0x66,0x62,0x56,0x66,0x66,0x66,0x66,0x66,0x66,0x66,0x66,0x66,0x66,0x66,0x66,0x62,0x56,0x66,0x66,0x66,0x66,0x66,0x66,0x66,0x66,0x66,0x66,0x66,0x66,0x62,0x56,0x66,0x66,0x66,0x66,0x66,0x66,0x66,0x66,0x66,0x66,0x66,0x66,0x62,0x56,0x66,0x66,0x66,0x66,0x66,0x66,0x66,0x66,0x66,0x66,0x66,0x66,0x62,0x56,0x66,0x66,0x66,0x66,0x66,0x66,0x66,0x66,0x66,0x66,0x66,0x66,0x62,0x56,0x66,0x66,0x66,0x66,0x66,0x66,0x66,0x66,0x66,0x66,0x66,0x66,0x62,0x56,0x66,0x66,0x66,0x66,0x66,0x66,0x66,0x66,0x66,0x66,0x66,0x66,0x62,0x56,0x66,0x66,0x66,0x66,0x66,0x66,0x66,0x66,0x66,0x66,0x66,0x66,0x62,0x33,0x44,0x44,0x11,
	0x11,0x22,0x22,0x33,0x56,0x66,0x66,0x66,0x66,0x66,0x66,0x66,0x66,0x66,0x66,0x66,0x66,0x62,0x56,0x66,0x66,0x66,0x66,0x66,0x66,0x66,0x66,0x66,0x66,0x66,0x66,0x62,0x56,0x66,0x66,0x66,0x66,0x66,0x66,0x66,0x66,0x66,0x66,0x66,0x66,0x62,0x56,0x66,0x66,0x66,0x66,0x66,0x66,0x66,0x66,0x66,0x66,0x66,0x66,0x62,0x56,0x66,0x66,0x66,0x66,0x66,0x66,0x66,0x66,0x66,0x66,0x66,0x66,0x62,0x56,0x66,0x66,0x66,0x66,0x66,0x66,0x66,0x66,0x66,0x66,0x66,0x66,0x62,0x56,0x66,0x66,0x66,0x66,0x66,0x66,0x66,0x66,0x66,0x66,0x66,0x66,0x62,0x56,0x66,0x66,0x66,0x66,0x66,0x66,0x66,0x66,0x66,0x66,0x66,0x66,0x62,0x56,0x66,0x66,0x66,0x66,0x66,0x66,0x66,0x66,0x66,0x66,0x66,0x66,0x62,0x33,0x44,0x44,0x11,
	0x11,0x22,0x22,0x33,0x56,0x66,0x66,0x66,0x66,0x66,0x66,0x66,0x66,0x66,0x66,0x66,0x66,0x62,0x56,0x66,0x66,0x66,0x66,0x66,0x66,0x66,0x66,0x66,0x66,0x66,0x66,0x62,0x56,0x66,0x66,0x66,0x66,0x66,0x66,0x66,0x66,0x66,0x66,0x66,0x66,0x62,0x56,0x66,0x66,0x66,0x66,0x66,0x66,0x66,0x66,0x66,0x66,0x66,0x66,0x62,0x56,0x66,0x66,0x66,0x66,0x66,0x66,0x66,0x66,0x66,0x66,0x66,0x66,0x62,0x56,0x66,0x66,0x66,0x66,0x66,0x66,0x66,0x66,0x66,0x66,0x66,0x66,0x62,0x56,0x66,0x66,0x66,0x66,0x66,0x66,0x66,0x66,0x66,0x66,0x66,0x66,0x62,0x56,0x66,0x66,0x66,0x66,0x66,0x66,0x66,0x66,0x66,0x66,0x66,0x66,0x62,0x56,0x66,0x66,0x66,0x66,0x66,0x66,0x66,0x66,0x66,0x66,0x66,0x66,0x62,0x33,0x44,0x44,0x11,
	0x11,0x22,0x22,0x33,0x56,0x66,0x66,0x66,0x66,0x66,0x66,0x66,0x66,0x66,0x66,0x66,0x66,0x62,0x56,0x66,0x66,0x66,0x66,0x66,0x66,0x66,0x66,0x66,0x66,0x66,0x66,0x62,0x56,0x66,0x66,0x66,0x66,0x66,0x66,0x66,0x66,0x66,0x66,0x66,0x66,0x62,0x56,0x66,0x66,0x66,0x66,0x66,0x66,0x66,0x66,0x66,0x66,0x66,0x66,0x62,0x56,0x66,0x66,0x66,0x66,0x66,0x66,0x66,0x66,0x66,0x66,0x66,0x66,0x62,0x56,0x66,0x66,0x66,0x66,0x66,0x66,0x66,0x66,0x66,0x66,0x66,0x66,0x62,0x56,0x66,0x66,0x66,0x66,0x66,0x66,0x66,0x66,0x66,0x66,0x66,0x66,0x62,0x56,0x66,0x66,0x66,0x66,0x66,0x66,0x66,0x66,0x66,0x66,0x66,0x66,0x62,0x56,0x66,0x66,0x66,0x66,0x66,0x66,0x66,0x66,0x66,0x66,0x66,0x66,0x62,0x33,0x44,0x44,0x11,
	0x11,0x22,0x22,0x33,0x56,0x66,0x66,0x66,0x66,0x66,0x66,0x66,0x66,0x66,0x66,0x66,0x66,0x62,0x56,0x66,0x66,0x66,0x66,0x66,0x66,0x66,0x66,0x66,0x66,0x66,0x66,0x62,0x56,0x66,0x66,0x66,0x66,0x66,0x66,0x66,0x66,0x66,0x66,0x66,0x66,0x62,0x56,0x66,0x66,0x66,0x66,0x66,0x66,0x66,0x66,0x66,0x66,0x66,0x66,0x62,0x56,0x66,0x66,0x66,0x66,0x66,0x66,0x66,0x66,0x66,0x66,0x66,0x66,0x62,0x56,0x66,0x66,0x66,0x66,0x66,0x66,0x66,0x66,0x66,0x66,0x66,0x66,0x62,0x56,0x66,0x66,0x66,0x66,0x66,0x66,0x66,0x66,0x66,0x66,0x66,0x66,0x62,0x56,0x66,0x66,0x66,0x66,0x66,0x66,0x66,0x66,0x66,0x66,0x66,0x66,0x62,0x56,0x66,0x66,0x66,0x66,0x66,0x66,0x66,0x66,0x66,0x66,0x66,0x66,0x62,0x33,0x44,0x44,0x11,
	0x11,0x22,0x22,0x33,0x56,0x66,0x66,0x66,0x66,0x66,0x66,0x66,0x66,0x66,0x66,0x66,0x66,0x62,0x56,0x66,0x66,0x66,0x66,0x66,0x66,0x66,0x66,0x66,0x66,0x66,0x66,0x62,0x56,0x66,0x66,0x66,0x66,0x66,0x66,0x66,0x66,0x66,0x66,0x66,0x66,0x62,0x56,0x66,0x66,0x66,0x66,0x66,0x66,0x66,0x66,0x66,0x66,0x66,0x66,0x62,0x56,0x66,0x66,0x66,0x66,0x66,0x66,0x66,0x66,0x66,0x66,0x66,0x66,0x62,0x56,0x66,0x66,0x66,0x66,0x66,0x66,0x66,0x66,0x66,0x66,0x66,0x66,0x62,0x56,0x66,0x66,0x66,0x66,0x66,0x66,0x66,0x66,0x66,0x66,0x66,0x66,0x62,0x56,0x66,0x66,0x66,0x66,0x66,0x66,0x66,0x66,0x66,0x66,0x66,0x66,0x62,0x56,0x66,0x66,0x66,0x66,0x66,0x66,0x66,0x66,0x66,0x66,0x66,0x66,0x62,0x33,0x44,0x44,0x11,
	0x11,0x22,0x22,0x33,0x56,0x66,0x66,0x66,0x66,0x66,0x66,0x66,0x66,0x66,0x66,0x66,0x66,0x62,0x56,0x66,0x66,0x66,0x66,0x66,0x66,0x66,0x66,0x66,0x66,0x66,0x66,0x62,0x56,0x66,0x66,0x66,0x66,0x66,0x66,0x66,0x66,0x66,0x66,0x66,0x66,0x62,0x56,0x66,0x66,0x66,0x66,0x66,0x66,0x66,0x66,0x66,0x66,0x66,0x66,0x62,0x56,0x66,0x66,0x66,0x66,0x66,0x66,0x66,0x66,0x66,0x66,0x66,0x66,0x62,0x56,0x66,0x66,0x66,0x66,0x66,0x66,0x66,0x66,0x66,0x66,0x66,0x66,0x62,0x56,0x66,0x66,0x66,0x66,0x66,0x66,0x66,0x66,0x66,0x66,0x66,0x66,0x62,0x56,0x66,0x66,0x66,0x66,0x66,0x66,0x66,0x66,0x66,0x66,0x66,0x66,0x62,0x56,0x66,0x66,0x66,0x66,0x66,0x66,0x66,0x66,0x66,0x66,0x66,0x66,0x62,0x33,0x44,0x44,0x11,
	0x11,0x22,0x22,0x33,0x56,0x66,0x66,0x66,0x66,0x66,0x66,0x66,0x66,0x66,0x66,0x66,0x66,0x62,0x56,0x66,0x66,0x66,0x66,0x66,0x66,0x66,0x66,0x66,0x66,0x66,0x66,0x62,0x56,0x66,0x66,0x66,0x66,0x66,0x66,0x66,0x66,0x66,0x66,0x66,0x66,0x62,0x56,0x66,0x66,0x66,0x66,0x66,0x66,0x66,0x66,0x66,0x66,0x66,0x66,0x62,0x56,0x66,0x66,0x66,0x66,0x66,0x66,0x66,0x66,0x66,0x66,0x66,0x66,0x62,0x56,0x66,0x66,0x66,0x66,0x66,0x66,0x66,0x66,0x66,0x66,0x66,0x66,0x62,0x56,0x66,0x66,0x66,0x66,0x66,0x66,0x66,0x66,0x66,0x66,0x66,0x66,0x62,0x56,0x66,0x66,0x66,0x66,0x66,0x66,0x66,0x66,0x66,0x66,0x66,0x66,0x62,0x56,0x66,0x66,0x66,0x66,0x66,0x66,0x66,0x66,0x66,0x66,0x66,0x66,0x62,0x33,0x44,0x44,0x11,
	0x11,0x22,0x22,0x33,0x56,0x66,0x66,0x66,0x66,0x66,0x66,0x66,0x66,0x66,0x66,0x66,0x66,0x62,0x56,0x66,0x66,0x66,0x66,0x66,0x66,0x66,0x66,0x66,0x66,0x66,0x66,0x62,0x56,0x66,0x66,0x66,0x66,0x66,0x66,0x66,0x66,0x66,0x66,0x66,0x66,0x62,0x56,0x66,0x66,0x66,0x66,0x66,0x66,0x66,0x66,0x66,0x66,0x66,0x66,0x62,0x56,0x66,0x66,0x66,0x66,0x66,0x66,0x66,0x66,0x66,0x66,0x66,0x66,0x62,0x56,0x66,0x66,0x66,0x66,0x66,0x66,0x66,0x66,0x66,0x66,0x66,0x66,0x62,0x56,0x66,0x66,0x66,0x66,0x66,0x66,0x66,0x66,0x66,0x66,0x66,0x66,0x62,0x56,0x66,0x66,0x66,0x66,0x66,0x66,0x66,0x66,0x66,0x66,0x66,0x66,0x62,0x56,0x66,0x66,0x66,0x66,0x66,0x66,0x66,0x66,0x66,0x66,0x66,0x66,0x62,0x33,0x44,0x44,0x11,
	0x11,0x22,0x22,0x33,0x56,0x66,0x66,0x66,0x66,0x66,0x66,0x66,0x66,0x66,0x66,0x66,0x66,0x62,0x56,0x66,0x66,0x66,0x66,0x66,0x66,0x66,0x66,0x66,0x66,0x66,0x66,0x62,0x56,0x66,0x66,0x66,0x66,0x66,0x66,0x66,0x66,0x66,0x66,0x66,0x66,0x62,0x56,0x66,0x66,0x66,0x66,0x66,0x66,0x66,0x66,0x66,0x66,0x66,0x66,0x62,0x56,0x66,0x66,0x66,0x66,0x66,0x66,0x66,0x66,0x66,0x66,0x66,0x66,0x62,0x56,0x66,0x66,0x66,0x66,0x66,0x66,0x66,0x66,0x66,0x66,0x66,0x66,0x62,0x56,0x66,0x66,0x66,0x66,0x66,0x66,0x66,0x66,0x66,0x66,0x66,0x66,0x62,0x56,0x66,0x66,0x66,0x66,0x66,0x66,0x66,0x66,0x66,0x66,0x66,0x66,0x62,0x56,0x66,0x66,0x66,0x66,0x66,0x66,0x66,0x66,0x66,0x66,0x66,0x66,0x62,0x33,0x44,0x44,0x11,
	0x11,0x22,0x22,0x33,0x56,0x66,0x66,0x66,0x66,0x66,0x66,0x66,0x66,0x66,0x66,0x66,0x66,0x62,0x56,0x66,0x66,0x66,0x66,0x66,0x66,0x66,0x66,0x66,0x66,0x66,0x66,0x62,0x56,0x66,0x66,0x66,0x66,0x66,0x66,0x66,0x66,0x66,0x66,0x66,0x66,0x62,0x56,0x66,0x66,0x66,0x66,0x66,0x66,0x66,0x66,0x66,0x66,0x66,0x66,0x62,0x56,0x66,0x66,0x66,0x66,0x66,0x66,0x66,0x66,0x66,0x66,0x66,0x66,0x62,0x56,0x66,0x66,0x66,0x66,0x66,0x66,0x66,0x66,0x66,0x66,0x66,0x66,0x62,0x56,0x66,0x66,0x66,0x66,0x66,0x66,0x66,0x66,0x66,0x66,0x66,0x66,0x62,0x56,0x66,0x66,0x66,0x66,0x66,0x66,0x66,0x66,0x66,0x66,0x66,0x66,0x62,0x56,0x66,0x66,0x66,0x66,0x66,0x66,0x66,0x66,0x66,0x66,0x66,0x66,0x62,0x33,0x44,0x44,0x11,
	0x11,0x22,0x22,0x33,0x56,0x66,0x66,0x66,0x66,0x66,0x66,0x66,0x66,0x66,0x66,0x66,0x66,0x62,0x56,0x66,0x66,0x66,0x66,0x66,0x66,0x66,0x66,0x66,0x66,0x66,0x66,0x62,0x56,0x66,0x66,0x66,0x66,0x66,0x66,0x66,0x66,0x66,0x66,0x66,0x66,0x62,0x56,0x66,0x66,0x66,0x66,0x66,0x66,0x66,0x66,0x66,0x66,0x66,0x66,0x62,0x56,0x66,0x66,0x66,0x66,0x66,0x66,0x66,0x66,0x66,0x66,0x66,0x66,0x62,0x56,0x66,0x66,0x66,0x66,0x66,0x66,0x66,0x66,0x66,0x66,0x66,0x66,0x62,0x56,0x66,0x66,0x66,0x66,0x66,0x66,0x66,0x66,0x66,0x66,0x66,0x66,0x62,0x56,0x66,0x66,0x66,0x66,0x66,0x66,0x66,0x66,0x66,0x66,0x66,0x66,0x62,0x56,0x66,0x66,0x66,0x66,0x66,0x66,0x66,0x66,0x66,0x66,0x66,0x66,0x62,0x33,0x44,0x44,0x11,
	0x11,0x22,0x22,0x33,0x62,0x22,0x22,0x22,0x22,0x22,0x22,0x22,0x22,0x22,0x22,0x22,0x22,0x22,0x62,0x22,0x22,0x22,0x22,0x22,0x22,0x22,0x22,0x22,0x22,0x22,0x22,0x22,0x62,0x22,0x22,0x22,0x22,0x22,0x22,0x22,0x22,0x22,0x22,0x22,0x22,0x22,0x62,0x22,0x22,0x22,0x22,0x22,0x22,0x22,0x22,0x22,0x22,0x22,0x22,0x22,0x62,0x22,0x22,0x22,0x22,0x22,0x22,0x22,0x22,0x22,0x22,0x22,0x22,0x22,0x62,0x22,0x22,0x22,0x22,0x22,0x22,0x22,0x22,0x22,0x22,0x22,0x22,0x22,0x62,0x22,0x22,0x22,0x22,0x22,0x22,0x22,0x22,0x22,0x22,0x22,0x22,0x22,0x62,0x22,0x22,0x22,0x22,0x22,0x22,0x22,0x22,0x22,0x22,0x22,0x22,0x22,0x62,0x22,0x22,0x22,0x22,0x22,0x22,0x22,0x22,0x22,0x22,0x22,0x22,0x22,0x33,0x44,0x44,0x11,
	0x11,0x22,0x22,0x33,0x33,0x33,0x33,0x33,0x33,0x33,0x33,0x33,0x33,0x33,0x33,0x33,0x33,0x33,0x33,0x33,0x33,0x33,0x33,0x33,0x33,0x33,0x33,0x33,0x33,0x33,0x33,0x33,0x33,0x33,0x33,0x33,0x33,0x33,0x33,0x33,0x33,0x33,0x33,0x33,0x33,0x33,0x33,0x33,0x33,0x33,0x33,0x33,0x33,0x33,0x33,0x33,0x33,0x33,0x33,0x33,0x33,0x33,0x33,0x33,0x33,0x33,0x33,0x33,0x33,0x33,0x33,0x33,0x33,0x33,0x33,0x33,0x33,0x33,0x33,0x33,0x33,0x33,0x33,0x33,0x33,0x33,0x33,0x33,0x33,0x33,0x33,0x33,0x33,0x33,0x33,0x33,0x33,0x33,0x33,0x33,0x33,0x33,0x33,0x33,0x33,0x33,0x33,0x33,0x33,0x33,0x33,0x33,0x33,0x33,0x33,0x33,0x33,0x33,0x33,0x33,0x33,0x33,0x33,0x33,0x33,0x33,0x33,0x33,0x33,0x33,0x33,0x44,0x44,0x11,
	0x11,0x22,0x22,0x33,0x33,0x33,0x33,0x33,0x33,0x33,0x33,0x33,0x33,0x33,0x33,0x33,0x33,0x33,0x33,0x33,0x33,0x33,0x33,0x33,0x33,0x33,0x33,0x33,0x33,0x33,0x33,0x33,0x33,0x33,0x33,0x33,0x33,0x33,0x33,0x33,0x33,0x33,0x33,0x33,0x33,0x33,0x33,0x33,0x33,0x33,0x33,0x33,0x33,0x33,0x33,0x33,0x33,0x33,0x33,0x33,0x33,0x33,0x33,0x33,0x33,0x33,0x33,0x33,0x33,0x33,0x33,0x33,0x33,0x33,0x33,0x33,0x33,0x33,0x33,0x33,0x33,0x33,0x33,0x33,0x33,0x33,0x33,0x33,0x33,0x33,0x33,0x33,0x33,0x33,0x33,0x33,0x33,0x33,0x33,0x33,0x33,0x33,0x33,0x33,0x33,0x33,0x33,0x33,0x33,0x33,0x33,0x33,0x33,0x33,0x33,0x33,0x33,0x33,0x33,0x33,0x33,0x33,0x33,0x33,0x33,0x33,0x33,0x33,0x33,0x33,0x33,0x44,0x44,0x11,
	0x00,0x11,0x33,0x44,0x44,0x44,0x44,0x44,0x44,0x44,0x44,0x44,0x44,0x44,0x44,0x44,0x44,0x44,0x44,0x44,0x44,0x44,0x44,0x44,0x44,0x44,0x44,0x44,0x44,0x44,0x44,0x44,0x44,0x44,0x44,0x44,0x44,0x44,0x44,0x44,0x44,0x44,0x44,0x44,0x44,0x44,0x44,0x44,0x44,0x44,0x44,0x44,0x44,0x44,0x44,0x44,0x44,0x44,0x44,0x44,0x44,0x44,0x44,0x44,0x44,0x44,0x44,0x44,0x44,0x44,0x44,0x44,0x44,0x44,0x44,0x44,0x44,0x44,0x44,0x44,0x44,0x44,0x44,0x44,0x44,0x44,0x44,0x44,0x44,0x44,0x44,0x44,0x44,0x44,0x44,0x44,0x44,0x44,0x44,0x44,0x44,0x44,0x44,0x44,0x44,0x44,0x44,0x44,0x44,0x44,0x44,0x44,0x44,0x44,0x44,0x44,0x44,0x44,0x44,0x44,0x44,0x44,0x44,0x44,0x44,0x44,0x44,0x44,0x44,0x44,0x44,0x44,0x44,0x11,
	0x00,0x11,0x33,0x44,0x44,0x44,0x44,0x44,0x44,0x44,0x44,0x44,0x44,0x44,0x44,0x44,0x44,0x44,0x44,0x44,0x44,0x44,0x44,0x44,0x44,0x44,0x44,0x44,0x44,0x44,0x44,0x44,0x44,0x44,0x44,0x44,0x44,0x44,0x44,0x44,0x44,0x44,0x44,0x44,0x44,0x44,0x44,0x44,0x44,0x44,0x44,0x44,0x44,0x44,0x44,0x44,0x44,0x44,0x44,0x44,0x44,0x44,0x44,0x44,0x44,0x44,0x44,0x44,0x44,0x44,0x44,0x44,0x44,0x44,0x44,0x44,0x44,0x44,0x44,0x44,0x44,0x44,0x44,0x44,0x44,0x44,0x44,0x44,0x44,0x44,0x44,0x44,0x44,0x44,0x44,0x44,0x44,0x44,0x44,0x44,0x44,0x44,0x44,0x44,0x44,0x44,0x44,0x44,0x44,0x44,0x44,0x44,0x44,0x44,0x44,0x44,0x44,0x44,0x44,0x44,0x44,0x44,0x44,0x44,0x44,0x44,0x44,0x44,0x44,0x44,0x44,0x44,0x44,0x11,
	0x00,0x00,0x11,0x44,0x44,0x44,0x44,0x44,0x44,0x44,0x44,0x44,0x44,0x44,0x44,0x44,0x44,0x44,0x44,0x44,0x44,0x44,0x44,0x44,0x44,0x44,0x44,0x44,0x44,0x44,0x44,0x44,0x44,0x44,0x44,0x44,0x44,0x44,0x44,0x44,0x44,0x44,0x44,0x44,0x44,0x44,0x44,0x44,0x44,0x44,0x44,0x44,0x44,0x44,0x44,0x44,0x44,0x44,0x44,0x44,0x44,0x44,0x44,0x44,0x44,0x44,0x44,0x44,0x44,0x44,0x44,0x44,0x44,0x44,0x44,0x44,0x44,0x44,0x44,0x44,0x44,0x44,0x44,0x44,0x44,0x44,0x44,0x44,0x44,0x44,0x44,0x44,0x44,0x44,0x44,0x44,0x44,0x44,0x44,0x44,0x44,0x44,0x44,0x44,0x44,0x44,0x44,0x44,0x44,0x44,0x44,0x44,0x44,0x44,0x44,0x44,0x44,0x44,0x44,0x44,0x44,0x44,0x44,0x44,0x44,0x44,0x44,0x44,0x44,0x44,0x44,0x44,0x11,0x00,
	0x00,0x00,0x11,0x44,0x44,0x44,0x44,0x44,0x44,0x44,0x44,0x44,0x44,0x44,0x44,0x44,0x44,0x44,0x44,0x44,0x44,0x44,0x44,0x44,0x44,0x44,0x44,0x44,0x44,0x44,0x44,0x44,0x44,0x44,0x44,0x44,0x44,0x44,0x44,0x44,0x44,0x44,0x44,0x44,0x44,0x44,0x44,0x44,0x44,0x44,0x44,0x44,0x44,0x44,0x44,0x44,0x44,0x44,0x44,0x44,0x44,0x44,0x44,0x44,0x44,0x44,0x44,0x44,0x44,0x44,0x44,0x44,0x44,0x44,0x44,0x44,0x44,0x44,0x44,0x44,0x44,0x44,0x44,0x44,0x44,0x44,0x44,0x44,0x44,0x44,0x44,0x44,0x44,0x44,0x44,0x44,0x44,0x44,0x44,0x44,0x44,0x44,0x44,0x44,0x44,0x44,0x44,0x44,0x44,0x44,0x44,0x44,0x44,0x44,0x44,0x44,0x44,0x44,0x44,0x44,0x44,0x44,0x44,0x44,0x44,0x44,0x44,0x44,0x44,0x44,0x44,0x44,0x11,0x00,
	0x00,0x00,0x00,0x11,0x11,0x11,0x11,0x11,0x11,0x11,0x11,0x11,0x11,0x11,0x11,0x11,0x11,0x11,0x11,0x11,0x11,0x11,0x11,0x11,0x11,0x11,0x11,0x11,0x11,0x11,0x11,0x11,0x11,0x11,0x11,0x11,0x11,0x11,0x11,0x11,0x11,0x11,0x11,0x11,0x11,0x11,0x11,0x11,0x11,0x11,0x11,0x11,0x11,0x11,0x11,0x11,0x11,0x11,0x11,0x11,0x11,0x11,0x11,0x11,0x11,0x11,0x11,0x11,0x11,0x11,0x11,0x11,0x11,0x11,0x11,0x11,0x11,0x11,0x11,0x11,0x11,0x11,0x11,0x11,0x11,0x11,0x11,0x11,0x11,0x11,0x11,0x11,0x11,0x11,0x11,0x11,0x11,0x11,0x11,0x11,0x11,0x11,0x11,0x11,0x11,0x11,0x11,0x11,0x11,0x11,0x11,0x11,0x11,0x11,0x11,0x11,0x11,0x11,0x11,0x11,0x11,0x11,0x11,0x11,0x11,0x11,0x11,0x11,0x11,0x11,0x11,0x11,0x00,0x00,
	0x00,0x00,0x00,0x11,0x11,0x11,0x11,0x11,0x11,0x11,0x11,0x11,0x11,0x11,0x11,0x11,0x11,0x11,0x11,0x11,0x11,0x11,0x11,0x11,0x11,0x11,0x11,0x11,0x11,0x11,0x11,0x11,0x11,0x11,0x11,0x11,0x11,0x11,0x11,0x11,0x11,0x11,0x11,0x11,0x11,0x11,0x11,0x11,0x11,0x11,0x11,0x11,0x11,0x11,0x11,0x11,0x11,0x11,0x11,0x11,0x11,0x11,0x11,0x11,0x11,0x11,0x11,0x11,0x11,0x11,0x11,0x11,0x11,0x11,0x11,0x11,0x11,0x11,0x11,0x11,0x11,0x11,0x11,0x11,0x11,0x11,0x11,0x11,0x11,0x11,0x11,0x11,0x11,0x11,0x11,0x11,0x11,0x11,0x11,0x11,0x11,0x11,0x11,0x11,0x11,0x11,0x11,0x11,0x11,0x11,0x11,0x11,0x11,0x11,0x11,0x11,0x11,0x11,0x11,0x11,0x11,0x11,0x11,0x11,0x11,0x11,0x11,0x11,0x11,0x11,0x11,0x11,0x00,0x00
};

const color_t chestInv_palette[7] = {0x0001, 0x0000, 0xffff, 0xc638, 0x52aa, 0x31a6, 0x8c51};

const unsigned char chestInv[28944] = {
	0x00,0x00,0x11,0x11,0x11,0x11,0x11,0x11,0x11,0x11,0x11,0x11,0x11,0x11,0x11,0x11,0x11,0x11,0x11,0x11,0x11,0x11,0x11,0x11,0x11,0x11,0x11,0x11,0x11,0x11,0x11,0x11,0x11,0x11,0x11,0x11,0x11,0x11,0x11,0x11,0x11,0x11,0x11,0x11,0x11,0x11,0x11,0x11,0x11,0x11,0x11,0x11,0x11,0x11,0x11,0x11,0x11,0x11,0x11,0x11,0x11,0x11,0x11,0x11,0x11,0x11,0x11,0x11,0x11,0x11,0x11,0x11,0x11,0x11,0x11,0x11,0x11,0x11,0x11,0x11,0x11,0x11,0x11,0x11,0x11,0x11,0x11,0x11,0x11,0x11,0x11,0x11,0x11,0x11,0x11,0x11,0x11,0x11,0x11,0x11,0x11,0x11,0x11,0x11,0x11,0x11,0x11,0x11,0x11,0x11,0x11,0x11,0x11,0x11,0x11,0x11,0x11,0x11,0x11,0x11,0x11,0x11,0x11,0x11,0x11,0x11,0x11,0x11,0x11,0x11,0x11,0x00,0x00,0x00,
	0x00,0x00,0x11,0x11,0x11,0x11,0x11,0x11,0x11,0x11,0x11,0x11,0x11,0x11,0x11,0x11,0x11,0x11,0x11,0x11,0x11,0x11,0x11,0x11,0x11,0x11,0x11,0x11,0x11,0x11,0x11,0x11,0x11,0x11,0x11,0x11,0x11,0x11,0x11,0x11,0x11,0x11,0x11,0x11,0x11,0x11,0x11,0x11,0x11,0x11,0x11,0x11,0x11,0x11,0x11,0x11,0x11,0x11,0x11,0x11,0x11,0x11,0x11,0x11,0x11,0x11,0x11,0x11,0x11,0x11,0x11,0x11,0x11,0x11,0x11,0x11,0x11,0x11,0x11,0x11,0x11,0x11,0x11,0x11,0x11,0x11,0x11,0x11,0x11,0x11,0x11,0x11,0x11,0x11,0x11,0x11,0x11,0x11,0x11,0x11,0x11,0x11,0x11,0x11,0x11,0x11,0x11,0x11,0x11,0x11,0x11,0x11,0x11,0x11,0x11,0x11,0x11,0x11,0x11,0x11,0x11,0x11,0x11,0x11,0x11,0x11,0x11,0x11,0x11,0x11,0x11,0x00,0x00,0x00,
	0x00,0x11,0x22,0x22,0x22,0x22,0x22,0x22,0x22,0x22,0x22,0x22,0x22,0x22,0x22,0x22,0x22,0x22,0x22,0x22,0x22,0x22,0x22,0x22,0x22,0x22,0x22,0x22,0x22,0x22,0x22,0x22,0x22,0x22,0x22,0x22,0x22,0x22,0x22,0x22,0x22,0x22,0x22,0x22,0x22,0x22,0x22,0x22,0x22,0x22,0x22,0x22,0x22,0x22,0x22,0x22,0x22,0x22,0x22,0x22,0x22,0x22,0x22,0x22,0x22,0x22,0x22,0x22,0x22,0x22,0x22,0x22,0x22,0x22,0x22,0x22,0x22,0x22,0x22,0x22,0x22,0x22,0x22,0x22,0x22,0x22,0x22,0x22,0x22,0x22,0x22,0x22,0x22,0x22,0x22,0x22,0x22,0x22,0x22,0x22,0x22,0x22,0x22,0x22,0x22,0x22,0x22,0x22,0x22,0x22,0x22,0x22,0x22,0x22,0x22,0x22,0x22,0x22,0x22,0x22,0x22,0x22,0x22,0x22,0x22,0x22,0x22,0x22,0x22,0x22,0x22,0x11,0x00,0x00,
	0x00,0x11,0x22,0x22,0x22,0x22,0x22,0x22,0x22,0x22,0x22,0x22,0x22,0x22,0x22,0x22,0x22,0x22,0x22,0x22,0x22,0x22,0x22,0x22,0x22,0x22,0x22,0x22,0x22,0x22,0x22,0x22,0x22,0x22,0x22,0x22,0x22,0x22,0x22,0x22,0x22,0x22,0x22,0x22,0x22,0x22,0x22,0x22,0x22,0x22,0x22,0x22,0x22,0x22,0x22,0x22,0x22,0x22,0x22,0x22,0x22,0x22,0x22,0x22,0x22,0x22,0x22,0x22,0x22,0x22,0x22,0x22,0x22,0x22,0x22,0x22,0x22,0x22,0x22,0x22,0x22,0x22,0x22,0x22,0x22,0x22,0x22,0x22,0x22,0x22,0x22,0x22,0x22,0x22,0x22,0x22,0x22,0x22,0x22,0x22,0x22,0x22,0x22,0x22,0x22,0x22,0x22,0x22,0x22,0x22,0x22,0x22,0x22,0x22,0x22,0x22,0x22,0x22,0x22,0x22,0x22,0x22,0x22,0x22,0x22,0x22,0x22,0x22,0x22,0x22,0x22,0x11,0x00,0x00,
	0x11,0x22,0x22,0x22,0x22,0x22,0x22,0x22,0x22,0x22,0x22,0x22,0x22,0x22,0x22,0x22,0x22,0x22,0x22,0x22,0x22,0x22,0x22,0x22,0x22,0x22,0x22,0x22,0x22,0x22,0x22,0x22,0x22,0x22,0x22,0x22,0x22,0x22,0x22,0x22,0x22,0x22,0x22,0x22,0x22,0x22,0x22,0x22,0x22,0x22,0x22,0x22,0x22,0x22,0x22,0x22,0x22,0x22,0x22,0x22,0x22,0x22,0x22,0x22,0x22,0x22,0x22,0x22,0x22,0x22,0x22,0x22,0x22,0x22,0x22,0x22,0x22,0x22,0x22,0x22,0x22,0x22,0x22,0x22,0x22,0x22,0x22,0x22,0x22,0x22,0x22,0x22,0x22,0x22,0x22,0x22,0x22,0x22,0x22,0x22,0x22,0x22,0x22,0x22,0x22,0x22,0x22,0x22,0x22,0x22,0x22,0x22,0x22,0x22,0x22,0x22,0x22,0x22,0x22,0x22,0x22,0x22,0x22,0x22,0x22,0x22,0x22,0x22,0x22,0x22,0x22,0x33,0x11,0x01,
	0x11,0x22,0x22,0x22,0x22,0x22,0x22,0x22,0x22,0x22,0x22,0x22,0x22,0x22,0x22,0x22,0x22,0x22,0x22,0x22,0x22,0x22,0x22,0x22,0x22,0x22,0x22,0x22,0x22,0x22,0x22,0x22,0x22,0x22,0x22,0x22,0x22,0x22,0x22,0x22,0x22,0x22,0x22,0x22,0x22,0x22,0x22,0x22,0x22,0x22,0x22,0x22,0x22,0x22,0x22,0x22,0x22,0x22,0x22,0x22,0x22,0x22,0x22,0x22,0x22,0x22,0x22,0x22,0x22,0x22,0x22,0x22,0x22,0x22,0x22,0x22,0x22,0x22,0x22,0x22,0x22,0x22,0x22,0x22,0x22,0x22,0x22,0x22,0x22,0x22,0x22,0x22,0x22,0x22,0x22,0x22,0x22,0x22,0x22,0x22,0x22,0x22,0x22,0x22,0x22,0x22,0x22,0x22,0x22,0x22,0x22,0x22,0x22,0x22,0x22,0x22,0x22,0x22,0x22,0x22,0x22,0x22,0x22,0x22,0x22,0x22,0x22,0x22,0x22,0x22,0x22,0x33,0x11,0x01,
	0x11,0x22,0x22,0x33,0x33,0x33,0x33,0x33,0x33,0x33,0x33,0x33,0x33,0x33,0x33,0x33,0x33,0x33,0x33,0x33,0x33,0x33,0x33,0x33,0x33,0x33,0x33,0x33,0x33,0x33,0x33,0x33,0x33,0x33,0x33,0x33,0x33,0x33,0x33,0x33,0x33,0x33,0x33,0x33,0x33,0x33,0x33,0x33,0x33,0x33,0x33,0x33,0x33,0x33,0x33,0x33,0x33,0x33,0x33,0x33,0x33,0x33,0x33,0x33,0x33,0x33,0x33,0x33,0x33,0x33,0x33,0x33,0x33,0x33,0x33,0x33,0x33,0x33,0x33,0x33,0x33,0x33,0x33,0x33,0x33,0x33,0x33,0x33,0x33,0x33,0x33,0x33,0x33,0x33,0x33,0x33,0x33,0x33,0x33,0x33,0x33,0x33,0x33,0x33,0x33,0x33,0x33,0x33,0x33,0x33,0x33,0x33,0x33,0x33,0x33,0x33,0x33,0x33,0x33,0x33,0x33,0x33,0x33,0x33,0x33,0x33,0x33,0x33,0x33,0x33,0x33,0x44,0x44,0x11,
	0x11,0x22,0x22,0x33,0x55,0x55,0x55,0x55,0x55,0x55,0x55,0x55,0x55,0x55,0x55,0x55,0x55,0x56,0x55,0x55,0x55,0x55,0x55,0x55,0x55,0x55,0x55,0x55,0x55,0x55,0x55,0x56,0x55,0x55,0x55,0x55,0x55,0x55,0x55,0x55,0x55,0x55,0x55,0x55,0x55,0x56,0x55,0x55,0x55,0x55,0x55,0x55,0x55,0x55,0x55,0x55,0x55,0x55,0x55,0x56,0x55,0x55,0x55,0x55,0x55,0x55,0x55,0x55,0x55,0x55,0x55,0x55,0x55,0x56,0x55,0x55,0x55,0x55,0x55,0x55,0x55,0x55,0x55,0x55,0x55,0x55,0x55,0x56,0x55,0x55,0x55,0x55,0x55,0x55,0x55,0x55,0x55,0x55,0x55,0x55,0x55,0x56,0x55,0x55,0x55,0x55,0x55,0x55,0x55,0x55,0x55,0x55,0x55,0x55,0x55,0x56,0x55,0x55,0x55,0x55,0x55,0x55,0x55,0x55,0x55,0x55,0x55,0x55,0x55,0x56,0x33,0x44,0x44,0x11,
	0x11,0x22,0x22,0x33,0x56,0x66,0x66,0x66,0x66,0x66,0x66,0x66,0x66,0x66,0x66,0x66,0x66,0x62,0x56,0x66,0x66,0x66,0x66,0x66,0x66,0x66,0x66,0x66,0x66,0x66,0x66,0x62,0x56,0x66,0x66,0x66,0x66,0x66,0x66,0x66,0x66,0x66,0x66,0x66,0x66,0x62,0x56,0x66,0x66,0x66,0x66,0x66,0x66,0x66,0x66,0x66,0x66,0x66,0x66,0x62,0x56,0x66,0x66,0x66,0x66,0x66,0x66,0x66,0x66,0x66,0x66,0x66,0x66,0x62,0x56,0x66,0x66,0x66,0x66,0x66,0x66,0x66,0x66,0x66,0x66,0x66,0x66,0x62,0x56,0x66,0x66,0x66,0x66,0x66,0x66,0x66,0x66,0x66,0x66,0x66,0x66,0x62,0x56,0x66,0x66,0x66,0x66,0x66,0x66,0x66,0x66,0x66,0x66,0x66,0x66,0x62,0x56,0x66,0x66,0x66,0x66,0x66,0x66,0x66,0x66,0x66,0x66,0x66,0x66,0x62,0x33,0x44,0x44,0x11,
	0x11,0x22,0x22,0x33,0x56,0x66,0x66,0x66,0x66,0x66,0x66,0x66,0x66,0x66,0x66,0x66,0x66,0x62,0x56,0x66,0x66,0x66,0x66,0x66,0x66,0x66,0x66,0x66,0x66,0x66,0x66,0x62,0x56,0x66,0x66,0x66,0x66,0x66,0x66,0x66,0x66,0x66,0x66,0x66,0x66,0x62,0x56,0x66,0x66,0x66,0x66,0x66,0x66,0x66,0x66,0x66,0x66,0x66,0x66,0x62,0x56,0x66,0x66,0x66,0x66,0x66,0x66,0x66,0x66,0x66,0x66,0x66,0x66,0x62,0x56,0x66,0x66,0x66,0x66,0x66,0x66,0x66,0x66,0x66,0x66,0x66,0x66,0x62,0x56,0x66,0x66,0x66,0x66,0x66,0x66,0x66,0x66,0x66,0x66,0x66,0x66,0x62,0x56,0x66,0x66,0x66,0x66,0x66,0x66,0x66,0x66,0x66,0x66,0x66,0x66,0x62,0x56,0x66,0x66,0x66,0x66,0x66,0x66,0x66,0x66,0x66,0x66,0x66,0x66,0x62,0x33,0x44,0x44,0x11,
	0x11,0x22,0x22,0x33,0x56,0x66,0x66,0x66,0x66,0x66,0x66,0x66,0x66,0x66,0x66,0x66,0x66,0x62,0x56,0x66,0x66,0x66,0x66,0x66,0x66,0x66,0x66,0x66,0x66,0x66,0x66,0x62,0x56,0x66,0x66,0x66,0x66,0x66,0x66,0x66,0x66,0x66,0x66,0x66,0x66,0x62,0x56,0x66,0x66,0x66,0x66,0x66,0x66,0x66,0x66,0x66,0x66,0x66,0x66,0x62,0x56,0x66,0x66,0x66,0x66,0x66,0x66,0x66,0x66,0x66,0x66,0x66,0x66,0x62,0x56,0x66,0x66,0x66,0x66,0x66,0x66,0x66,0x66,0x66,0x66,0x66,0x66,0x62,0x56,0x66,0x66,0x66,0x66,0x66,0x66,0x66,0x66,0x66,0x66,0x66,0x66,0x62,0x56,0x66,0x66,0x66,0x66,0x66,0x66,0x66,0x66,0x66,0x66,0x66,0x66,0x62,0x56,0x66,0x66,0x66,0x66,0x66,0x66,0x66,0x66,0x66,0x66,0x66,0x66,0x62,0x33,0x44,0x44,0x11,
	0x11,0x22,0x22,0x33,0x56,0x66,0x66,0x66,0x66,0x66,0x66,0x66,0x66,0x66,0x66,0x66,0x66,0x62,0x56,0x66,0x66,0x66,0x66,0x66,0x66,0x66,0x66,0x66,0x66,0x66,0x66,0x62,0x56,0x66,0x66,0x66,0x66,0x66,0x66,0x66,0x66,0x66,0x66,0x66,0x66,0x62,0x56,0x66,0x66,0x66,0x66,0x66,0x66,0x66,0x66,0x66,0x66,0x66,0x66,0x62,0x56,0x66,0x66,0x66,0x66,0x66,0x66,0x66,0x66,0x66,0x66,0x66,0x66,0x62,0x56,0x66,0x66,0x66,0x66,0x66,0x66,0x66,0x66,0x66,0x66,0x66,0x66,0x62,0x56,0x66,0x66,0x66,0x66,0x66,0x66,0x66,0x66,0x66,0x66,0x66,0x66,0x62,0x56,0x66,0x66,0x66,0x66,0x66,0x66,0x66,0x66,0x66,0x66,0x66,0x66,0x62,0x56,0x66,0x66,0x66,0x66,0x66,0x66,0x66,0x66,0x66,0x66,0x66,0x66,0x62,0x33,0x44,0x44,0x11,
	0x11,0x22,0x22,0x33,0x56,0x66,0x66,0x66,0x66,0x66,0x66,0x66,0x66,0x66,0x66,0x66,0x66,0x62,0x56,0x66,0x66,0x66,0x66,0x66,0x66,0x66,0x66,0x66,0x66,0x66,0x66,0x62,0x56,0x66,0x66,0x66,0x66,0x66,0x66,0x66,0x66,0x66,0x66,0x66,0x66,0x62,0x56,0x66,0x66,0x66,0x66,0x66,0x66,0x66,0x66,0x66,0x66,0x66,0x66,0x62,0x56,0x66,0x66,0x66,0x66,0x66,0x66,0x66,0x66,0x66,0x66,0x66,0x66,0x62,0x56,0x66,0x66,0x66,0x66,0x66,0x66,0x66,0x66,0x66,0x66,0x66,0x66,0x62,0x56,0x66,0x66,0x66,0x66,0x66,0x66,0x66,0x66,0x66,0x66,0x66,0x66,0x62,0x56,0x66,0x66,0x66,0x66,0x66,0x66,0x66,0x66,0x66,0x66,0x66,0x66,0x62,0x56,0x66,0x66,0x66,0x66,0x66,0x66,0x66,0x66,0x66,0x66,0x66,0x66,0x62,0x33,0x44,0x44,0x11,
	0x11,0x22,0x22,0x33,0x56,0x66,0x66,0x66,0x66,0x66,0x66,0x66,0x66,0x66,0x66,0x66,0x66,0x62,0x56,0x66,0x66,0x66,0x66,0x66,0x66,0x66,0x66,0x66,0x66,0x66,0x66,0x62,0x56,0x66,0x66,0x66,0x66,0x66,0x66,0x66,0x66,0x66,0x66,0x66,0x66,0x62,0x56,0x66,0x66,0x66,0x66,0x66,0x66,0x66,0x66,0x66,0x66,0x66,0x66,0x62,0x56,0x66,0x66,0x66,0x66,0x66,0x66,0x66,0x66,0x66,0x66,0x66,0x66,0x62,0x56,0x66,0x66,0x66,0x66,0x66,0x66,0x66,0x66,0x66,0x66,0x66,0x66,0x62,0x56,0x66,0x66,0x66,0x66,0x66,0x66,0x66,0x66,0x66,0x66,0x66,0x66,0x62,0x56,0x66,0x66,0x66,0x66,0x66,0x66,0x66,0x66,0x66,0x66,0x66,0x66,0x62,0x56,0x66,0x66,0x66,0x66,0x66,0x66,0x66,0x66,0x66,0x66,0x66,0x66,0x62,0x33,0x44,0x44,0x11,
	0x11,0x22,0x22,0x33,0x56,0x66,0x66,0x66,0x66,0x66,0x66,0x66,0x66,0x66,0x66,0x66,0x66,0x62,0x56,0x66,0x66,0x66,0x66,0x66,0x66,0x66,0x66,0x66,0x66,0x66,0x66,0x62,0x56,0x66,0x66,0x66,0x66,0x66,0x66,0x66,0x66,0x66,0x66,0x66,0x66,0x62,0x56,0x66,0x66,0x66,0x66,0x66,0x66,0x66,0x66,0x66,0x66,0x66,0x66,0x62,0x56,0x66,0x66,0x66,0x66,0x66,0x66,0x66,0x66,0x66,0x66,0x66,0x66,0x62,0x56,0x66,0x66,0x66,0x66,0x66,0x66,0x66,0x66,0x66,0x66,0x66,0x66,0x62,0x56,0x66,0x66,0x66,0x66,0x66,0x66,0x66,0x66,0x66,0x66,0x66,0x66,0x62,0x56,0x66,0x66,0x66,0x66,0x66,0x66,0x66,0x66,0x66,0x66,0x66,0x66,0x62,0x56,0x66,0x66,0x66,0x66,0x66,0x66,0x66,0x66,0x66,0x66,0x66,0x66,0x62,0x33,0x44,0x44,0x11,
	0x11,0x22,0x22,0x33,0x56,0x66,0x66,0x66,0x66,0x66,0x66,0x66,0x66,0x66,0x66,0x66,0x66,0x62,0x56,0x66,0x66,0x66,0x66,0x66,0x66,0x66,0x66,0x66,0x66,0x66,0x66,0x62,0x56,0x66,0x66,0x66,0x66,0x66,0x66,0x66,0x66,0x66,0x66,0x66,0x66,0x62,0x56,0x66,0x66,0x66,0x66,0x66,0x66,0x66,0x66,0x66,0x66,0x66,0x66,0x62,0x56,0x66,0x66,0x66,0x66,0x66,0x66,0x66,0x66,0x66,0x66,0x66,0x66,0x62,0x56,0x66,0x66,0x66,0x66,0x66,0x66,0x66,0x66,0x66,0x66,0x66,0x66,0x62,0x56,0x66,0x66,0x66,0x66,0x66,0x66,0x66,0x66,0x66,0x66,0x66,0x66,0x62,0x56,0x66,0x66,0x66,0x66,0x66,0x66,0x66,0x66,0x66,0x66,0x66,0x66,0x62,0x56,0x66,0x66,0x66,0x66,0x66,0x66,0x66,0x66,0x66,0x66,0x66,0x66,0x62,0x33,0x44,0x44,0x11,
	0x11,0x22,0x22,0x33,0x56,0x66,0x66,0x66,0x66,0x66,0x66,0x66,0x66,0x66,0x66,0x66,0x66,0x62,0x56,0x66,0x66,0x66,0x66,0x66,0x66,0x66,0x66,0x66,0x66,0x66,0x66,0x62,0x56,0x66,0x66,0x66,0x66,0x66,0x66,0x66,0x66,0x66,0x66,0x66,0x66,0x62,0x56,0x66,0x66,0x66,0x66,0x66,0x66,0x66,0x66,0x66,0x66,0x66,0x66,0x62,0x56,0x66,0x66,0x66,0x66,0x66,0x66,0x66,0x66,0x66,0x66,0x66,0x66,0x62,0x56,0x66,0x66,0x66,0x66,0x66,0x66,0x66,0x66,0x66,0x66,0x66,0x66,0x62,0x56,0x66,0x66,0x66,0x66,0x66,0x66,0x66,0x66,0x66,0x66,0x66,0x66,0x62,0x56,0x66,0x66,0x66,0x66,0x66,0x66,0x66,0x66,0x66,0x66,0x66,0x66,0x62,0x56,0x66,0x66,0x66,0x66,0x66,0x66,0x66,0x66,0x66,0x66,0x66,0x66,0x62,0x33,0x44,0x44,0x11,
	0x11,0x22,0x22,0x33,0x56,0x66,0x66,0x66,0x66,0x66,0x66,0x66,0x66,0x66,0x66,0x66,0x66,0x62,0x56,0x66,0x66,0x66,0x66,0x66,0x66,0x66,0x66,0x66,0x66,0x66,0x66,0x62,0x56,0x66,0x66,0x66,0x66,0x66,0x66,0x66,0x66,0x66,0x66,0x66,0x66,0x62,0x56,0x66,0x66,0x66,0x66,0x66,0x66,0x66,0x66,0x66,0x66,0x66,0x66,0x62,0x56,0x66,0x66,0x66,0x66,0x66,0x66,0x66,0x66,0x66,0x66,0x66,0x66,0x62,0x56,0x66,0x66,0x66,0x66,0x66,0x66,0x66,0x66,0x66,0x66,0x66,0x66,0x62,0x56,0x66,0x66,0x66,0x66,0x66,0x66,0x66,0x66,0x66,0x66,0x66,0x66,0x62,0x56,0x66,0x66,0x66,0x66,0x66,0x66,0x66,0x66,0x66,0x66,0x66,0x66,0x62,0x56,0x66,0x66,0x66,0x66,0x66,0x66,0x66,0x66,0x66,0x66,0x66,0x66,0x62,0x33,0x44,0x44,0x11,
	0x11,0x22,0x22,0x33,0x56,0x66,0x66,0x66,0x66,0x66,0x66,0x66,0x66,0x66,0x66,0x66,0x66,0x62,0x56,0x66,0x66,0x66,0x66,0x66,0x66,0x66,0x66,0x66,0x66,0x66,0x66,0x62,0x56,0x66,0x66,0x66,0x66,0x66,0x66,0x66,0x66,0x66,0x66,0x66,0x66,0x62,0x56,0x66,0x66,0x66,0x66,0x66,0x66,0x66,0x66,0x66,0x66,0x66,0x66,0x62,0x56,0x66,0x66,0x66,0x66,0x66,0x66,0x66,0x66,0x66,0x66,0x66,0x66,0x62,0x56,0x66,0x66,0x66,0x66,0x66,0x66,0x66,0x66,0x66,0x66,0x66,0x66,0x62,0x56,0x66,0x66,0x66,0x66,0x66,0x66,0x66,0x66,0x66,0x66,0x66,0x66,0x62,0x56,0x66,0x66,0x66,0x66,0x66,0x66,0x66,0x66,0x66,0x66,0x66,0x66,0x62,0x56,0x66,0x66,0x66,0x66,0x66,0x66,0x66,0x66,0x66,0x66,0x66,0x66,0x62,0x33,0x44,0x44,0x11,
	0x11,0x22,0x22,0x33,0x56,0x66,0x66,0x66,0x66,0x66,0x66,0x66,0x66,0x66,0x66,0x66,0x66,0x62,0x56,0x66,0x66,0x66,0x66,0x66,0x66,0x66,0x66,0x66,0x66,0x66,0x66,0x62,0x56,0x66,0x66,0x66,0x66,0x66,0x66,0x66,0x66,0x66,0x66,0x66,0x66,0x62,0x56,0x66,0x66,0x66,0x66,0x66,0x66,0x66,0x66,0x66,0x66,0x66,0x66,0x62,0x56,0x66,0x66,0x66,0x66,0x66,0x66,0x66,0x66,0x66,0x66,0x66,0x66,0x62,0x56,0x66,0x66,0x66,0x66,0x66,0x66,0x66,0x66,0x66,0x66,0x66,0x66,0x62,0x56,0x66,0x66,0x66,0x66,0x66,0x66,0x66,0x66,0x66,0x66,0x66,0x66,0x62,0x56,0x66,0x66,0x66,0x66,0x66,0x66,0x66,0x66,0x66,0x66,0x66,0x66,0x62,0x56,0x66,0x66,0x66,0x66,0x66,0x66,0x66,0x66,0x66,0x66,0x66,0x66,0x62,0x33,0x44,0x44,0x11,
	0x11,0x22,0x22,0x33,0x56,0x66,0x66,0x66,0x66,0x66,0x66,0x66,0x66,0x66,0x66,0x66,0x66,0x62,0x56,0x66,0x66,0x66,0x66,0x66,0x66,0x66,0x66,0x66,0x66,0x66,0x66,0x62,0x56,0x66,0x66,0x66,0x66,0x66,0x66,0x66,0x66,0x66,0x66,0x66,0x66,0x62,0x56,0x66,0x66,0x66,0x66,0x66,0x66,0x66,0x66,0x66,0x66,0x66,0x66,0x62,0x56,0x66,0x66,0x66,0x66,0x66,0x66,0x66,0x66,0x66,0x66,0x66,0x66,0x62,0x56,0x66,0x66,0x66,0x66,0x66,0x66,0x66,0x66,0x66,0x66,0x66,0x66,0x62,0x56,0x66,0x66,0x66,0x66,0x66,0x66,0x66,0x66,0x66,0x66,0x66,0x66,0x62,0x56,0x66,0x66,0x66,0x66,0x66,0x66,0x66,0x66,0x66,0x66,0x66,0x66,0x62,0x56,0x66,0x66,0x66,0x66,0x66,0x66,0x66,0x66,0x66,0x66,0x66,0x66,0x62,0x33,0x44,0x44,0x11,
	0x11,0x22,0x22,0x33,0x56,0x66,0x66,0x66,0x66,0x66,0x66,0x66,0x66,0x66,0x66,0x66,0x66,0x62,0x56,0x66,0x66,0x66,0x66,0x66,0x66,0x66,0x66,0x66,0x66,0x66,0x66,0x62,0x56,0x66,0x66,0x66,0x66,0x66,0x66,0x66,0x66,0x66,0x66,0x66,0x66,0x62,0x56,0x66,0x66,0x66,0x66,0x66,0x66,0x66,0x66,0x66,0x66,0x66,0x66,0x62,0x56,0x66,0x66,0x66,0x66,0x66,0x66,0x66,0x66,0x66,0x66,0x66,0x66,0x62,0x56,0x66,0x66,0x66,0x66,0x66,0x66,0x66,0x66,0x66,0x66,0x66,0x66,0x62,0x56,0x66,0x66,0x66,0x66,0x66,0x66,0x66,0x66,0x66,0x66,0x66,0x66,0x62,0x56,0x66,0x66,0x66,0x66,0x66,0x66,0x66,0x66,0x66,0x66,0x66,0x66,0x62,0x56,0x66,0x66,0x66,0x66,0x66,0x66,0x66,0x66,0x66,0x66,0x66,0x66,0x62,0x33,0x44,0x44,0x11,
	0x11,0x22,0x22,0x33,0x56,0x66,0x66,0x66,0x66,0x66,0x66,0x66,0x66,0x66,0x66,0x66,0x66,0x62,0x56,0x66,0x66,0x66,0x66,0x66,0x66,0x66,0x66,0x66,0x66,0x66,0x66,0x62,0x56,0x66,0x66,0x66,0x66,0x66,0x66,0x66,0x66,0x66,0x66,0x66,0x66,0x62,0x56,0x66,0x66,0x66,0x66,0x66,0x66,0x66,0x66,0x66,0x66,0x66,0x66,0x62,0x56,0x66,0x66,0x66,0x66,0x66,0x66,0x66,0x66,0x66,0x66,0x66,0x66,0x62,0x56,0x66,0x66,0x66,0x66,0x66,0x66,0x66,0x66,0x66,0x66,0x66,0x66,0x62,0x56,0x66,0x66,0x66,0x66,0x66,0x66,0x66,0x66,0x66,0x66,0x66,0x66,0x62,0x56,0x66,0x66,0x66,0x66,0x66,0x66,0x66,0x66,0x66,0x66,0x66,0x66,0x62,0x56,0x66,0x66,0x66,0x66,0x66,0x66,0x66,0x66,0x66,0x66,0x66,0x66,0x62,0x33,0x44,0x44,0x11,
	0x11,0x22,0x22,0x33,0x56,0x66,0x66,0x66,0x66,0x66,0x66,0x66,0x66,0x66,0x66,0x66,0x66,0x62,0x56,0x66,0x66,0x66,0x66,0x66,0x66,0x66,0x66,0x66,0x66,0x66,0x66,0x62,0x56,0x66,0x66,0x66,0x66,0x66,0x66,0x66,0x66,0x66,0x66,0x66,0x66,0x62,0x56,0x66,0x66,0x66,0x66,0x66,0x66,0x66,0x66,0x66,0x66,0x66,0x66,0x62,0x56,0x66,0x66,0x66,0x66,0x66,0x66,0x66,0x66,0x66,0x66,0x66,0x66,0x62,0x56,0x66,0x66,0x66,0x66,0x66,0x66,0x66,0x66,0x66,0x66,0x66,0x66,0x62,0x56,0x66,0x66,0x66,0x66,0x66,0x66,0x66,0x66,0x66,0x66,0x66,0x66,0x62,0x56,0x66,0x66,0x66,0x66,0x66,0x66,0x66,0x66,0x66,0x66,0x66,0x66,0x62,0x56,0x66,0x66,0x66,0x66,0x66,0x66,0x66,0x66,0x66,0x66,0x66,0x66,0x62,0x33,0x44,0x44,0x11,
	0x11,0x22,0x22,0x33,0x56,0x66,0x66,0x66,0x66,0x66,0x66,0x66,0x66,0x66,0x66,0x66,0x66,0x62,0x56,0x66,0x66,0x66,0x66,0x66,0x66,0x66,0x66,0x66,0x66,0x66,0x66,0x62,0x56,0x66,0x66,0x66,0x66,0x66,0x66,0x66,0x66,0x66,0x66,0x66,0x66,0x62,0x56,0x66,0x66,0x66,0x66,0x66,0x66,0x66,0x66,0x66,0x66,0x66,0x66,0x62,0x56,0x66,0x66,0x66,0x66,0x66,0x66,0x66,0x66,0x66,0x66,0x66,0x66,0x62,0x56,0x66,0x66,0x66,0x66,0x66,0x66,0x66,0x66,0x66,0x66,0x66,0x66,0x62,0x56,0x66,0x66,0x66,0x66,0x66,0x66,0x66,0x66,0x66,0x66,0x66,0x66,0x62,0x56,0x66,0x66,0x66,0x66,0x66,0x66,0x66,0x66,0x66,0x66,0x66,0x66,0x62,0x56,0x66,0x66,0x66,0x66,0x66,0x66,0x66,0x66,0x66,0x66,0x66,0x66,0x62,0x33,0x44,0x44,0x11,
	0x11,0x22,0x22,0x33,0x56,0x66,0x66,0x66,0x66,0x66,0x66,0x66,0x66,0x66,0x66,0x66,0x66,0x62,0x56,0x66,0x66,0x66,0x66,0x66,0x66,0x66,0x66,0x66,0x66,0x66,0x66,0x62,0x56,0x66,0x66,0x66,0x66,0x66,0x66,0x66,0x66,0x66,0x66,0x66,0x66,0x62,0x56,0x66,0x66,0x66,0x66,0x66,0x66,0x66,0x66,0x66,0x66,0x66,0x66,0x62,0x56,0x66,0x66,0x66,0x66,0x66,0x66,0x66,0x66,0x66,0x66,0x66,0x66,0x62,0x56,0x66,0x66,0x66,0x66,0x66,0x66,0x66,0x66,0x66,0x66,0x66,0x66,0x62,0x56,0x66,0x66,0x66,0x66,0x66,0x66,0x66,0x66,0x66,0x66,0x66,0x66,0x62,0x56,0x66,0x66,0x66,0x66,0x66,0x66,0x66,0x66,0x66,0x66,0x66,0x66,0x62,0x56,0x66,0x66,0x66,0x66,0x66,0x66,0x66,0x66,0x66,0x66,0x66,0x66,0x62,0x33,0x44,0x44,0x11,
	0x11,0x22,0x22,0x33,0x56,0x66,0x66,0x66,0x66,0x66,0x66,0x66,0x66,0x66,0x66,0x66,0x66,0x62,0x56,0x66,0x66,0x66,0x66,0x66,0x66,0x66,0x66,0x66,0x66,0x66,0x66,0x62,0x56,0x66,0x66,0x66,0x66,0x66,0x66,0x66,0x66,0x66,0x66,0x66,0x66,0x62,0x56,0x66,0x66,0x66,0x66,0x66,0x66,0x66,0x66,0x66,0x66,0x66,0x66,0x62,0x56,0x66,0x66,0x66,0x66,0x66,0x66,0x66,0x66,0x66,0x66,0x66,0x66,0x62,0x56,0x66,0x66,0x66,0x66,0x66,0x66,0x66,0x66,0x66,0x66,0x66,0x66,0x62,0x56,0x66,0x66,0x66,0x66,0x66,0x66,0x66,0x66,0x66,0x66,0x66,0x66,0x62,0x56,0x66,0x66,0x66,0x66,0x66,0x66,0x66,0x66,0x66,0x66,0x66,0x66,0x62,0x56,0x66,0x66,0x66,0x66,0x66,0x66,0x66,0x66,0x66,0x66,0x66,0x66,0x62,0x33,0x44,0x44,0x11,
	0x11,0x22,0x22,0x33,0x56,0x66,0x66,0x66,0x66,0x66,0x66,0x66,0x66,0x66,0x66,0x66,0x66,0x62,0x56,0x66,0x66,0x66,0x66,0x66,0x66,0x66,0x66,0x66,0x66,0x66,0x66,0x62,0x56,0x66,0x66,0x66,0x66,0x66,0x66,0x66,0x66,0x66,0x66,0x66,0x66,0x62,0x56,0x66,0x66,0x66,0x66,0x66,0x66,0x66,0x66,0x66,0x66,0x66,0x66,0x62,0x56,0x66,0x66,0x66,0x66,0x66,0x66,0x66,0x66,0x66,0x66,0x66,0x66,0x62,0x56,0x66,0x66,0x66,0x66,0x66,0x66,0x66,0x66,0x66,0x66,0x66,0x66,0x62,0x56,0x66,0x66,0x66,0x66,0x66,0x66,0x66,0x66,0x66,0x66,0x66,0x66,0x62,0x56,0x66,0x66,0x66,0x66,0x66,0x66,0x66,0x66,0x66,0x66,0x66,0x66,0x62,0x56,0x66,0x66,0x66,0x66,0x66,0x66,0x66,0x66,0x66,0x66,0x66,0x66,0x62,0x33,0x44,0x44,0x11,
	0x11,0x22,0x22,0x33,0x56,0x66,0x66,0x66,0x66,0x66,0x66,0x66,0x66,0x66,0x66,0x66,0x66,0x62,0x56,0x66,0x66,0x66,0x66,0x66,0x66,0x66,0x66,0x66,0x66,0x66,0x66,0x62,0x56,0x66,0x66,0x66,0x66,0x66,0x66,0x66,0x66,0x66,0x66,0x66,0x66,0x62,0x56,0x66,0x66,0x66,0x66,0x66,0x66,0x66,0x66,0x66,0x66,0x66,0x66,0x62,0x56,0x66,0x66,0x66,0x66,0x66,0x66,0x66,0x66,0x66,0x66,0x66,0x66,0x62,0x56,0x66,0x66,0x66,0x66,0x66,0x66,0x66,0x66,0x66,0x66,0x66,0x66,0x62,0x56,0x66,0x66,0x66,0x66,0x66,0x66,0x66,0x66,0x66,0x66,0x66,0x66,0x62,0x56,0x66,0x66,0x66,0x66,0x66,0x66,0x66,0x66,0x66,0x66,0x66,0x66,0x62,0x56,0x66,0x66,0x66,0x66,0x66,0x66,0x66,0x66,0x66,0x66,0x66,0x66,0x62,0x33,0x44,0x44,0x11,
	0x11,0x22,0x22,0x33,0x56,0x66,0x66,0x66,0x66,0x66,0x66,0x66,0x66,0x66,0x66,0x66,0x66,0x62,0x56,0x66,0x66,0x66,0x66,0x66,0x66,0x66,0x66,0x66,0x66,0x66,0x66,0x62,0x56,0x66,0x66,0x66,0x66,0x66,0x66,0x66,0x66,0x66,0x66,0x66,0x66,0x62,0x56,0x66,0x66,0x66,0x66,0x66,0x66,0x66,0x66,0x66,0x66,0x66,0x66,0x62,0x56,0x66,0x66,0x66,0x66,0x66,0x66,0x66,0x66,0x66,0x66,0x66,0x66,0x62,0x56,0x66,0x66,0x66,0x66,0x66,0x66,0x66,0x66,0x66,0x66,0x66,0x66,0x62,0x56,0x66,0x66,0x66,0x66,0x66,0x66,0x66,0x66,0x66,0x66,0x66,0x66,0x62,0x56,0x66,0x66,0x66,0x66,0x66,0x66,0x66,0x66,0x66,0x66,0x66,0x66,0x62,0x56,0x66,0x66,0x66,0x66,0x66,0x66,0x66,0x66,0x66,0x66,0x66,0x66,0x62,0x33,0x44,0x44,0x11,
	0x11,0x22,0x22,0x33,0x56,0x66,0x66,0x66,0x66,0x66,0x66,0x66,0x66,0x66,0x66,0x66,0x66,0x62,0x56,0x66,0x66,0x66,0x66,0x66,0x66,0x66,0x66,0x66,0x66,0x66,0x66,0x62,0x56,0x66,0x66,0x66,0x66,0x66,0x66,0x66,0x66,0x66,0x66,0x66,0x66,0x62,0x56,0x66,0x66,0x66,0x66,0x66,0x66,0x66,0x66,0x66,0x66,0x66,0x66,0x62,0x56,0x66,0x66,0x66,0x66,0x66,0x66,0x66,0x66,0x66,0x66,0x66,0x66,0x62,0x56,0x66,0x66,0x66,0x66,0x66,0x66,0x66,0x66,0x66,0x66,0x66,0x66,0x62,0x56,0x66,0x66,0x66,0x66,0x66,0x66,0x66,0x66,0x66,0x66,0x66,0x66,0x62,0x56,0x66,0x66,0x66,0x66,0x66,0x66,0x66,0x66,0x66,0x66,0x66,0x66,0x62,0x56,0x66,0x66,0x66,0x66,0x66,0x66,0x66,0x66,0x66,0x66,0x66,0x66,0x62,0x33,0x44,0x44,0x11,
	0x11,0x22,0x22,0x33,0x56,0x66,0x66,0x66,0x66,0x66,0x66,0x66,0x66,0x66,0x66,0x66,0x66,0x62,0x56,0x66,0x66,0x66,0x66,0x66,0x66,0x66,0x66,0x66,0x66,0x66,0x66,0x62,0x56,0x66,0x66,0x66,0x66,0x66,0x66,0x66,0x66,0x66,0x66,0x66,0x66,0x62,0x56,0x66,0x66,0x66,0x66,0x66,0x66,0x66,0x66,0x66,0x66,0x66,0x66,0x62,0x56,0x66,0x66,0x66,0x66,0x66,0x66,0x66,0x66,0x66,0x66,0x66,0x66,0x62,0x56,0x66,0x66,0x66,0x66,0x66,0x66,0x66,0x66,0x66,0x66,0x66,0x66,0x62,0x56,0x66,0x66,0x66,0x66,0x66,0x66,0x66,0x66,0x66,0x66,0x66,0x66,0x62,0x56,0x66,0x66,0x66,0x66,0x66,0x66,0x66,0x66,0x66,0x66,0x66,0x66,0x62,0x56,0x66,0x66,0x66,0x66,0x66,0x66,0x66,0x66,0x66,0x66,0x66,0x66,0x62,0x33,0x44,0x44,0x11,
	0x11,0x22,0x22,0x33,0x56,0x66,0x66,0x66,0x66,0x66,0x66,0x66,0x66,0x66,0x66,0x66,0x66,0x62,0x56,0x66,0x66,0x66,0x66,0x66,0x66,0x66,0x66,0x66,0x66,0x66,0x66,0x62,0x56,0x66,0x66,0x66,0x66,0x66,0x66,0x66,0x66,0x66,0x66,0x66,0x66,0x62,0x56,0x66,0x66,0x66,0x66,0x66,0x66,0x66,0x66,0x66,0x66,0x66,0x66,0x62,0x56,0x66,0x66,0x66,0x66,0x66,0x66,0x66,0x66,0x66,0x66,0x66,0x66,0x62,0x56,0x66,0x66,0x66,0x66,0x66,0x66,0x66,0x66,0x66,0x66,0x66,0x66,0x62,0x56,0x66,0x66,0x66,0x66,0x66,0x66,0x66,0x66,0x66,0x66,0x66,0x66,0x62,0x56,0x66,0x66,0x66,0x66,0x66,0x66,0x66,0x66,0x66,0x66,0x66,0x66,0x62,0x56,0x66,0x66,0x66,0x66,0x66,0x66,0x66,0x66,0x66,0x66,0x66,0x66,0x62,0x33,0x44,0x44,0x11,
	0x11,0x22,0x22,0x33,0x56,0x66,0x66,0x66,0x66,0x66,0x66,0x66,0x66,0x66,0x66,0x66,0x66,0x62,0x56,0x66,0x66,0x66,0x66,0x66,0x66,0x66,0x66,0x66,0x66,0x66,0x66,0x62,0x56,0x66,0x66,0x66,0x66,0x66,0x66,0x66,0x66,0x66,0x66,0x66,0x66,0x62,0x56,0x66,0x66,0x66,0x66,0x66,0x66,0x66,0x66,0x66,0x66,0x66,0x66,0x62,0x56,0x66,0x66,0x66,0x66,0x66,0x66,0x66,0x66,0x66,0x66,0x66,0x66,0x62,0x56,0x66,0x66,0x66,0x66,0x66,0x66,0x66,0x66,0x66,0x66,0x66,0x66,0x62,0x56,0x66,0x66,0x66,0x66,0x66,0x66,0x66,0x66,0x66,0x66,0x66,0x66,0x62,0x56,0x66,0x66,0x66,0x66,0x66,0x66,0x66,0x66,0x66,0x66,0x66,0x66,0x62,0x56,0x66,0x66,0x66,0x66,0x66,0x66,0x66,0x66,0x66,0x66,0x66,0x66,0x62,0x33,0x44,0x44,0x11,
	0x11,0x22,0x22,0x33,0x62,0x22,0x22,0x22,0x22,0x22,0x22,0x22,0x22,0x22,0x22,0x22,0x22,0x22,0x62,0x22,0x22,0x22,0x22,0x22,0x22,0x22,0x22,0x22,0x22,0x22,0x22,0x22,0x62,0x22,0x22,0x22,0x22,0x22,0x22,0x22,0x22,0x22,0x22,0x22,0x22,0x22,0x62,0x22,0x22,0x22,0x22,0x22,0x22,0x22,0x22,0x22,0x22,0x22,0x22,0x22,0x62,0x22,0x22,0x22,0x22,0x22,0x22,0x22,0x22,0x22,0x22,0x22,0x22,0x22,0x62,0x22,0x22,0x22,0x22,0x22,0x22,0x22,0x22,0x22,0x22,0x22,0x22,0x22,0x62,0x22,0x22,0x22,0x22,0x22,0x22,0x22,0x22,0x22,0x22,0x22,0x22,0x22,0x62,0x22,0x22,0x22,0x22,0x22,0x22,0x22,0x22,0x22,0x22,0x22,0x22,0x22,0x62,0x22,0x22,0x22,0x22,0x22,0x22,0x22,0x22,0x22,0x22,0x22,0x22,0x22,0x33,0x44,0x44,0x11,
	0x11,0x22,0x22,0x33,0x55,0x55,0x55,0x55,0x55,0x55,0x55,0x55,0x55,0x55,0x55,0x55,0x55,0x56,0x55,0x55,0x55,0x55,0x55,0x55,0x55,0x55,0x55,0x55,0x55,0x55,0x55,0x56,0x55,0x55,0x55,0x55,0x55,0x55,0x55,0x55,0x55,0x55,0x55,0x55,0x55,0x56,0x55,0x55,0x55,0x55,0x55,0x55,0x55,0x55,0x55,0x55,0x55,0x55,0x55,0x56,0x55,0x55,0x55,0x55,0x55,0x55,0x55,0x55,0x55,0x55,0x55,0x55,0x55,0x56,0x55,0x55,0x55,0x55,0x55,0x55,0x55,0x55,0x55,0x55,0x55,0x55,0x55,0x56,0x55,0x55,0x55,0x55,0x55,0x55,0x55,0x55,0x55,0x55,0x55,0x55,0x55,0x56,0x55,0x55,0x55,0x55,0x55,0x55,0x55,0x55,0x55,0x55,0x55,0x55,0x55,0x56,0x55,0x55,0x55,0x55,0x55,0x55,0x55,0x55,0x55,0x55,0x55,0x55,0x55,0x56,0x33,0x44,0x44,0x11,
	0x11,0x22,0x22,0x33,0x56,0x66,0x66,0x66,0x66,0x66,0x66,0x66,0x66,0x66,0x66,0x66,0x66,0x62,0x56,0x66,0x66,0x66,0x66,0x66,0x66,0x66,0x66,0x66,0x66,0x66,0x66,0x62,0x56,0x66,0x66,0x66,0x66,0x66,0x66,0x66,0x66,0x66,0x66,0x66,0x66,0x62,0x56,0x66,0x66,0x66,0x66,0x66,0x66,0x66,0x66,0x66,0x66,0x66,0x66,0x62,0x56,0x66,0x66,0x66,0x66,0x66,0x66,0x66,0x66,0x66,0x66,0x66,0x66,0x62,0x56,0x66,0x66,0x66,0x66,0x66,0x66,0x66,0x66,0x66,0x66,0x66,0x66,0x62,0x56,0x66,0x66,0x66,0x66,0x66,0x66,0x66,0x66,0x66,0x66,0x66,0x66,0x62,0x56,0x66,0x66,0x66,0x66,0x66,0x66,0x66,0x66,0x66,0x66,0x66,0x66,0x62,0x56,0x66,0x66,0x66,0x66,0x66,0x66,0x66,0x66,0x66,0x66,0x66,0x66,0x62,0x33,0x44,0x44,0x11,
	0x11,0x22,0x22,0x33,0x56,0x66,0x66,0x66,0x66,0x66,0x66,0x66,0x66,0x66,0x66,0x66,0x66,0x62,0x56,0x66,0x66,0x66,0x66,0x66,0x66,0x66,0x66,0x66,0x66,0x66,0x66,0x62,0x56,0x66,0x66,0x66,0x66,0x66,0x66,0x66,0x66,0x66,0x66,0x66,0x66,0x62,0x56,0x66,0x66,0x66,0x66,0x66,0x66,0x66,0x66,0x66,0x66,0x66,0x66,0x62,0x56,0x66,0x66,0x66,0x66,0x66,0x66,0x66,0x66,0x66,0x66,0x66,0x66,0x62,0x56,0x66,0x66,0x66,0x66,0x66,0x66,0x66,0x66,0x66,0x66,0x66,0x66,0x62,0x56,0x66,0x66,0x66,0x66,0x66,0x66,0x66,0x66,0x66,0x66,0x66,0x66,0x62,0x56,0x66,0x66,0x66,0x66,0x66,0x66,0x66,0x66,0x66,0x66,0x66,0x66,0x62,0x56,0x66,0x66,0x66,0x66,0x66,0x66,0x66,0x66,0x66,0x66,0x66,0x66,0x62,0x33,0x44,0x44,0x11,
	0x11,0x22,0x22,0x33,0x56,0x66,0x66,0x66,0x66,0x66,0x66,0x66,0x66,0x66,0x66,0x66,0x66,0x62,0x56,0x66,0x66,0x66,0x66,0x66,0x66,0x66,0x66,0x66,0x66,0x66,0x66,0x62,0x56,0x66,0x66,0x66,0x66,0x66,0x66,0x66,0x66,0x66,0x66,0x66,0x66,0x62,0x56,0x66,0x66,0x66,0x66,0x66,0x66,0x66,0x66,0x66,0x66,0x66,0x66,0x62,0x56,0x66,0x66,0x66,0x66,0x66,0x66,0x66,0x66,0x66,0x66,0x66,0x66,0x62,0x56,0x66,0x66,0x66,0x66,0x66,0x66,0x66,0x66,0x66,0x66,0x66,0x66,0x62,0x56,0x66,0x66,0x66,0x66,0x66,0x66,0x66,0x66,0x66,0x66,0x66,0x66,0x62,0x56,0x66,0x66,0x66,0x66,0x66,0x66,0x66,0x66,0x66,0x66,0x66,0x66,0x62,0x56,0x66,0x66,0x66,0x66,0x66,0x66,0x66,0x66,0x66,0x66,0x66,0x66,0x62,0x33,0x44,0x44,0x11,
	0x11,0x22,0x22,0x33,0x56,0x66,0x66,0x66,0x66,0x66,0x66,0x66,0x66,0x66,0x66,0x66,0x66,0x62,0x56,0x66,0x66,0x66,0x66,0x66,0x66,0x66,0x66,0x66,0x66,0x66,0x66,0x62,0x56,0x66,0x66,0x66,0x66,0x66,0x66,0x66,0x66,0x66,0x66,0x66,0x66,0x62,0x56,0x66,0x66,0x66,0x66,0x66,0x66,0x66,0x66,0x66,0x66,0x66,0x66,0x62,0x56,0x66,0x66,0x66,0x66,0x66,0x66,0x66,0x66,0x66,0x66,0x66,0x66,0x62,0x56,0x66,0x66,0x66,0x66,0x66,0x66,0x66,0x66,0x66,0x66,0x66,0x66,0x62,0x56,0x66,0x66,0x66,0x66,0x66,0x66,0x66,0x66,0x66,0x66,0x66,0x66,0x62,0x56,0x66,0x66,0x66,0x66,0x66,0x66,0x66,0x66,0x66,0x66,0x66,0x66,0x62,0x56,0x66,0x66,0x66,0x66,0x66,0x66,0x66,0x66,0x66,0x66,0x66,0x66,0x62,0x33,0x44,0x44,0x11,
	0x11,0x22,0x22,0x33,0x56,0x66,0x66,0x66,0x66,0x66,0x66,0x66,0x66,0x66,0x66,0x66,0x66,0x62,0x56,0x66,0x66,0x66,0x66,0x66,0x66,0x66,0x66,0x66,0x66,0x66,0x66,0x62,0x56,0x66,0x66,0x66,0x66,0x66,0x66,0x66,0x66,0x66,0x66,0x66,0x66,0x62,0x56,0x66,0x66,0x66,0x66,0x66,0x66,0x66,0x66,0x66,0x66,0x66,0x66,0x62,0x56,0x66,0x66,0x66,0x66,0x66,0x66,0x66,0x66,0x66,0x66,0x66,0x66,0x62,0x56,0x66,0x66,0x66,0x66,0x66,0x66,0x66,0x66,0x66,0x66,0x66,0x66,0x62,0x56,0x66,0x66,0x66,0x66,0x66,0x66,0x66,0x66,0x66,0x66,0x66,0x66,0x62,0x56,0x66,0x66,0x66,0x66,0x66,0x66,0x66,0x66,0x66,0x66,0x66,0x66,0x62,0x56,0x66,0x66,0x66,0x66,0x66,0x66,0x66,0x66,0x66,0x66,0x66,0x66,0x62,0x33,0x44,0x44,0x11,
	0x11,0x22,0x22,0x33,0x56,0x66,0x66,0x66,0x66,0x66,0x66,0x66,0x66,0x66,0x66,0x66,0x66,0x62,0x56,0x66,0x66,0x66,0x66,0x66,0x66,0x66,0x66,0x66,0x66,0x66,0x66,0x62,0x56,0x66,0x66,0x66,0x66,0x66,0x66,0x66,0x66,0x66,0x66,0x66,0x66,0x62,0x56,0x66,0x66,0x66,0x66,0x66,0x66,0x66,0x66,0x66,0x66,0x66,0x66,0x62,0x56,0x66,0x66,0x66,0x66,0x66,0x66,0x66,0x66,0x66,0x66,0x66,0x66,0x62,0x56,0x66,0x66,0x66,0x66,0x66,0x66,0x66,0x66,0x66,0x66,0x66,0x66,0x62,0x56,0x66,0x66,0x66,0x66,0x66,0x66,0x66,0x66,0x66,0x66,0x66,0x66,0x62,0x56,0x66,0x66,0x66,0x66,0x66,0x66,0x66,0x66,0x66,0x66,0x66,0x66,0x62,0x56,0x66,0x66,0x66,0x66,0x66,0x66,0x66,0x66,0x66,0x66,0x66,0x66,0x62,0x33,0x44,0x44,0x11,
	0x11,0x22,0x22,0x33,0x56,0x66,0x66,0x66,0x66,0x66,0x66,0x66,0x66,0x66,0x66,0x66,0x66,0x62,0x56,0x66,0x66,0x66,0x66,0x66,0x66,0x66,0x66,0x66,0x66,0x66,0x66,0x62,0x56,0x66,0x66,0x66,0x66,0x66,0x66,0x66,0x66,0x66,0x66,0x66,0x66,0x62,0x56,0x66,0x66,0x66,0x66,0x66,0x66,0x66,0x66,0x66,0x66,0x66,0x66,0x62,0x56,0x66,0x66,0x66,0x66,0x66,0x66,0x66,0x66,0x66,0x66,0x66,0x66,0x62,0x56,0x66,0x66,0x66,0x66,0x66,0x66,0x66,0x66,0x66,0x66,0x66,0x66,0x62,0x56,0x66,0x66,0x66,0x66,0x66,0x66,0x66,0x66,0x66,0x66,0x66,0x66,0x62,0x56,0x66,0x66,0x66,0x66,0x66,0x66,0x66,0x66,0x66,0x66,0x66,0x66,0x62,0x56,0x66,0x66,0x66,0x66,0x66,0x66,0x66,0x66,0x66,0x66,0x66,0x66,0x62,0x33,0x44,0x44,0x11,
	0x11,0x22,0x22,0x33,0x56,0x66,0x66,0x66,0x66,0x66,0x66,0x66,0x66,0x66,0x66,0x66,0x66,0x62,0x56,0x66,0x66,0x66,0x66,0x66,0x66,0x66,0x66,0x66,0x66,0x66,0x66,0x62,0x56,0x66,0x66,0x66,0x66,0x66,0x66,0x66,0x66,0x66,0x66,0x66,0x66,0x62,0x56,0x66,0x66,0x66,0x66,0x66,0x66,0x66,0x66,0x66,0x66,0x66,0x66,0x62,0x56,0x66,0x66,0x66,0x66,0x66,0x66,0x66,0x66,0x66,0x66,0x66,0x66,0x62,0x56,0x66,0x66,0x66,0x66,0x66,0x66,0x66,0x66,0x66,0x66,0x66,0x66,0x62,0x56,0x66,0x66,0x66,0x66,0x66,0x66,0x66,0x66,0x66,0x66,0x66,0x66,0x62,0x56,0x66,0x66,0x66,0x66,0x66,0x66,0x66,0x66,0x66,0x66,0x66,0x66,0x62,0x56,0x66,0x66,0x66,0x66,0x66,0x66,0x66,0x66,0x66,0x66,0x66,0x66,0x62,0x33,0x44,0x44,0x11,
	0x11,0x22,0x22,0x33,0x56,0x66,0x66,0x66,0x66,0x66,0x66,0x66,0x66,0x66,0x66,0x66,0x66,0x62,0x56,0x66,0x66,0x66,0x66,0x66,0x66,0x66,0x66,0x66,0x66,0x66,0x66,0x62,0x56,0x66,0x66,0x66,0x66,0x66,0x66,0x66,0x66,0x66,0x66,0x66,0x66,0x62,0x56,0x66,0x66,0x66,0x66,0x66,0x66,0x66,0x66,0x66,0x66,0x66,0x66,0x62,0x56,0x66,0x66,0x66,0x66,0x66,0x66,0x66,0x66,0x66,0x66,0x66,0x66,0x62,0x56,0x66,0x66,0x66,0x66,0x66,0x66,0x66,0x66,0x66,0x66,0x66,0x66,0x62,0x56,0x66,0x66,0x66,0x66,0x66,0x66,0x66,0x66,0x66,0x66,0x66,0x66,0x62,0x56,0x66,0x66,0x66,0x66,0x66,0x66,0x66,0x66,0x66,0x66,0x66,0x66,0x62,0x56,0x66,0x66,0x66,0x66,0x66,0x66,0x66,0x66,0x66,0x66,0x66,0x66,0x62,0x33,0x44,0x44,0x11,
	0x11,0x22,0x22,0x33,0x56,0x66,0x66,0x66,0x66,0x66,0x66,0x66,0x66,0x66,0x66,0x66,0x66,0x62,0x56,0x66,0x66,0x66,0x66,0x66,0x66,0x66,0x66,0x66,0x66,0x66,0x66,0x62,0x56,0x66,0x66,0x66,0x66,0x66,0x66,0x66,0x66,0x66,0x66,0x66,0x66,0x62,0x56,0x66,0x66,0x66,0x66,0x66,0x66,0x66,0x66,0x66,0x66,0x66,0x66,0x62,0x56,0x66,0x66,0x66,0x66,0x66,0x66,0x66,0x66,0x66,0x66,0x66,0x66,0x62,0x56,0x66,0x66,0x66,0x66,0x66,0x66,0x66,0x66,0x66,0x66,0x66,0x66,0x62,0x56,0x66,0x66,0x66,0x66,0x66,0x66,0x66,0x66,0x66,0x66,0x66,0x66,0x62,0x56,0x66,0x66,0x66,0x66,0x66,0x66,0x66,0x66,0x66,0x66,0x66,0x66,0x62,0x56,0x66,0x66,0x66,0x66,0x66,0x66,0x66,0x66,0x66,0x66,0x66,0x66,0x62,0x33,0x44,0x44,0x11,
	0x11,0x22,0x22,0x33,0x56,0x66,0x66,0x66,0x66,0x66,0x66,0x66,0x66,0x66,0x66,0x66,0x66,0x62,0x56,0x66,0x66,0x66,0x66,0x66,0x66,0x66,0x66,0x66,0x66,0x66,0x66,0x62,0x56,0x66,0x66,0x66,0x66,0x66,0x66,0x66,0x66,0x66,0x66,0x66,0x66,0x62,0x56,0x66,0x66,0x66,0x66,0x66,0x66,0x66,0x66,0x66,0x66,0x66,0x66,0x62,0x56,0x66,0x66,0x66,0x66,0x66,0x66,0x66,0x66,0x66,0x66,0x66,0x66,0x62,0x56,0x66,0x66,0x66,0x66,0x66,0x66,0x66,0x66,0x66,0x66,0x66,0x66,0x62,0x56,0x66,0x66,0x66,0x66,0x66,0x66,0x66,0x66,0x66,0x66,0x66,0x66,0x62,0x56,0x66,0x66,0x66,0x66,0x66,0x66,0x66,0x66,0x66,0x66,0x66,0x66,0x62,0x56,0x66,0x66,0x66,0x66,0x66,0x66,0x66,0x66,0x66,0x66,0x66,0x66,0x62,0x33,0x44,0x44,0x11,
	0x11,0x22,0x22,0x33,0x56,0x66,0x66,0x66,0x66,0x66,0x66,0x66,0x66,0x66,0x66,0x66,0x66,0x62,0x56,0x66,0x66,0x66,0x66,0x66,0x66,0x66,0x66,0x66,0x66,0x66,0x66,0x62,0x56,0x66,0x66,0x66,0x66,0x66,0x66,0x66,0x66,0x66,0x66,0x66,0x66,0x62,0x56,0x66,0x66,0x66,0x66,0x66,0x66,0x66,0x66,0x66,0x66,0x66,0x66,0x62,0x56,0x66,0x66,0x66,0x66,0x66,0x66,0x66,0x66,0x66,0x66,0x66,0x66,0x62,0x56,0x66,0x66,0x66,0x66,0x66,0x66,0x66,0x66,0x66,0x66,0x66,0x66,0x62,0x56,0x66,0x66,0x66,0x66,0x66,0x66,0x66,0x66,0x66,0x66,0x66,0x66,0x62,0x56,0x66,0x66,0x66,0x66,0x66,0x66,0x66,0x66,0x66,0x66,0x66,0x66,0x62,0x56,0x66,0x66,0x66,0x66,0x66,0x66,0x66,0x66,0x66,0x66,0x66,0x66,0x62,0x33,0x44,0x44,0x11,
	0x11,0x22,0x22,0x33,0x56,0x66,0x66,0x66,0x66,0x66,0x66,0x66,0x66,0x66,0x66,0x66,0x66,0x62,0x56,0x66,0x66,0x66,0x66,0x66,0x66,0x66,0x66,0x66,0x66,0x66,0x66,0x62,0x56,0x66,0x66,0x66,0x66,0x66,0x66,0x66,0x66,0x66,0x66,0x66,0x66,0x62,0x56,0x66,0x66,0x66,0x66,0x66,0x66,0x66,0x66,0x66,0x66,0x66,0x66,0x62,0x56,0x66,0x66,0x66,0x66,0x66,0x66,0x66,0x66,0x66,0x66,0x66,0x66,0x62,0x56,0x66,0x66,0x66,0x66,0x66,0x66,0x66,0x66,0x66,0x66,0x66,0x66,0x62,0x56,0x66,0x66,0x66,0x66,0x66,0x66,0x66,0x66,0x66,0x66,0x66,0x66,0x62,0x56,0x66,0x66,0x66,0x66,0x66,0x66,0x66,0x66,0x66,0x66,0x66,0x66,0x62,0x56,0x66,0x66,0x66,0x66,0x66,0x66,0x66,0x66,0x66,0x66,0x66,0x66,0x62,0x33,0x44,0x44,0x11,
	0x11,0x22,0x22,0x33,0x56,0x66,0x66,0x66,0x66,0x66,0x66,0x66,0x66,0x66,0x66,0x66,0x66,0x62,0x56,0x66,0x66,0x66,0x66,0x66,0x66,0x66,0x66,0x66,0x66,0x66,0x66,0x62,0x56,0x66,0x66,0x66,0x66,0x66,0x66,0x66,0x66,0x66,0x66,0x66,0x66,0x62,0x56,0x66,0x66,0x66,0x66,0x66,0x66,0x66,0x66,0x66,0x66,0x66,0x66,0x62,0x56,0x66,0x66,0x66,0x66,0x66,0x66,0x66,0x66,0x66,0x66,0x66,0x66,0x62,0x56,0x66,0x66,0x66,0x66,0x66,0x66,0x66,0x66,0x66,0x66,0x66,0x66,0x62,0x56,0x66,0x66,0x66,0x66,0x66,0x66,0x66,0x66,0x66,0x66,0x66,0x66,0x62,0x56,0x66,0x66,0x66,0x66,0x66,0x66,0x66,0x66,0x66,0x66,0x66,0x66,0x62,0x56,0x66,0x66,0x66,0x66,0x66,0x66,0x66,0x66,0x66,0x66,0x66,0x66,0x62,0x33,0x44,0x44,0x11,
	0x11,0x22,0x22,0x33,0x56,0x66,0x66,0x66,0x66,0x66,0x66,0x66,0x66,0x66,0x66,0x66,0x66,0x62,0x56,0x66,0x66,0x66,0x66,0x66,0x66,0x66,0x66,0x66,0x66,0x66,0x66,0x62,0x56,0x66,0x66,0x66,0x66,0x66,0x66,0x66,0x66,0x66,0x66,0x66,0x66,0x62,0x56,0x66,0x66,0x66,0x66,0x66,0x66,0x66,0x66,0x66,0x66,0x66,0x66,0x62,0x56,0x66,0x66,0x66,0x66,0x66,0x66,0x66,0x66,0x66,0x66,0x66,0x66,0x62,0x56,0x66,0x66,0x66,0x66,0x66,0x66,0x66,0x66,0x66,0x66,0x66,0x66,0x62,0x56,0x66,0x66,0x66,0x66,0x66,0x66,0x66,0x66,0x66,0x66,0x66,0x66,0x62,0x56,0x66,0x66,0x66,0x66,0x66,0x66,0x66,0x66,0x66,0x66,0x66,0x66,0x62,0x56,0x66,0x66,0x66,0x66,0x66,0x66,0x66,0x66,0x66,0x66,0x66,0x66,0x62,0x33,0x44,0x44,0x11,
	0x11,0x22,0x22,0x33,0x56,0x66,0x66,0x66,0x66,0x66,0x66,0x66,0x66,0x66,0x66,0x66,0x66,0x62,0x56,0x66,0x66,0x66,0x66,0x66,0x66,0x66,0x66,0x66,0x66,0x66,0x66,0x62,0x56,0x66,0x66,0x66,0x66,0x66,0x66,0x66,0x66,0x66,0x66,0x66,0x66,0x62,0x56,0x66,0x66,0x66,0x66,0x66,0x66,0x66,0x66,0x66,0x66,0x66,0x66,0x62,0x56,0x66,0x66,0x66,0x66,0x66,0x66,0x66,0x66,0x66,0x66,0x66,0x66,0x62,0x56,0x66,0x66,0x66,0x66,0x66,0x66,0x66,0x66,0x66,0x66,0x66,0x66,0x62,0x56,0x66,0x66,0x66,0x66,0x66,0x66,0x66,0x66,0x66,0x66,0x66,0x66,0x62,0x56,0x66,0x66,0x66,0x66,0x66,0x66,0x66,0x66,0x66,0x66,0x66,0x66,0x62,0x56,0x66,0x66,0x66,0x66,0x66,0x66,0x66,0x66,0x66,0x66,0x66,0x66,0x62,0x33,0x44,0x44,0x11,
	0x11,0x22,0x22,0x33,0x56,0x66,0x66,0x66,0x66,0x66,0x66,0x66,0x66,0x66,0x66,0x66,0x66,0x62,0x56,0x66,0x66,0x66,0x66,0x66,0x66,0x66,0x66,0x66,0x66,0x66,0x66,0x62,0x56,0x66,0x66,0x66,0x66,0x66,0x66,0x66,0x66,0x66,0x66,0x66,0x66,0x62,0x56,0x66,0x66,0x66,0x66,0x66,0x66,0x66,0x66,0x66,0x66,0x66,0x66,0x62,0x56,0x66,0x66,0x66,0x66,0x66,0x66,0x66,0x66,0x66,0x66,0x66,0x66,0x62,0x56,0x66,0x66,0x66,0x66,0x66,0x66,0x66,0x66,0x66,0x66,0x66,0x66,0x62,0x56,0x66,0x66,0x66,0x66,0x66,0x66,0x66,0x66,0x66,0x66,0x66,0x66,0x62,0x56,0x66,0x66,0x66,0x66,0x66,0x66,0x66,0x66,0x66,0x66,0x66,0x66,0x62,0x56,0x66,0x66,0x66,0x66,0x66,0x66,0x66,0x66,0x66,0x66,0x66,0x66,0x62,0x33,0x44,0x44,0x11,
	0x11,0x22,0x22,0x33,0x56,0x66,0x66,0x66,0x66,0x66,0x66,0x66,0x66,0x66,0x66,0x66,0x66,0x62,0x56,0x66,0x66,0x66,0x66,0x66,0x66,0x66,0x66,0x66,0x66,0x66,0x66,0x62,0x56,0x66,0x66,0x66,0x66,0x66,0x66,0x66,0x66,0x66,0x66,0x66,0x66,0x62,0x56,0x66,0x66,0x66,0x66,0x66,0x66,0x66,0x66,0x66,0x66,0x66,0x66,0x62,0x56,0x66,0x66,0x66,0x66,0x66,0x66,0x66,0x66,0x66,0x66,0x66,0x66,0x62,0x56,0x66,0x66,0x66,0x66,0x66,0x66,0x66,0x66,0x66,0x66,0x66,0x66,0x62,0x56,0x66,0x66,0x66,0x66,0x66,0x66,0x66,0x66,0x66,0x66,0x66,0x66,0x62,0x56,0x66,0x66,0x66,0x66,0x66,0x66,0x66,0x66,0x66,0x66,0x66,0x66,0x62,0x56,0x66,0x66,0x66,0x66,0x66,0x66,0x66,0x66,0x66,0x66,0x66,0x66,0x62,0x33,0x44,0x44,0x11,
	0x11,0x22,0x22,0x33,0x56,0x66,0x66,0x66,0x66,0x66,0x66,0x66,0x66,0x66,0x66,0x66,0x66,0x62,0x56,0x66,0x66,0x66,0x66,0x66,0x66,0x66,0x66,0x66,0x66,0x66,0x66,0x62,0x56,0x66,0x66,0x66,0x66,0x66,0x66,0x66,0x66,0x66,0x66,0x66,0x66,0x62,0x56,0x66,0x66,0x66,0x66,0x66,0x66,0x66,0x66,0x66,0x66,0x66,0x66,0x62,0x56,0x66,0x66,0x66,0x66,0x66,0x66,0x66,0x66,0x66,0x66,0x66,0x66,0x62,0x56,0x66,0x66,0x66,0x66,0x66,0x66,0x66,0x66,0x66,0x66,0x66,0x66,0x62,0x56,0x66,0x66,0x66,0x66,0x66,0x66,0x66,0x66,0x66,0x66,0x66,0x66,0x62,0x56,0x66,0x66,0x66,0x66,0x66,0x66,0x66,0x66,0x66,0x66,0x66,0x66,0x62,0x56,0x66,0x66,0x66,0x66,0x66,0x66,0x66,0x66,0x66,0x66,0x66,0x66,0x62,0x33,0x44,0x44,0x11,
	0x11,0x22,0x22,0x33,0x56,0x66,0x66,0x66,0x66,0x66,0x66,0x66,0x66,0x66,0x66,0x66,0x66,0x62,0x56,0x66,0x66,0x66,0x66,0x66,0x66,0x66,0x66,0x66,0x66,0x66,0x66,0x62,0x56,0x66,0x66,0x66,0x66,0x66,0x66,0x66,0x66,0x66,0x66,0x66,0x66,0x62,0x56,0x66,0x66,0x66,0x66,0x66,0x66,0x66,0x66,0x66,0x66,0x66,0x66,0x62,0x56,0x66,0x66,0x66,0x66,0x66,0x66,0x66,0x66,0x66,0x66,0x66,0x66,0x62,0x56,0x66,0x66,0x66,0x66,0x66,0x66,0x66,0x66,0x66,0x66,0x66,0x66,0x62,0x56,0x66,0x66,0x66,0x66,0x66,0x66,0x66,0x66,0x66,0x66,0x66,0x66,0x62,0x56,0x66,0x66,0x66,0x66,0x66,0x66,0x66,0x66,0x66,0x66,0x66,0x66,0x62,0x56,0x66,0x66,0x66,0x66,0x66,0x66,0x66,0x66,0x66,0x66,0x66,0x66,0x62,0x33,0x44,0x44,0x11,
	0x11,0x22,0x22,0x33,0x56,0x66,0x66,0x66,0x66,0x66,0x66,0x66,0x66,0x66,0x66,0x66,0x66,0x62,0x56,0x66,0x66,0x66,0x66,0x66,0x66,0x66,0x66,0x66,0x66,0x66,0x66,0x62,0x56,0x66,0x66,0x66,0x66,0x66,0x66,0x66,0x66,0x66,0x66,0x66,0x66,0x62,0x56,0x66,0x66,0x66,0x66,0x66,0x66,0x66,0x66,0x66,0x66,0x66,0x66,0x62,0x56,0x66,0x66,0x66,0x66,0x66,0x66,0x66,0x66,0x66,0x66,0x66,0x66,0x62,0x56,0x66,0x66,0x66,0x66,0x66,0x66,0x66,0x66,0x66,0x66,0x66,0x66,0x62,0x56,0x66,0x66,0x66,0x66,0x66,0x66,0x66,0x66,0x66,0x66,0x66,0x66,0x62,0x56,0x66,0x66,0x66,0x66,0x66,0x66,0x66,0x66,0x66,0x66,0x66,0x66,0x62,0x56,0x66,0x66,0x66,0x66,0x66,0x66,0x66,0x66,0x66,0x66,0x66,0x66,0x62,0x33,0x44,0x44,0x11,
	0x11,0x22,0x22,0x33,0x56,0x66,0x66,0x66,0x66,0x66,0x66,0x66,0x66,0x66,0x66,0x66,0x66,0x62,0x56,0x66,0x66,0x66,0x66,0x66,0x66,0x66,0x66,0x66,0x66,0x66,0x66,0x62,0x56,0x66,0x66,0x66,0x66,0x66,0x66,0x66,0x66,0x66,0x66,0x66,0x66,0x62,0x56,0x66,0x66,0x66,0x66,0x66,0x66,0x66,0x66,0x66,0x66,0x66,0x66,0x62,0x56,0x66,0x66,0x66,0x66,0x66,0x66,0x66,0x66,0x66,0x66,0x66,0x66,0x62,0x56,0x66,0x66,0x66,0x66,0x66,0x66,0x66,0x66,0x66,0x66,0x66,0x66,0x62,0x56,0x66,0x66,0x66,0x66,0x66,0x66,0x66,0x66,0x66,0x66,0x66,0x66,0x62,0x56,0x66,0x66,0x66,0x66,0x66,0x66,0x66,0x66,0x66,0x66,0x66,0x66,0x62,0x56,0x66,0x66,0x66,0x66,0x66,0x66,0x66,0x66,0x66,0x66,0x66,0x66,0x62,0x33,0x44,0x44,0x11,
	0x11,0x22,0x22,0x33,0x56,0x66,0x66,0x66,0x66,0x66,0x66,0x66,0x66,0x66,0x66,0x66,0x66,0x62,0x56,0x66,0x66,0x66,0x66,0x66,0x66,0x66,0x66,0x66,0x66,0x66,0x66,0x62,0x56,0x66,0x66,0x66,0x66,0x66,0x66,0x66,0x66,0x66,0x66,0x66,0x66,0x62,0x56,0x66,0x66,0x66,0x66,0x66,0x66,0x66,0x66,0x66,0x66,0x66,0x66,0x62,0x56,0x66,0x66,0x66,0x66,0x66,0x66,0x66,0x66,0x66,0x66,0x66,0x66,0x62,0x56,0x66,0x66,0x66,0x66,0x66,0x66,0x66,0x66,0x66,0x66,0x66,0x66,0x62,0x56,0x66,0x66,0x66,0x66,0x66,0x66,0x66,0x66,0x66,0x66,0x66,0x66,0x62,0x56,0x66,0x66,0x66,0x66,0x66,0x66,0x66,0x66,0x66,0x66,0x66,0x66,0x62,0x56,0x66,0x66,0x66,0x66,0x66,0x66,0x66,0x66,0x66,0x66,0x66,0x66,0x62,0x33,0x44,0x44,0x11,
	0x11,0x22,0x22,0x33,0x56,0x66,0x66,0x66,0x66,0x66,0x66,0x66,0x66,0x66,0x66,0x66,0x66,0x62,0x56,0x66,0x66,0x66,0x66,0x66,0x66,0x66,0x66,0x66,0x66,0x66,0x66,0x62,0x56,0x66,0x66,0x66,0x66,0x66,0x66,0x66,0x66,0x66,0x66,0x66,0x66,0x62,0x56,0x66,0x66,0x66,0x66,0x66,0x66,0x66,0x66,0x66,0x66,0x66,0x66,0x62,0x56,0x66,0x66,0x66,0x66,0x66,0x66,0x66,0x66,0x66,0x66,0x66,0x66,0x62,0x56,0x66,0x66,0x66,0x66,0x66,0x66,0x66,0x66,0x66,0x66,0x66,0x66,0x62,0x56,0x66,0x66,0x66,0x66,0x66,0x66,0x66,0x66,0x66,0x66,0x66,0x66,0x62,0x56,0x66,0x66,0x66,0x66,0x66,0x66,0x66,0x66,0x66,0x66,0x66,0x66,0x62,0x56,0x66,0x66,0x66,0x66,0x66,0x66,0x66,0x66,0x66,0x66,0x66,0x66,0x62,0x33,0x44,0x44,0x11,
	0x11,0x22,0x22,0x33,0x56,0x66,0x66,0x66,0x66,0x66,0x66,0x66,0x66,0x66,0x66,0x66,0x66,0x62,0x56,0x66,0x66,0x66,0x66,0x66,0x66,0x66,0x66,0x66,0x66,0x66,0x66,0x62,0x56,0x66,0x66,0x66,0x66,0x66,0x66,0x66,0x66,0x66,0x66,0x66,0x66,0x62,0x56,0x66,0x66,0x66,0x66,0x66,0x66,0x66,0x66,0x66,0x66,0x66,0x66,0x62,0x56,0x66,0x66,0x66,0x66,0x66,0x66,0x66,0x66,0x66,0x66,0x66,0x66,0x62,0x56,0x66,0x66,0x66,0x66,0x66,0x66,0x66,0x66,0x66,0x66,0x66,0x66,0x62,0x56,0x66,0x66,0x66,0x66,0x66,0x66,0x66,0x66,0x66,0x66,0x66,0x66,0x62,0x56,0x66,0x66,0x66,0x66,0x66,0x66,0x66,0x66,0x66,0x66,0x66,0x66,0x62,0x56,0x66,0x66,0x66,0x66,0x66,0x66,0x66,0x66,0x66,0x66,0x66,0x66,0x62,0x33,0x44,0x44,0x11,
	0x11,0x22,0x22,0x33,0x56,0x66,0x66,0x66,0x66,0x66,0x66,0x66,0x66,0x66,0x66,0x66,0x66,0x62,0x56,0x66,0x66,0x66,0x66,0x66,0x66,0x66,0x66,0x66,0x66,0x66,0x66,0x62,0x56,0x66,0x66,0x66,0x66,0x66,0x66,0x66,0x66,0x66,0x66,0x66,0x66,0x62,0x56,0x66,0x66,0x66,0x66,0x66,0x66,0x66,0x66,0x66,0x66,0x66,0x66,0x62,0x56,0x66,0x66,0x66,0x66,0x66,0x66,0x66,0x66,0x66,0x66,0x66,0x66,0x62,0x56,0x66,0x66,0x66,0x66,0x66,0x66,0x66,0x66,0x66,0x66,0x66,0x66,0x62,0x56,0x66,0x66,0x66,0x66,0x66,0x66,0x66,0x66,0x66,0x66,0x66,0x66,0x62,0x56,0x66,0x66,0x66,0x66,0x66,0x66,0x66,0x66,0x66,0x66,0x66,0x66,0x62,0x56,0x66,0x66,0x66,0x66,0x66,0x66,0x66,0x66,0x66,0x66,0x66,0x66,0x62,0x33,0x44,0x44,0x11,
	0x11,0x22,0x22,0x33,0x62,0x22,0x22,0x22,0x22,0x22,0x22,0x22,0x22,0x22,0x22,0x22,0x22,0x22,0x62,0x22,0x22,0x22,0x22,0x22,0x22,0x22,0x22,0x22,0x22,0x22,0x22,0x22,0x62,0x22,0x22,0x22,0x22,0x22,0x22,0x22,0x22,0x22,0x22,0x22,0x22,0x22,0x62,0x22,0x22,0x22,0x22,0x22,0x22,0x22,0x22,0x22,0x22,0x22,0x22,0x22,0x62,0x22,0x22,0x22,0x22,0x22,0x22,0x22,0x22,0x22,0x22,0x22,0x22,0x22,0x62,0x22,0x22,0x22,0x22,0x22,0x22,0x22,0x22,0x22,0x22,0x22,0x22,0x22,0x62,0x22,0x22,0x22,0x22,0x22,0x22,0x22,0x22,0x22,0x22,0x22,0x22,0x22,0x62,0x22,0x22,0x22,0x22,0x22,0x22,0x22,0x22,0x22,0x22,0x22,0x22,0x22,0x62,0x22,0x22,0x22,0x22,0x22,0x22,0x22,0x22,0x22,0x22,0x22,0x22,0x22,0x33,0x44,0x44,0x11,
	0x11,0x22,0x22,0x33,0x55,0x55,0x55,0x55,0x55,0x55,0x55,0x55,0x55,0x55,0x55,0x55,0x55,0x56,0x55,0x55,0x55,0x55,0x55,0x55,0x55,0x55,0x55,0x55,0x55,0x55,0x55,0x56,0x55,0x55,0x55,0x55,0x55,0x55,0x55,0x55,0x55,0x55,0x55,0x55,0x55,0x56,0x55,0x55,0x55,0x55,0x55,0x55,0x55,0x55,0x55,0x55,0x55,0x55,0x55,0x56,0x55,0x55,0x55,0x55,0x55,0x55,0x55,0x55,0x55,0x55,0x55,0x55,0x55,0x56,0x55,0x55,0x55,0x55,0x55,0x55,0x55,0x55,0x55,0x55,0x55,0x55,0x55,0x56,0x55,0x55,0x55,0x55,0x55,0x55,0x55,0x55,0x55,0x55,0x55,0x55,0x55,0x56,0x55,0x55,0x55,0x55,0x55,0x55,0x55,0x55,0x55,0x55,0x55,0x55,0x55,0x56,0x55,0x55,0x55,0x55,0x55,0x55,0x55,0x55,0x55,0x55,0x55,0x55,0x55,0x56,0x33,0x44,0x44,0x11,
	0x11,0x22,0x22,0x33,0x56,0x66,0x66,0x66,0x66,0x66,0x66,0x66,0x66,0x66,0x66,0x66,0x66,0x62,0x56,0x66,0x66,0x66,0x66,0x66,0x66,0x66,0x66,0x66,0x66,0x66,0x66,0x62,0x56,0x66,0x66,0x66,0x66,0x66,0x66,0x66,0x66,0x66,0x66,0x66,0x66,0x62,0x56,0x66,0x66,0x66,0x66,0x66,0x66,0x66,0x66,0x66,0x66,0x66,0x66,0x62,0x56,0x66,0x66,0x66,0x66,0x66,0x66,0x66,0x66,0x66,0x66,0x66,0x66,0x62,0x56,0x66,0x66,0x66,0x66,0x66,0x66,0x66,0x66,0x66,0x66,0x66,0x66,0x62,0x56,0x66,0x66,0x66,0x66,0x66,0x66,0x66,0x66,0x66,0x66,0x66,0x66,0x62,0x56,0x66,0x66,0x66,0x66,0x66,0x66,0x66,0x66,0x66,0x66,0x66,0x66,0x62,0x56,0x66,0x66,0x66,0x66,0x66,0x66,0x66,0x66,0x66,0x66,0x66,0x66,0x62,0x33,0x44,0x44,0x11,
	0x11,0x22,0x22,0x33,0x56,0x66,0x66,0x66,0x66,0x66,0x66,0x66,0x66,0x66,0x66,0x66,0x66,0x62,0x56,0x66,0x66,0x66,0x66,0x66,0x66,0x66,0x66,0x66,0x66,0x66,0x66,0x62,0x56,0x66,0x66,0x66,0x66,0x66,0x66,0x66,0x66,0x66,0x66,0x66,0x66,0x62,0x56,0x66,0x66,0x66,0x66,0x66,0x66,0x66,0x66,0x66,0x66,0x66,0x66,0x62,0x56,0x66,0x66,0x66,0x66,0x66,0x66,0x66,0x66,0x66,0x66,0x66,0x66,0x62,0x56,0x66,0x66,0x66,0x66,0x66,0x66,0x66,0x66,0x66,0x66,0x66,0x66,0x62,0x56,0x66,0x66,0x66,0x66,0x66,0x66,0x66,0x66,0x66,0x66,0x66,0x66,0x62,0x56,0x66,0x66,0x66,0x66,0x66,0x66,0x66,0x66,0x66,0x66,0x66,0x66,0x62,0x56,0x66,0x66,0x66,0x66,0x66,0x66,0x66,0x66,0x66,0x66,0x66,0x66,0x62,0x33,0x44,0x44,0x11,
	0x11,0x22,0x22,0x33,0x56,0x66,0x66,0x66,0x66,0x66,0x66,0x66,0x66,0x66,0x66,0x66,0x66,0x62,0x56,0x66,0x66,0x66,0x66,0x66,0x66,0x66,0x66,0x66,0x66,0x66,0x66,0x62,0x56,0x66,0x66,0x66,0x66,0x66,0x66,0x66,0x66,0x66,0x66,0x66,0x66,0x62,0x56,0x66,0x66,0x66,0x66,0x66,0x66,0x66,0x66,0x66,0x66,0x66,0x66,0x62,0x56,0x66,0x66,0x66,0x66,0x66,0x66,0x66,0x66,0x66,0x66,0x66,0x66,0x62,0x56,0x66,0x66,0x66,0x66,0x66,0x66,0x66,0x66,0x66,0x66,0x66,0x66,0x62,0x56,0x66,0x66,0x66,0x66,0x66,0x66,0x66,0x66,0x66,0x66,0x66,0x66,0x62,0x56,0x66,0x66,0x66,0x66,0x66,0x66,0x66,0x66,0x66,0x66,0x66,0x66,0x62,0x56,0x66,0x66,0x66,0x66,0x66,0x66,0x66,0x66,0x66,0x66,0x66,0x66,0x62,0x33,0x44,0x44,0x11,
	0x11,0x22,0x22,0x33,0x56,0x66,0x66,0x66,0x66,0x66,0x66,0x66,0x66,0x66,0x66,0x66,0x66,0x62,0x56,0x66,0x66,0x66,0x66,0x66,0x66,0x66,0x66,0x66,0x66,0x66,0x66,0x62,0x56,0x66,0x66,0x66,0x66,0x66,0x66,0x66,0x66,0x66,0x66,0x66,0x66,0x62,0x56,0x66,0x66,0x66,0x66,0x66,0x66,0x66,0x66,0x66,0x66,0x66,0x66,0x62,0x56,0x66,0x66,0x66,0x66,0x66,0x66,0x66,0x66,0x66,0x66,0x66,0x66,0x62,0x56,0x66,0x66,0x66,0x66,0x66,0x66,0x66,0x66,0x66,0x66,0x66,0x66,0x62,0x56,0x66,0x66,0x66,0x66,0x66,0x66,0x66,0x66,0x66,0x66,0x66,0x66,0x62,0x56,0x66,0x66,0x66,0x66,0x66,0x66,0x66,0x66,0x66,0x66,0x66,0x66,0x62,0x56,0x66,0x66,0x66,0x66,0x66,0x66,0x66,0x66,0x66,0x66,0x66,0x66,0x62,0x33,0x44,0x44,0x11,
	0x11,0x22,0x22,0x33,0x56,0x66,0x66,0x66,0x66,0x66,0x66,0x66,0x66,0x66,0x66,0x66,0x66,0x62,0x56,0x66,0x66,0x66,0x66,0x66,0x66,0x66,0x66,0x66,0x66,0x66,0x66,0x62,0x56,0x66,0x66,0x66,0x66,0x66,0x66,0x66,0x66,0x66,0x66,0x66,0x66,0x62,0x56,0x66,0x66,0x66,0x66,0x66,0x66,0x66,0x66,0x66,0x66,0x66,0x66,0x62,0x56,0x66,0x66,0x66,0x66,0x66,0x66,0x66,0x66,0x66,0x66,0x66,0x66,0x62,0x56,0x66,0x66,0x66,0x66,0x66,0x66,0x66,0x66,0x66,0x66,0x66,0x66,0x62,0x56,0x66,0x66,0x66,0x66,0x66,0x66,0x66,0x66,0x66,0x66,0x66,0x66,0x62,0x56,0x66,0x66,0x66,0x66,0x66,0x66,0x66,0x66,0x66,0x66,0x66,0x66,0x62,0x56,0x66,0x66,0x66,0x66,0x66,0x66,0x66,0x66,0x66,0x66,0x66,0x66,0x62,0x33,0x44,0x44,0x11,
	0x11,0x22,0x22,0x33,0x56,0x66,0x66,0x66,0x66,0x66,0x66,0x66,0x66,0x66,0x66,0x66,0x66,0x62,0x56,0x66,0x66,0x66,0x66,0x66,0x66,0x66,0x66,0x66,0x66,0x66,0x66,0x62,0x56,0x66,0x66,0x66,0x66,0x66,0x66,0x66,0x66,0x66,0x66,0x66,0x66,0x62,0x56,0x66,0x66,0x66,0x66,0x66,0x66,0x66,0x66,0x66,0x66,0x66,0x66,0x62,0x56,0x66,0x66,0x66,0x66,0x66,0x66,0x66,0x66,0x66,0x66,0x66,0x66,0x62,0x56,0x66,0x66,0x66,0x66,0x66,0x66,0x66,0x66,0x66,0x66,0x66,0x66,0x62,0x56,0x66,0x66,0x66,0x66,0x66,0x66,0x66,0x66,0x66,0x66,0x66,0x66,0x62,0x56,0x66,0x66,0x66,0x66,0x66,0x66,0x66,0x66,0x66,0x66,0x66,0x66,0x62,0x56,0x66,0x66,0x66,0x66,0x66,0x66,0x66,0x66,0x66,0x66,0x66,0x66,0x62,0x33,0x44,0x44,0x11,
	0x11,0x22,0x22,0x33,0x56,0x66,0x66,0x66,0x66,0x66,0x66,0x66,0x66,0x66,0x66,0x66,0x66,0x62,0x56,0x66,0x66,0x66,0x66,0x66,0x66,0x66,0x66,0x66,0x66,0x66,0x66,0x62,0x56,0x66,0x66,0x66,0x66,0x66,0x66,0x66,0x66,0x66,0x66,0x66,0x66,0x62,0x56,0x66,0x66,0x66,0x66,0x66,0x66,0x66,0x66,0x66,0x66,0x66,0x66,0x62,0x56,0x66,0x66,0x66,0x66,0x66,0x66,0x66,0x66,0x66,0x66,0x66,0x66,0x62,0x56,0x66,0x66,0x66,0x66,0x66,0x66,0x66,0x66,0x66,0x66,0x66,0x66,0x62,0x56,0x66,0x66,0x66,0x66,0x66,0x66,0x66,0x66,0x66,0x66,0x66,0x66,0x62,0x56,0x66,0x66,0x66,0x66,0x66,0x66,0x66,0x66,0x66,0x66,0x66,0x66,0x62,0x56,0x66,0x66,0x66,0x66,0x66,0x66,0x66,0x66,0x66,0x66,0x66,0x66,0x62,0x33,0x44,0x44,0x11,
	0x11,0x22,0x22,0x33,0x56,0x66,0x66,0x66,0x66,0x66,0x66,0x66,0x66,0x66,0x66,0x66,0x66,0x62,0x56,0x66,0x66,0x66,0x66,0x66,0x66,0x66,0x66,0x66,0x66,0x66,0x66,0x62,0x56,0x66,0x66,0x66,0x66,0x66,0x66,0x66,0x66,0x66,0x66,0x66,0x66,0x62,0x56,0x66,0x66,0x66,0x66,0x66,0x66,0x66,0x66,0x66,0x66,0x66,0x66,0x62,0x56,0x66,0x66,0x66,0x66,0x66,0x66,0x66,0x66,0x66,0x66,0x66,0x66,0x62,0x56,0x66,0x66,0x66,0x66,0x66,0x66,0x66,0x66,0x66,0x66,0x66,0x66,0x62,0x56,0x66,0x66,0x66,0x66,0x66,0x66,0x66,0x66,0x66,0x66,0x66,0x66,0x62,0x56,0x66,0x66,0x66,0x66,0x66,0x66,0x66,0x66,0x66,0x66,0x66,0x66,0x62,0x56,0x66,0x66,0x66,0x66,0x66,0x66,0x66,0x66,0x66,0x66,0x66,0x66,0x62,0x33,0x44,0x44,0x11,
	0x11,0x22,0x22,0x33,0x56,0x66,0x66,0x66,0x66,0x66,0x66,0x66,0x66,0x66,0x66,0x66,0x66,0x62,0x56,0x66,0x66,0x66,0x66,0x66,0x66,0x66,0x66,0x66,0x66,0x66,0x66,0x62,0x56,0x66,0x66,0x66,0x66,0x66,0x66,0x66,0x66,0x66,0x66,0x66,0x66,0x62,0x56,0x66,0x66,0x66,0x66,0x66,0x66,0x66,0x66,0x66,0x66,0x66,0x66,0x62,0x56,0x66,0x66,0x66,0x66,0x66,0x66,0x66,0x66,0x66,0x66,0x66,0x66,0x62,0x56,0x66,0x66,0x66,0x66,0x66,0x66,0x66,0x66,0x66,0x66,0x66,0x66,0x62,0x56,0x66,0x66,0x66,0x66,0x66,0x66,0x66,0x66,0x66,0x66,0x66,0x66,0x62,0x56,0x66,0x66,0x66,0x66,0x66,0x66,0x66,0x66,0x66,0x66,0x66,0x66,0x62,0x56,0x66,0x66,0x66,0x66,0x66,0x66,0x66,0x66,0x66,0x66,0x66,0x66,0x62,0x33,0x44,0x44,0x11,
	0x11,0x22,0x22,0x33,0x56,0x66,0x66,0x66,0x66,0x66,0x66,0x66,0x66,0x66,0x66,0x66,0x66,0x62,0x56,0x66,0x66,0x66,0x66,0x66,0x66,0x66,0x66,0x66,0x66,0x66,0x66,0x62,0x56,0x66,0x66,0x66,0x66,0x66,0x66,0x66,0x66,0x66,0x66,0x66,0x66,0x62,0x56,0x66,0x66,0x66,0x66,0x66,0x66,0x66,0x66,0x66,0x66,0x66,0x66,0x62,0x56,0x66,0x66,0x66,0x66,0x66,0x66,0x66,0x66,0x66,0x66,0x66,0x66,0x62,0x56,0x66,0x66,0x66,0x66,0x66,0x66,0x66,0x66,0x66,0x66,0x66,0x66,0x62,0x56,0x66,0x66,0x66,0x66,0x66,0x66,0x66,0x66,0x66,0x66,0x66,0x66,0x62,0x56,0x66,0x66,0x66,0x66,0x66,0x66,0x66,0x66,0x66,0x66,0x66,0x66,0x62,0x56,0x66,0x66,0x66,0x66,0x66,0x66,0x66,0x66,0x66,0x66,0x66,0x66,0x62,0x33,0x44,0x44,0x11,
	0x11,0x22,0x22,0x33,0x56,0x66,0x66,0x66,0x66,0x66,0x66,0x66,0x66,0x66,0x66,0x66,0x66,0x62,0x56,0x66,0x66,0x66,0x66,0x66,0x66,0x66,0x66,0x66,0x66,0x66,0x66,0x62,0x56,0x66,0x66,0x66,0x66,0x66,0x66,0x66,0x66,0x66,0x66,0x66,0x66,0x62,0x56,0x66,0x66,0x66,0x66,0x66,0x66,0x66,0x66,0x66,0x66,0x66,0x66,0x62,0x56,0x66,0x66,0x66,0x66,0x66,0x66,0x66,0x66,0x66,0x66,0x66,0x66,0x62,0x56,0x66,0x66,0x66,0x66,0x66,0x66,0x66,0x66,0x66,0x66,0x66,0x66,0x62,0x56,0x66,0x66,0x66,0x66,0x66,0x66,0x66,0x66,0x66,0x66,0x66,0x66,0x62,0x56,0x66,0x66,0x66,0x66,0x66,0x66,0x66,0x66,0x66,0x66,0x66,0x66,0x62,0x56,0x66,0x66,0x66,0x66,0x66,0x66,0x66,0x66,0x66,0x66,0x66,0x66,0x62,0x33,0x44,0x44,0x11,
	0x11,0x22,0x22,0x33,0x56,0x66,0x66,0x66,0x66,0x66,0x66,0x66,0x66,0x66,0x66,0x66,0x66,0x62,0x56,0x66,0x66,0x66,0x66,0x66,0x66,0x66,0x66,0x66,0x66,0x66,0x66,0x62,0x56,0x66,0x66,0x66,0x66,0x66,0x66,0x66,0x66,0x66,0x66,0x66,0x66,0x62,0x56,0x66,0x66,0x66,0x66,0x66,0x66,0x66,0x66,0x66,0x66,0x66,0x66,0x62,0x56,0x66,0x66,0x66,0x66,0x66,0x66,0x66,0x66,0x66,0x66,0x66,0x66,0x62,0x56,0x66,0x66,0x66,0x66,0x66,0x66,0x66,0x66,0x66,0x66,0x66,0x66,0x62,0x56,0x66,0x66,0x66,0x66,0x66,0x66,0x66,0x66,0x66,0x66,0x66,0x66,0x62,0x56,0x66,0x66,0x66,0x66,0x66,0x66,0x66,0x66,0x66,0x66,0x66,0x66,0x62,0x56,0x66,0x66,0x66,0x66,0x66,0x66,0x66,0x66,0x66,0x66,0x66,0x66,0x62,0x33,0x44,0x44,0x11,
	0x11,0x22,0x22,0x33,0x56,0x66,0x66,0x66,0x66,0x66,0x66,0x66,0x66,0x66,0x66,0x66,0x66,0x62,0x56,0x66,0x66,0x66,0x66,0x66,0x66,0x66,0x66,0x66,0x66,0x66,0x66,0x62,0x56,0x66,0x66,0x66,0x66,0x66,0x66,0x66,0x66,0x66,0x66,0x66,0x66,0x62,0x56,0x66,0x66,0x66,0x66,0x66,0x66,0x66,0x66,0x66,0x66,0x66,0x66,0x62,0x56,0x66,0x66,0x66,0x66,0x66,0x66,0x66,0x66,0x66,0x66,0x66,0x66,0x62,0x56,0x66,0x66,0x66,0x66,0x66,0x66,0x66,0x66,0x66,0x66,0x66,0x66,0x62,0x56,0x66,0x66,0x66,0x66,0x66,0x66,0x66,0x66,0x66,0x66,0x66,0x66,0x62,0x56,0x66,0x66,0x66,0x66,0x66,0x66,0x66,0x66,0x66,0x66,0x66,0x66,0x62,0x56,0x66,0x66,0x66,0x66,0x66,0x66,0x66,0x66,0x66,0x66,0x66,0x66,0x62,0x33,0x44,0x44,0x11,
	0x11,0x22,0x22,0x33,0x56,0x66,0x66,0x66,0x66,0x66,0x66,0x66,0x66,0x66,0x66,0x66,0x66,0x62,0x56,0x66,0x66,0x66,0x66,0x66,0x66,0x66,0x66,0x66,0x66,0x66,0x66,0x62,0x56,0x66,0x66,0x66,0x66,0x66,0x66,0x66,0x66,0x66,0x66,0x66,0x66,0x62,0x56,0x66,0x66,0x66,0x66,0x66,0x66,0x66,0x66,0x66,0x66,0x66,0x66,0x62,0x56,0x66,0x66,0x66,0x66,0x66,0x66,0x66,0x66,0x66,0x66,0x66,0x66,0x62,0x56,0x66,0x66,0x66,0x66,0x66,0x66,0x66,0x66,0x66,0x66,0x66,0x66,0x62,0x56,0x66,0x66,0x66,0x66,0x66,0x66,0x66,0x66,0x66,0x66,0x66,0x66,0x62,0x56,0x66,0x66,0x66,0x66,0x66,0x66,0x66,0x66,0x66,0x66,0x66,0x66,0x62,0x56,0x66,0x66,0x66,0x66,0x66,0x66,0x66,0x66,0x66,0x66,0x66,0x66,0x62,0x33,0x44,0x44,0x11,
	0x11,0x22,0x22,0x33,0x56,0x66,0x66,0x66,0x66,0x66,0x66,0x66,0x66,0x66,0x66,0x66,0x66,0x62,0x56,0x66,0x66,0x66,0x66,0x66,0x66,0x66,0x66,0x66,0x66,0x66,0x66,0x62,0x56,0x66,0x66,0x66,0x66,0x66,0x66,0x66,0x66,0x66,0x66,0x66,0x66,0x62,0x56,0x66,0x66,0x66,0x66,0x66,0x66,0x66,0x66,0x66,0x66,0x66,0x66,0x62,0x56,0x66,0x66,0x66,0x66,0x66,0x66,0x66,0x66,0x66,0x66,0x66,0x66,0x62,0x56,0x66,0x66,0x66,0x66,0x66,0x66,0x66,0x66,0x66,0x66,0x66,0x66,0x62,0x56,0x66,0x66,0x66,0x66,0x66,0x66,0x66,0x66,0x66,0x66,0x66,0x66,0x62,0x56,0x66,0x66,0x66,0x66,0x66,0x66,0x66,0x66,0x66,0x66,0x66,0x66,0x62,0x56,0x66,0x66,0x66,0x66,0x66,0x66,0x66,0x66,0x66,0x66,0x66,0x66,0x62,0x33,0x44,0x44,0x11,
	0x11,0x22,0x22,0x33,0x56,0x66,0x66,0x66,0x66,0x66,0x66,0x66,0x66,0x66,0x66,0x66,0x66,0x62,0x56,0x66,0x66,0x66,0x66,0x66,0x66,0x66,0x66,0x66,0x66,0x66,0x66,0x62,0x56,0x66,0x66,0x66,0x66,0x66,0x66,0x66,0x66,0x66,0x66,0x66,0x66,0x62,0x56,0x66,0x66,0x66,0x66,0x66,0x66,0x66,0x66,0x66,0x66,0x66,0x66,0x62,0x56,0x66,0x66,0x66,0x66,0x66,0x66,0x66,0x66,0x66,0x66,0x66,0x66,0x62,0x56,0x66,0x66,0x66,0x66,0x66,0x66,0x66,0x66,0x66,0x66,0x66,0x66,0x62,0x56,0x66,0x66,0x66,0x66,0x66,0x66,0x66,0x66,0x66,0x66,0x66,0x66,0x62,0x56,0x66,0x66,0x66,0x66,0x66,0x66,0x66,0x66,0x66,0x66,0x66,0x66,0x62,0x56,0x66,0x66,0x66,0x66,0x66,0x66,0x66,0x66,0x66,0x66,0x66,0x66,0x62,0x33,0x44,0x44,0x11,
	0x11,0x22,0x22,0x33,0x56,0x66,0x66,0x66,0x66,0x66,0x66,0x66,0x66,0x66,0x66,0x66,0x66,0x62,0x56,0x66,0x66,0x66,0x66,0x66,0x66,0x66,0x66,0x66,0x66,0x66,0x66,0x62,0x56,0x66,0x66,0x66,0x66,0x66,0x66,0x66,0x66,0x66,0x66,0x66,0x66,0x62,0x56,0x66,0x66,0x66,0x66,0x66,0x66,0x66,0x66,0x66,0x66,0x66,0x66,0x62,0x56,0x66,0x66,0x66,0x66,0x66,0x66,0x66,0x66,0x66,0x66,0x66,0x66,0x62,0x56,0x66,0x66,0x66,0x66,0x66,0x66,0x66,0x66,0x66,0x66,0x66,0x66,0x62,0x56,0x66,0x66,0x66,0x66,0x66,0x66,0x66,0x66,0x66,0x66,0x66,0x66,0x62,0x56,0x66,0x66,0x66,0x66,0x66,0x66,0x66,0x66,0x66,0x66,0x66,0x66,0x62,0x56,0x66,0x66,0x66,0x66,0x66,0x66,0x66,0x66,0x66,0x66,0x66,0x66,0x62,0x33,0x44,0x44,0x11,
	0x11,0x22,0x22,0x33,0x56,0x66,0x66,0x66,0x66,0x66,0x66,0x66,0x66,0x66,0x66,0x66,0x66,0x62,0x56,0x66,0x66,0x66,0x66,0x66,0x66,0x66,0x66,0x66,0x66,0x66,0x66,0x62,0x56,0x66,0x66,0x66,0x66,0x66,0x66,0x66,0x66,0x66,0x66,0x66,0x66,0x62,0x56,0x66,0x66,0x66,0x66,0x66,0x66,0x66,0x66,0x66,0x66,0x66,0x66,0x62,0x56,0x66,0x66,0x66,0x66,0x66,0x66,0x66,0x66,0x66,0x66,0x66,0x66,0x62,0x56,0x66,0x66,0x66,0x66,0x66,0x66,0x66,0x66,0x66,0x66,0x66,0x66,0x62,0x56,0x66,0x66,0x66,0x66,0x66,0x66,0x66,0x66,0x66,0x66,0x66,0x66,0x62,0x56,0x66,0x66,0x66,0x66,0x66,0x66,0x66,0x66,0x66,0x66,0x66,0x66,0x62,0x56,0x66,0x66,0x66,0x66,0x66,0x66,0x66,0x66,0x66,0x66,0x66,0x66,0x62,0x33,0x44,0x44,0x11,
	0x11,0x22,0x22,0x33,0x56,0x66,0x66,0x66,0x66,0x66,0x66,0x66,0x66,0x66,0x66,0x66,0x66,0x62,0x56,0x66,0x66,0x66,0x66,0x66,0x66,0x66,0x66,0x66,0x66,0x66,0x66,0x62,0x56,0x66,0x66,0x66,0x66,0x66,0x66,0x66,0x66,0x66,0x66,0x66,0x66,0x62,0x56,0x66,0x66,0x66,0x66,0x66,0x66,0x66,0x66,0x66,0x66,0x66,0x66,0x62,0x56,0x66,0x66,0x66,0x66,0x66,0x66,0x66,0x66,0x66,0x66,0x66,0x66,0x62,0x56,0x66,0x66,0x66,0x66,0x66,0x66,0x66,0x66,0x66,0x66,0x66,0x66,0x62,0x56,0x66,0x66,0x66,0x66,0x66,0x66,0x66,0x66,0x66,0x66,0x66,0x66,0x62,0x56,0x66,0x66,0x66,0x66,0x66,0x66,0x66,0x66,0x66,0x66,0x66,0x66,0x62,0x56,0x66,0x66,0x66,0x66,0x66,0x66,0x66,0x66,0x66,0x66,0x66,0x66,0x62,0x33,0x44,0x44,0x11,
	0x11,0x22,0x22,0x33,0x56,0x66,0x66,0x66,0x66,0x66,0x66,0x66,0x66,0x66,0x66,0x66,0x66,0x62,0x56,0x66,0x66,0x66,0x66,0x66,0x66,0x66,0x66,0x66,0x66,0x66,0x66,0x62,0x56,0x66,0x66,0x66,0x66,0x66,0x66,0x66,0x66,0x66,0x66,0x66,0x66,0x62,0x56,0x66,0x66,0x66,0x66,0x66,0x66,0x66,0x66,0x66,0x66,0x66,0x66,0x62,0x56,0x66,0x66,0x66,0x66,0x66,0x66,0x66,0x66,0x66,0x66,0x66,0x66,0x62,0x56,0x66,0x66,0x66,0x66,0x66,0x66,0x66,0x66,0x66,0x66,0x66,0x66,0x62,0x56,0x66,0x66,0x66,0x66,0x66,0x66,0x66,0x66,0x66,0x66,0x66,0x66,0x62,0x56,0x66,0x66,0x66,0x66,0x66,0x66,0x66,0x66,0x66,0x66,0x66,0x66,0x62,0x56,0x66,0x66,0x66,0x66,0x66,0x66,0x66,0x66,0x66,0x66,0x66,0x66,0x62,0x33,0x44,0x44,0x11,
	0x11,0x22,0x22,0x33,0x56,0x66,0x66,0x66,0x66,0x66,0x66,0x66,0x66,0x66,0x66,0x66,0x66,0x62,0x56,0x66,0x66,0x66,0x66,0x66,0x66,0x66,0x66,0x66,0x66,0x66,0x66,0x62,0x56,0x66,0x66,0x66,0x66,0x66,0x66,0x66,0x66,0x66,0x66,0x66,0x66,0x62,0x56,0x66,0x66,0x66,0x66,0x66,0x66,0x66,0x66,0x66,0x66,0x66,0x66,0x62,0x56,0x66,0x66,0x66,0x66,0x66,0x66,0x66,0x66,0x66,0x66,0x66,0x66,0x62,0x56,0x66,0x66,0x66,0x66,0x66,0x66,0x66,0x66,0x66,0x66,0x66,0x66,0x62,0x56,0x66,0x66,0x66,0x66,0x66,0x66,0x66,0x66,0x66,0x66,0x66,0x66,0x62,0x56,0x66,0x66,0x66,0x66,0x66,0x66,0x66,0x66,0x66,0x66,0x66,0x66,0x62,0x56,0x66,0x66,0x66,0x66,0x66,0x66,0x66,0x66,0x66,0x66,0x66,0x66,0x62,0x33,0x44,0x44,0x11,
	0x11,0x22,0x22,0x33,0x56,0x66,0x66,0x66,0x66,0x66,0x66,0x66,0x66,0x66,0x66,0x66,0x66,0x62,0x56,0x66,0x66,0x66,0x66,0x66,0x66,0x66,0x66,0x66,0x66,0x66,0x66,0x62,0x56,0x66,0x66,0x66,0x66,0x66,0x66,0x66,0x66,0x66,0x66,0x66,0x66,0x62,0x56,0x66,0x66,0x66,0x66,0x66,0x66,0x66,0x66,0x66,0x66,0x66,0x66,0x62,0x56,0x66,0x66,0x66,0x66,0x66,0x66,0x66,0x66,0x66,0x66,0x66,0x66,0x62,0x56,0x66,0x66,0x66,0x66,0x66,0x66,0x66,0x66,0x66,0x66,0x66,0x66,0x62,0x56,0x66,0x66,0x66,0x66,0x66,0x66,0x66,0x66,0x66,0x66,0x66,0x66,0x62,0x56,0x66,0x66,0x66,0x66,0x66,0x66,0x66,0x66,0x66,0x66,0x66,0x66,0x62,0x56,0x66,0x66,0x66,0x66,0x66,0x66,0x66,0x66,0x66,0x66,0x66,0x66,0x62,0x33,0x44,0x44,0x11,
	0x11,0x22,0x22,0x33,0x56,0x66,0x66,0x66,0x66,0x66,0x66,0x66,0x66,0x66,0x66,0x66,0x66,0x62,0x56,0x66,0x66,0x66,0x66,0x66,0x66,0x66,0x66,0x66,0x66,0x66,0x66,0x62,0x56,0x66,0x66,0x66,0x66,0x66,0x66,0x66,0x66,0x66,0x66,0x66,0x66,0x62,0x56,0x66,0x66,0x66,0x66,0x66,0x66,0x66,0x66,0x66,0x66,0x66,0x66,0x62,0x56,0x66,0x66,0x66,0x66,0x66,0x66,0x66,0x66,0x66,0x66,0x66,0x66,0x62,0x56,0x66,0x66,0x66,0x66,0x66,0x66,0x66,0x66,0x66,0x66,0x66,0x66,0x62,0x56,0x66,0x66,0x66,0x66,0x66,0x66,0x66,0x66,0x66,0x66,0x66,0x66,0x62,0x56,0x66,0x66,0x66,0x66,0x66,0x66,0x66,0x66,0x66,0x66,0x66,0x66,0x62,0x56,0x66,0x66,0x66,0x66,0x66,0x66,0x66,0x66,0x66,0x66,0x66,0x66,0x62,0x33,0x44,0x44,0x11,
	0x11,0x22,0x22,0x33,0x56,0x66,0x66,0x66,0x66,0x66,0x66,0x66,0x66,0x66,0x66,0x66,0x66,0x62,0x56,0x66,0x66,0x66,0x66,0x66,0x66,0x66,0x66,0x66,0x66,0x66,0x66,0x62,0x56,0x66,0x66,0x66,0x66,0x66,0x66,0x66,0x66,0x66,0x66,0x66,0x66,0x62,0x56,0x66,0x66,0x66,0x66,0x66,0x66,0x66,0x66,0x66,0x66,0x66,0x66,0x62,0x56,0x66,0x66,0x66,0x66,0x66,0x66,0x66,0x66,0x66,0x66,0x66,0x66,0x62,0x56,0x66,0x66,0x66,0x66,0x66,0x66,0x66,0x66,0x66,0x66,0x66,0x66,0x62,0x56,0x66,0x66,0x66,0x66,0x66,0x66,0x66,0x66,0x66,0x66,0x66,0x66,0x62,0x56,0x66,0x66,0x66,0x66,0x66,0x66,0x66,0x66,0x66,0x66,0x66,0x66,0x62,0x56,0x66,0x66,0x66,0x66,0x66,0x66,0x66,0x66,0x66,0x66,0x66,0x66,0x62,0x33,0x44,0x44,0x11,
	0x11,0x22,0x22,0x33,0x56,0x66,0x66,0x66,0x66,0x66,0x66,0x66,0x66,0x66,0x66,0x66,0x66,0x62,0x56,0x66,0x66,0x66,0x66,0x66,0x66,0x66,0x66,0x66,0x66,0x66,0x66,0x62,0x56,0x66,0x66,0x66,0x66,0x66,0x66,0x66,0x66,0x66,0x66,0x66,0x66,0x62,0x56,0x66,0x66,0x66,0x66,0x66,0x66,0x66,0x66,0x66,0x66,0x66,0x66,0x62,0x56,0x66,0x66,0x66,0x66,0x66,0x66,0x66,0x66,0x66,0x66,0x66,0x66,0x62,0x56,0x66,0x66,0x66,0x66,0x66,0x66,0x66,0x66,0x66,0x66,0x66,0x66,0x62,0x56,0x66,0x66,0x66,0x66,0x66,0x66,0x66,0x66,0x66,0x66,0x66,0x66,0x62,0x56,0x66,0x66,0x66,0x66,0x66,0x66,0x66,0x66,0x66,0x66,0x66,0x66,0x62,0x56,0x66,0x66,0x66,0x66,0x66,0x66,0x66,0x66,0x66,0x66,0x66,0x66,0x62,0x33,0x44,0x44,0x11,
	0x11,0x22,0x22,0x33,0x56,0x66,0x66,0x66,0x66,0x66,0x66,0x66,0x66,0x66,0x66,0x66,0x66,0x62,0x56,0x66,0x66,0x66,0x66,0x66,0x66,0x66,0x66,0x66,0x66,0x66,0x66,0x62,0x56,0x66,0x66,0x66,0x66,0x66,0x66,0x66,0x66,0x66,0x66,0x66,0x66,0x62,0x56,0x66,0x66,0x66,0x66,0x66,0x66,0x66,0x66,0x66,0x66,0x66,0x66,0x62,0x56,0x66,0x66,0x66,0x66,0x66,0x66,0x66,0x66,0x66,0x66,0x66,0x66,0x62,0x56,0x66,0x66,0x66,0x66,0x66,0x66,0x66,0x66,0x66,0x66,0x66,0x66,0x62,0x56,0x66,0x66,0x66,0x66,0x66,0x66,0x66,0x66,0x66,0x66,0x66,0x66,0x62,0x56,0x66,0x66,0x66,0x66,0x66,0x66,0x66,0x66,0x66,0x66,0x66,0x66,0x62,0x56,0x66,0x66,0x66,0x66,0x66,0x66,0x66,0x66,0x66,0x66,0x66,0x66,0x62,0x33,0x44,0x44,0x11,
	0x11,0x22,0x22,0x33,0x62,0x22,0x22,0x22,0x22,0x22,0x22,0x22,0x22,0x22,0x22,0x22,0x22,0x22,0x62,0x22,0x22,0x22,0x22,0x22,0x22,0x22,0x22,0x22,0x22,0x22,0x22,0x22,0x62,0x22,0x22,0x22,0x22,0x22,0x22,0x22,0x22,0x22,0x22,0x22,0x22,0x22,0x62,0x22,0x22,0x22,0x22,0x22,0x22,0x22,0x22,0x22,0x22,0x22,0x22,0x22,0x62,0x22,0x22,0x22,0x22,0x22,0x22,0x22,0x22,0x22,0x22,0x22,0x22,0x22,0x62,0x22,0x22,0x22,0x22,0x22,0x22,0x22,0x22,0x22,0x22,0x22,0x22,0x22,0x62,0x22,0x22,0x22,0x22,0x22,0x22,0x22,0x22,0x22,0x22,0x22,0x22,0x22,0x62,0x22,0x22,0x22,0x22,0x22,0x22,0x22,0x22,0x22,0x22,0x22,0x22,0x22,0x62,0x22,0x22,0x22,0x22,0x22,0x22,0x22,0x22,0x22,0x22,0x22,0x22,0x22,0x33,0x44,0x44,0x11,
	0x11,0x22,0x22,0x33,0x33,0x33,0x33,0x33,0x33,0x33,0x33,0x33,0x33,0x33,0x33,0x33,0x33,0x33,0x33,0x33,0x33,0x33,0x33,0x33,0x33,0x33,0x33,0x33,0x33,0x33,0x33,0x33,0x33,0x33,0x33,0x33,0x33,0x33,0x33,0x33,0x33,0x33,0x33,0x33,0x33,0x33,0x33,0x33,0x33,0x33,0x33,0x33,0x33,0x33,0x33,0x33,0x33,0x33,0x33,0x33,0x33,0x33,0x33,0x33,0x33,0x33,0x33,0x33,0x33,0x33,0x33,0x33,0x33,0x33,0x33,0x33,0x33,0x33,0x33,0x33,0x33,0x33,0x33,0x33,0x33,0x33,0x33,0x33,0x33,0x33,0x33,0x33,0x33,0x33,0x33,0x33,0x33,0x33,0x33,0x33,0x33,0x33,0x33,0x33,0x33,0x33,0x33,0x33,0x33,0x33,0x33,0x33,0x33,0x33,0x33,0x33,0x33,0x33,0x33,0x33,0x33,0x33,0x33,0x33,0x33,0x33,0x33,0x33,0x33,0x33,0x33,0x44,0x44,0x01,
	0x11,0x22,0x22,0x33,0x33,0x33,0x33,0x33,0x33,0x33,0x33,0x33,0x33,0x33,0x33,0x33,0x33,0x33,0x33,0x33,0x33,0x33,0x33,0x33,0x33,0x33,0x33,0x33,0x33,0x33,0x33,0x33,0x33,0x33,0x33,0x33,0x33,0x33,0x33,0x33,0x33,0x33,0x33,0x33,0x33,0x33,0x33,0x33,0x33,0x33,0x33,0x33,0x33,0x33,0x33,0x33,0x33,0x33,0x33,0x33,0x33,0x33,0x33,0x33,0x33,0x33,0x33,0x33,0x33,0x33,0x33,0x33,0x33,0x33,0x33,0x33,0x33,0x33,0x33,0x33,0x33,0x33,0x33,0x33,0x33,0x33,0x33,0x33,0x33,0x33,0x33,0x33,0x33,0x33,0x33,0x33,0x33,0x33,0x33,0x33,0x33,0x33,0x33,0x33,0x33,0x33,0x33,0x33,0x33,0x33,0x33,0x33,0x33,0x33,0x33,0x33,0x33,0x33,0x33,0x33,0x33,0x33,0x33,0x33,0x33,0x33,0x33,0x33,0x33,0x33,0x33,0x44,0x44,0x11,
	0x11,0x22,0x22,0x33,0x55,0x55,0x55,0x55,0x55,0x55,0x55,0x55,0x55,0x55,0x55,0x55,0x55,0x56,0x55,0x55,0x55,0x55,0x55,0x55,0x55,0x55,0x55,0x55,0x55,0x55,0x55,0x56,0x55,0x55,0x55,0x55,0x55,0x55,0x55,0x55,0x55,0x55,0x55,0x55,0x55,0x56,0x55,0x55,0x55,0x55,0x55,0x55,0x55,0x55,0x55,0x55,0x55,0x55,0x55,0x56,0x55,0x55,0x55,0x55,0x55,0x55,0x55,0x55,0x55,0x55,0x55,0x55,0x55,0x56,0x55,0x55,0x55,0x55,0x55,0x55,0x55,0x55,0x55,0x55,0x55,0x55,0x55,0x56,0x55,0x55,0x55,0x55,0x55,0x55,0x55,0x55,0x55,0x55,0x55,0x55,0x55,0x56,0x55,0x55,0x55,0x55,0x55,0x55,0x55,0x55,0x55,0x55,0x55,0x55,0x55,0x56,0x55,0x55,0x55,0x55,0x55,0x55,0x55,0x55,0x55,0x55,0x55,0x55,0x55,0x56,0x33,0x44,0x44,0x11,
	0x11,0x22,0x22,0x33,0x56,0x66,0x66,0x66,0x66,0x66,0x66,0x66,0x66,0x66,0x66,0x66,0x66,0x62,0x56,0x66,0x66,0x66,0x66,0x66,0x66,0x66,0x66,0x66,0x66,0x66,0x66,0x62,0x56,0x66,0x66,0x66,0x66,0x66,0x66,0x66,0x66,0x66,0x66,0x66,0x66,0x62,0x56,0x66,0x66,0x66,0x66,0x66,0x66,0x66,0x66,0x66,0x66,0x66,0x66,0x62,0x56,0x66,0x66,0x66,0x66,0x66,0x66,0x66,0x66,0x66,0x66,0x66,0x66,0x62,0x56,0x66,0x66,0x66,0x66,0x66,0x66,0x66,0x66,0x66,0x66,0x66,0x66,0x62,0x56,0x66,0x66,0x66,0x66,0x66,0x66,0x66,0x66,0x66,0x66,0x66,0x66,0x62,0x56,0x66,0x66,0x66,0x66,0x66,0x66,0x66,0x66,0x66,0x66,0x66,0x66,0x62,0x56,0x66,0x66,0x66,0x66,0x66,0x66,0x66,0x66,0x66,0x66,0x66,0x66,0x62,0x33,0x44,0x44,0x11,
	0x11,0x22,0x22,0x33,0x56,0x66,0x66,0x66,0x66,0x66,0x66,0x66,0x66,0x66,0x66,0x66,0x66,0x62,0x56,0x66,0x66,0x66,0x66,0x66,0x66,0x66,0x66,0x66,0x66,0x66,0x66,0x62,0x56,0x66,0x66,0x66,0x66,0x66,0x66,0x66,0x66,0x66,0x66,0x66,0x66,0x62,0x56,0x66,0x66,0x66,0x66,0x66,0x66,0x66,0x66,0x66,0x66,0x66,0x66,0x62,0x56,0x66,0x66,0x66,0x66,0x66,0x66,0x66,0x66,0x66,0x66,0x66,0x66,0x62,0x56,0x66,0x66,0x66,0x66,0x66,0x66,0x66,0x66,0x66,0x66,0x66,0x66,0x62,0x56,0x66,0x66,0x66,0x66,0x66,0x66,0x66,0x66,0x66,0x66,0x66,0x66,0x62,0x56,0x66,0x66,0x66,0x66,0x66,0x66,0x66,0x66,0x66,0x66,0x66,0x66,0x62,0x56,0x66,0x66,0x66,0x66,0x66,0x66,0x66,0x66,0x66,0x66,0x66,0x66,0x62,0x33,0x44,0x44,0x11,
	0x11,0x22,0x22,0x33,0x56,0x66,0x66,0x66,0x66,0x66,0x66,0x66,0x66,0x66,0x66,0x66,0x66,0x62,0x56,0x66,0x66,0x66,0x66,0x66,0x66,0x66,0x66,0x66,0x66,0x66,0x66,0x62,0x56,0x66,0x66,0x66,0x66,0x66,0x66,0x66,0x66,0x66,0x66,0x66,0x66,0x62,0x56,0x66,0x66,0x66,0x66,0x66,0x66,0x66,0x66,0x66,0x66,0x66,0x66,0x62,0x56,0x66,0x66,0x66,0x66,0x66,0x66,0x66,0x66,0x66,0x66,0x66,0x66,0x62,0x56,0x66,0x66,0x66,0x66,0x66,0x66,0x66,0x66,0x66,0x66,0x66,0x66,0x62,0x56,0x66,0x66,0x66,0x66,0x66,0x66,0x66,0x66,0x66,0x66,0x66,0x66,0x62,0x56,0x66,0x66,0x66,0x66,0x66,0x66,0x66,0x66,0x66,0x66,0x66,0x66,0x62,0x56,0x66,0x66,0x66,0x66,0x66,0x66,0x66,0x66,0x66,0x66,0x66,0x66,0x62,0x33,0x44,0x44,0x11,
	0x11,0x22,0x22,0x33,0x56,0x66,0x66,0x66,0x66,0x66,0x66,0x66,0x66,0x66,0x66,0x66,0x66,0x62,0x56,0x66,0x66,0x66,0x66,0x66,0x66,0x66,0x66,0x66,0x66,0x66,0x66,0x62,0x56,0x66,0x66,0x66,0x66,0x66,0x66,0x66,0x66,0x66,0x66,0x66,0x66,0x62,0x56,0x66,0x66,0x66,0x66,0x66,0x66,0x66,0x66,0x66,0x66,0x66,0x66,0x62,0x56,0x66,0x66,0x66,0x66,0x66,0x66,0x66,0x66,0x66,0x66,0x66,0x66,0x62,0x56,0x66,0x66,0x66,0x66,0x66,0x66,0x66,0x66,0x66,0x66,0x66,0x66,0x62,0x56,0x66,0x66,0x66,0x66,0x66,0x66,0x66,0x66,0x66,0x66,0x66,0x66,0x62,0x56,0x66,0x66,0x66,0x66,0x66,0x66,0x66,0x66,0x66,0x66,0x66,0x66,0x62,0x56,0x66,0x66,0x66,0x66,0x66,0x66,0x66,0x66,0x66,0x66,0x66,0x66,0x62,0x33,0x44,0x44,0x11,
	0x11,0x22,0x22,0x33,0x56,0x66,0x66,0x66,0x66,0x66,0x66,0x66,0x66,0x66,0x66,0x66,0x66,0x62,0x56,0x66,0x66,0x66,0x66,0x66,0x66,0x66,0x66,0x66,0x66,0x66,0x66,0x62,0x56,0x66,0x66,0x66,0x66,0x66,0x66,0x66,0x66,0x66,0x66,0x66,0x66,0x62,0x56,0x66,0x66,0x66,0x66,0x66,0x66,0x66,0x66,0x66,0x66,0x66,0x66,0x62,0x56,0x66,0x66,0x66,0x66,0x66,0x66,0x66,0x66,0x66,0x66,0x66,0x66,0x62,0x56,0x66,0x66,0x66,0x66,0x66,0x66,0x66,0x66,0x66,0x66,0x66,0x66,0x62,0x56,0x66,0x66,0x66,0x66,0x66,0x66,0x66,0x66,0x66,0x66,0x66,0x66,0x62,0x56,0x66,0x66,0x66,0x66,0x66,0x66,0x66,0x66,0x66,0x66,0x66,0x66,0x62,0x56,0x66,0x66,0x66,0x66,0x66,0x66,0x66,0x66,0x66,0x66,0x66,0x66,0x62,0x33,0x44,0x44,0x11,
	0x11,0x22,0x22,0x33,0x56,0x66,0x66,0x66,0x66,0x66,0x66,0x66,0x66,0x66,0x66,0x66,0x66,0x62,0x56,0x66,0x66,0x66,0x66,0x66,0x66,0x66,0x66,0x66,0x66,0x66,0x66,0x62,0x56,0x66,0x66,0x66,0x66,0x66,0x66,0x66,0x66,0x66,0x66,0x66,0x66,0x62,0x56,0x66,0x66,0x66,0x66,0x66,0x66,0x66,0x66,0x66,0x66,0x66,0x66,0x62,0x56,0x66,0x66,0x66,0x66,0x66,0x66,0x66,0x66,0x66,0x66,0x66,0x66,0x62,0x56,0x66,0x66,0x66,0x66,0x66,0x66,0x66,0x66,0x66,0x66,0x66,0x66,0x62,0x56,0x66,0x66,0x66,0x66,0x66,0x66,0x66,0x66,0x66,0x66,0x66,0x66,0x62,0x56,0x66,0x66,0x66,0x66,0x66,0x66,0x66,0x66,0x66,0x66,0x66,0x66,0x62,0x56,0x66,0x66,0x66,0x66,0x66,0x66,0x66,0x66,0x66,0x66,0x66,0x66,0x62,0x33,0x44,0x44,0x11,
	0x11,0x22,0x22,0x33,0x56,0x66,0x66,0x66,0x66,0x66,0x66,0x66,0x66,0x66,0x66,0x66,0x66,0x62,0x56,0x66,0x66,0x66,0x66,0x66,0x66,0x66,0x66,0x66,0x66,0x66,0x66,0x62,0x56,0x66,0x66,0x66,0x66,0x66,0x66,0x66,0x66,0x66,0x66,0x66,0x66,0x62,0x56,0x66,0x66,0x66,0x66,0x66,0x66,0x66,0x66,0x66,0x66,0x66,0x66,0x62,0x56,0x66,0x66,0x66,0x66,0x66,0x66,0x66,0x66,0x66,0x66,0x66,0x66,0x62,0x56,0x66,0x66,0x66,0x66,0x66,0x66,0x66,0x66,0x66,0x66,0x66,0x66,0x62,0x56,0x66,0x66,0x66,0x66,0x66,0x66,0x66,0x66,0x66,0x66,0x66,0x66,0x62,0x56,0x66,0x66,0x66,0x66,0x66,0x66,0x66,0x66,0x66,0x66,0x66,0x66,0x62,0x56,0x66,0x66,0x66,0x66,0x66,0x66,0x66,0x66,0x66,0x66,0x66,0x66,0x62,0x33,0x44,0x44,0x11,
	0x11,0x22,0x22,0x33,0x56,0x66,0x66,0x66,0x66,0x66,0x66,0x66,0x66,0x66,0x66,0x66,0x66,0x62,0x56,0x66,0x66,0x66,0x66,0x66,0x66,0x66,0x66,0x66,0x66,0x66,0x66,0x62,0x56,0x66,0x66,0x66,0x66,0x66,0x66,0x66,0x66,0x66,0x66,0x66,0x66,0x62,0x56,0x66,0x66,0x66,0x66,0x66,0x66,0x66,0x66,0x66,0x66,0x66,0x66,0x62,0x56,0x66,0x66,0x66,0x66,0x66,0x66,0x66,0x66,0x66,0x66,0x66,0x66,0x62,0x56,0x66,0x66,0x66,0x66,0x66,0x66,0x66,0x66,0x66,0x66,0x66,0x66,0x62,0x56,0x66,0x66,0x66,0x66,0x66,0x66,0x66,0x66,0x66,0x66,0x66,0x66,0x62,0x56,0x66,0x66,0x66,0x66,0x66,0x66,0x66,0x66,0x66,0x66,0x66,0x66,0x62,0x56,0x66,0x66,0x66,0x66,0x66,0x66,0x66,0x66,0x66,0x66,0x66,0x66,0x62,0x33,0x44,0x44,0x11,
	0x11,0x22,0x22,0x33,0x56,0x66,0x66,0x66,0x66,0x66,0x66,0x66,0x66,0x66,0x66,0x66,0x66,0x62,0x56,0x66,0x66,0x66,0x66,0x66,0x66,0x66,0x66,0x66,0x66,0x66,0x66,0x62,0x56,0x66,0x66,0x66,0x66,0x66,0x66,0x66,0x66,0x66,0x66,0x66,0x66,0x62,0x56,0x66,0x66,0x66,0x66,0x66,0x66,0x66,0x66,0x66,0x66,0x66,0x66,0x62,0x56,0x66,0x66,0x66,0x66,0x66,0x66,0x66,0x66,0x66,0x66,0x66,0x66,0x62,0x56,0x66,0x66,0x66,0x66,0x66,0x66,0x66,0x66,0x66,0x66,0x66,0x66,0x62,0x56,0x66,0x66,0x66,0x66,0x66,0x66,0x66,0x66,0x66,0x66,0x66,0x66,0x62,0x56,0x66,0x66,0x66,0x66,0x66,0x66,0x66,0x66,0x66,0x66,0x66,0x66,0x62,0x56,0x66,0x66,0x66,0x66,0x66,0x66,0x66,0x66,0x66,0x66,0x66,0x66,0x62,0x33,0x44,0x44,0x11,
	0x11,0x22,0x22,0x33,0x56,0x66,0x66,0x66,0x66,0x66,0x66,0x66,0x66,0x66,0x66,0x66,0x66,0x62,0x56,0x66,0x66,0x66,0x66,0x66,0x66,0x66,0x66,0x66,0x66,0x66,0x66,0x62,0x56,0x66,0x66,0x66,0x66,0x66,0x66,0x66,0x66,0x66,0x66,0x66,0x66,0x62,0x56,0x66,0x66,0x66,0x66,0x66,0x66,0x66,0x66,0x66,0x66,0x66,0x66,0x62,0x56,0x66,0x66,0x66,0x66,0x66,0x66,0x66,0x66,0x66,0x66,0x66,0x66,0x62,0x56,0x66,0x66,0x66,0x66,0x66,0x66,0x66,0x66,0x66,0x66,0x66,0x66,0x62,0x56,0x66,0x66,0x66,0x66,0x66,0x66,0x66,0x66,0x66,0x66,0x66,0x66,0x62,0x56,0x66,0x66,0x66,0x66,0x66,0x66,0x66,0x66,0x66,0x66,0x66,0x66,0x62,0x56,0x66,0x66,0x66,0x66,0x66,0x66,0x66,0x66,0x66,0x66,0x66,0x66,0x62,0x33,0x44,0x44,0x11,
	0x11,0x22,0x22,0x33,0x56,0x66,0x66,0x66,0x66,0x66,0x66,0x66,0x66,0x66,0x66,0x66,0x66,0x62,0x56,0x66,0x66,0x66,0x66,0x66,0x66,0x66,0x66,0x66,0x66,0x66,0x66,0x62,0x56,0x66,0x66,0x66,0x66,0x66,0x66,0x66,0x66,0x66,0x66,0x66,0x66,0x62,0x56,0x66,0x66,0x66,0x66,0x66,0x66,0x66,0x66,0x66,0x66,0x66,0x66,0x62,0x56,0x66,0x66,0x66,0x66,0x66,0x66,0x66,0x66,0x66,0x66,0x66,0x66,0x62,0x56,0x66,0x66,0x66,0x66,0x66,0x66,0x66,0x66,0x66,0x66,0x66,0x66,0x62,0x56,0x66,0x66,0x66,0x66,0x66,0x66,0x66,0x66,0x66,0x66,0x66,0x66,0x62,0x56,0x66,0x66,0x66,0x66,0x66,0x66,0x66,0x66,0x66,0x66,0x66,0x66,0x62,0x56,0x66,0x66,0x66,0x66,0x66,0x66,0x66,0x66,0x66,0x66,0x66,0x66,0x62,0x33,0x44,0x44,0x11,
	0x11,0x22,0x22,0x33,0x56,0x66,0x66,0x66,0x66,0x66,0x66,0x66,0x66,0x66,0x66,0x66,0x66,0x62,0x56,0x66,0x66,0x66,0x66,0x66,0x66,0x66,0x66,0x66,0x66,0x66,0x66,0x62,0x56,0x66,0x66,0x66,0x66,0x66,0x66,0x66,0x66,0x66,0x66,0x66,0x66,0x62,0x56,0x66,0x66,0x66,0x66,0x66,0x66,0x66,0x66,0x66,0x66,0x66,0x66,0x62,0x56,0x66,0x66,0x66,0x66,0x66,0x66,0x66,0x66,0x66,0x66,0x66,0x66,0x62,0x56,0x66,0x66,0x66,0x66,0x66,0x66,0x66,0x66,0x66,0x66,0x66,0x66,0x62,0x56,0x66,0x66,0x66,0x66,0x66,0x66,0x66,0x66,0x66,0x66,0x66,0x66,0x62,0x56,0x66,0x66,0x66,0x66,0x66,0x66,0x66,0x66,0x66,0x66,0x66,0x66,0x62,0x56,0x66,0x66,0x66,0x66,0x66,0x66,0x66,0x66,0x66,0x66,0x66,0x66,0x62,0x33,0x44,0x44,0x11,
	0x11,0x22,0x22,0x33,0x56,0x66,0x66,0x66,0x66,0x66,0x66,0x66,0x66,0x66,0x66,0x66,0x66,0x62,0x56,0x66,0x66,0x66,0x66,0x66,0x66,0x66,0x66,0x66,0x66,0x66,0x66,0x62,0x56,0x66,0x66,0x66,0x66,0x66,0x66,0x66,0x66,0x66,0x66,0x66,0x66,0x62,0x56,0x66,0x66,0x66,0x66,0x66,0x66,0x66,0x66,0x66,0x66,0x66,0x66,0x62,0x56,0x66,0x66,0x66,0x66,0x66,0x66,0x66,0x66,0x66,0x66,0x66,0x66,0x62,0x56,0x66,0x66,0x66,0x66,0x66,0x66,0x66,0x66,0x66,0x66,0x66,0x66,0x62,0x56,0x66,0x66,0x66,0x66,0x66,0x66,0x66,0x66,0x66,0x66,0x66,0x66,0x62,0x56,0x66,0x66,0x66,0x66,0x66,0x66,0x66,0x66,0x66,0x66,0x66,0x66,0x62,0x56,0x66,0x66,0x66,0x66,0x66,0x66,0x66,0x66,0x66,0x66,0x66,0x66,0x62,0x33,0x44,0x44,0x11,
	0x11,0x22,0x22,0x33,0x56,0x66,0x66,0x66,0x66,0x66,0x66,0x66,0x66,0x66,0x66,0x66,0x66,0x62,0x56,0x66,0x66,0x66,0x66,0x66,0x66,0x66,0x66,0x66,0x66,0x66,0x66,0x62,0x56,0x66,0x66,0x66,0x66,0x66,0x66,0x66,0x66,0x66,0x66,0x66,0x66,0x62,0x56,0x66,0x66,0x66,0x66,0x66,0x66,0x66,0x66,0x66,0x66,0x66,0x66,0x62,0x56,0x66,0x66,0x66,0x66,0x66,0x66,0x66,0x66,0x66,0x66,0x66,0x66,0x62,0x56,0x66,0x66,0x66,0x66,0x66,0x66,0x66,0x66,0x66,0x66,0x66,0x66,0x62,0x56,0x66,0x66,0x66,0x66,0x66,0x66,0x66,0x66,0x66,0x66,0x66,0x66,0x62,0x56,0x66,0x66,0x66,0x66,0x66,0x66,0x66,0x66,0x66,0x66,0x66,0x66,0x62,0x56,0x66,0x66,0x66,0x66,0x66,0x66,0x66,0x66,0x66,0x66,0x66,0x66,0x62,0x33,0x44,0x44,0x11,
	0x11,0x22,0x22,0x33,0x56,0x66,0x66,0x66,0x66,0x66,0x66,0x66,0x66,0x66,0x66,0x66,0x66,0x62,0x56,0x66,0x66,0x66,0x66,0x66,0x66,0x66,0x66,0x66,0x66,0x66,0x66,0x62,0x56,0x66,0x66,0x66,0x66,0x66,0x66,0x66,0x66,0x66,0x66,0x66,0x66,0x62,0x56,0x66,0x66,0x66,0x66,0x66,0x66,0x66,0x66,0x66,0x66,0x66,0x66,0x62,0x56,0x66,0x66,0x66,0x66,0x66,0x66,0x66,0x66,0x66,0x66,0x66,0x66,0x62,0x56,0x66,0x66,0x66,0x66,0x66,0x66,0x66,0x66,0x66,0x66,0x66,0x66,0x62,0x56,0x66,0x66,0x66,0x66,0x66,0x66,0x66,0x66,0x66,0x66,0x66,0x66,0x62,0x56,0x66,0x66,0x66,0x66,0x66,0x66,0x66,0x66,0x66,0x66,0x66,0x66,0x62,0x56,0x66,0x66,0x66,0x66,0x66,0x66,0x66,0x66,0x66,0x66,0x66,0x66,0x62,0x33,0x44,0x44,0x11,
	0x11,0x22,0x22,0x33,0x56,0x66,0x66,0x66,0x66,0x66,0x66,0x66,0x66,0x66,0x66,0x66,0x66,0x62,0x56,0x66,0x66,0x66,0x66,0x66,0x66,0x66,0x66,0x66,0x66,0x66,0x66,0x62,0x56,0x66,0x66,0x66,0x66,0x66,0x66,0x66,0x66,0x66,0x66,0x66,0x66,0x62,0x56,0x66,0x66,0x66,0x66,0x66,0x66,0x66,0x66,0x66,0x66,0x66,0x66,0x62,0x56,0x66,0x66,0x66,0x66,0x66,0x66,0x66,0x66,0x66,0x66,0x66,0x66,0x62,0x56,0x66,0x66,0x66,0x66,0x66,0x66,0x66,0x66,0x66,0x66,0x66,0x66,0x62,0x56,0x66,0x66,0x66,0x66,0x66,0x66,0x66,0x66,0x66,0x66,0x66,0x66,0x62,0x56,0x66,0x66,0x66,0x66,0x66,0x66,0x66,0x66,0x66,0x66,0x66,0x66,0x62,0x56,0x66,0x66,0x66,0x66,0x66,0x66,0x66,0x66,0x66,0x66,0x66,0x66,0x62,0x33,0x44,0x44,0x11,
	0x11,0x22,0x22,0x33,0x56,0x66,0x66,0x66,0x66,0x66,0x66,0x66,0x66,0x66,0x66,0x66,0x66,0x62,0x56,0x66,0x66,0x66,0x66,0x66,0x66,0x66,0x66,0x66,0x66,0x66,0x66,0x62,0x56,0x66,0x66,0x66,0x66,0x66,0x66,0x66,0x66,0x66,0x66,0x66,0x66,0x62,0x56,0x66,0x66,0x66,0x66,0x66,0x66,0x66,0x66,0x66,0x66,0x66,0x66,0x62,0x56,0x66,0x66,0x66,0x66,0x66,0x66,0x66,0x66,0x66,0x66,0x66,0x66,0x62,0x56,0x66,0x66,0x66,0x66,0x66,0x66,0x66,0x66,0x66,0x66,0x66,0x66,0x62,0x56,0x66,0x66,0x66,0x66,0x66,0x66,0x66,0x66,0x66,0x66,0x66,0x66,0x62,0x56,0x66,0x66,0x66,0x66,0x66,0x66,0x66,0x66,0x66,0x66,0x66,0x66,0x62,0x56,0x66,0x66,0x66,0x66,0x66,0x66,0x66,0x66,0x66,0x66,0x66,0x66,0x62,0x33,0x44,0x44,0x11,
	0x11,0x22,0x22,0x33,0x56,0x66,0x66,0x66,0x66,0x66,0x66,0x66,0x66,0x66,0x66,0x66,0x66,0x62,0x56,0x66,0x66,0x66,0x66,0x66,0x66,0x66,0x66,0x66,0x66,0x66,0x66,0x62,0x56,0x66,0x66,0x66,0x66,0x66,0x66,0x66,0x66,0x66,0x66,0x66,0x66,0x62,0x56,0x66,0x66,0x66,0x66,0x66,0x66,0x66,0x66,0x66,0x66,0x66,0x66,0x62,0x56,0x66,0x66,0x66,0x66,0x66,0x66,0x66,0x66,0x66,0x66,0x66,0x66,0x62,0x56,0x66,0x66,0x66,0x66,0x66,0x66,0x66,0x66,0x66,0x66,0x66,0x66,0x62,0x56,0x66,0x66,0x66,0x66,0x66,0x66,0x66,0x66,0x66,0x66,0x66,0x66,0x62,0x56,0x66,0x66,0x66,0x66,0x66,0x66,0x66,0x66,0x66,0x66,0x66,0x66,0x62,0x56,0x66,0x66,0x66,0x66,0x66,0x66,0x66,0x66,0x66,0x66,0x66,0x66,0x62,0x33,0x44,0x44,0x11,
	0x11,0x22,0x22,0x33,0x56,0x66,0x66,0x66,0x66,0x66,0x66,0x66,0x66,0x66,0x66,0x66,0x66,0x62,0x56,0x66,0x66,0x66,0x66,0x66,0x66,0x66,0x66,0x66,0x66,0x66,0x66,0x62,0x56,0x66,0x66,0x66,0x66,0x66,0x66,0x66,0x66,0x66,0x66,0x66,0x66,0x62,0x56,0x66,0x66,0x66,0x66,0x66,0x66,0x66,0x66,0x66,0x66,0x66,0x66,0x62,0x56,0x66,0x66,0x66,0x66,0x66,0x66,0x66,0x66,0x66,0x66,0x66,0x66,0x62,0x56,0x66,0x66,0x66,0x66,0x66,0x66,0x66,0x66,0x66,0x66,0x66,0x66,0x62,0x56,0x66,0x66,0x66,0x66,0x66,0x66,0x66,0x66,0x66,0x66,0x66,0x66,0x62,0x56,0x66,0x66,0x66,0x66,0x66,0x66,0x66,0x66,0x66,0x66,0x66,0x66,0x62,0x56,0x66,0x66,0x66,0x66,0x66,0x66,0x66,0x66,0x66,0x66,0x66,0x66,0x62,0x33,0x44,0x44,0x11,
	0x11,0x22,0x22,0x33,0x56,0x66,0x66,0x66,0x66,0x66,0x66,0x66,0x66,0x66,0x66,0x66,0x66,0x62,0x56,0x66,0x66,0x66,0x66,0x66,0x66,0x66,0x66,0x66,0x66,0x66,0x66,0x62,0x56,0x66,0x66,0x66,0x66,0x66,0x66,0x66,0x66,0x66,0x66,0x66,0x66,0x62,0x56,0x66,0x66,0x66,0x66,0x66,0x66,0x66,0x66,0x66,0x66,0x66,0x66,0x62,0x56,0x66,0x66,0x66,0x66,0x66,0x66,0x66,0x66,0x66,0x66,0x66,0x66,0x62,0x56,0x66,0x66,0x66,0x66,0x66,0x66,0x66,0x66,0x66,0x66,0x66,0x66,0x62,0x56,0x66,0x66,0x66,0x66,0x66,0x66,0x66,0x66,0x66,0x66,0x66,0x66,0x62,0x56,0x66,0x66,0x66,0x66,0x66,0x66,0x66,0x66,0x66,0x66,0x66,0x66,0x62,0x56,0x66,0x66,0x66,0x66,0x66,0x66,0x66,0x66,0x66,0x66,0x66,0x66,0x62,0x33,0x44,0x44,0x11,
	0x11,0x22,0x22,0x33,0x56,0x66,0x66,0x66,0x66,0x66,0x66,0x66,0x66,0x66,0x66,0x66,0x66,0x62,0x56,0x66,0x66,0x66,0x66,0x66,0x66,0x66,0x66,0x66,0x66,0x66,0x66,0x62,0x56,0x66,0x66,0x66,0x66,0x66,0x66,0x66,0x66,0x66,0x66,0x66,0x66,0x62,0x56,0x66,0x66,0x66,0x66,0x66,0x66,0x66,0x66,0x66,0x66,0x66,0x66,0x62,0x56,0x66,0x66,0x66,0x66,0x66,0x66,0x66,0x66,0x66,0x66,0x66,0x66,0x62,0x56,0x66,0x66,0x66,0x66,0x66,0x66,0x66,0x66,0x66,0x66,0x66,0x66,0x62,0x56,0x66,0x66,0x66,0x66,0x66,0x66,0x66,0x66,0x66,0x66,0x66,0x66,0x62,0x56,0x66,0x66,0x66,0x66,0x66,0x66,0x66,0x66,0x66,0x66,0x66,0x66,0x62,0x56,0x66,0x66,0x66,0x66,0x66,0x66,0x66,0x66,0x66,0x66,0x66,0x66,0x62,0x33,0x44,0x44,0x11,
	0x11,0x22,0x22,0x33,0x56,0x66,0x66,0x66,0x66,0x66,0x66,0x66,0x66,0x66,0x66,0x66,0x66,0x62,0x56,0x66,0x66,0x66,0x66,0x66,0x66,0x66,0x66,0x66,0x66,0x66,0x66,0x62,0x56,0x66,0x66,0x66,0x66,0x66,0x66,0x66,0x66,0x66,0x66,0x66,0x66,0x62,0x56,0x66,0x66,0x66,0x66,0x66,0x66,0x66,0x66,0x66,0x66,0x66,0x66,0x62,0x56,0x66,0x66,0x66,0x66,0x66,0x66,0x66,0x66,0x66,0x66,0x66,0x66,0x62,0x56,0x66,0x66,0x66,0x66,0x66,0x66,0x66,0x66,0x66,0x66,0x66,0x66,0x62,0x56,0x66,0x66,0x66,0x66,0x66,0x66,0x66,0x66,0x66,0x66,0x66,0x66,0x62,0x56,0x66,0x66,0x66,0x66,0x66,0x66,0x66,0x66,0x66,0x66,0x66,0x66,0x62,0x56,0x66,0x66,0x66,0x66,0x66,0x66,0x66,0x66,0x66,0x66,0x66,0x66,0x62,0x33,0x44,0x44,0x11,
	0x11,0x22,0x22,0x33,0x56,0x66,0x66,0x66,0x66,0x66,0x66,0x66,0x66,0x66,0x66,0x66,0x66,0x62,0x56,0x66,0x66,0x66,0x66,0x66,0x66,0x66,0x66,0x66,0x66,0x66,0x66,0x62,0x56,0x66,0x66,0x66,0x66,0x66,0x66,0x66,0x66,0x66,0x66,0x66,0x66,0x62,0x56,0x66,0x66,0x66,0x66,0x66,0x66,0x66,0x66,0x66,0x66,0x66,0x66,0x62,0x56,0x66,0x66,0x66,0x66,0x66,0x66,0x66,0x66,0x66,0x66,0x66,0x66,0x62,0x56,0x66,0x66,0x66,0x66,0x66,0x66,0x66,0x66,0x66,0x66,0x66,0x66,0x62,0x56,0x66,0x66,0x66,0x66,0x66,0x66,0x66,0x66,0x66,0x66,0x66,0x66,0x62,0x56,0x66,0x66,0x66,0x66,0x66,0x66,0x66,0x66,0x66,0x66,0x66,0x66,0x62,0x56,0x66,0x66,0x66,0x66,0x66,0x66,0x66,0x66,0x66,0x66,0x66,0x66,0x62,0x33,0x44,0x44,0x11,
	0x11,0x22,0x22,0x33,0x56,0x66,0x66,0x66,0x66,0x66,0x66,0x66,0x66,0x66,0x66,0x66,0x66,0x62,0x56,0x66,0x66,0x66,0x66,0x66,0x66,0x66,0x66,0x66,0x66,0x66,0x66,0x62,0x56,0x66,0x66,0x66,0x66,0x66,0x66,0x66,0x66,0x66,0x66,0x66,0x66,0x62,0x56,0x66,0x66,0x66,0x66,0x66,0x66,0x66,0x66,0x66,0x66,0x66,0x66,0x62,0x56,0x66,0x66,0x66,0x66,0x66,0x66,0x66,0x66,0x66,0x66,0x66,0x66,0x62,0x56,0x66,0x66,0x66,0x66,0x66,0x66,0x66,0x66,0x66,0x66,0x66,0x66,0x62,0x56,0x66,0x66,0x66,0x66,0x66,0x66,0x66,0x66,0x66,0x66,0x66,0x66,0x62,0x56,0x66,0x66,0x66,0x66,0x66,0x66,0x66,0x66,0x66,0x66,0x66,0x66,0x62,0x56,0x66,0x66,0x66,0x66,0x66,0x66,0x66,0x66,0x66,0x66,0x66,0x66,0x62,0x33,0x44,0x44,0x11,
	0x11,0x22,0x22,0x33,0x56,0x66,0x66,0x66,0x66,0x66,0x66,0x66,0x66,0x66,0x66,0x66,0x66,0x62,0x56,0x66,0x66,0x66,0x66,0x66,0x66,0x66,0x66,0x66,0x66,0x66,0x66,0x62,0x56,0x66,0x66,0x66,0x66,0x66,0x66,0x66,0x66,0x66,0x66,0x66,0x66,0x62,0x56,0x66,0x66,0x66,0x66,0x66,0x66,0x66,0x66,0x66,0x66,0x66,0x66,0x62,0x56,0x66,0x66,0x66,0x66,0x66,0x66,0x66,0x66,0x66,0x66,0x66,0x66,0x62,0x56,0x66,0x66,0x66,0x66,0x66,0x66,0x66,0x66,0x66,0x66,0x66,0x66,0x62,0x56,0x66,0x66,0x66,0x66,0x66,0x66,0x66,0x66,0x66,0x66,0x66,0x66,0x62,0x56,0x66,0x66,0x66,0x66,0x66,0x66,0x66,0x66,0x66,0x66,0x66,0x66,0x62,0x56,0x66,0x66,0x66,0x66,0x66,0x66,0x66,0x66,0x66,0x66,0x66,0x66,0x62,0x33,0x44,0x44,0x11,
	0x11,0x22,0x22,0x33,0x56,0x66,0x66,0x66,0x66,0x66,0x66,0x66,0x66,0x66,0x66,0x66,0x66,0x62,0x56,0x66,0x66,0x66,0x66,0x66,0x66,0x66,0x66,0x66,0x66,0x66,0x66,0x62,0x56,0x66,0x66,0x66,0x66,0x66,0x66,0x66,0x66,0x66,0x66,0x66,0x66,0x62,0x56,0x66,0x66,0x66,0x66,0x66,0x66,0x66,0x66,0x66,0x66,0x66,0x66,0x62,0x56,0x66,0x66,0x66,0x66,0x66,0x66,0x66,0x66,0x66,0x66,0x66,0x66,0x62,0x56,0x66,0x66,0x66,0x66,0x66,0x66,0x66,0x66,0x66,0x66,0x66,0x66,0x62,0x56,0x66,0x66,0x66,0x66,0x66,0x66,0x66,0x66,0x66,0x66,0x66,0x66,0x62,0x56,0x66,0x66,0x66,0x66,0x66,0x66,0x66,0x66,0x66,0x66,0x66,0x66,0x62,0x56,0x66,0x66,0x66,0x66,0x66,0x66,0x66,0x66,0x66,0x66,0x66,0x66,0x62,0x33,0x44,0x44,0x11,
	0x11,0x22,0x22,0x33,0x62,0x22,0x22,0x22,0x22,0x22,0x22,0x22,0x22,0x22,0x22,0x22,0x22,0x22,0x62,0x22,0x22,0x22,0x22,0x22,0x22,0x22,0x22,0x22,0x22,0x22,0x22,0x22,0x62,0x22,0x22,0x22,0x22,0x22,0x22,0x22,0x22,0x22,0x22,0x22,0x22,0x22,0x62,0x22,0x22,0x22,0x22,0x22,0x22,0x22,0x22,0x22,0x22,0x22,0x22,0x22,0x62,0x22,0x22,0x22,0x22,0x22,0x22,0x22,0x22,0x22,0x22,0x22,0x22,0x22,0x62,0x22,0x22,0x22,0x22,0x22,0x22,0x22,0x22,0x22,0x22,0x22,0x22,0x22,0x62,0x22,0x22,0x22,0x22,0x22,0x22,0x22,0x22,0x22,0x22,0x22,0x22,0x22,0x62,0x22,0x22,0x22,0x22,0x22,0x22,0x22,0x22,0x22,0x22,0x22,0x22,0x22,0x62,0x22,0x22,0x22,0x22,0x22,0x22,0x22,0x22,0x22,0x22,0x22,0x22,0x22,0x33,0x44,0x44,0x11,
	0x11,0x22,0x22,0x33,0x55,0x55,0x55,0x55,0x55,0x55,0x55,0x55,0x55,0x55,0x55,0x55,0x55,0x56,0x55,0x55,0x55,0x55,0x55,0x55,0x55,0x55,0x55,0x55,0x55,0x55,0x55,0x56,0x55,0x55,0x55,0x55,0x55,0x55,0x55,0x55,0x55,0x55,0x55,0x55,0x55,0x56,0x55,0x55,0x55,0x55,0x55,0x55,0x55,0x55,0x55,0x55,0x55,0x55,0x55,0x56,0x55,0x55,0x55,0x55,0x55,0x55,0x55,0x55,0x55,0x55,0x55,0x55,0x55,0x56,0x55,0x55,0x55,0x55,0x55,0x55,0x55,0x55,0x55,0x55,0x55,0x55,0x55,0x56,0x55,0x55,0x55,0x55,0x55,0x55,0x55,0x55,0x55,0x55,0x55,0x55,0x55,0x56,0x55,0x55,0x55,0x55,0x55,0x55,0x55,0x55,0x55,0x55,0x55,0x55,0x55,0x56,0x55,0x55,0x55,0x55,0x55,0x55,0x55,0x55,0x55,0x55,0x55,0x55,0x55,0x56,0x33,0x44,0x44,0x11,
	0x11,0x22,0x22,0x33,0x56,0x66,0x66,0x66,0x66,0x66,0x66,0x66,0x66,0x66,0x66,0x66,0x66,0x62,0x56,0x66,0x66,0x66,0x66,0x66,0x66,0x66,0x66,0x66,0x66,0x66,0x66,0x62,0x56,0x66,0x66,0x66,0x66,0x66,0x66,0x66,0x66,0x66,0x66,0x66,0x66,0x62,0x56,0x66,0x66,0x66,0x66,0x66,0x66,0x66,0x66,0x66,0x66,0x66,0x66,0x62,0x56,0x66,0x66,0x66,0x66,0x66,0x66,0x66,0x66,0x66,0x66,0x66,0x66,0x62,0x56,0x66,0x66,0x66,0x66,0x66,0x66,0x66,0x66,0x66,0x66,0x66,0x66,0x62,0x56,0x66,0x66,0x66,0x66,0x66,0x66,0x66,0x66,0x66,0x66,0x66,0x66,0x62,0x56,0x66,0x66,0x66,0x66,0x66,0x66,0x66,0x66,0x66,0x66,0x66,0x66,0x62,0x56,0x66,0x66,0x66,0x66,0x66,0x66,0x66,0x66,0x66,0x66,0x66,0x66,0x62,0x33,0x44,0x44,0x11,
	0x11,0x22,0x22,0x33,0x56,0x66,0x66,0x66,0x66,0x66,0x66,0x66,0x66,0x66,0x66,0x66,0x66,0x62,0x56,0x66,0x66,0x66,0x66,0x66,0x66,0x66,0x66,0x66,0x66,0x66,0x66,0x62,0x56,0x66,0x66,0x66,0x66,0x66,0x66,0x66,0x66,0x66,0x66,0x66,0x66,0x62,0x56,0x66,0x66,0x66,0x66,0x66,0x66,0x66,0x66,0x66,0x66,0x66,0x66,0x62,0x56,0x66,0x66,0x66,0x66,0x66,0x66,0x66,0x66,0x66,0x66,0x66,0x66,0x62,0x56,0x66,0x66,0x66,0x66,0x66,0x66,0x66,0x66,0x66,0x66,0x66,0x66,0x62,0x56,0x66,0x66,0x66,0x66,0x66,0x66,0x66,0x66,0x66,0x66,0x66,0x66,0x62,0x56,0x66,0x66,0x66,0x66,0x66,0x66,0x66,0x66,0x66,0x66,0x66,0x66,0x62,0x56,0x66,0x66,0x66,0x66,0x66,0x66,0x66,0x66,0x66,0x66,0x66,0x66,0x62,0x33,0x44,0x44,0x11,
	0x11,0x22,0x22,0x33,0x56,0x66,0x66,0x66,0x66,0x66,0x66,0x66,0x66,0x66,0x66,0x66,0x66,0x62,0x56,0x66,0x66,0x66,0x66,0x66,0x66,0x66,0x66,0x66,0x66,0x66,0x66,0x62,0x56,0x66,0x66,0x66,0x66,0x66,0x66,0x66,0x66,0x66,0x66,0x66,0x66,0x62,0x56,0x66,0x66,0x66,0x66,0x66,0x66,0x66,0x66,0x66,0x66,0x66,0x66,0x62,0x56,0x66,0x66,0x66,0x66,0x66,0x66,0x66,0x66,0x66,0x66,0x66,0x66,0x62,0x56,0x66,0x66,0x66,0x66,0x66,0x66,0x66,0x66,0x66,0x66,0x66,0x66,0x62,0x56,0x66,0x66,0x66,0x66,0x66,0x66,0x66,0x66,0x66,0x66,0x66,0x66,0x62,0x56,0x66,0x66,0x66,0x66,0x66,0x66,0x66,0x66,0x66,0x66,0x66,0x66,0x62,0x56,0x66,0x66,0x66,0x66,0x66,0x66,0x66,0x66,0x66,0x66,0x66,0x66,0x62,0x33,0x44,0x44,0x11,
	0x11,0x22,0x22,0x33,0x56,0x66,0x66,0x66,0x66,0x66,0x66,0x66,0x66,0x66,0x66,0x66,0x66,0x62,0x56,0x66,0x66,0x66,0x66,0x66,0x66,0x66,0x66,0x66,0x66,0x66,0x66,0x62,0x56,0x66,0x66,0x66,0x66,0x66,0x66,0x66,0x66,0x66,0x66,0x66,0x66,0x62,0x56,0x66,0x66,0x66,0x66,0x66,0x66,0x66,0x66,0x66,0x66,0x66,0x66,0x62,0x56,0x66,0x66,0x66,0x66,0x66,0x66,0x66,0x66,0x66,0x66,0x66,0x66,0x62,0x56,0x66,0x66,0x66,0x66,0x66,0x66,0x66,0x66,0x66,0x66,0x66,0x66,0x62,0x56,0x66,0x66,0x66,0x66,0x66,0x66,0x66,0x66,0x66,0x66,0x66,0x66,0x62,0x56,0x66,0x66,0x66,0x66,0x66,0x66,0x66,0x66,0x66,0x66,0x66,0x66,0x62,0x56,0x66,0x66,0x66,0x66,0x66,0x66,0x66,0x66,0x66,0x66,0x66,0x66,0x62,0x33,0x44,0x44,0x11,
	0x11,0x22,0x22,0x33,0x56,0x66,0x66,0x66,0x66,0x66,0x66,0x66,0x66,0x66,0x66,0x66,0x66,0x62,0x56,0x66,0x66,0x66,0x66,0x66,0x66,0x66,0x66,0x66,0x66,0x66,0x66,0x62,0x56,0x66,0x66,0x66,0x66,0x66,0x66,0x66,0x66,0x66,0x66,0x66,0x66,0x62,0x56,0x66,0x66,0x66,0x66,0x66,0x66,0x66,0x66,0x66,0x66,0x66,0x66,0x62,0x56,0x66,0x66,0x66,0x66,0x66,0x66,0x66,0x66,0x66,0x66,0x66,0x66,0x62,0x56,0x66,0x66,0x66,0x66,0x66,0x66,0x66,0x66,0x66,0x66,0x66,0x66,0x62,0x56,0x66,0x66,0x66,0x66,0x66,0x66,0x66,0x66,0x66,0x66,0x66,0x66,0x62,0x56,0x66,0x66,0x66,0x66,0x66,0x66,0x66,0x66,0x66,0x66,0x66,0x66,0x62,0x56,0x66,0x66,0x66,0x66,0x66,0x66,0x66,0x66,0x66,0x66,0x66,0x66,0x62,0x33,0x44,0x44,0x11,
	0x11,0x22,0x22,0x33,0x56,0x66,0x66,0x66,0x66,0x66,0x66,0x66,0x66,0x66,0x66,0x66,0x66,0x62,0x56,0x66,0x66,0x66,0x66,0x66,0x66,0x66,0x66,0x66,0x66,0x66,0x66,0x62,0x56,0x66,0x66,0x66,0x66,0x66,0x66,0x66,0x66,0x66,0x66,0x66,0x66,0x62,0x56,0x66,0x66,0x66,0x66,0x66,0x66,0x66,0x66,0x66,0x66,0x66,0x66,0x62,0x56,0x66,0x66,0x66,0x66,0x66,0x66,0x66,0x66,0x66,0x66,0x66,0x66,0x62,0x56,0x66,0x66,0x66,0x66,0x66,0x66,0x66,0x66,0x66,0x66,0x66,0x66,0x62,0x56,0x66,0x66,0x66,0x66,0x66,0x66,0x66,0x66,0x66,0x66,0x66,0x66,0x62,0x56,0x66,0x66,0x66,0x66,0x66,0x66,0x66,0x66,0x66,0x66,0x66,0x66,0x62,0x56,0x66,0x66,0x66,0x66,0x66,0x66,0x66,0x66,0x66,0x66,0x66,0x66,0x62,0x33,0x44,0x44,0x11,
	0x11,0x22,0x22,0x33,0x56,0x66,0x66,0x66,0x66,0x66,0x66,0x66,0x66,0x66,0x66,0x66,0x66,0x62,0x56,0x66,0x66,0x66,0x66,0x66,0x66,0x66,0x66,0x66,0x66,0x66,0x66,0x62,0x56,0x66,0x66,0x66,0x66,0x66,0x66,0x66,0x66,0x66,0x66,0x66,0x66,0x62,0x56,0x66,0x66,0x66,0x66,0x66,0x66,0x66,0x66,0x66,0x66,0x66,0x66,0x62,0x56,0x66,0x66,0x66,0x66,0x66,0x66,0x66,0x66,0x66,0x66,0x66,0x66,0x62,0x56,0x66,0x66,0x66,0x66,0x66,0x66,0x66,0x66,0x66,0x66,0x66,0x66,0x62,0x56,0x66,0x66,0x66,0x66,0x66,0x66,0x66,0x66,0x66,0x66,0x66,0x66,0x62,0x56,0x66,0x66,0x66,0x66,0x66,0x66,0x66,0x66,0x66,0x66,0x66,0x66,0x62,0x56,0x66,0x66,0x66,0x66,0x66,0x66,0x66,0x66,0x66,0x66,0x66,0x66,0x62,0x33,0x44,0x44,0x11,
	0x11,0x22,0x22,0x33,0x56,0x66,0x66,0x66,0x66,0x66,0x66,0x66,0x66,0x66,0x66,0x66,0x66,0x62,0x56,0x66,0x66,0x66,0x66,0x66,0x66,0x66,0x66,0x66,0x66,0x66,0x66,0x62,0x56,0x66,0x66,0x66,0x66,0x66,0x66,0x66,0x66,0x66,0x66,0x66,0x66,0x62,0x56,0x66,0x66,0x66,0x66,0x66,0x66,0x66,0x66,0x66,0x66,0x66,0x66,0x62,0x56,0x66,0x66,0x66,0x66,0x66,0x66,0x66,0x66,0x66,0x66,0x66,0x66,0x62,0x56,0x66,0x66,0x66,0x66,0x66,0x66,0x66,0x66,0x66,0x66,0x66,0x66,0x62,0x56,0x66,0x66,0x66,0x66,0x66,0x66,0x66,0x66,0x66,0x66,0x66,0x66,0x62,0x56,0x66,0x66,0x66,0x66,0x66,0x66,0x66,0x66,0x66,0x66,0x66,0x66,0x62,0x56,0x66,0x66,0x66,0x66,0x66,0x66,0x66,0x66,0x66,0x66,0x66,0x66,0x62,0x33,0x44,0x44,0x11,
	0x11,0x22,0x22,0x33,0x56,0x66,0x66,0x66,0x66,0x66,0x66,0x66,0x66,0x66,0x66,0x66,0x66,0x62,0x56,0x66,0x66,0x66,0x66,0x66,0x66,0x66,0x66,0x66,0x66,0x66,0x66,0x62,0x56,0x66,0x66,0x66,0x66,0x66,0x66,0x66,0x66,0x66,0x66,0x66,0x66,0x62,0x56,0x66,0x66,0x66,0x66,0x66,0x66,0x66,0x66,0x66,0x66,0x66,0x66,0x62,0x56,0x66,0x66,0x66,0x66,0x66,0x66,0x66,0x66,0x66,0x66,0x66,0x66,0x62,0x56,0x66,0x66,0x66,0x66,0x66,0x66,0x66,0x66,0x66,0x66,0x66,0x66,0x62,0x56,0x66,0x66,0x66,0x66,0x66,0x66,0x66,0x66,0x66,0x66,0x66,0x66,0x62,0x56,0x66,0x66,0x66,0x66,0x66,0x66,0x66,0x66,0x66,0x66,0x66,0x66,0x62,0x56,0x66,0x66,0x66,0x66,0x66,0x66,0x66,0x66,0x66,0x66,0x66,0x66,0x62,0x33,0x44,0x44,0x11,
	0x11,0x22,0x22,0x33,0x56,0x66,0x66,0x66,0x66,0x66,0x66,0x66,0x66,0x66,0x66,0x66,0x66,0x62,0x56,0x66,0x66,0x66,0x66,0x66,0x66,0x66,0x66,0x66,0x66,0x66,0x66,0x62,0x56,0x66,0x66,0x66,0x66,0x66,0x66,0x66,0x66,0x66,0x66,0x66,0x66,0x62,0x56,0x66,0x66,0x66,0x66,0x66,0x66,0x66,0x66,0x66,0x66,0x66,0x66,0x62,0x56,0x66,0x66,0x66,0x66,0x66,0x66,0x66,0x66,0x66,0x66,0x66,0x66,0x62,0x56,0x66,0x66,0x66,0x66,0x66,0x66,0x66,0x66,0x66,0x66,0x66,0x66,0x62,0x56,0x66,0x66,0x66,0x66,0x66,0x66,0x66,0x66,0x66,0x66,0x66,0x66,0x62,0x56,0x66,0x66,0x66,0x66,0x66,0x66,0x66,0x66,0x66,0x66,0x66,0x66,0x62,0x56,0x66,0x66,0x66,0x66,0x66,0x66,0x66,0x66,0x66,0x66,0x66,0x66,0x62,0x33,0x44,0x44,0x11,
	0x11,0x22,0x22,0x33,0x56,0x66,0x66,0x66,0x66,0x66,0x66,0x66,0x66,0x66,0x66,0x66,0x66,0x62,0x56,0x66,0x66,0x66,0x66,0x66,0x66,0x66,0x66,0x66,0x66,0x66,0x66,0x62,0x56,0x66,0x66,0x66,0x66,0x66,0x66,0x66,0x66,0x66,0x66,0x66,0x66,0x62,0x56,0x66,0x66,0x66,0x66,0x66,0x66,0x66,0x66,0x66,0x66,0x66,0x66,0x62,0x56,0x66,0x66,0x66,0x66,0x66,0x66,0x66,0x66,0x66,0x66,0x66,0x66,0x62,0x56,0x66,0x66,0x66,0x66,0x66,0x66,0x66,0x66,0x66,0x66,0x66,0x66,0x62,0x56,0x66,0x66,0x66,0x66,0x66,0x66,0x66,0x66,0x66,0x66,0x66,0x66,0x62,0x56,0x66,0x66,0x66,0x66,0x66,0x66,0x66,0x66,0x66,0x66,0x66,0x66,0x62,0x56,0x66,0x66,0x66,0x66,0x66,0x66,0x66,0x66,0x66,0x66,0x66,0x66,0x62,0x33,0x44,0x44,0x11,
	0x11,0x22,0x22,0x33,0x56,0x66,0x66,0x66,0x66,0x66,0x66,0x66,0x66,0x66,0x66,0x66,0x66,0x62,0x56,0x66,0x66,0x66,0x66,0x66,0x66,0x66,0x66,0x66,0x66,0x66,0x66,0x62,0x56,0x66,0x66,0x66,0x66,0x66,0x66,0x66,0x66,0x66,0x66,0x66,0x66,0x62,0x56,0x66,0x66,0x66,0x66,0x66,0x66,0x66,0x66,0x66,0x66,0x66,0x66,0x62,0x56,0x66,0x66,0x66,0x66,0x66,0x66,0x66,0x66,0x66,0x66,0x66,0x66,0x62,0x56,0x66,0x66,0x66,0x66,0x66,0x66,0x66,0x66,0x66,0x66,0x66,0x66,0x62,0x56,0x66,0x66,0x66,0x66,0x66,0x66,0x66,0x66,0x66,0x66,0x66,0x66,0x62,0x56,0x66,0x66,0x66,0x66,0x66,0x66,0x66,0x66,0x66,0x66,0x66,0x66,0x62,0x56,0x66,0x66,0x66,0x66,0x66,0x66,0x66,0x66,0x66,0x66,0x66,0x66,0x62,0x33,0x44,0x44,0x11,
	0x11,0x22,0x22,0x33,0x56,0x66,0x66,0x66,0x66,0x66,0x66,0x66,0x66,0x66,0x66,0x66,0x66,0x62,0x56,0x66,0x66,0x66,0x66,0x66,0x66,0x66,0x66,0x66,0x66,0x66,0x66,0x62,0x56,0x66,0x66,0x66,0x66,0x66,0x66,0x66,0x66,0x66,0x66,0x66,0x66,0x62,0x56,0x66,0x66,0x66,0x66,0x66,0x66,0x66,0x66,0x66,0x66,0x66,0x66,0x62,0x56,0x66,0x66,0x66,0x66,0x66,0x66,0x66,0x66,0x66,0x66,0x66,0x66,0x62,0x56,0x66,0x66,0x66,0x66,0x66,0x66,0x66,0x66,0x66,0x66,0x66,0x66,0x62,0x56,0x66,0x66,0x66,0x66,0x66,0x66,0x66,0x66,0x66,0x66,0x66,0x66,0x62,0x56,0x66,0x66,0x66,0x66,0x66,0x66,0x66,0x66,0x66,0x66,0x66,0x66,0x62,0x56,0x66,0x66,0x66,0x66,0x66,0x66,0x66,0x66,0x66,0x66,0x66,0x66,0x62,0x33,0x44,0x44,0x11,
	0x11,0x22,0x22,0x33,0x56,0x66,0x66,0x66,0x66,0x66,0x66,0x66,0x66,0x66,0x66,0x66,0x66,0x62,0x56,0x66,0x66,0x66,0x66,0x66,0x66,0x66,0x66,0x66,0x66,0x66,0x66,0x62,0x56,0x66,0x66,0x66,0x66,0x66,0x66,0x66,0x66,0x66,0x66,0x66,0x66,0x62,0x56,0x66,0x66,0x66,0x66,0x66,0x66,0x66,0x66,0x66,0x66,0x66,0x66,0x62,0x56,0x66,0x66,0x66,0x66,0x66,0x66,0x66,0x66,0x66,0x66,0x66,0x66,0x62,0x56,0x66,0x66,0x66,0x66,0x66,0x66,0x66,0x66,0x66,0x66,0x66,0x66,0x62,0x56,0x66,0x66,0x66,0x66,0x66,0x66,0x66,0x66,0x66,0x66,0x66,0x66,0x62,0x56,0x66,0x66,0x66,0x66,0x66,0x66,0x66,0x66,0x66,0x66,0x66,0x66,0x62,0x56,0x66,0x66,0x66,0x66,0x66,0x66,0x66,0x66,0x66,0x66,0x66,0x66,0x62,0x33,0x44,0x44,0x11,
	0x11,0x22,0x22,0x33,0x56,0x66,0x66,0x66,0x66,0x66,0x66,0x66,0x66,0x66,0x66,0x66,0x66,0x62,0x56,0x66,0x66,0x66,0x66,0x66,0x66,0x66,0x66,0x66,0x66,0x66,0x66,0x62,0x56,0x66,0x66,0x66,0x66,0x66,0x66,0x66,0x66,0x66,0x66,0x66,0x66,0x62,0x56,0x66,0x66,0x66,0x66,0x66,0x66,0x66,0x66,0x66,0x66,0x66,0x66,0x62,0x56,0x66,0x66,0x66,0x66,0x66,0x66,0x66,0x66,0x66,0x66,0x66,0x66,0x62,0x56,0x66,0x66,0x66,0x66,0x66,0x66,0x66,0x66,0x66,0x66,0x66,0x66,0x62,0x56,0x66,0x66,0x66,0x66,0x66,0x66,0x66,0x66,0x66,0x66,0x66,0x66,0x62,0x56,0x66,0x66,0x66,0x66,0x66,0x66,0x66,0x66,0x66,0x66,0x66,0x66,0x62,0x56,0x66,0x66,0x66,0x66,0x66,0x66,0x66,0x66,0x66,0x66,0x66,0x66,0x62,0x33,0x44,0x44,0x11,
	0x11,0x22,0x22,0x33,0x56,0x66,0x66,0x66,0x66,0x66,0x66,0x66,0x66,0x66,0x66,0x66,0x66,0x62,0x56,0x66,0x66,0x66,0x66,0x66,0x66,0x66,0x66,0x66,0x66,0x66,0x66,0x62,0x56,0x66,0x66,0x66,0x66,0x66,0x66,0x66,0x66,0x66,0x66,0x66,0x66,0x62,0x56,0x66,0x66,0x66,0x66,0x66,0x66,0x66,0x66,0x66,0x66,0x66,0x66,0x62,0x56,0x66,0x66,0x66,0x66,0x66,0x66,0x66,0x66,0x66,0x66,0x66,0x66,0x62,0x56,0x66,0x66,0x66,0x66,0x66,0x66,0x66,0x66,0x66,0x66,0x66,0x66,0x62,0x56,0x66,0x66,0x66,0x66,0x66,0x66,0x66,0x66,0x66,0x66,0x66,0x66,0x62,0x56,0x66,0x66,0x66,0x66,0x66,0x66,0x66,0x66,0x66,0x66,0x66,0x66,0x62,0x56,0x66,0x66,0x66,0x66,0x66,0x66,0x66,0x66,0x66,0x66,0x66,0x66,0x62,0x33,0x44,0x44,0x11,
	0x11,0x22,0x22,0x33,0x56,0x66,0x66,0x66,0x66,0x66,0x66,0x66,0x66,0x66,0x66,0x66,0x66,0x62,0x56,0x66,0x66,0x66,0x66,0x66,0x66,0x66,0x66,0x66,0x66,0x66,0x66,0x62,0x56,0x66,0x66,0x66,0x66,0x66,0x66,0x66,0x66,0x66,0x66,0x66,0x66,0x62,0x56,0x66,0x66,0x66,0x66,0x66,0x66,0x66,0x66,0x66,0x66,0x66,0x66,0x62,0x56,0x66,0x66,0x66,0x66,0x66,0x66,0x66,0x66,0x66,0x66,0x66,0x66,0x62,0x56,0x66,0x66,0x66,0x66,0x66,0x66,0x66,0x66,0x66,0x66,0x66,0x66,0x62,0x56,0x66,0x66,0x66,0x66,0x66,0x66,0x66,0x66,0x66,0x66,0x66,0x66,0x62,0x56,0x66,0x66,0x66,0x66,0x66,0x66,0x66,0x66,0x66,0x66,0x66,0x66,0x62,0x56,0x66,0x66,0x66,0x66,0x66,0x66,0x66,0x66,0x66,0x66,0x66,0x66,0x62,0x33,0x44,0x44,0x11,
	0x11,0x22,0x22,0x33,0x56,0x66,0x66,0x66,0x66,0x66,0x66,0x66,0x66,0x66,0x66,0x66,0x66,0x62,0x56,0x66,0x66,0x66,0x66,0x66,0x66,0x66,0x66,0x66,0x66,0x66,0x66,0x62,0x56,0x66,0x66,0x66,0x66,0x66,0x66,0x66,0x66,0x66,0x66,0x66,0x66,0x62,0x56,0x66,0x66,0x66,0x66,0x66,0x66,0x66,0x66,0x66,0x66,0x66,0x66,0x62,0x56,0x66,0x66,0x66,0x66,0x66,0x66,0x66,0x66,0x66,0x66,0x66,0x66,0x62,0x56,0x66,0x66,0x66,0x66,0x66,0x66,0x66,0x66,0x66,0x66,0x66,0x66,0x62,0x56,0x66,0x66,0x66,0x66,0x66,0x66,0x66,0x66,0x66,0x66,0x66,0x66,0x62,0x56,0x66,0x66,0x66,0x66,0x66,0x66,0x66,0x66,0x66,0x66,0x66,0x66,0x62,0x56,0x66,0x66,0x66,0x66,0x66,0x66,0x66,0x66,0x66,0x66,0x66,0x66,0x62,0x33,0x44,0x44,0x11,
	0x11,0x22,0x22,0x33,0x56,0x66,0x66,0x66,0x66,0x66,0x66,0x66,0x66,0x66,0x66,0x66,0x66,0x62,0x56,0x66,0x66,0x66,0x66,0x66,0x66,0x66,0x66,0x66,0x66,0x66,0x66,0x62,0x56,0x66,0x66,0x66,0x66,0x66,0x66,0x66,0x66,0x66,0x66,0x66,0x66,0x62,0x56,0x66,0x66,0x66,0x66,0x66,0x66,0x66,0x66,0x66,0x66,0x66,0x66,0x62,0x56,0x66,0x66,0x66,0x66,0x66,0x66,0x66,0x66,0x66,0x66,0x66,0x66,0x62,0x56,0x66,0x66,0x66,0x66,0x66,0x66,0x66,0x66,0x66,0x66,0x66,0x66,0x62,0x56,0x66,0x66,0x66,0x66,0x66,0x66,0x66,0x66,0x66,0x66,0x66,0x66,0x62,0x56,0x66,0x66,0x66,0x66,0x66,0x66,0x66,0x66,0x66,0x66,0x66,0x66,0x62,0x56,0x66,0x66,0x66,0x66,0x66,0x66,0x66,0x66,0x66,0x66,0x66,0x66,0x62,0x33,0x44,0x44,0x11,
	0x11,0x22,0x22,0x33,0x56,0x66,0x66,0x66,0x66,0x66,0x66,0x66,0x66,0x66,0x66,0x66,0x66,0x62,0x56,0x66,0x66,0x66,0x66,0x66,0x66,0x66,0x66,0x66,0x66,0x66,0x66,0x62,0x56,0x66,0x66,0x66,0x66,0x66,0x66,0x66,0x66,0x66,0x66,0x66,0x66,0x62,0x56,0x66,0x66,0x66,0x66,0x66,0x66,0x66,0x66,0x66,0x66,0x66,0x66,0x62,0x56,0x66,0x66,0x66,0x66,0x66,0x66,0x66,0x66,0x66,0x66,0x66,0x66,0x62,0x56,0x66,0x66,0x66,0x66,0x66,0x66,0x66,0x66,0x66,0x66,0x66,0x66,0x62,0x56,0x66,0x66,0x66,0x66,0x66,0x66,0x66,0x66,0x66,0x66,0x66,0x66,0x62,0x56,0x66,0x66,0x66,0x66,0x66,0x66,0x66,0x66,0x66,0x66,0x66,0x66,0x62,0x56,0x66,0x66,0x66,0x66,0x66,0x66,0x66,0x66,0x66,0x66,0x66,0x66,0x62,0x33,0x44,0x44,0x11,
	0x11,0x22,0x22,0x33,0x56,0x66,0x66,0x66,0x66,0x66,0x66,0x66,0x66,0x66,0x66,0x66,0x66,0x62,0x56,0x66,0x66,0x66,0x66,0x66,0x66,0x66,0x66,0x66,0x66,0x66,0x66,0x62,0x56,0x66,0x66,0x66,0x66,0x66,0x66,0x66,0x66,0x66,0x66,0x66,0x66,0x62,0x56,0x66,0x66,0x66,0x66,0x66,0x66,0x66,0x66,0x66,0x66,0x66,0x66,0x62,0x56,0x66,0x66,0x66,0x66,0x66,0x66,0x66,0x66,0x66,0x66,0x66,0x66,0x62,0x56,0x66,0x66,0x66,0x66,0x66,0x66,0x66,0x66,0x66,0x66,0x66,0x66,0x62,0x56,0x66,0x66,0x66,0x66,0x66,0x66,0x66,0x66,0x66,0x66,0x66,0x66,0x62,0x56,0x66,0x66,0x66,0x66,0x66,0x66,0x66,0x66,0x66,0x66,0x66,0x66,0x62,0x56,0x66,0x66,0x66,0x66,0x66,0x66,0x66,0x66,0x66,0x66,0x66,0x66,0x62,0x33,0x44,0x44,0x11,
	0x11,0x22,0x22,0x33,0x56,0x66,0x66,0x66,0x66,0x66,0x66,0x66,0x66,0x66,0x66,0x66,0x66,0x62,0x56,0x66,0x66,0x66,0x66,0x66,0x66,0x66,0x66,0x66,0x66,0x66,0x66,0x62,0x56,0x66,0x66,0x66,0x66,0x66,0x66,0x66,0x66,0x66,0x66,0x66,0x66,0x62,0x56,0x66,0x66,0x66,0x66,0x66,0x66,0x66,0x66,0x66,0x66,0x66,0x66,0x62,0x56,0x66,0x66,0x66,0x66,0x66,0x66,0x66,0x66,0x66,0x66,0x66,0x66,0x62,0x56,0x66,0x66,0x66,0x66,0x66,0x66,0x66,0x66,0x66,0x66,0x66,0x66,0x62,0x56,0x66,0x66,0x66,0x66,0x66,0x66,0x66,0x66,0x66,0x66,0x66,0x66,0x62,0x56,0x66,0x66,0x66,0x66,0x66,0x66,0x66,0x66,0x66,0x66,0x66,0x66,0x62,0x56,0x66,0x66,0x66,0x66,0x66,0x66,0x66,0x66,0x66,0x66,0x66,0x66,0x62,0x33,0x44,0x44,0x11,
	0x11,0x22,0x22,0x33,0x56,0x66,0x66,0x66,0x66,0x66,0x66,0x66,0x66,0x66,0x66,0x66,0x66,0x62,0x56,0x66,0x66,0x66,0x66,0x66,0x66,0x66,0x66,0x66,0x66,0x66,0x66,0x62,0x56,0x66,0x66,0x66,0x66,0x66,0x66,0x66,0x66,0x66,0x66,0x66,0x66,0x62,0x56,0x66,0x66,0x66,0x66,0x66,0x66,0x66,0x66,0x66,0x66,0x66,0x66,0x62,0x56,0x66,0x66,0x66,0x66,0x66,0x66,0x66,0x66,0x66,0x66,0x66,0x66,0x62,0x56,0x66,0x66,0x66,0x66,0x66,0x66,0x66,0x66,0x66,0x66,0x66,0x66,0x62,0x56,0x66,0x66,0x66,0x66,0x66,0x66,0x66,0x66,0x66,0x66,0x66,0x66,0x62,0x56,0x66,0x66,0x66,0x66,0x66,0x66,0x66,0x66,0x66,0x66,0x66,0x66,0x62,0x56,0x66,0x66,0x66,0x66,0x66,0x66,0x66,0x66,0x66,0x66,0x66,0x66,0x62,0x33,0x44,0x44,0x11,
	0x11,0x22,0x22,0x33,0x56,0x66,0x66,0x66,0x66,0x66,0x66,0x66,0x66,0x66,0x66,0x66,0x66,0x62,0x56,0x66,0x66,0x66,0x66,0x66,0x66,0x66,0x66,0x66,0x66,0x66,0x66,0x62,0x56,0x66,0x66,0x66,0x66,0x66,0x66,0x66,0x66,0x66,0x66,0x66,0x66,0x62,0x56,0x66,0x66,0x66,0x66,0x66,0x66,0x66,0x66,0x66,0x66,0x66,0x66,0x62,0x56,0x66,0x66,0x66,0x66,0x66,0x66,0x66,0x66,0x66,0x66,0x66,0x66,0x62,0x56,0x66,0x66,0x66,0x66,0x66,0x66,0x66,0x66,0x66,0x66,0x66,0x66,0x62,0x56,0x66,0x66,0x66,0x66,0x66,0x66,0x66,0x66,0x66,0x66,0x66,0x66,0x62,0x56,0x66,0x66,0x66,0x66,0x66,0x66,0x66,0x66,0x66,0x66,0x66,0x66,0x62,0x56,0x66,0x66,0x66,0x66,0x66,0x66,0x66,0x66,0x66,0x66,0x66,0x66,0x62,0x33,0x44,0x44,0x11,
	0x11,0x22,0x22,0x33,0x56,0x66,0x66,0x66,0x66,0x66,0x66,0x66,0x66,0x66,0x66,0x66,0x66,0x62,0x56,0x66,0x66,0x66,0x66,0x66,0x66,0x66,0x66,0x66,0x66,0x66,0x66,0x62,0x56,0x66,0x66,0x66,0x66,0x66,0x66,0x66,0x66,0x66,0x66,0x66,0x66,0x62,0x56,0x66,0x66,0x66,0x66,0x66,0x66,0x66,0x66,0x66,0x66,0x66,0x66,0x62,0x56,0x66,0x66,0x66,0x66,0x66,0x66,0x66,0x66,0x66,0x66,0x66,0x66,0x62,0x56,0x66,0x66,0x66,0x66,0x66,0x66,0x66,0x66,0x66,0x66,0x66,0x66,0x62,0x56,0x66,0x66,0x66,0x66,0x66,0x66,0x66,0x66,0x66,0x66,0x66,0x66,0x62,0x56,0x66,0x66,0x66,0x66,0x66,0x66,0x66,0x66,0x66,0x66,0x66,0x66,0x62,0x56,0x66,0x66,0x66,0x66,0x66,0x66,0x66,0x66,0x66,0x66,0x66,0x66,0x62,0x33,0x44,0x44,0x11,
	0x11,0x22,0x22,0x33,0x56,0x66,0x66,0x66,0x66,0x66,0x66,0x66,0x66,0x66,0x66,0x66,0x66,0x62,0x56,0x66,0x66,0x66,0x66,0x66,0x66,0x66,0x66,0x66,0x66,0x66,0x66,0x62,0x56,0x66,0x66,0x66,0x66,0x66,0x66,0x66,0x66,0x66,0x66,0x66,0x66,0x62,0x56,0x66,0x66,0x66,0x66,0x66,0x66,0x66,0x66,0x66,0x66,0x66,0x66,0x62,0x56,0x66,0x66,0x66,0x66,0x66,0x66,0x66,0x66,0x66,0x66,0x66,0x66,0x62,0x56,0x66,0x66,0x66,0x66,0x66,0x66,0x66,0x66,0x66,0x66,0x66,0x66,0x62,0x56,0x66,0x66,0x66,0x66,0x66,0x66,0x66,0x66,0x66,0x66,0x66,0x66,0x62,0x56,0x66,0x66,0x66,0x66,0x66,0x66,0x66,0x66,0x66,0x66,0x66,0x66,0x62,0x56,0x66,0x66,0x66,0x66,0x66,0x66,0x66,0x66,0x66,0x66,0x66,0x66,0x62,0x33,0x44,0x44,0x11,
	0x11,0x22,0x22,0x33,0x62,0x22,0x22,0x22,0x22,0x22,0x22,0x22,0x22,0x22,0x22,0x22,0x22,0x22,0x62,0x22,0x22,0x22,0x22,0x22,0x22,0x22,0x22,0x22,0x22,0x22,0x22,0x22,0x62,0x22,0x22,0x22,0x22,0x22,0x22,0x22,0x22,0x22,0x22,0x22,0x22,0x22,0x62,0x22,0x22,0x22,0x22,0x22,0x22,0x22,0x22,0x22,0x22,0x22,0x22,0x22,0x62,0x22,0x22,0x22,0x22,0x22,0x22,0x22,0x22,0x22,0x22,0x22,0x22,0x22,0x62,0x22,0x22,0x22,0x22,0x22,0x22,0x22,0x22,0x22,0x22,0x22,0x22,0x22,0x62,0x22,0x22,0x22,0x22,0x22,0x22,0x22,0x22,0x22,0x22,0x22,0x22,0x22,0x62,0x22,0x22,0x22,0x22,0x22,0x22,0x22,0x22,0x22,0x22,0x22,0x22,0x22,0x62,0x22,0x22,0x22,0x22,0x22,0x22,0x22,0x22,0x22,0x22,0x22,0x22,0x22,0x33,0x44,0x44,0x11,
	0x11,0x22,0x22,0x33,0x55,0x55,0x55,0x55,0x55,0x55,0x55,0x55,0x55,0x55,0x55,0x55,0x55,0x56,0x55,0x55,0x55,0x55,0x55,0x55,0x55,0x55,0x55,0x55,0x55,0x55,0x55,0x56,0x55,0x55,0x55,0x55,0x55,0x55,0x55,0x55,0x55,0x55,0x55,0x55,0x55,0x56,0x55,0x55,0x55,0x55,0x55,0x55,0x55,0x55,0x55,0x55,0x55,0x55,0x55,0x56,0x55,0x55,0x55,0x55,0x55,0x55,0x55,0x55,0x55,0x55,0x55,0x55,0x55,0x56,0x55,0x55,0x55,0x55,0x55,0x55,0x55,0x55,0x55,0x55,0x55,0x55,0x55,0x56,0x55,0x55,0x55,0x55,0x55,0x55,0x55,0x55,0x55,0x55,0x55,0x55,0x55,0x56,0x55,0x55,0x55,0x55,0x55,0x55,0x55,0x55,0x55,0x55,0x55,0x55,0x55,0x56,0x55,0x55,0x55,0x55,0x55,0x55,0x55,0x55,0x55,0x55,0x55,0x55,0x55,0x56,0x33,0x44,0x44,0x11,
	0x11,0x22,0x22,0x33,0x56,0x66,0x66,0x66,0x66,0x66,0x66,0x66,0x66,0x66,0x66,0x66,0x66,0x62,0x56,0x66,0x66,0x66,0x66,0x66,0x66,0x66,0x66,0x66,0x66,0x66,0x66,0x62,0x56,0x66,0x66,0x66,0x66,0x66,0x66,0x66,0x66,0x66,0x66,0x66,0x66,0x62,0x56,0x66,0x66,0x66,0x66,0x66,0x66,0x66,0x66,0x66,0x66,0x66,0x66,0x62,0x56,0x66,0x66,0x66,0x66,0x66,0x66,0x66,0x66,0x66,0x66,0x66,0x66,0x62,0x56,0x66,0x66,0x66,0x66,0x66,0x66,0x66,0x66,0x66,0x66,0x66,0x66,0x62,0x56,0x66,0x66,0x66,0x66,0x66,0x66,0x66,0x66,0x66,0x66,0x66,0x66,0x62,0x56,0x66,0x66,0x66,0x66,0x66,0x66,0x66,0x66,0x66,0x66,0x66,0x66,0x62,0x56,0x66,0x66,0x66,0x66,0x66,0x66,0x66,0x66,0x66,0x66,0x66,0x66,0x62,0x33,0x44,0x44,0x11,
	0x11,0x22,0x22,0x33,0x56,0x66,0x66,0x66,0x66,0x66,0x66,0x66,0x66,0x66,0x66,0x66,0x66,0x62,0x56,0x66,0x66,0x66,0x66,0x66,0x66,0x66,0x66,0x66,0x66,0x66,0x66,0x62,0x56,0x66,0x66,0x66,0x66,0x66,0x66,0x66,0x66,0x66,0x66,0x66,0x66,0x62,0x56,0x66,0x66,0x66,0x66,0x66,0x66,0x66,0x66,0x66,0x66,0x66,0x66,0x62,0x56,0x66,0x66,0x66,0x66,0x66,0x66,0x66,0x66,0x66,0x66,0x66,0x66,0x62,0x56,0x66,0x66,0x66,0x66,0x66,0x66,0x66,0x66,0x66,0x66,0x66,0x66,0x62,0x56,0x66,0x66,0x66,0x66,0x66,0x66,0x66,0x66,0x66,0x66,0x66,0x66,0x62,0x56,0x66,0x66,0x66,0x66,0x66,0x66,0x66,0x66,0x66,0x66,0x66,0x66,0x62,0x56,0x66,0x66,0x66,0x66,0x66,0x66,0x66,0x66,0x66,0x66,0x66,0x66,0x62,0x33,0x44,0x44,0x11,
	0x11,0x22,0x22,0x33,0x56,0x66,0x66,0x66,0x66,0x66,0x66,0x66,0x66,0x66,0x66,0x66,0x66,0x62,0x56,0x66,0x66,0x66,0x66,0x66,0x66,0x66,0x66,0x66,0x66,0x66,0x66,0x62,0x56,0x66,0x66,0x66,0x66,0x66,0x66,0x66,0x66,0x66,0x66,0x66,0x66,0x62,0x56,0x66,0x66,0x66,0x66,0x66,0x66,0x66,0x66,0x66,0x66,0x66,0x66,0x62,0x56,0x66,0x66,0x66,0x66,0x66,0x66,0x66,0x66,0x66,0x66,0x66,0x66,0x62,0x56,0x66,0x66,0x66,0x66,0x66,0x66,0x66,0x66,0x66,0x66,0x66,0x66,0x62,0x56,0x66,0x66,0x66,0x66,0x66,0x66,0x66,0x66,0x66,0x66,0x66,0x66,0x62,0x56,0x66,0x66,0x66,0x66,0x66,0x66,0x66,0x66,0x66,0x66,0x66,0x66,0x62,0x56,0x66,0x66,0x66,0x66,0x66,0x66,0x66,0x66,0x66,0x66,0x66,0x66,0x62,0x33,0x44,0x44,0x11,
	0x11,0x22,0x22,0x33,0x56,0x66,0x66,0x66,0x66,0x66,0x66,0x66,0x66,0x66,0x66,0x66,0x66,0x62,0x56,0x66,0x66,0x66,0x66,0x66,0x66,0x66,0x66,0x66,0x66,0x66,0x66,0x62,0x56,0x66,0x66,0x66,0x66,0x66,0x66,0x66,0x66,0x66,0x66,0x66,0x66,0x62,0x56,0x66,0x66,0x66,0x66,0x66,0x66,0x66,0x66,0x66,0x66,0x66,0x66,0x62,0x56,0x66,0x66,0x66,0x66,0x66,0x66,0x66,0x66,0x66,0x66,0x66,0x66,0x62,0x56,0x66,0x66,0x66,0x66,0x66,0x66,0x66,0x66,0x66,0x66,0x66,0x66,0x62,0x56,0x66,0x66,0x66,0x66,0x66,0x66,0x66,0x66,0x66,0x66,0x66,0x66,0x62,0x56,0x66,0x66,0x66,0x66,0x66,0x66,0x66,0x66,0x66,0x66,0x66,0x66,0x62,0x56,0x66,0x66,0x66,0x66,0x66,0x66,0x66,0x66,0x66,0x66,0x66,0x66,0x62,0x33,0x44,0x44,0x11,
	0x11,0x22,0x22,0x33,0x56,0x66,0x66,0x66,0x66,0x66,0x66,0x66,0x66,0x66,0x66,0x66,0x66,0x62,0x56,0x66,0x66,0x66,0x66,0x66,0x66,0x66,0x66,0x66,0x66,0x66,0x66,0x62,0x56,0x66,0x66,0x66,0x66,0x66,0x66,0x66,0x66,0x66,0x66,0x66,0x66,0x62,0x56,0x66,0x66,0x66,0x66,0x66,0x66,0x66,0x66,0x66,0x66,0x66,0x66,0x62,0x56,0x66,0x66,0x66,0x66,0x66,0x66,0x66,0x66,0x66,0x66,0x66,0x66,0x62,0x56,0x66,0x66,0x66,0x66,0x66,0x66,0x66,0x66,0x66,0x66,0x66,0x66,0x62,0x56,0x66,0x66,0x66,0x66,0x66,0x66,0x66,0x66,0x66,0x66,0x66,0x66,0x62,0x56,0x66,0x66,0x66,0x66,0x66,0x66,0x66,0x66,0x66,0x66,0x66,0x66,0x62,0x56,0x66,0x66,0x66,0x66,0x66,0x66,0x66,0x66,0x66,0x66,0x66,0x66,0x62,0x33,0x44,0x44,0x11,
	0x11,0x22,0x22,0x33,0x56,0x66,0x66,0x66,0x66,0x66,0x66,0x66,0x66,0x66,0x66,0x66,0x66,0x62,0x56,0x66,0x66,0x66,0x66,0x66,0x66,0x66,0x66,0x66,0x66,0x66,0x66,0x62,0x56,0x66,0x66,0x66,0x66,0x66,0x66,0x66,0x66,0x66,0x66,0x66,0x66,0x62,0x56,0x66,0x66,0x66,0x66,0x66,0x66,0x66,0x66,0x66,0x66,0x66,0x66,0x62,0x56,0x66,0x66,0x66,0x66,0x66,0x66,0x66,0x66,0x66,0x66,0x66,0x66,0x62,0x56,0x66,0x66,0x66,0x66,0x66,0x66,0x66,0x66,0x66,0x66,0x66,0x66,0x62,0x56,0x66,0x66,0x66,0x66,0x66,0x66,0x66,0x66,0x66,0x66,0x66,0x66,0x62,0x56,0x66,0x66,0x66,0x66,0x66,0x66,0x66,0x66,0x66,0x66,0x66,0x66,0x62,0x56,0x66,0x66,0x66,0x66,0x66,0x66,0x66,0x66,0x66,0x66,0x66,0x66,0x62,0x33,0x44,0x44,0x11,
	0x11,0x22,0x22,0x33,0x56,0x66,0x66,0x66,0x66,0x66,0x66,0x66,0x66,0x66,0x66,0x66,0x66,0x62,0x56,0x66,0x66,0x66,0x66,0x66,0x66,0x66,0x66,0x66,0x66,0x66,0x66,0x62,0x56,0x66,0x66,0x66,0x66,0x66,0x66,0x66,0x66,0x66,0x66,0x66,0x66,0x62,0x56,0x66,0x66,0x66,0x66,0x66,0x66,0x66,0x66,0x66,0x66,0x66,0x66,0x62,0x56,0x66,0x66,0x66,0x66,0x66,0x66,0x66,0x66,0x66,0x66,0x66,0x66,0x62,0x56,0x66,0x66,0x66,0x66,0x66,0x66,0x66,0x66,0x66,0x66,0x66,0x66,0x62,0x56,0x66,0x66,0x66,0x66,0x66,0x66,0x66,0x66,0x66,0x66,0x66,0x66,0x62,0x56,0x66,0x66,0x66,0x66,0x66,0x66,0x66,0x66,0x66,0x66,0x66,0x66,0x62,0x56,0x66,0x66,0x66,0x66,0x66,0x66,0x66,0x66,0x66,0x66,0x66,0x66,0x62,0x33,0x44,0x44,0x11,
	0x11,0x22,0x22,0x33,0x56,0x66,0x66,0x66,0x66,0x66,0x66,0x66,0x66,0x66,0x66,0x66,0x66,0x62,0x56,0x66,0x66,0x66,0x66,0x66,0x66,0x66,0x66,0x66,0x66,0x66,0x66,0x62,0x56,0x66,0x66,0x66,0x66,0x66,0x66,0x66,0x66,0x66,0x66,0x66,0x66,0x62,0x56,0x66,0x66,0x66,0x66,0x66,0x66,0x66,0x66,0x66,0x66,0x66,0x66,0x62,0x56,0x66,0x66,0x66,0x66,0x66,0x66,0x66,0x66,0x66,0x66,0x66,0x66,0x62,0x56,0x66,0x66,0x66,0x66,0x66,0x66,0x66,0x66,0x66,0x66,0x66,0x66,0x62,0x56,0x66,0x66,0x66,0x66,0x66,0x66,0x66,0x66,0x66,0x66,0x66,0x66,0x62,0x56,0x66,0x66,0x66,0x66,0x66,0x66,0x66,0x66,0x66,0x66,0x66,0x66,0x62,0x56,0x66,0x66,0x66,0x66,0x66,0x66,0x66,0x66,0x66,0x66,0x66,0x66,0x62,0x33,0x44,0x44,0x11,
	0x11,0x22,0x22,0x33,0x56,0x66,0x66,0x66,0x66,0x66,0x66,0x66,0x66,0x66,0x66,0x66,0x66,0x62,0x56,0x66,0x66,0x66,0x66,0x66,0x66,0x66,0x66,0x66,0x66,0x66,0x66,0x62,0x56,0x66,0x66,0x66,0x66,0x66,0x66,0x66,0x66,0x66,0x66,0x66,0x66,0x62,0x56,0x66,0x66,0x66,0x66,0x66,0x66,0x66,0x66,0x66,0x66,0x66,0x66,0x62,0x56,0x66,0x66,0x66,0x66,0x66,0x66,0x66,0x66,0x66,0x66,0x66,0x66,0x62,0x56,0x66,0x66,0x66,0x66,0x66,0x66,0x66,0x66,0x66,0x66,0x66,0x66,0x62,0x56,0x66,0x66,0x66,0x66,0x66,0x66,0x66,0x66,0x66,0x66,0x66,0x66,0x62,0x56,0x66,0x66,0x66,0x66,0x66,0x66,0x66,0x66,0x66,0x66,0x66,0x66,0x62,0x56,0x66,0x66,0x66,0x66,0x66,0x66,0x66,0x66,0x66,0x66,0x66,0x66,0x62,0x33,0x44,0x44,0x11,
	0x11,0x22,0x22,0x33,0x56,0x66,0x66,0x66,0x66,0x66,0x66,0x66,0x66,0x66,0x66,0x66,0x66,0x62,0x56,0x66,0x66,0x66,0x66,0x66,0x66,0x66,0x66,0x66,0x66,0x66,0x66,0x62,0x56,0x66,0x66,0x66,0x66,0x66,0x66,0x66,0x66,0x66,0x66,0x66,0x66,0x62,0x56,0x66,0x66,0x66,0x66,0x66,0x66,0x66,0x66,0x66,0x66,0x66,0x66,0x62,0x56,0x66,0x66,0x66,0x66,0x66,0x66,0x66,0x66,0x66,0x66,0x66,0x66,0x62,0x56,0x66,0x66,0x66,0x66,0x66,0x66,0x66,0x66,0x66,0x66,0x66,0x66,0x62,0x56,0x66,0x66,0x66,0x66,0x66,0x66,0x66,0x66,0x66,0x66,0x66,0x66,0x62,0x56,0x66,0x66,0x66,0x66,0x66,0x66,0x66,0x66,0x66,0x66,0x66,0x66,0x62,0x56,0x66,0x66,0x66,0x66,0x66,0x66,0x66,0x66,0x66,0x66,0x66,0x66,0x62,0x33,0x44,0x44,0x11,
	0x11,0x22,0x22,0x33,0x56,0x66,0x66,0x66,0x66,0x66,0x66,0x66,0x66,0x66,0x66,0x66,0x66,0x62,0x56,0x66,0x66,0x66,0x66,0x66,0x66,0x66,0x66,0x66,0x66,0x66,0x66,0x62,0x56,0x66,0x66,0x66,0x66,0x66,0x66,0x66,0x66,0x66,0x66,0x66,0x66,0x62,0x56,0x66,0x66,0x66,0x66,0x66,0x66,0x66,0x66,0x66,0x66,0x66,0x66,0x62,0x56,0x66,0x66,0x66,0x66,0x66,0x66,0x66,0x66,0x66,0x66,0x66,0x66,0x62,0x56,0x66,0x66,0x66,0x66,0x66,0x66,0x66,0x66,0x66,0x66,0x66,0x66,0x62,0x56,0x66,0x66,0x66,0x66,0x66,0x66,0x66,0x66,0x66,0x66,0x66,0x66,0x62,0x56,0x66,0x66,0x66,0x66,0x66,0x66,0x66,0x66,0x66,0x66,0x66,0x66,0x62,0x56,0x66,0x66,0x66,0x66,0x66,0x66,0x66,0x66,0x66,0x66,0x66,0x66,0x62,0x33,0x44,0x44,0x11,
	0x11,0x22,0x22,0x33,0x56,0x66,0x66,0x66,0x66,0x66,0x66,0x66,0x66,0x66,0x66,0x66,0x66,0x62,0x56,0x66,0x66,0x66,0x66,0x66,0x66,0x66,0x66,0x66,0x66,0x66,0x66,0x62,0x56,0x66,0x66,0x66,0x66,0x66,0x66,0x66,0x66,0x66,0x66,0x66,0x66,0x62,0x56,0x66,0x66,0x66,0x66,0x66,0x66,0x66,0x66,0x66,0x66,0x66,0x66,0x62,0x56,0x66,0x66,0x66,0x66,0x66,0x66,0x66,0x66,0x66,0x66,0x66,0x66,0x62,0x56,0x66,0x66,0x66,0x66,0x66,0x66,0x66,0x66,0x66,0x66,0x66,0x66,0x62,0x56,0x66,0x66,0x66,0x66,0x66,0x66,0x66,0x66,0x66,0x66,0x66,0x66,0x62,0x56,0x66,0x66,0x66,0x66,0x66,0x66,0x66,0x66,0x66,0x66,0x66,0x66,0x62,0x56,0x66,0x66,0x66,0x66,0x66,0x66,0x66,0x66,0x66,0x66,0x66,0x66,0x62,0x33,0x44,0x44,0x11,
	0x11,0x22,0x22,0x33,0x56,0x66,0x66,0x66,0x66,0x66,0x66,0x66,0x66,0x66,0x66,0x66,0x66,0x62,0x56,0x66,0x66,0x66,0x66,0x66,0x66,0x66,0x66,0x66,0x66,0x66,0x66,0x62,0x56,0x66,0x66,0x66,0x66,0x66,0x66,0x66,0x66,0x66,0x66,0x66,0x66,0x62,0x56,0x66,0x66,0x66,0x66,0x66,0x66,0x66,0x66,0x66,0x66,0x66,0x66,0x62,0x56,0x66,0x66,0x66,0x66,0x66,0x66,0x66,0x66,0x66,0x66,0x66,0x66,0x62,0x56,0x66,0x66,0x66,0x66,0x66,0x66,0x66,0x66,0x66,0x66,0x66,0x66,0x62,0x56,0x66,0x66,0x66,0x66,0x66,0x66,0x66,0x66,0x66,0x66,0x66,0x66,0x62,0x56,0x66,0x66,0x66,0x66,0x66,0x66,0x66,0x66,0x66,0x66,0x66,0x66,0x62,0x56,0x66,0x66,0x66,0x66,0x66,0x66,0x66,0x66,0x66,0x66,0x66,0x66,0x62,0x33,0x44,0x44,0x11,
	0x11,0x22,0x22,0x33,0x56,0x66,0x66,0x66,0x66,0x66,0x66,0x66,0x66,0x66,0x66,0x66,0x66,0x62,0x56,0x66,0x66,0x66,0x66,0x66,0x66,0x66,0x66,0x66,0x66,0x66,0x66,0x62,0x56,0x66,0x66,0x66,0x66,0x66,0x66,0x66,0x66,0x66,0x66,0x66,0x66,0x62,0x56,0x66,0x66,0x66,0x66,0x66,0x66,0x66,0x66,0x66,0x66,0x66,0x66,0x62,0x56,0x66,0x66,0x66,0x66,0x66,0x66,0x66,0x66,0x66,0x66,0x66,0x66,0x62,0x56,0x66,0x66,0x66,0x66,0x66,0x66,0x66,0x66,0x66,0x66,0x66,0x66,0x62,0x56,0x66,0x66,0x66,0x66,0x66,0x66,0x66,0x66,0x66,0x66,0x66,0x66,0x62,0x56,0x66,0x66,0x66,0x66,0x66,0x66,0x66,0x66,0x66,0x66,0x66,0x66,0x62,0x56,0x66,0x66,0x66,0x66,0x66,0x66,0x66,0x66,0x66,0x66,0x66,0x66,0x62,0x33,0x44,0x44,0x11,
	0x11,0x22,0x22,0x33,0x56,0x66,0x66,0x66,0x66,0x66,0x66,0x66,0x66,0x66,0x66,0x66,0x66,0x62,0x56,0x66,0x66,0x66,0x66,0x66,0x66,0x66,0x66,0x66,0x66,0x66,0x66,0x62,0x56,0x66,0x66,0x66,0x66,0x66,0x66,0x66,0x66,0x66,0x66,0x66,0x66,0x62,0x56,0x66,0x66,0x66,0x66,0x66,0x66,0x66,0x66,0x66,0x66,0x66,0x66,0x62,0x56,0x66,0x66,0x66,0x66,0x66,0x66,0x66,0x66,0x66,0x66,0x66,0x66,0x62,0x56,0x66,0x66,0x66,0x66,0x66,0x66,0x66,0x66,0x66,0x66,0x66,0x66,0x62,0x56,0x66,0x66,0x66,0x66,0x66,0x66,0x66,0x66,0x66,0x66,0x66,0x66,0x62,0x56,0x66,0x66,0x66,0x66,0x66,0x66,0x66,0x66,0x66,0x66,0x66,0x66,0x62,0x56,0x66,0x66,0x66,0x66,0x66,0x66,0x66,0x66,0x66,0x66,0x66,0x66,0x62,0x33,0x44,0x44,0x11,
	0x11,0x22,0x22,0x33,0x56,0x66,0x66,0x66,0x66,0x66,0x66,0x66,0x66,0x66,0x66,0x66,0x66,0x62,0x56,0x66,0x66,0x66,0x66,0x66,0x66,0x66,0x66,0x66,0x66,0x66,0x66,0x62,0x56,0x66,0x66,0x66,0x66,0x66,0x66,0x66,0x66,0x66,0x66,0x66,0x66,0x62,0x56,0x66,0x66,0x66,0x66,0x66,0x66,0x66,0x66,0x66,0x66,0x66,0x66,0x62,0x56,0x66,0x66,0x66,0x66,0x66,0x66,0x66,0x66,0x66,0x66,0x66,0x66,0x62,0x56,0x66,0x66,0x66,0x66,0x66,0x66,0x66,0x66,0x66,0x66,0x66,0x66,0x62,0x56,0x66,0x66,0x66,0x66,0x66,0x66,0x66,0x66,0x66,0x66,0x66,0x66,0x62,0x56,0x66,0x66,0x66,0x66,0x66,0x66,0x66,0x66,0x66,0x66,0x66,0x66,0x62,0x56,0x66,0x66,0x66,0x66,0x66,0x66,0x66,0x66,0x66,0x66,0x66,0x66,0x62,0x33,0x44,0x44,0x11,
	0x11,0x22,0x22,0x33,0x56,0x66,0x66,0x66,0x66,0x66,0x66,0x66,0x66,0x66,0x66,0x66,0x66,0x62,0x56,0x66,0x66,0x66,0x66,0x66,0x66,0x66,0x66,0x66,0x66,0x66,0x66,0x62,0x56,0x66,0x66,0x66,0x66,0x66,0x66,0x66,0x66,0x66,0x66,0x66,0x66,0x62,0x56,0x66,0x66,0x66,0x66,0x66,0x66,0x66,0x66,0x66,0x66,0x66,0x66,0x62,0x56,0x66,0x66,0x66,0x66,0x66,0x66,0x66,0x66,0x66,0x66,0x66,0x66,0x62,0x56,0x66,0x66,0x66,0x66,0x66,0x66,0x66,0x66,0x66,0x66,0x66,0x66,0x62,0x56,0x66,0x66,0x66,0x66,0x66,0x66,0x66,0x66,0x66,0x66,0x66,0x66,0x62,0x56,0x66,0x66,0x66,0x66,0x66,0x66,0x66,0x66,0x66,0x66,0x66,0x66,0x62,0x56,0x66,0x66,0x66,0x66,0x66,0x66,0x66,0x66,0x66,0x66,0x66,0x66,0x62,0x33,0x44,0x44,0x11,
	0x11,0x22,0x22,0x33,0x56,0x66,0x66,0x66,0x66,0x66,0x66,0x66,0x66,0x66,0x66,0x66,0x66,0x62,0x56,0x66,0x66,0x66,0x66,0x66,0x66,0x66,0x66,0x66,0x66,0x66,0x66,0x62,0x56,0x66,0x66,0x66,0x66,0x66,0x66,0x66,0x66,0x66,0x66,0x66,0x66,0x62,0x56,0x66,0x66,0x66,0x66,0x66,0x66,0x66,0x66,0x66,0x66,0x66,0x66,0x62,0x56,0x66,0x66,0x66,0x66,0x66,0x66,0x66,0x66,0x66,0x66,0x66,0x66,0x62,0x56,0x66,0x66,0x66,0x66,0x66,0x66,0x66,0x66,0x66,0x66,0x66,0x66,0x62,0x56,0x66,0x66,0x66,0x66,0x66,0x66,0x66,0x66,0x66,0x66,0x66,0x66,0x62,0x56,0x66,0x66,0x66,0x66,0x66,0x66,0x66,0x66,0x66,0x66,0x66,0x66,0x62,0x56,0x66,0x66,0x66,0x66,0x66,0x66,0x66,0x66,0x66,0x66,0x66,0x66,0x62,0x33,0x44,0x44,0x11,
	0x11,0x22,0x22,0x33,0x56,0x66,0x66,0x66,0x66,0x66,0x66,0x66,0x66,0x66,0x66,0x66,0x66,0x62,0x56,0x66,0x66,0x66,0x66,0x66,0x66,0x66,0x66,0x66,0x66,0x66,0x66,0x62,0x56,0x66,0x66,0x66,0x66,0x66,0x66,0x66,0x66,0x66,0x66,0x66,0x66,0x62,0x56,0x66,0x66,0x66,0x66,0x66,0x66,0x66,0x66,0x66,0x66,0x66,0x66,0x62,0x56,0x66,0x66,0x66,0x66,0x66,0x66,0x66,0x66,0x66,0x66,0x66,0x66,0x62,0x56,0x66,0x66,0x66,0x66,0x66,0x66,0x66,0x66,0x66,0x66,0x66,0x66,0x62,0x56,0x66,0x66,0x66,0x66,0x66,0x66,0x66,0x66,0x66,0x66,0x66,0x66,0x62,0x56,0x66,0x66,0x66,0x66,0x66,0x66,0x66,0x66,0x66,0x66,0x66,0x66,0x62,0x56,0x66,0x66,0x66,0x66,0x66,0x66,0x66,0x66,0x66,0x66,0x66,0x66,0x62,0x33,0x44,0x44,0x11,
	0x11,0x22,0x22,0x33,0x56,0x66,0x66,0x66,0x66,0x66,0x66,0x66,0x66,0x66,0x66,0x66,0x66,0x62,0x56,0x66,0x66,0x66,0x66,0x66,0x66,0x66,0x66,0x66,0x66,0x66,0x66,0x62,0x56,0x66,0x66,0x66,0x66,0x66,0x66,0x66,0x66,0x66,0x66,0x66,0x66,0x62,0x56,0x66,0x66,0x66,0x66,0x66,0x66,0x66,0x66,0x66,0x66,0x66,0x66,0x62,0x56,0x66,0x66,0x66,0x66,0x66,0x66,0x66,0x66,0x66,0x66,0x66,0x66,0x62,0x56,0x66,0x66,0x66,0x66,0x66,0x66,0x66,0x66,0x66,0x66,0x66,0x66,0x62,0x56,0x66,0x66,0x66,0x66,0x66,0x66,0x66,0x66,0x66,0x66,0x66,0x66,0x62,0x56,0x66,0x66,0x66,0x66,0x66,0x66,0x66,0x66,0x66,0x66,0x66,0x66,0x62,0x56,0x66,0x66,0x66,0x66,0x66,0x66,0x66,0x66,0x66,0x66,0x66,0x66,0x62,0x33,0x44,0x44,0x11,
	0x11,0x22,0x22,0x33,0x56,0x66,0x66,0x66,0x66,0x66,0x66,0x66,0x66,0x66,0x66,0x66,0x66,0x62,0x56,0x66,0x66,0x66,0x66,0x66,0x66,0x66,0x66,0x66,0x66,0x66,0x66,0x62,0x56,0x66,0x66,0x66,0x66,0x66,0x66,0x66,0x66,0x66,0x66,0x66,0x66,0x62,0x56,0x66,0x66,0x66,0x66,0x66,0x66,0x66,0x66,0x66,0x66,0x66,0x66,0x62,0x56,0x66,0x66,0x66,0x66,0x66,0x66,0x66,0x66,0x66,0x66,0x66,0x66,0x62,0x56,0x66,0x66,0x66,0x66,0x66,0x66,0x66,0x66,0x66,0x66,0x66,0x66,0x62,0x56,0x66,0x66,0x66,0x66,0x66,0x66,0x66,0x66,0x66,0x66,0x66,0x66,0x62,0x56,0x66,0x66,0x66,0x66,0x66,0x66,0x66,0x66,0x66,0x66,0x66,0x66,0x62,0x56,0x66,0x66,0x66,0x66,0x66,0x66,0x66,0x66,0x66,0x66,0x66,0x66,0x62,0x33,0x44,0x44,0x11,
	0x11,0x22,0x22,0x33,0x56,0x66,0x66,0x66,0x66,0x66,0x66,0x66,0x66,0x66,0x66,0x66,0x66,0x62,0x56,0x66,0x66,0x66,0x66,0x66,0x66,0x66,0x66,0x66,0x66,0x66,0x66,0x62,0x56,0x66,0x66,0x66,0x66,0x66,0x66,0x66,0x66,0x66,0x66,0x66,0x66,0x62,0x56,0x66,0x66,0x66,0x66,0x66,0x66,0x66,0x66,0x66,0x66,0x66,0x66,0x62,0x56,0x66,0x66,0x66,0x66,0x66,0x66,0x66,0x66,0x66,0x66,0x66,0x66,0x62,0x56,0x66,0x66,0x66,0x66,0x66,0x66,0x66,0x66,0x66,0x66,0x66,0x66,0x62,0x56,0x66,0x66,0x66,0x66,0x66,0x66,0x66,0x66,0x66,0x66,0x66,0x66,0x62,0x56,0x66,0x66,0x66,0x66,0x66,0x66,0x66,0x66,0x66,0x66,0x66,0x66,0x62,0x56,0x66,0x66,0x66,0x66,0x66,0x66,0x66,0x66,0x66,0x66,0x66,0x66,0x62,0x33,0x44,0x44,0x11,
	0x11,0x22,0x22,0x33,0x56,0x66,0x66,0x66,0x66,0x66,0x66,0x66,0x66,0x66,0x66,0x66,0x66,0x62,0x56,0x66,0x66,0x66,0x66,0x66,0x66,0x66,0x66,0x66,0x66,0x66,0x66,0x62,0x56,0x66,0x66,0x66,0x66,0x66,0x66,0x66,0x66,0x66,0x66,0x66,0x66,0x62,0x56,0x66,0x66,0x66,0x66,0x66,0x66,0x66,0x66,0x66,0x66,0x66,0x66,0x62,0x56,0x66,0x66,0x66,0x66,0x66,0x66,0x66,0x66,0x66,0x66,0x66,0x66,0x62,0x56,0x66,0x66,0x66,0x66,0x66,0x66,0x66,0x66,0x66,0x66,0x66,0x66,0x62,0x56,0x66,0x66,0x66,0x66,0x66,0x66,0x66,0x66,0x66,0x66,0x66,0x66,0x62,0x56,0x66,0x66,0x66,0x66,0x66,0x66,0x66,0x66,0x66,0x66,0x66,0x66,0x62,0x56,0x66,0x66,0x66,0x66,0x66,0x66,0x66,0x66,0x66,0x66,0x66,0x66,0x62,0x33,0x44,0x44,0x11,
	0x11,0x22,0x22,0x33,0x56,0x66,0x66,0x66,0x66,0x66,0x66,0x66,0x66,0x66,0x66,0x66,0x66,0x62,0x56,0x66,0x66,0x66,0x66,0x66,0x66,0x66,0x66,0x66,0x66,0x66,0x66,0x62,0x56,0x66,0x66,0x66,0x66,0x66,0x66,0x66,0x66,0x66,0x66,0x66,0x66,0x62,0x56,0x66,0x66,0x66,0x66,0x66,0x66,0x66,0x66,0x66,0x66,0x66,0x66,0x62,0x56,0x66,0x66,0x66,0x66,0x66,0x66,0x66,0x66,0x66,0x66,0x66,0x66,0x62,0x56,0x66,0x66,0x66,0x66,0x66,0x66,0x66,0x66,0x66,0x66,0x66,0x66,0x62,0x56,0x66,0x66,0x66,0x66,0x66,0x66,0x66,0x66,0x66,0x66,0x66,0x66,0x62,0x56,0x66,0x66,0x66,0x66,0x66,0x66,0x66,0x66,0x66,0x66,0x66,0x66,0x62,0x56,0x66,0x66,0x66,0x66,0x66,0x66,0x66,0x66,0x66,0x66,0x66,0x66,0x62,0x33,0x44,0x44,0x11,
	0x11,0x22,0x22,0x33,0x56,0x66,0x66,0x66,0x66,0x66,0x66,0x66,0x66,0x66,0x66,0x66,0x66,0x62,0x56,0x66,0x66,0x66,0x66,0x66,0x66,0x66,0x66,0x66,0x66,0x66,0x66,0x62,0x56,0x66,0x66,0x66,0x66,0x66,0x66,0x66,0x66,0x66,0x66,0x66,0x66,0x62,0x56,0x66,0x66,0x66,0x66,0x66,0x66,0x66,0x66,0x66,0x66,0x66,0x66,0x62,0x56,0x66,0x66,0x66,0x66,0x66,0x66,0x66,0x66,0x66,0x66,0x66,0x66,0x62,0x56,0x66,0x66,0x66,0x66,0x66,0x66,0x66,0x66,0x66,0x66,0x66,0x66,0x62,0x56,0x66,0x66,0x66,0x66,0x66,0x66,0x66,0x66,0x66,0x66,0x66,0x66,0x62,0x56,0x66,0x66,0x66,0x66,0x66,0x66,0x66,0x66,0x66,0x66,0x66,0x66,0x62,0x56,0x66,0x66,0x66,0x66,0x66,0x66,0x66,0x66,0x66,0x66,0x66,0x66,0x62,0x33,0x44,0x44,0x11,
	0x11,0x22,0x22,0x33,0x56,0x66,0x66,0x66,0x66,0x66,0x66,0x66,0x66,0x66,0x66,0x66,0x66,0x62,0x56,0x66,0x66,0x66,0x66,0x66,0x66,0x66,0x66,0x66,0x66,0x66,0x66,0x62,0x56,0x66,0x66,0x66,0x66,0x66,0x66,0x66,0x66,0x66,0x66,0x66,0x66,0x62,0x56,0x66,0x66,0x66,0x66,0x66,0x66,0x66,0x66,0x66,0x66,0x66,0x66,0x62,0x56,0x66,0x66,0x66,0x66,0x66,0x66,0x66,0x66,0x66,0x66,0x66,0x66,0x62,0x56,0x66,0x66,0x66,0x66,0x66,0x66,0x66,0x66,0x66,0x66,0x66,0x66,0x62,0x56,0x66,0x66,0x66,0x66,0x66,0x66,0x66,0x66,0x66,0x66,0x66,0x66,0x62,0x56,0x66,0x66,0x66,0x66,0x66,0x66,0x66,0x66,0x66,0x66,0x66,0x66,0x62,0x56,0x66,0x66,0x66,0x66,0x66,0x66,0x66,0x66,0x66,0x66,0x66,0x66,0x62,0x33,0x44,0x44,0x11,
	0x11,0x22,0x22,0x33,0x62,0x22,0x22,0x22,0x22,0x22,0x22,0x22,0x22,0x22,0x22,0x22,0x22,0x22,0x62,0x22,0x22,0x22,0x22,0x22,0x22,0x22,0x22,0x22,0x22,0x22,0x22,0x22,0x62,0x22,0x22,0x22,0x22,0x22,0x22,0x22,0x22,0x22,0x22,0x22,0x22,0x22,0x62,0x22,0x22,0x22,0x22,0x22,0x22,0x22,0x22,0x22,0x22,0x22,0x22,0x22,0x62,0x22,0x22,0x22,0x22,0x22,0x22,0x22,0x22,0x22,0x22,0x22,0x22,0x22,0x62,0x22,0x22,0x22,0x22,0x22,0x22,0x22,0x22,0x22,0x22,0x22,0x22,0x22,0x62,0x22,0x22,0x22,0x22,0x22,0x22,0x22,0x22,0x22,0x22,0x22,0x22,0x22,0x62,0x22,0x22,0x22,0x22,0x22,0x22,0x22,0x22,0x22,0x22,0x22,0x22,0x22,0x62,0x22,0x22,0x22,0x22,0x22,0x22,0x22,0x22,0x22,0x22,0x22,0x22,0x22,0x33,0x44,0x44,0x11,
	0x11,0x22,0x22,0x33,0x33,0x33,0x33,0x33,0x33,0x33,0x33,0x33,0x33,0x33,0x33,0x33,0x33,0x33,0x33,0x33,0x33,0x33,0x33,0x33,0x33,0x33,0x33,0x33,0x33,0x33,0x33,0x33,0x33,0x33,0x33,0x33,0x33,0x33,0x33,0x33,0x33,0x33,0x33,0x33,0x33,0x33,0x33,0x33,0x33,0x33,0x33,0x33,0x33,0x33,0x33,0x33,0x33,0x33,0x33,0x33,0x33,0x33,0x33,0x33,0x33,0x33,0x33,0x33,0x33,0x33,0x33,0x33,0x33,0x33,0x33,0x33,0x33,0x33,0x33,0x33,0x33,0x33,0x33,0x33,0x33,0x33,0x33,0x33,0x33,0x33,0x33,0x33,0x33,0x33,0x33,0x33,0x33,0x33,0x33,0x33,0x33,0x33,0x33,0x33,0x33,0x33,0x33,0x33,0x33,0x33,0x33,0x33,0x33,0x33,0x33,0x33,0x33,0x33,0x33,0x33,0x33,0x33,0x33,0x33,0x33,0x33,0x33,0x33,0x33,0x33,0x33,0x44,0x44,0x11,
	0x11,0x22,0x22,0x33,0x33,0x33,0x33,0x33,0x33,0x33,0x33,0x33,0x33,0x33,0x33,0x33,0x33,0x33,0x33,0x33,0x33,0x33,0x33,0x33,0x33,0x33,0x33,0x33,0x33,0x33,0x33,0x33,0x33,0x33,0x33,0x33,0x33,0x33,0x33,0x33,0x33,0x33,0x33,0x33,0x33,0x33,0x33,0x33,0x33,0x33,0x33,0x33,0x33,0x33,0x33,0x33,0x33,0x33,0x33,0x33,0x33,0x33,0x33,0x33,0x33,0x33,0x33,0x33,0x33,0x33,0x33,0x33,0x33,0x33,0x33,0x33,0x33,0x33,0x33,0x33,0x33,0x33,0x33,0x33,0x33,0x33,0x33,0x33,0x33,0x33,0x33,0x33,0x33,0x33,0x33,0x33,0x33,0x33,0x33,0x33,0x33,0x33,0x33,0x33,0x33,0x33,0x33,0x33,0x33,0x33,0x33,0x33,0x33,0x33,0x33,0x33,0x33,0x33,0x33,0x33,0x33,0x33,0x33,0x33,0x33,0x33,0x33,0x33,0x33,0x33,0x33,0x44,0x44,0x11,
	0x11,0x22,0x22,0x33,0x33,0x33,0x33,0x33,0x33,0x33,0x33,0x33,0x33,0x33,0x33,0x33,0x33,0x33,0x33,0x33,0x33,0x33,0x33,0x33,0x33,0x33,0x33,0x33,0x33,0x33,0x33,0x33,0x33,0x33,0x33,0x33,0x33,0x33,0x33,0x33,0x33,0x33,0x33,0x33,0x33,0x33,0x33,0x33,0x33,0x33,0x33,0x33,0x33,0x33,0x33,0x33,0x33,0x33,0x33,0x33,0x33,0x33,0x33,0x33,0x33,0x33,0x33,0x33,0x33,0x33,0x33,0x33,0x33,0x33,0x33,0x33,0x33,0x33,0x33,0x33,0x33,0x33,0x33,0x33,0x33,0x33,0x33,0x33,0x33,0x33,0x33,0x33,0x33,0x33,0x33,0x33,0x33,0x33,0x33,0x33,0x33,0x33,0x33,0x33,0x33,0x33,0x33,0x33,0x33,0x33,0x33,0x33,0x33,0x33,0x33,0x33,0x33,0x33,0x33,0x33,0x33,0x33,0x33,0x33,0x33,0x33,0x33,0x33,0x33,0x33,0x33,0x44,0x44,0x11,
	0x11,0x22,0x22,0x33,0x33,0x33,0x33,0x33,0x33,0x33,0x33,0x33,0x33,0x33,0x33,0x33,0x33,0x33,0x33,0x33,0x33,0x33,0x33,0x33,0x33,0x33,0x33,0x33,0x33,0x33,0x33,0x33,0x33,0x33,0x33,0x33,0x33,0x33,0x33,0x33,0x33,0x33,0x33,0x33,0x33,0x33,0x33,0x33,0x33,0x33,0x33,0x33,0x33,0x33,0x33,0x33,0x33,0x33,0x33,0x33,0x33,0x33,0x33,0x33,0x33,0x33,0x33,0x33,0x33,0x33,0x33,0x33,0x33,0x33,0x33,0x33,0x33,0x33,0x33,0x33,0x33,0x33,0x33,0x33,0x33,0x33,0x33,0x33,0x33,0x33,0x33,0x33,0x33,0x33,0x33,0x33,0x33,0x33,0x33,0x33,0x33,0x33,0x33,0x33,0x33,0x33,0x33,0x33,0x33,0x33,0x33,0x33,0x33,0x33,0x33,0x33,0x33,0x33,0x33,0x33,0x33,0x33,0x33,0x33,0x33,0x33,0x33,0x33,0x33,0x33,0x33,0x44,0x44,0x11,
	0x11,0x22,0x22,0x33,0x55,0x55,0x55,0x55,0x55,0x55,0x55,0x55,0x55,0x55,0x55,0x55,0x55,0x56,0x55,0x55,0x55,0x55,0x55,0x55,0x55,0x55,0x55,0x55,0x55,0x55,0x55,0x56,0x55,0x55,0x55,0x55,0x55,0x55,0x55,0x55,0x55,0x55,0x55,0x55,0x55,0x56,0x55,0x55,0x55,0x55,0x55,0x55,0x55,0x55,0x55,0x55,0x55,0x55,0x55,0x56,0x55,0x55,0x55,0x55,0x55,0x55,0x55,0x55,0x55,0x55,0x55,0x55,0x55,0x56,0x55,0x55,0x55,0x55,0x55,0x55,0x55,0x55,0x55,0x55,0x55,0x55,0x55,0x56,0x55,0x55,0x55,0x55,0x55,0x55,0x55,0x55,0x55,0x55,0x55,0x55,0x55,0x56,0x55,0x55,0x55,0x55,0x55,0x55,0x55,0x55,0x55,0x55,0x55,0x55,0x55,0x56,0x55,0x55,0x55,0x55,0x55,0x55,0x55,0x55,0x55,0x55,0x55,0x55,0x55,0x56,0x33,0x44,0x44,0x11,
	0x11,0x22,0x22,0x33,0x56,0x66,0x66,0x66,0x66,0x66,0x66,0x66,0x66,0x66,0x66,0x66,0x66,0x62,0x56,0x66,0x66,0x66,0x66,0x66,0x66,0x66,0x66,0x66,0x66,0x66,0x66,0x62,0x56,0x66,0x66,0x66,0x66,0x66,0x66,0x66,0x66,0x66,0x66,0x66,0x66,0x62,0x56,0x66,0x66,0x66,0x66,0x66,0x66,0x66,0x66,0x66,0x66,0x66,0x66,0x62,0x56,0x66,0x66,0x66,0x66,0x66,0x66,0x66,0x66,0x66,0x66,0x66,0x66,0x62,0x56,0x66,0x66,0x66,0x66,0x66,0x66,0x66,0x66,0x66,0x66,0x66,0x66,0x62,0x56,0x66,0x66,0x66,0x66,0x66,0x66,0x66,0x66,0x66,0x66,0x66,0x66,0x62,0x56,0x66,0x66,0x66,0x66,0x66,0x66,0x66,0x66,0x66,0x66,0x66,0x66,0x62,0x56,0x66,0x66,0x66,0x66,0x66,0x66,0x66,0x66,0x66,0x66,0x66,0x66,0x62,0x33,0x44,0x44,0x11,
	0x11,0x22,0x22,0x33,0x56,0x66,0x66,0x66,0x66,0x66,0x66,0x66,0x66,0x66,0x66,0x66,0x66,0x62,0x56,0x66,0x66,0x66,0x66,0x66,0x66,0x66,0x66,0x66,0x66,0x66,0x66,0x62,0x56,0x66,0x66,0x66,0x66,0x66,0x66,0x66,0x66,0x66,0x66,0x66,0x66,0x62,0x56,0x66,0x66,0x66,0x66,0x66,0x66,0x66,0x66,0x66,0x66,0x66,0x66,0x62,0x56,0x66,0x66,0x66,0x66,0x66,0x66,0x66,0x66,0x66,0x66,0x66,0x66,0x62,0x56,0x66,0x66,0x66,0x66,0x66,0x66,0x66,0x66,0x66,0x66,0x66,0x66,0x62,0x56,0x66,0x66,0x66,0x66,0x66,0x66,0x66,0x66,0x66,0x66,0x66,0x66,0x62,0x56,0x66,0x66,0x66,0x66,0x66,0x66,0x66,0x66,0x66,0x66,0x66,0x66,0x62,0x56,0x66,0x66,0x66,0x66,0x66,0x66,0x66,0x66,0x66,0x66,0x66,0x66,0x62,0x33,0x44,0x44,0x11,
	0x11,0x22,0x22,0x33,0x56,0x66,0x66,0x66,0x66,0x66,0x66,0x66,0x66,0x66,0x66,0x66,0x66,0x62,0x56,0x66,0x66,0x66,0x66,0x66,0x66,0x66,0x66,0x66,0x66,0x66,0x66,0x62,0x56,0x66,0x66,0x66,0x66,0x66,0x66,0x66,0x66,0x66,0x66,0x66,0x66,0x62,0x56,0x66,0x66,0x66,0x66,0x66,0x66,0x66,0x66,0x66,0x66,0x66,0x66,0x62,0x56,0x66,0x66,0x66,0x66,0x66,0x66,0x66,0x66,0x66,0x66,0x66,0x66,0x62,0x56,0x66,0x66,0x66,0x66,0x66,0x66,0x66,0x66,0x66,0x66,0x66,0x66,0x62,0x56,0x66,0x66,0x66,0x66,0x66,0x66,0x66,0x66,0x66,0x66,0x66,0x66,0x62,0x56,0x66,0x66,0x66,0x66,0x66,0x66,0x66,0x66,0x66,0x66,0x66,0x66,0x62,0x56,0x66,0x66,0x66,0x66,0x66,0x66,0x66,0x66,0x66,0x66,0x66,0x66,0x62,0x33,0x44,0x44,0x11,
	0x11,0x22,0x22,0x33,0x56,0x66,0x66,0x66,0x66,0x66,0x66,0x66,0x66,0x66,0x66,0x66,0x66,0x62,0x56,0x66,0x66,0x66,0x66,0x66,0x66,0x66,0x66,0x66,0x66,0x66,0x66,0x62,0x56,0x66,0x66,0x66,0x66,0x66,0x66,0x66,0x66,0x66,0x66,0x66,0x66,0x62,0x56,0x66,0x66,0x66,0x66,0x66,0x66,0x66,0x66,0x66,0x66,0x66,0x66,0x62,0x56,0x66,0x66,0x66,0x66,0x66,0x66,0x66,0x66,0x66,0x66,0x66,0x66,0x62,0x56,0x66,0x66,0x66,0x66,0x66,0x66,0x66,0x66,0x66,0x66,0x66,0x66,0x62,0x56,0x66,0x66,0x66,0x66,0x66,0x66,0x66,0x66,0x66,0x66,0x66,0x66,0x62,0x56,0x66,0x66,0x66,0x66,0x66,0x66,0x66,0x66,0x66,0x66,0x66,0x66,0x62,0x56,0x66,0x66,0x66,0x66,0x66,0x66,0x66,0x66,0x66,0x66,0x66,0x66,0x62,0x33,0x44,0x44,0x11,
	0x11,0x22,0x22,0x33,0x56,0x66,0x66,0x66,0x66,0x66,0x66,0x66,0x66,0x66,0x66,0x66,0x66,0x62,0x56,0x66,0x66,0x66,0x66,0x66,0x66,0x66,0x66,0x66,0x66,0x66,0x66,0x62,0x56,0x66,0x66,0x66,0x66,0x66,0x66,0x66,0x66,0x66,0x66,0x66,0x66,0x62,0x56,0x66,0x66,0x66,0x66,0x66,0x66,0x66,0x66,0x66,0x66,0x66,0x66,0x62,0x56,0x66,0x66,0x66,0x66,0x66,0x66,0x66,0x66,0x66,0x66,0x66,0x66,0x62,0x56,0x66,0x66,0x66,0x66,0x66,0x66,0x66,0x66,0x66,0x66,0x66,0x66,0x62,0x56,0x66,0x66,0x66,0x66,0x66,0x66,0x66,0x66,0x66,0x66,0x66,0x66,0x62,0x56,0x66,0x66,0x66,0x66,0x66,0x66,0x66,0x66,0x66,0x66,0x66,0x66,0x62,0x56,0x66,0x66,0x66,0x66,0x66,0x66,0x66,0x66,0x66,0x66,0x66,0x66,0x62,0x33,0x44,0x44,0x11,
	0x11,0x22,0x22,0x33,0x56,0x66,0x66,0x66,0x66,0x66,0x66,0x66,0x66,0x66,0x66,0x66,0x66,0x62,0x56,0x66,0x66,0x66,0x66,0x66,0x66,0x66,0x66,0x66,0x66,0x66,0x66,0x62,0x56,0x66,0x66,0x66,0x66,0x66,0x66,0x66,0x66,0x66,0x66,0x66,0x66,0x62,0x56,0x66,0x66,0x66,0x66,0x66,0x66,0x66,0x66,0x66,0x66,0x66,0x66,0x62,0x56,0x66,0x66,0x66,0x66,0x66,0x66,0x66,0x66,0x66,0x66,0x66,0x66,0x62,0x56,0x66,0x66,0x66,0x66,0x66,0x66,0x66,0x66,0x66,0x66,0x66,0x66,0x62,0x56,0x66,0x66,0x66,0x66,0x66,0x66,0x66,0x66,0x66,0x66,0x66,0x66,0x62,0x56,0x66,0x66,0x66,0x66,0x66,0x66,0x66,0x66,0x66,0x66,0x66,0x66,0x62,0x56,0x66,0x66,0x66,0x66,0x66,0x66,0x66,0x66,0x66,0x66,0x66,0x66,0x62,0x33,0x44,0x44,0x11,
	0x11,0x22,0x22,0x33,0x56,0x66,0x66,0x66,0x66,0x66,0x66,0x66,0x66,0x66,0x66,0x66,0x66,0x62,0x56,0x66,0x66,0x66,0x66,0x66,0x66,0x66,0x66,0x66,0x66,0x66,0x66,0x62,0x56,0x66,0x66,0x66,0x66,0x66,0x66,0x66,0x66,0x66,0x66,0x66,0x66,0x62,0x56,0x66,0x66,0x66,0x66,0x66,0x66,0x66,0x66,0x66,0x66,0x66,0x66,0x62,0x56,0x66,0x66,0x66,0x66,0x66,0x66,0x66,0x66,0x66,0x66,0x66,0x66,0x62,0x56,0x66,0x66,0x66,0x66,0x66,0x66,0x66,0x66,0x66,0x66,0x66,0x66,0x62,0x56,0x66,0x66,0x66,0x66,0x66,0x66,0x66,0x66,0x66,0x66,0x66,0x66,0x62,0x56,0x66,0x66,0x66,0x66,0x66,0x66,0x66,0x66,0x66,0x66,0x66,0x66,0x62,0x56,0x66,0x66,0x66,0x66,0x66,0x66,0x66,0x66,0x66,0x66,0x66,0x66,0x62,0x33,0x44,0x44,0x11,
	0x11,0x22,0x22,0x33,0x56,0x66,0x66,0x66,0x66,0x66,0x66,0x66,0x66,0x66,0x66,0x66,0x66,0x62,0x56,0x66,0x66,0x66,0x66,0x66,0x66,0x66,0x66,0x66,0x66,0x66,0x66,0x62,0x56,0x66,0x66,0x66,0x66,0x66,0x66,0x66,0x66,0x66,0x66,0x66,0x66,0x62,0x56,0x66,0x66,0x66,0x66,0x66,0x66,0x66,0x66,0x66,0x66,0x66,0x66,0x62,0x56,0x66,0x66,0x66,0x66,0x66,0x66,0x66,0x66,0x66,0x66,0x66,0x66,0x62,0x56,0x66,0x66,0x66,0x66,0x66,0x66,0x66,0x66,0x66,0x66,0x66,0x66,0x62,0x56,0x66,0x66,0x66,0x66,0x66,0x66,0x66,0x66,0x66,0x66,0x66,0x66,0x62,0x56,0x66,0x66,0x66,0x66,0x66,0x66,0x66,0x66,0x66,0x66,0x66,0x66,0x62,0x56,0x66,0x66,0x66,0x66,0x66,0x66,0x66,0x66,0x66,0x66,0x66,0x66,0x62,0x33,0x44,0x44,0x11,
	0x11,0x22,0x22,0x33,0x56,0x66,0x66,0x66,0x66,0x66,0x66,0x66,0x66,0x66,0x66,0x66,0x66,0x62,0x56,0x66,0x66,0x66,0x66,0x66,0x66,0x66,0x66,0x66,0x66,0x66,0x66,0x62,0x56,0x66,0x66,0x66,0x66,0x66,0x66,0x66,0x66,0x66,0x66,0x66,0x66,0x62,0x56,0x66,0x66,0x66,0x66,0x66,0x66,0x66,0x66,0x66,0x66,0x66,0x66,0x62,0x56,0x66,0x66,0x66,0x66,0x66,0x66,0x66,0x66,0x66,0x66,0x66,0x66,0x62,0x56,0x66,0x66,0x66,0x66,0x66,0x66,0x66,0x66,0x66,0x66,0x66,0x66,0x62,0x56,0x66,0x66,0x66,0x66,0x66,0x66,0x66,0x66,0x66,0x66,0x66,0x66,0x62,0x56,0x66,0x66,0x66,0x66,0x66,0x66,0x66,0x66,0x66,0x66,0x66,0x66,0x62,0x56,0x66,0x66,0x66,0x66,0x66,0x66,0x66,0x66,0x66,0x66,0x66,0x66,0x62,0x33,0x44,0x44,0x11,
	0x11,0x22,0x22,0x33,0x56,0x66,0x66,0x66,0x66,0x66,0x66,0x66,0x66,0x66,0x66,0x66,0x66,0x62,0x56,0x66,0x66,0x66,0x66,0x66,0x66,0x66,0x66,0x66,0x66,0x66,0x66,0x62,0x56,0x66,0x66,0x66,0x66,0x66,0x66,0x66,0x66,0x66,0x66,0x66,0x66,0x62,0x56,0x66,0x66,0x66,0x66,0x66,0x66,0x66,0x66,0x66,0x66,0x66,0x66,0x62,0x56,0x66,0x66,0x66,0x66,0x66,0x66,0x66,0x66,0x66,0x66,0x66,0x66,0x62,0x56,0x66,0x66,0x66,0x66,0x66,0x66,0x66,0x66,0x66,0x66,0x66,0x66,0x62,0x56,0x66,0x66,0x66,0x66,0x66,0x66,0x66,0x66,0x66,0x66,0x66,0x66,0x62,0x56,0x66,0x66,0x66,0x66,0x66,0x66,0x66,0x66,0x66,0x66,0x66,0x66,0x62,0x56,0x66,0x66,0x66,0x66,0x66,0x66,0x66,0x66,0x66,0x66,0x66,0x66,0x62,0x33,0x44,0x44,0x11,
	0x11,0x22,0x22,0x33,0x56,0x66,0x66,0x66,0x66,0x66,0x66,0x66,0x66,0x66,0x66,0x66,0x66,0x62,0x56,0x66,0x66,0x66,0x66,0x66,0x66,0x66,0x66,0x66,0x66,0x66,0x66,0x62,0x56,0x66,0x66,0x66,0x66,0x66,0x66,0x66,0x66,0x66,0x66,0x66,0x66,0x62,0x56,0x66,0x66,0x66,0x66,0x66,0x66,0x66,0x66,0x66,0x66,0x66,0x66,0x62,0x56,0x66,0x66,0x66,0x66,0x66,0x66,0x66,0x66,0x66,0x66,0x66,0x66,0x62,0x56,0x66,0x66,0x66,0x66,0x66,0x66,0x66,0x66,0x66,0x66,0x66,0x66,0x62,0x56,0x66,0x66,0x66,0x66,0x66,0x66,0x66,0x66,0x66,0x66,0x66,0x66,0x62,0x56,0x66,0x66,0x66,0x66,0x66,0x66,0x66,0x66,0x66,0x66,0x66,0x66,0x62,0x56,0x66,0x66,0x66,0x66,0x66,0x66,0x66,0x66,0x66,0x66,0x66,0x66,0x62,0x33,0x44,0x44,0x11,
	0x11,0x22,0x22,0x33,0x56,0x66,0x66,0x66,0x66,0x66,0x66,0x66,0x66,0x66,0x66,0x66,0x66,0x62,0x56,0x66,0x66,0x66,0x66,0x66,0x66,0x66,0x66,0x66,0x66,0x66,0x66,0x62,0x56,0x66,0x66,0x66,0x66,0x66,0x66,0x66,0x66,0x66,0x66,0x66,0x66,0x62,0x56,0x66,0x66,0x66,0x66,0x66,0x66,0x66,0x66,0x66,0x66,0x66,0x66,0x62,0x56,0x66,0x66,0x66,0x66,0x66,0x66,0x66,0x66,0x66,0x66,0x66,0x66,0x62,0x56,0x66,0x66,0x66,0x66,0x66,0x66,0x66,0x66,0x66,0x66,0x66,0x66,0x62,0x56,0x66,0x66,0x66,0x66,0x66,0x66,0x66,0x66,0x66,0x66,0x66,0x66,0x62,0x56,0x66,0x66,0x66,0x66,0x66,0x66,0x66,0x66,0x66,0x66,0x66,0x66,0x62,0x56,0x66,0x66,0x66,0x66,0x66,0x66,0x66,0x66,0x66,0x66,0x66,0x66,0x62,0x33,0x44,0x44,0x11,
	0x11,0x22,0x22,0x33,0x56,0x66,0x66,0x66,0x66,0x66,0x66,0x66,0x66,0x66,0x66,0x66,0x66,0x62,0x56,0x66,0x66,0x66,0x66,0x66,0x66,0x66,0x66,0x66,0x66,0x66,0x66,0x62,0x56,0x66,0x66,0x66,0x66,0x66,0x66,0x66,0x66,0x66,0x66,0x66,0x66,0x62,0x56,0x66,0x66,0x66,0x66,0x66,0x66,0x66,0x66,0x66,0x66,0x66,0x66,0x62,0x56,0x66,0x66,0x66,0x66,0x66,0x66,0x66,0x66,0x66,0x66,0x66,0x66,0x62,0x56,0x66,0x66,0x66,0x66,0x66,0x66,0x66,0x66,0x66,0x66,0x66,0x66,0x62,0x56,0x66,0x66,0x66,0x66,0x66,0x66,0x66,0x66,0x66,0x66,0x66,0x66,0x62,0x56,0x66,0x66,0x66,0x66,0x66,0x66,0x66,0x66,0x66,0x66,0x66,0x66,0x62,0x56,0x66,0x66,0x66,0x66,0x66,0x66,0x66,0x66,0x66,0x66,0x66,0x66,0x62,0x33,0x44,0x44,0x11,
	0x11,0x22,0x22,0x33,0x56,0x66,0x66,0x66,0x66,0x66,0x66,0x66,0x66,0x66,0x66,0x66,0x66,0x62,0x56,0x66,0x66,0x66,0x66,0x66,0x66,0x66,0x66,0x66,0x66,0x66,0x66,0x62,0x56,0x66,0x66,0x66,0x66,0x66,0x66,0x66,0x66,0x66,0x66,0x66,0x66,0x62,0x56,0x66,0x66,0x66,0x66,0x66,0x66,0x66,0x66,0x66,0x66,0x66,0x66,0x62,0x56,0x66,0x66,0x66,0x66,0x66,0x66,0x66,0x66,0x66,0x66,0x66,0x66,0x62,0x56,0x66,0x66,0x66,0x66,0x66,0x66,0x66,0x66,0x66,0x66,0x66,0x66,0x62,0x56,0x66,0x66,0x66,0x66,0x66,0x66,0x66,0x66,0x66,0x66,0x66,0x66,0x62,0x56,0x66,0x66,0x66,0x66,0x66,0x66,0x66,0x66,0x66,0x66,0x66,0x66,0x62,0x56,0x66,0x66,0x66,0x66,0x66,0x66,0x66,0x66,0x66,0x66,0x66,0x66,0x62,0x33,0x44,0x44,0x11,
	0x11,0x22,0x22,0x33,0x56,0x66,0x66,0x66,0x66,0x66,0x66,0x66,0x66,0x66,0x66,0x66,0x66,0x62,0x56,0x66,0x66,0x66,0x66,0x66,0x66,0x66,0x66,0x66,0x66,0x66,0x66,0x62,0x56,0x66,0x66,0x66,0x66,0x66,0x66,0x66,0x66,0x66,0x66,0x66,0x66,0x62,0x56,0x66,0x66,0x66,0x66,0x66,0x66,0x66,0x66,0x66,0x66,0x66,0x66,0x62,0x56,0x66,0x66,0x66,0x66,0x66,0x66,0x66,0x66,0x66,0x66,0x66,0x66,0x62,0x56,0x66,0x66,0x66,0x66,0x66,0x66,0x66,0x66,0x66,0x66,0x66,0x66,0x62,0x56,0x66,0x66,0x66,0x66,0x66,0x66,0x66,0x66,0x66,0x66,0x66,0x66,0x62,0x56,0x66,0x66,0x66,0x66,0x66,0x66,0x66,0x66,0x66,0x66,0x66,0x66,0x62,0x56,0x66,0x66,0x66,0x66,0x66,0x66,0x66,0x66,0x66,0x66,0x66,0x66,0x62,0x33,0x44,0x44,0x11,
	0x11,0x22,0x22,0x33,0x56,0x66,0x66,0x66,0x66,0x66,0x66,0x66,0x66,0x66,0x66,0x66,0x66,0x62,0x56,0x66,0x66,0x66,0x66,0x66,0x66,0x66,0x66,0x66,0x66,0x66,0x66,0x62,0x56,0x66,0x66,0x66,0x66,0x66,0x66,0x66,0x66,0x66,0x66,0x66,0x66,0x62,0x56,0x66,0x66,0x66,0x66,0x66,0x66,0x66,0x66,0x66,0x66,0x66,0x66,0x62,0x56,0x66,0x66,0x66,0x66,0x66,0x66,0x66,0x66,0x66,0x66,0x66,0x66,0x62,0x56,0x66,0x66,0x66,0x66,0x66,0x66,0x66,0x66,0x66,0x66,0x66,0x66,0x62,0x56,0x66,0x66,0x66,0x66,0x66,0x66,0x66,0x66,0x66,0x66,0x66,0x66,0x62,0x56,0x66,0x66,0x66,0x66,0x66,0x66,0x66,0x66,0x66,0x66,0x66,0x66,0x62,0x56,0x66,0x66,0x66,0x66,0x66,0x66,0x66,0x66,0x66,0x66,0x66,0x66,0x62,0x33,0x44,0x44,0x11,
	0x11,0x22,0x22,0x33,0x56,0x66,0x66,0x66,0x66,0x66,0x66,0x66,0x66,0x66,0x66,0x66,0x66,0x62,0x56,0x66,0x66,0x66,0x66,0x66,0x66,0x66,0x66,0x66,0x66,0x66,0x66,0x62,0x56,0x66,0x66,0x66,0x66,0x66,0x66,0x66,0x66,0x66,0x66,0x66,0x66,0x62,0x56,0x66,0x66,0x66,0x66,0x66,0x66,0x66,0x66,0x66,0x66,0x66,0x66,0x62,0x56,0x66,0x66,0x66,0x66,0x66,0x66,0x66,0x66,0x66,0x66,0x66,0x66,0x62,0x56,0x66,0x66,0x66,0x66,0x66,0x66,0x66,0x66,0x66,0x66,0x66,0x66,0x62,0x56,0x66,0x66,0x66,0x66,0x66,0x66,0x66,0x66,0x66,0x66,0x66,0x66,0x62,0x56,0x66,0x66,0x66,0x66,0x66,0x66,0x66,0x66,0x66,0x66,0x66,0x66,0x62,0x56,0x66,0x66,0x66,0x66,0x66,0x66,0x66,0x66,0x66,0x66,0x66,0x66,0x62,0x33,0x44,0x44,0x11,
	0x11,0x22,0x22,0x33,0x56,0x66,0x66,0x66,0x66,0x66,0x66,0x66,0x66,0x66,0x66,0x66,0x66,0x62,0x56,0x66,0x66,0x66,0x66,0x66,0x66,0x66,0x66,0x66,0x66,0x66,0x66,0x62,0x56,0x66,0x66,0x66,0x66,0x66,0x66,0x66,0x66,0x66,0x66,0x66,0x66,0x62,0x56,0x66,0x66,0x66,0x66,0x66,0x66,0x66,0x66,0x66,0x66,0x66,0x66,0x62,0x56,0x66,0x66,0x66,0x66,0x66,0x66,0x66,0x66,0x66,0x66,0x66,0x66,0x62,0x56,0x66,0x66,0x66,0x66,0x66,0x66,0x66,0x66,0x66,0x66,0x66,0x66,0x62,0x56,0x66,0x66,0x66,0x66,0x66,0x66,0x66,0x66,0x66,0x66,0x66,0x66,0x62,0x56,0x66,0x66,0x66,0x66,0x66,0x66,0x66,0x66,0x66,0x66,0x66,0x66,0x62,0x56,0x66,0x66,0x66,0x66,0x66,0x66,0x66,0x66,0x66,0x66,0x66,0x66,0x62,0x33,0x44,0x44,0x11,
	0x11,0x22,0x22,0x33,0x56,0x66,0x66,0x66,0x66,0x66,0x66,0x66,0x66,0x66,0x66,0x66,0x66,0x62,0x56,0x66,0x66,0x66,0x66,0x66,0x66,0x66,0x66,0x66,0x66,0x66,0x66,0x62,0x56,0x66,0x66,0x66,0x66,0x66,0x66,0x66,0x66,0x66,0x66,0x66,0x66,0x62,0x56,0x66,0x66,0x66,0x66,0x66,0x66,0x66,0x66,0x66,0x66,0x66,0x66,0x62,0x56,0x66,0x66,0x66,0x66,0x66,0x66,0x66,0x66,0x66,0x66,0x66,0x66,0x62,0x56,0x66,0x66,0x66,0x66,0x66,0x66,0x66,0x66,0x66,0x66,0x66,0x66,0x62,0x56,0x66,0x66,0x66,0x66,0x66,0x66,0x66,0x66,0x66,0x66,0x66,0x66,0x62,0x56,0x66,0x66,0x66,0x66,0x66,0x66,0x66,0x66,0x66,0x66,0x66,0x66,0x62,0x56,0x66,0x66,0x66,0x66,0x66,0x66,0x66,0x66,0x66,0x66,0x66,0x66,0x62,0x33,0x44,0x44,0x11,
	0x11,0x22,0x22,0x33,0x56,0x66,0x66,0x66,0x66,0x66,0x66,0x66,0x66,0x66,0x66,0x66,0x66,0x62,0x56,0x66,0x66,0x66,0x66,0x66,0x66,0x66,0x66,0x66,0x66,0x66,0x66,0x62,0x56,0x66,0x66,0x66,0x66,0x66,0x66,0x66,0x66,0x66,0x66,0x66,0x66,0x62,0x56,0x66,0x66,0x66,0x66,0x66,0x66,0x66,0x66,0x66,0x66,0x66,0x66,0x62,0x56,0x66,0x66,0x66,0x66,0x66,0x66,0x66,0x66,0x66,0x66,0x66,0x66,0x62,0x56,0x66,0x66,0x66,0x66,0x66,0x66,0x66,0x66,0x66,0x66,0x66,0x66,0x62,0x56,0x66,0x66,0x66,0x66,0x66,0x66,0x66,0x66,0x66,0x66,0x66,0x66,0x62,0x56,0x66,0x66,0x66,0x66,0x66,0x66,0x66,0x66,0x66,0x66,0x66,0x66,0x62,0x56,0x66,0x66,0x66,0x66,0x66,0x66,0x66,0x66,0x66,0x66,0x66,0x66,0x62,0x33,0x44,0x44,0x11,
	0x11,0x22,0x22,0x33,0x56,0x66,0x66,0x66,0x66,0x66,0x66,0x66,0x66,0x66,0x66,0x66,0x66,0x62,0x56,0x66,0x66,0x66,0x66,0x66,0x66,0x66,0x66,0x66,0x66,0x66,0x66,0x62,0x56,0x66,0x66,0x66,0x66,0x66,0x66,0x66,0x66,0x66,0x66,0x66,0x66,0x62,0x56,0x66,0x66,0x66,0x66,0x66,0x66,0x66,0x66,0x66,0x66,0x66,0x66,0x62,0x56,0x66,0x66,0x66,0x66,0x66,0x66,0x66,0x66,0x66,0x66,0x66,0x66,0x62,0x56,0x66,0x66,0x66,0x66,0x66,0x66,0x66,0x66,0x66,0x66,0x66,0x66,0x62,0x56,0x66,0x66,0x66,0x66,0x66,0x66,0x66,0x66,0x66,0x66,0x66,0x66,0x62,0x56,0x66,0x66,0x66,0x66,0x66,0x66,0x66,0x66,0x66,0x66,0x66,0x66,0x62,0x56,0x66,0x66,0x66,0x66,0x66,0x66,0x66,0x66,0x66,0x66,0x66,0x66,0x62,0x33,0x44,0x44,0x11,
	0x11,0x22,0x22,0x33,0x56,0x66,0x66,0x66,0x66,0x66,0x66,0x66,0x66,0x66,0x66,0x66,0x66,0x62,0x56,0x66,0x66,0x66,0x66,0x66,0x66,0x66,0x66,0x66,0x66,0x66,0x66,0x62,0x56,0x66,0x66,0x66,0x66,0x66,0x66,0x66,0x66,0x66,0x66,0x66,0x66,0x62,0x56,0x66,0x66,0x66,0x66,0x66,0x66,0x66,0x66,0x66,0x66,0x66,0x66,0x62,0x56,0x66,0x66,0x66,0x66,0x66,0x66,0x66,0x66,0x66,0x66,0x66,0x66,0x62,0x56,0x66,0x66,0x66,0x66,0x66,0x66,0x66,0x66,0x66,0x66,0x66,0x66,0x62,0x56,0x66,0x66,0x66,0x66,0x66,0x66,0x66,0x66,0x66,0x66,0x66,0x66,0x62,0x56,0x66,0x66,0x66,0x66,0x66,0x66,0x66,0x66,0x66,0x66,0x66,0x66,0x62,0x56,0x66,0x66,0x66,0x66,0x66,0x66,0x66,0x66,0x66,0x66,0x66,0x66,0x62,0x33,0x44,0x44,0x11,
	0x11,0x22,0x22,0x33,0x56,0x66,0x66,0x66,0x66,0x66,0x66,0x66,0x66,0x66,0x66,0x66,0x66,0x62,0x56,0x66,0x66,0x66,0x66,0x66,0x66,0x66,0x66,0x66,0x66,0x66,0x66,0x62,0x56,0x66,0x66,0x66,0x66,0x66,0x66,0x66,0x66,0x66,0x66,0x66,0x66,0x62,0x56,0x66,0x66,0x66,0x66,0x66,0x66,0x66,0x66,0x66,0x66,0x66,0x66,0x62,0x56,0x66,0x66,0x66,0x66,0x66,0x66,0x66,0x66,0x66,0x66,0x66,0x66,0x62,0x56,0x66,0x66,0x66,0x66,0x66,0x66,0x66,0x66,0x66,0x66,0x66,0x66,0x62,0x56,0x66,0x66,0x66,0x66,0x66,0x66,0x66,0x66,0x66,0x66,0x66,0x66,0x62,0x56,0x66,0x66,0x66,0x66,0x66,0x66,0x66,0x66,0x66,0x66,0x66,0x66,0x62,0x56,0x66,0x66,0x66,0x66,0x66,0x66,0x66,0x66,0x66,0x66,0x66,0x66,0x62,0x33,0x44,0x44,0x11,
	0x11,0x22,0x22,0x33,0x56,0x66,0x66,0x66,0x66,0x66,0x66,0x66,0x66,0x66,0x66,0x66,0x66,0x62,0x56,0x66,0x66,0x66,0x66,0x66,0x66,0x66,0x66,0x66,0x66,0x66,0x66,0x62,0x56,0x66,0x66,0x66,0x66,0x66,0x66,0x66,0x66,0x66,0x66,0x66,0x66,0x62,0x56,0x66,0x66,0x66,0x66,0x66,0x66,0x66,0x66,0x66,0x66,0x66,0x66,0x62,0x56,0x66,0x66,0x66,0x66,0x66,0x66,0x66,0x66,0x66,0x66,0x66,0x66,0x62,0x56,0x66,0x66,0x66,0x66,0x66,0x66,0x66,0x66,0x66,0x66,0x66,0x66,0x62,0x56,0x66,0x66,0x66,0x66,0x66,0x66,0x66,0x66,0x66,0x66,0x66,0x66,0x62,0x56,0x66,0x66,0x66,0x66,0x66,0x66,0x66,0x66,0x66,0x66,0x66,0x66,0x62,0x56,0x66,0x66,0x66,0x66,0x66,0x66,0x66,0x66,0x66,0x66,0x66,0x66,0x62,0x33,0x44,0x44,0x11,
	0x11,0x22,0x22,0x33,0x56,0x66,0x66,0x66,0x66,0x66,0x66,0x66,0x66,0x66,0x66,0x66,0x66,0x62,0x56,0x66,0x66,0x66,0x66,0x66,0x66,0x66,0x66,0x66,0x66,0x66,0x66,0x62,0x56,0x66,0x66,0x66,0x66,0x66,0x66,0x66,0x66,0x66,0x66,0x66,0x66,0x62,0x56,0x66,0x66,0x66,0x66,0x66,0x66,0x66,0x66,0x66,0x66,0x66,0x66,0x62,0x56,0x66,0x66,0x66,0x66,0x66,0x66,0x66,0x66,0x66,0x66,0x66,0x66,0x62,0x56,0x66,0x66,0x66,0x66,0x66,0x66,0x66,0x66,0x66,0x66,0x66,0x66,0x62,0x56,0x66,0x66,0x66,0x66,0x66,0x66,0x66,0x66,0x66,0x66,0x66,0x66,0x62,0x56,0x66,0x66,0x66,0x66,0x66,0x66,0x66,0x66,0x66,0x66,0x66,0x66,0x62,0x56,0x66,0x66,0x66,0x66,0x66,0x66,0x66,0x66,0x66,0x66,0x66,0x66,0x62,0x33,0x44,0x44,0x11,
	0x11,0x22,0x22,0x33,0x56,0x66,0x66,0x66,0x66,0x66,0x66,0x66,0x66,0x66,0x66,0x66,0x66,0x62,0x56,0x66,0x66,0x66,0x66,0x66,0x66,0x66,0x66,0x66,0x66,0x66,0x66,0x62,0x56,0x66,0x66,0x66,0x66,0x66,0x66,0x66,0x66,0x66,0x66,0x66,0x66,0x62,0x56,0x66,0x66,0x66,0x66,0x66,0x66,0x66,0x66,0x66,0x66,0x66,0x66,0x62,0x56,0x66,0x66,0x66,0x66,0x66,0x66,0x66,0x66,0x66,0x66,0x66,0x66,0x62,0x56,0x66,0x66,0x66,0x66,0x66,0x66,0x66,0x66,0x66,0x66,0x66,0x66,0x62,0x56,0x66,0x66,0x66,0x66,0x66,0x66,0x66,0x66,0x66,0x66,0x66,0x66,0x62,0x56,0x66,0x66,0x66,0x66,0x66,0x66,0x66,0x66,0x66,0x66,0x66,0x66,0x62,0x56,0x66,0x66,0x66,0x66,0x66,0x66,0x66,0x66,0x66,0x66,0x66,0x66,0x62,0x33,0x44,0x44,0x11,
	0x11,0x22,0x22,0x33,0x62,0x22,0x22,0x22,0x22,0x22,0x22,0x22,0x22,0x22,0x22,0x22,0x22,0x22,0x62,0x22,0x22,0x22,0x22,0x22,0x22,0x22,0x22,0x22,0x22,0x22,0x22,0x22,0x62,0x22,0x22,0x22,0x22,0x22,0x22,0x22,0x22,0x22,0x22,0x22,0x22,0x22,0x62,0x22,0x22,0x22,0x22,0x22,0x22,0x22,0x22,0x22,0x22,0x22,0x22,0x22,0x62,0x22,0x22,0x22,0x22,0x22,0x22,0x22,0x22,0x22,0x22,0x22,0x22,0x22,0x62,0x22,0x22,0x22,0x22,0x22,0x22,0x22,0x22,0x22,0x22,0x22,0x22,0x22,0x62,0x22,0x22,0x22,0x22,0x22,0x22,0x22,0x22,0x22,0x22,0x22,0x22,0x22,0x62,0x22,0x22,0x22,0x22,0x22,0x22,0x22,0x22,0x22,0x22,0x22,0x22,0x22,0x62,0x22,0x22,0x22,0x22,0x22,0x22,0x22,0x22,0x22,0x22,0x22,0x22,0x22,0x33,0x44,0x44,0x11,
	0x11,0x22,0x22,0x33,0x33,0x33,0x33,0x33,0x33,0x33,0x33,0x33,0x33,0x33,0x33,0x33,0x33,0x33,0x33,0x33,0x33,0x33,0x33,0x33,0x33,0x33,0x33,0x33,0x33,0x33,0x33,0x33,0x33,0x33,0x33,0x33,0x33,0x33,0x33,0x33,0x33,0x33,0x33,0x33,0x33,0x33,0x33,0x33,0x33,0x33,0x33,0x33,0x33,0x33,0x33,0x33,0x33,0x33,0x33,0x33,0x33,0x33,0x33,0x33,0x33,0x33,0x33,0x33,0x33,0x33,0x33,0x33,0x33,0x33,0x33,0x33,0x33,0x33,0x33,0x33,0x33,0x33,0x33,0x33,0x33,0x33,0x33,0x33,0x33,0x33,0x33,0x33,0x33,0x33,0x33,0x33,0x33,0x33,0x33,0x33,0x33,0x33,0x33,0x33,0x33,0x33,0x33,0x33,0x33,0x33,0x33,0x33,0x33,0x33,0x33,0x33,0x33,0x33,0x33,0x33,0x33,0x33,0x33,0x33,0x33,0x33,0x33,0x33,0x33,0x33,0x33,0x44,0x44,0x11,
	0x00,0x11,0x33,0x44,0x44,0x44,0x44,0x44,0x44,0x44,0x44,0x44,0x44,0x44,0x44,0x44,0x44,0x44,0x44,0x44,0x44,0x44,0x44,0x44,0x44,0x44,0x44,0x44,0x44,0x44,0x44,0x44,0x44,0x44,0x44,0x44,0x44,0x44,0x44,0x44,0x44,0x44,0x44,0x44,0x44,0x44,0x44,0x44,0x44,0x44,0x44,0x44,0x44,0x44,0x44,0x44,0x44,0x44,0x44,0x44,0x44,0x44,0x44,0x44,0x44,0x44,0x44,0x44,0x44,0x44,0x44,0x44,0x44,0x44,0x44,0x44,0x44,0x44,0x44,0x44,0x44,0x44,0x44,0x44,0x44,0x44,0x44,0x44,0x44,0x44,0x44,0x44,0x44,0x44,0x44,0x44,0x44,0x44,0x44,0x44,0x44,0x44,0x44,0x44,0x44,0x44,0x44,0x44,0x44,0x44,0x44,0x44,0x44,0x44,0x44,0x44,0x44,0x44,0x44,0x44,0x44,0x44,0x44,0x44,0x44,0x44,0x44,0x44,0x44,0x44,0x44,0x44,0x44,0x11,
	0x00,0x11,0x33,0x44,0x44,0x44,0x44,0x44,0x44,0x44,0x44,0x44,0x44,0x44,0x44,0x44,0x44,0x44,0x44,0x44,0x44,0x44,0x44,0x44,0x44,0x44,0x44,0x44,0x44,0x44,0x44,0x44,0x44,0x44,0x44,0x44,0x44,0x44,0x44,0x44,0x44,0x44,0x44,0x44,0x44,0x44,0x44,0x44,0x44,0x44,0x44,0x44,0x44,0x44,0x44,0x44,0x44,0x44,0x44,0x44,0x44,0x44,0x44,0x44,0x44,0x44,0x44,0x44,0x44,0x44,0x44,0x44,0x44,0x44,0x44,0x44,0x44,0x44,0x44,0x44,0x44,0x44,0x44,0x44,0x44,0x44,0x44,0x44,0x44,0x44,0x44,0x44,0x44,0x44,0x44,0x44,0x44,0x44,0x44,0x44,0x44,0x44,0x44,0x44,0x44,0x44,0x44,0x44,0x44,0x44,0x44,0x44,0x44,0x44,0x44,0x44,0x44,0x44,0x44,0x44,0x44,0x44,0x44,0x44,0x44,0x44,0x44,0x44,0x44,0x44,0x44,0x44,0x44,0x11,
	0x00,0x00,0x11,0x44,0x44,0x44,0x44,0x44,0x44,0x44,0x44,0x44,0x44,0x44,0x44,0x44,0x44,0x44,0x44,0x44,0x44,0x44,0x44,0x44,0x44,0x44,0x44,0x44,0x44,0x44,0x44,0x44,0x44,0x44,0x44,0x44,0x44,0x44,0x44,0x44,0x44,0x44,0x44,0x44,0x44,0x44,0x44,0x44,0x44,0x44,0x44,0x44,0x44,0x44,0x44,0x44,0x44,0x44,0x44,0x44,0x44,0x44,0x44,0x44,0x44,0x44,0x44,0x44,0x44,0x44,0x44,0x44,0x44,0x44,0x44,0x44,0x44,0x44,0x44,0x44,0x44,0x44,0x44,0x44,0x44,0x44,0x44,0x44,0x44,0x44,0x44,0x44,0x44,0x44,0x44,0x44,0x44,0x44,0x44,0x44,0x44,0x44,0x44,0x44,0x44,0x44,0x44,0x44,0x44,0x44,0x44,0x44,0x44,0x44,0x44,0x44,0x44,0x44,0x44,0x44,0x44,0x44,0x44,0x44,0x44,0x44,0x44,0x44,0x44,0x44,0x44,0x44,0x11,0x00,
	0x00,0x00,0x11,0x44,0x44,0x44,0x44,0x44,0x44,0x44,0x44,0x44,0x44,0x44,0x44,0x44,0x44,0x44,0x44,0x44,0x44,0x44,0x44,0x44,0x44,0x44,0x44,0x44,0x44,0x44,0x44,0x44,0x44,0x44,0x44,0x44,0x44,0x44,0x44,0x44,0x44,0x44,0x44,0x44,0x44,0x44,0x44,0x44,0x44,0x44,0x44,0x44,0x44,0x44,0x44,0x44,0x44,0x44,0x44,0x44,0x44,0x44,0x44,0x44,0x44,0x44,0x44,0x44,0x44,0x44,0x44,0x44,0x44,0x44,0x44,0x44,0x44,0x44,0x44,0x44,0x44,0x44,0x44,0x44,0x44,0x44,0x44,0x44,0x44,0x44,0x44,0x44,0x44,0x44,0x44,0x44,0x44,0x44,0x44,0x44,0x44,0x44,0x44,0x44,0x44,0x44,0x44,0x44,0x44,0x44,0x44,0x44,0x44,0x44,0x44,0x44,0x44,0x44,0x44,0x44,0x44,0x44,0x44,0x44,0x44,0x44,0x44,0x44,0x44,0x44,0x44,0x44,0x11,0x00,
	0x00,0x00,0x00,0x11,0x11,0x11,0x11,0x11,0x11,0x11,0x11,0x11,0x11,0x11,0x11,0x11,0x11,0x11,0x11,0x11,0x11,0x11,0x11,0x11,0x11,0x11,0x11,0x11,0x11,0x11,0x11,0x11,0x11,0x11,0x11,0x11,0x11,0x11,0x11,0x11,0x11,0x11,0x11,0x11,0x11,0x11,0x11,0x11,0x11,0x11,0x11,0x11,0x11,0x11,0x11,0x11,0x11,0x11,0x11,0x11,0x11,0x11,0x11,0x11,0x11,0x11,0x11,0x11,0x11,0x11,0x11,0x11,0x11,0x11,0x11,0x11,0x11,0x11,0x11,0x11,0x11,0x11,0x11,0x11,0x11,0x11,0x11,0x11,0x11,0x11,0x11,0x11,0x11,0x11,0x11,0x11,0x11,0x11,0x11,0x11,0x11,0x11,0x11,0x11,0x11,0x11,0x11,0x11,0x11,0x11,0x11,0x11,0x11,0x11,0x11,0x11,0x11,0x11,0x11,0x11,0x11,0x11,0x11,0x11,0x11,0x11,0x11,0x11,0x11,0x11,0x11,0x11,0x00,0x00,
	0x00,0x00,0x00,0x11,0x11,0x11,0x11,0x11,0x11,0x11,0x11,0x11,0x11,0x11,0x11,0x11,0x11,0x11,0x11,0x11,0x11,0x11,0x11,0x11,0x11,0x11,0x11,0x11,0x11,0x11,0x11,0x11,0x11,0x11,0x11,0x11,0x11,0x11,0x11,0x11,0x11,0x11,0x11,0x11,0x11,0x11,0x11,0x11,0x11,0x11,0x11,0x11,0x11,0x11,0x11,0x11,0x11,0x11,0x11,0x11,0x11,0x11,0x11,0x11,0x11,0x11,0x11,0x11,0x11,0x11,0x11,0x11,0x11,0x11,0x11,0x11,0x11,0x11,0x11,0x11,0x11,0x11,0x11,0x11,0x11,0x11,0x11,0x11,0x11,0x11,0x11,0x11,0x11,0x11,0x11,0x11,0x11,0x11,0x11,0x11,0x11,0x11,0x11,0x11,0x11,0x11,0x11,0x11,0x11,0x11,0x11,0x11,0x11,0x11,0x11,0x11,0x11,0x11,0x11,0x11,0x11,0x11,0x11,0x11,0x11,0x11,0x11,0x11,0x11,0x11,0x11,0x11,0x00,0x00
};

const color_t allColors[42] = {
    0x4404, 0x3bc3, 0x7aa6, 0x7265, 0x73ae, 0x6b6d, 0x2a62, 0x2221, 0xac4a, 0xa409, 0x49c4, 0x4183, 0x42f4, 0x3ab3, 0xd653, 0xce12, //15
    0xffff, 0x9c0f, 0xed14, 0x0020, 0x0841, 0x4208, 0x39c7, 0xd592, 0xcd51, 0xef6d, 0xef2c, 0x675e, 0x5f1d, 0x8ba8, 0x8367, 0x7bcf, //31
    0x738e, 0xb000, 0xa800, 0x0000, 0xca61, 0xc220, 0x1084, 0x0803, 0xa880, 0xa040
};

const blockType blockTypes[19] = {
    { //air
        .verticesLength = 0,
        .vertices = {0, 0, 0},

        .diffrentRotationAmount = 1,

        .facesLength = 0,
        .faces = {0, 0, 0, 0},

        .isFullBlock = false,
        .isTransprent = false,
        .isfluid = false,
        .lightGetsThroughP1 = true,
        .lightGetsThroughP1Half = false,
        .lightGetsThroughP2 = true,
        .canWalkThrough = true,
        .hasToBeOnGrass = false,
        .hasToBeOnBlock = false,
		.canTransferRedstoneSignal = false,
		.canHoldRedstoneSignal = false,
		.canHaveGrassBelow = true,

        .texureSize = {255},
        .dir = {0, 0, 0},
        .normal = {{0, 0, 0}},
        .doSideCheck = {0},

        .otherBlocksRenderFace = {{0},},
    },
    { //full block
        .verticesLength = 8,
        .vertices = {{{10, 10, 10}, {10, 0 , 10}, {10, 10, 0 }, {10, 0 , 0 }, {0 , 10, 10}, {0 , 0 , 10},{0 , 10, 0 }, {0 , 0 , 0 }}},

        .diffrentRotationAmount = 1,

        .facesLength = 6,
        .faces = {{0, 4, 6, 2}, {3, 2, 6, 7}, {7, 6, 4, 5}, {5, 1, 3, 7}, {1, 0, 2, 3}, {5, 4, 0, 1}, },

        .isFullBlock = true,
        .isTransprent = false,
        .isfluid = false,
        .lightGetsThroughP1 = false,
        .lightGetsThroughP1Half = false,
        .lightGetsThroughP2 = false,
        .canWalkThrough = false,
        .hasToBeOnGrass = false,
        .hasToBeOnBlock = false,
		.canTransferRedstoneSignal = true,
		.canHoldRedstoneSignal = true,
		.canHaveGrassBelow = false,

        .texureSize = {255, 255, 255, 255, 255, 255, },
        .dir = {{{0, 1, 0},{0, 0, -1},{-1, 0, 0},{0, -1, 0},{1, 0, 0},{0, 0, 1},},},
        .normal = {{{0, 127, 0},{0, 0, -127},{-127, 0, 0},{0, -127, 0},{127, 0, 0},{0, 0, 127},},},
        .doSideCheck = {1, 1, 1, 1, 1, 1},

        .otherBlocksRenderFace = {{1, 1, 1, 1, 1, 1},},
    },
    { //fluid
        .verticesLength = 8,
        .vertices = {{{10, 10 , 10}, {10, 0, 10}, {10, 10 , 0 }, {10, 0, 0 }, {0 , 10 , 10}, {0 , 0, 10},{0 , 10 , 0 }, {0 , 0, 0 }},
					 {{10, 8 , 10}, {10, 0, 10}, {10, 8 , 0 }, {10, 0, 0 }, {0 , 8 , 10}, {0 , 0, 10},{0 , 8 , 0 }, {0 , 0, 0 }},
					 {{10, 7 , 10}, {10, 0, 10}, {10, 7 , 0 }, {10, 0, 0 }, {0 , 7 , 10}, {0 , 0, 10},{0 , 7 , 0 }, {0 , 0, 0 }},
					 {{10, 6 , 10}, {10, 0, 10}, {10, 6 , 0 }, {10, 0, 0 }, {0 , 6 , 10}, {0 , 0, 10},{0 , 6 , 0 }, {0 , 0, 0 }},
					 {{10, 5 , 10}, {10, 0, 10}, {10, 5 , 0 }, {10, 0, 0 }, {0 , 5 , 10}, {0 , 0, 10},{0 , 5 , 0 }, {0 , 0, 0 }},
					 {{10, 4 , 10}, {10, 0, 10}, {10, 4 , 0 }, {10, 0, 0 }, {0 , 4 , 10}, {0 , 0, 10},{0 , 4 , 0 }, {0 , 0, 0 }},
					 {{10, 3 , 10}, {10, 0, 10}, {10, 3 , 0 }, {10, 0, 0 }, {0 , 3 , 10}, {0 , 0, 10},{0 , 3 , 0 }, {0 , 0, 0 }},
					 {{10, 2 , 10}, {10, 0, 10}, {10, 2 , 0 }, {10, 0, 0 }, {0 , 2 , 10}, {0 , 0, 10},{0 , 2 , 0 }, {0 , 0, 0 }},
					 {{10, 1 , 10}, {10, 0, 10}, {10, 1 , 0 }, {10, 0, 0 }, {0 , 1 , 10}, {0 , 0, 10},{0 , 1 , 0 }, {0 , 0, 0 }}, },

        .diffrentRotationAmount = 16,

        .facesLength = 6,
        .faces = {{0, 4, 6, 2}, {3, 2, 6, 7}, {7, 6, 4, 5}, {5, 1, 3, 7}, {1, 0, 2, 3}, {5, 4, 0, 1}, },

        .isFullBlock = true,
        .isTransprent = false,
        .isfluid = true,
        .lightGetsThroughP1 = false,
        .lightGetsThroughP1Half = false,
        .lightGetsThroughP2 = true,
        .canWalkThrough = true,
        .hasToBeOnGrass = false,
        .hasToBeOnBlock = false,
		.canTransferRedstoneSignal = false,
		.canHoldRedstoneSignal = false,
		.canHaveGrassBelow = true,

        .texureSize = {255, 255, 255, 255, 255, 255, },
        .dir = {{{0, 1, 0},{0, 0, -1},{-1, 0, 0},{0, -1, 0},{1, 0, 0},{0, 0, 1},},
				{{0, 1, 0},{0, 0, -1},{-1, 0, 0},{0, -1, 0},{1, 0, 0},{0, 0, 1},},
				{{0, 1, 0},{0, 0, -1},{-1, 0, 0},{0, -1, 0},{1, 0, 0},{0, 0, 1},},
				{{0, 1, 0},{0, 0, -1},{-1, 0, 0},{0, -1, 0},{1, 0, 0},{0, 0, 1},},
				{{0, 1, 0},{0, 0, -1},{-1, 0, 0},{0, -1, 0},{1, 0, 0},{0, 0, 1},},
				{{0, 1, 0},{0, 0, -1},{-1, 0, 0},{0, -1, 0},{1, 0, 0},{0, 0, 1},},
				{{0, 1, 0},{0, 0, -1},{-1, 0, 0},{0, -1, 0},{1, 0, 0},{0, 0, 1},},
				{{0, 1, 0},{0, 0, -1},{-1, 0, 0},{0, -1, 0},{1, 0, 0},{0, 0, 1},},
				{{0, 1, 0},{0, 0, -1},{-1, 0, 0},{0, -1, 0},{1, 0, 0},{0, 0, 1},},},

        .normal = {{{0, 127, 0},{0, 0, -127},{-127, 0, 0},{0, -127, 0},{127, 0, 0},{0, 0, 127},},
				   {{0, 127, 0},{0, 0, -127},{-127, 0, 0},{0, -127, 0},{127, 0, 0},{0, 0, 127},},
				   {{0, 127, 0},{0, 0, -127},{-127, 0, 0},{0, -127, 0},{127, 0, 0},{0, 0, 127},},
				   {{0, 127, 0},{0, 0, -127},{-127, 0, 0},{0, -127, 0},{127, 0, 0},{0, 0, 127},},
				   {{0, 127, 0},{0, 0, -127},{-127, 0, 0},{0, -127, 0},{127, 0, 0},{0, 0, 127},},
				   {{0, 127, 0},{0, 0, -127},{-127, 0, 0},{0, -127, 0},{127, 0, 0},{0, 0, 127},},
				   {{0, 127, 0},{0, 0, -127},{-127, 0, 0},{0, -127, 0},{127, 0, 0},{0, 0, 127},},
				   {{0, 127, 0},{0, 0, -127},{-127, 0, 0},{0, -127, 0},{127, 0, 0},{0, 0, 127},},
				   {{0, 127, 0},{0, 0, -127},{-127, 0, 0},{0, -127, 0},{127, 0, 0},{0, 0, 127},},},
        .doSideCheck = {1, 1, 1, 1, 1, 1},

        .otherBlocksRenderFace = {{1, 1, 1, 1, 1, 1},
								  {1, 1, 1, 1, 1, 1},
								  {1, 1, 1, 1, 1, 1},
								  {1, 1, 1, 1, 1, 1},
								  {1, 1, 1, 1, 1, 1},
								  {1, 1, 1, 1, 1, 1},
								  {1, 1, 1, 1, 1, 1},
								  {1, 1, 1, 1, 1, 1},
								  {1, 1, 1, 1, 1, 1},},
    },
    { //glass
        .verticesLength = 8,
        .vertices = {{{10, 10, 10}, {10, 0 , 10}, {10, 10, 0 }, {10, 0 , 0 }, {0 , 10, 10}, {0 , 0 , 10},{0 , 10, 0 }, {0 , 0 , 0 }}},

        .diffrentRotationAmount = 1,

        .facesLength = 6,
        .faces = {{0, 4, 6, 2}, {3, 2, 6, 7}, {7, 6, 4, 5}, {5, 1, 3, 7}, {1, 0, 2, 3}, {5, 4, 0, 1}, },

        .isFullBlock = true,
        .isTransprent = true,
        .isfluid = false,
        .lightGetsThroughP1 = true,
        .lightGetsThroughP1Half = false,
        .lightGetsThroughP2 = true,
        .canWalkThrough = false,
        .hasToBeOnGrass = false,
        .hasToBeOnBlock = false,
		.canTransferRedstoneSignal = false,
		.canHoldRedstoneSignal = false,
		.canHaveGrassBelow = true,

        .texureSize = {255, 255, 255, 255, 255, 255, },
        .dir = {{{0, 1, 0},{0, 0, -1},{-1, 0, 0},{0, -1, 0},{1, 0, 0},{0, 0, 1},},},
        .normal = {{{0, 127, 0},{0, 0, -127},{-127, 0, 0},{0, -127, 0},{127, 0, 0},{0, 0, 127},},},
        .doSideCheck = {1, 1, 1, 1, 1, 1},

        .otherBlocksRenderFace = {{1, 1, 1, 1, 1, 1},},
    },
    { //2-plane
        .verticesLength = 8,
        .vertices = {{{0 , 10, 10}, {0 , 0 , 10}, {10, 10, 0 }, {10, 0 , 0 }, {0 , 10, 0 }, {0 , 0 , 0 }, {10, 10, 10}, {10, 0 , 10},}},

        .diffrentRotationAmount = 1,

        .facesLength = 2,
        .faces = {{3, 2, 0, 1},{7, 6, 4, 5},},

        .isFullBlock = false,
        .isTransprent = false,
        .isfluid = false,
        .lightGetsThroughP1 = true,
        .lightGetsThroughP1Half = false,
        .lightGetsThroughP2 = true,
        .canWalkThrough = true,
        .hasToBeOnGrass = true,
        .hasToBeOnBlock = false,
		.canTransferRedstoneSignal = false,
		.canHoldRedstoneSignal = false,
		.canHaveGrassBelow = true,

        .texureSize = {255, 255, },
        .dir = {{{0, 0, 0},{0, 0, 0}},},
        .normal = {{{89, 0, 89}, {-89, 0, 89},},},
        .doSideCheck = {0, 0},

        .otherBlocksRenderFace = {{0, 0, 0, 0, 0, 0},},
    },
    { //torch
        .verticesLength = 8,
        .vertices = {{{5, 6, 5}, {5, 0 , 5}, {5, 6, 4 }, {5, 0 , 4 }, {4 , 6, 5}, {4 , 0 , 5},{4 , 6, 4 }, {4 , 0 , 4 }}},

        .diffrentRotationAmount = 1,

        .facesLength = 6,
        .faces = {{0, 4, 6, 2}, {3, 2, 6, 7}, {7, 6, 4, 5}, {5, 1, 3, 7}, {1, 0, 2, 3}, {5, 4, 0, 1}, },

        .isFullBlock = false,
        .isTransprent = false,
        .isfluid = false,
        .lightGetsThroughP1 = true,
        .lightGetsThroughP1Half = false,
        .lightGetsThroughP2 = true,
        .canWalkThrough = true,
        .hasToBeOnGrass = false,
        .hasToBeOnBlock = true,
		.canTransferRedstoneSignal = false,
		.canHoldRedstoneSignal = true,
		.canHaveGrassBelow = true,

        .texureSize = {17, 145, 145, 17, 145, 145, },
        .dir = {{{0, 0, 0},{0, 0, 0},{0, 0, 0},{0, 0, 0},{0, 0, 0},{0, 0, 0},},},
        .normal = {{{0, 127, 0},{0, 0, -127},{-127, 0, 0},{0, -127, 0},{127, 0, 0},{0, 0, 127},},},
        .doSideCheck = {0, 0, 0, 1, 0, 0},

        .otherBlocksRenderFace = {{0, 0, 0, 0, 0, 0},},
    },
    { //farm land
        .verticesLength = 8,
        .vertices = {{{10, 9 , 10}, {10, 0, 10}, {10, 9 , 0 }, {10, 0, 0 }, {0 , 9 , 10}, {0 , 0, 10},{0 , 9 , 0 }, {0 , 0, 0 }}},

        .diffrentRotationAmount = 1,

        .facesLength = 6,
        .faces = {{0, 4, 6, 2}, {3, 2, 6, 7}, {7, 6, 4, 5}, {5, 1, 3, 7}, {1, 0, 2, 3}, {5, 4, 0, 1}, },

        .isFullBlock = false,
        .isTransprent = false,
        .isfluid = false,
        .lightGetsThroughP1 = false,
        .lightGetsThroughP1Half = false,
        .lightGetsThroughP2 = false,
        .canWalkThrough = false,
        .hasToBeOnGrass = false,
        .hasToBeOnBlock = false,
		.canTransferRedstoneSignal = false,
		.canHoldRedstoneSignal = false,
		.canHaveGrassBelow = false,

        .texureSize = {255, 255, 255, 255, 255, 255, },
        .dir = {{{0, 1, 0},{0, 0, -1},{-1, 0, 0},{0, -1, 0},{1, 0, 0},{0, 0, 1},},},
        .normal = {{{0, 127, 0},{0, 0, -127},{-127, 0, 0},{0, -127, 0},{127, 0, 0},{0, 0, 127},},},
        .doSideCheck = {0, 1, 1, 1, 1, 1},

        .otherBlocksRenderFace = {{0, 0, 1, 0, 0, 0},},
    },
    { //crop
        .verticesLength = 16,
        .vertices = {{{0, -1, 7}, {10, -1, 7}, {0, 9, 7}, {10, 9, 7}, {0, -1, 2}, {10, -1, 2}, {0, 9, 2}, {10, 9, 2},{7, -1, 10}, {7, -1, 0}, {7, 9, 10}, {7, 9, 0}, {2, -1, 10}, {2, -1, 0}, {2, 9, 10}, {2, 9, 0},}},

        .diffrentRotationAmount = 1,

        .facesLength = 4,
        .faces = {{1, 3, 2, 0}, {5, 7, 6, 4}, {9, 11, 10, 8}, {13, 15, 14, 12},},

        .isFullBlock = false,
        .isTransprent = false,
        .isfluid = false,
        .lightGetsThroughP1 = true,
        .lightGetsThroughP1Half = false,
        .lightGetsThroughP2 = true,
        .canWalkThrough = true,
        .hasToBeOnGrass = false,
        .hasToBeOnBlock = false,
		.canTransferRedstoneSignal = false,
		.canHoldRedstoneSignal = false,
		.canHaveGrassBelow = false,

        .texureSize = {255, 255, 255, 255},
        .dir = {{{0, 0, 0},{0, 0, 0},{0, 0, 0},{0, 0, 0}},},
        .normal = {{{0, 127, 0},{0, 0, -127},{-127, 0, 0},{0, -127, 0}},},
        .doSideCheck = {0, 0, 0, 0},

        .otherBlocksRenderFace = {{0, 0, 0, 0, 0, 0},},
    },
    { //log type
        .verticesLength = 8,
        .vertices = {{{0, 0, 10}, {0, 10, 10}, {0, 0, 0}, {0, 10, 0}, {10, 0, 10}, {10, 10, 10}, {10, 0, 0}, {10, 10, 0},},
                     {{0, 0, 0}, {0, 0, 10}, {0, 10, 0}, {0, 10, 10}, {10, 0, 0}, {10, 0, 10}, {10, 10, 0}, {10, 10, 10},},
                     {{0, 0, 10}, {10, 0, 10}, {0, 10, 10}, {10, 10, 10}, {0, 0, 0}, {10, 0, 0}, {0, 10, 0}, {10, 10, 0},},},

        .diffrentRotationAmount = 4,

        .facesLength = 6,
        .faces = {{0, 1, 3, 2}, {2, 3, 7, 6}, {6, 7, 5, 4}, {4, 5, 1, 0}, {2, 6, 4, 0}, {7, 3, 1, 5},},

        .isFullBlock = true,
        .isTransprent = false,
        .isfluid = false,
        .lightGetsThroughP1 = false,
        .lightGetsThroughP1Half = false,
        .lightGetsThroughP2 = false,
        .canWalkThrough = false,
        .hasToBeOnGrass = false,
        .hasToBeOnBlock = false,
		.canTransferRedstoneSignal = true,
		.canHoldRedstoneSignal = true,
		.canHaveGrassBelow = false,

        .texureSize = {255, 255, 255, 255, 255, 255, },

        .dir = {{{-1, 0, 0}, {0, 0, -1}, {1, 0, 0}, {0, 0, 1}, {0, -1, 0}, {0, 1, 0},},
                {{-1, 0, 0}, {0, 1, 0}, {1, 0, 0}, {0, -1, 0}, {0, 0, -1}, {0, 0, 1},},
                {{0, 0, 1}, {0, 1, 0}, {0, 0, -1}, {0, -1, 0}, {-1, 0, 0}, {1, 0, 0},},},

        .normal = {{{-127, 0, 0}, {0, 0, -127}, {127, 0, 0}, {0, 0, 127}, {0, -127, 0}, {0, 127, 0},},
                   {{-127, 0, 0}, {0, 127, 0}, {127, 0, 0}, {0, -127, 0}, {0, 0, -127}, {0, 0, 127},},
                   {{0, 0, 127}, {0, 127, 0}, {0, 0, -127}, {0, -127, 0}, {-127, 0, 0}, {127, 0, 0},},},

        .doSideCheck = {1, 1, 1, 1, 1, 1},

        .otherBlocksRenderFace = {{1, 1, 1, 1, 1, 1},
                                  {1, 1, 1, 1, 1, 1},
                                  {1, 1, 1, 1, 1, 1},},
    },
    { //furnace/crafting table
        .verticesLength = 8,
        .vertices = {{{0, 0, 10}, {0, 10, 10}, {0, 0, 0}, {0, 10, 0}, {10, 0, 10}, {10, 10, 10}, {10, 0, 0}, {10, 10, 0},},
                     {{10, 0, 10}, {10, 10, 10}, {0, 0, 10}, {0, 10, 10}, {10, 0, 0}, {10, 10, 0}, {0, 0, 0}, {0, 10, 0},},
                     {{10, 0, 0}, {10, 10, 0}, {10, 0, 10}, {10, 10, 10}, {0, 0, 0}, {0, 10, 0}, {0, 0, 10}, {0, 10, 10},},
                     {{0, 0, 0}, {0, 10, 0}, {10, 0, 0}, {10, 10, 0}, {0, 0, 10}, {0, 10, 10}, {10, 0, 10}, {10, 10, 10},},},

        .diffrentRotationAmount = 4,

        .facesLength = 6,
        .faces = {{0, 1, 3, 2}, {2, 3, 7, 6}, {6, 7, 5, 4}, {4, 5, 1, 0}, {2, 6, 4, 0}, {7, 3, 1, 5},},

        .isFullBlock = true,
        .isTransprent = false,
        .isfluid = false,
        .lightGetsThroughP1 = false,
        .lightGetsThroughP1Half = false,
        .lightGetsThroughP2 = false,
        .canWalkThrough = false,
        .hasToBeOnGrass = false,
        .hasToBeOnBlock = false,
		.canTransferRedstoneSignal = false,
		.canHoldRedstoneSignal = false,
		.canHaveGrassBelow = false,

        .texureSize = {255, 255, 255, 255, 255, 255, },

        .dir = {{{-1, 0, 0}, {0, 0, -1}, {1, 0, 0}, {0, 0, 1}, {0, -1, 0}, {0, 1, 0},},
                {{0, 0, 1}, {-1, 0, 0}, {0, 0, -1}, {1, 0, 0}, {0, -1, 0}, {0, 1, 0},},
                {{1, 0, 0}, {0, 0, 1}, {-1, 0, 0}, {0, 0, -1}, {0, -1, 0}, {0, 1, 0},},
                {{0, 0, -1}, {1, 0, 0}, {0, 0, 1}, {-1, 0, 0}, {0, -1, 0}, {0, 1, 0},},},

        .normal = {{{-127, 0, 0}, {0, 0, -127}, {127, 0, 0}, {0, 0, 127}, {0, -127, 0}, {0, 127, 0},},
                   {{0, 0, 127}, {-127, 0, 0}, {0, 0, -127}, {127, 0, 0}, {0, -127, 0}, {0, 127, 0},},
                   {{127, 0, 0}, {0, 0, 127}, {-127, 0, 0}, {0, 0, -127}, {0, -127, 0}, {0, 127, 0},},
                   {{0, 0, -127}, {127, 0, 0}, {0, 0, 127}, {-127, 0, 0}, {0, -127, 0}, {0, 127, 0},},},

        .doSideCheck = {1, 1, 1, 1, 1, 1},

        .otherBlocksRenderFace = {{1, 1, 1, 1, 1, 1},
                                  {1, 1, 1, 1, 1, 1},
                                  {1, 1, 1, 1, 1, 1},
                                  {1, 1, 1, 1, 1, 1},},
    },
    { //stairs
        .verticesLength = 12,
        .vertices = {{{10, 10, 0}, {10, 0, 0}, {10, 0, 10}, {0, 10, 0}, {0, 0, 0}, {0, 0, 10}, {10, 10, 5}, {0, 10, 5}, {10, 5, 0}, {0, 5, 10}, {10, 5, 10}, {0, 5, 0}, {10, 5, 5}, {0, 5, 5},},
                     {{0, 10, 0}, {0, 0, 0}, {10, 0, 0}, {0, 10, 10}, {0, 0, 10}, {10, 0, 10}, {5, 10, 0}, {5, 10, 10}, {0, 5, 0}, {10, 5, 10}, {10, 5, 0}, {0, 5, 10}, {5, 5, 0}, {5, 5, 10},},
                     {{0, 10, 10}, {0, 0, 10}, {0, 0, 0}, {10, 10, 10}, {10, 0, 10}, {10, 0, 0}, {0, 10, 5}, {10, 10, 5}, {0, 5, 10}, {10, 5, 0}, {0, 5, 0}, {10, 5, 10}, {0, 5, 5}, {10, 5, 5},},
                     {{10, 10, 10}, {10, 0, 10}, {0, 0, 10}, {10, 10, 0}, {10, 0, 0}, {0, 0, 0}, {5, 10, 10}, {5, 10, 0}, {10, 5, 10}, {0, 5, 0}, {0, 5, 10}, {10, 5, 0}, {5, 5, 10}, {5, 5, 0},},
                     {{0, 0, 0}, {0, 10, 0}, {0, 10, 10}, {10, 0, 0}, {10, 10, 0}, {10, 10, 10}, {0, 0, 5}, {10, 0, 5}, {0, 5, 0}, {10, 5, 10}, {0, 5, 10}, {10, 5, 0}, {0, 5, 5}, {10, 5, 5},},
                     {{0, 0, 10}, {0, 10, 10}, {10, 10, 10}, {0, 0, 0}, {0, 10, 0}, {10, 10, 0}, {5, 0, 10}, {5, 0, 0}, {0, 5, 10}, {10, 5, 0}, {10, 5, 10}, {0, 5, 0}, {5, 5, 10}, {5, 5, 0},},
                     {{10, 0, 10}, {10, 10, 10}, {10, 10, 0}, {0, 0, 10}, {0, 10, 10}, {0, 10, 0}, {10, 0, 5}, {0, 0, 5}, {10, 5, 10}, {0, 5, 0}, {10, 5, 0}, {0, 5, 10}, {10, 5, 5}, {0, 5, 5},},
                     {{10, 0, 0}, {10, 10, 0}, {0, 10, 0}, {10, 0, 10}, {10, 10, 10}, {0, 10, 10}, {5, 0, 0}, {5, 0, 10}, {10, 5, 0}, {0, 5, 10}, {0, 5, 0}, {10, 5, 10}, {5, 5, 0}, {5, 5, 10},},},

        .diffrentRotationAmount = 8,

        .facesLength = 10,
        .faces = {{13, 7, 3, 11}, {12, 6, 7, 13}, {1, 2, 5, 4}, {8, 0, 6, 12}, {13, 9, 10, 12}, {6, 0, 3, 7}, {1, 8, 10, 2}, {0, 1, 4, 3}, {5, 9, 11, 4}, {2, 10, 9, 5},},

        .isFullBlock = false,
        .isTransprent = false,
        .isfluid = false,
        .lightGetsThroughP1 = false,
        .lightGetsThroughP1Half = true,
        .lightGetsThroughP2 = false,
        .canWalkThrough = false,
        .hasToBeOnGrass = false,
        .hasToBeOnBlock = false,
		.canTransferRedstoneSignal = false,
		.canHoldRedstoneSignal = false,
		.canHaveGrassBelow = false,

        .texureSize = {113, 127, 255, 113, 127, 127, 127, 255, 127, 127,},

        .dir = {{{-1, 0, 0}, {0, 0, 1}, {0, -1, 0}, {1, 0, 0}, {0, 1, 0}, {0, 1, 0}, {1, 0, 0}, {0, 0, -1}, {-1, 0, 0}, {0, 0, 1},},
                {{0, 0, 1}, {1, 0, 0}, {0, -1, 0}, {0, 0, -1}, {0, 1, 0}, {0, 1, 0}, {0, 0, -1}, {-1, 0, 0}, {0, 0, 1}, {1, 0, 0},},
                {{1, 0, 0}, {0, 0, -1}, {0, -1, 0}, {-1, 0, 0}, {0, 1, 0}, {0, 1, 0}, {-1, 0, 0}, {0, 0, 1}, {1, 0, 0}, {0, 0, -1},},
                {{0, 0, -1}, {-1, 0, 0}, {0, -1, 0}, {0, 0, 1}, {0, 1, 0}, {0, 1, 0}, {0, 0, 1}, {1, 0, 0}, {0, 0, -1}, {-1, 0, 0},},
                {{1, 0, 0}, {0, 0, 1}, {0, 1, 0}, {-1, 0, 0}, {0, -1, 0}, {0, -1, 0}, {-1, 0, 0}, {0, 0, -1}, {1, 0, 0}, {0, 0, 1},},
                {{0, 0, -1}, {1, 0, 0}, {0, 1, 0}, {0, 0, 1}, {0, -1, 0}, {0, -1, 0}, {0, 0, 1}, {-1, 0, 0}, {0, 0, -1}, {1, 0, 0},},
                {{-1, 0, 0}, {0, 0, -1}, {0, 1, 0}, {1, 0, 0}, {0, -1, 0}, {0, -1, 0}, {1, 0, 0}, {0, 0, 1}, {-1, 0, 0}, {0, 0, -1},},
                {{0, 0, 1}, {-1, 0, 0}, {0, 1, 0}, {0, 0, -1}, {0, -1, 0}, {0, -1, 0}, {0, 0, -1}, {1, 0, 0}, {0, 0, 1}, {-1, 0, 0},},},

        .normal = {{{-127, 0, 0}, {0, 0, 127}, {0, -127, 0}, {127, 0, 0}, {0, 127, 0}, {0, 127, 0}, {127, 0, 0}, {0, 0, -127}, {-127, 0, 0}, {0, 0, 127},},
                   {{0, 0, 127}, {127, 0, 0}, {0, -127, 0}, {0, 0, -127}, {0, 127, 0}, {0, 127, 0}, {0, 0, -127}, {-127, 0, 0}, {0, 0, 127}, {127, 0, 0},},
                   {{127, 0, 0}, {0, 0, -127}, {0, -127, 0}, {-127, 0, 0}, {0, 127, 0}, {0, 127, 0}, {-127, 0, 0}, {0, 0, 127}, {127, 0, 0}, {0, 0, -127},},
                   {{0, 0, -127}, {-127, 0, 0}, {0, -127, 0}, {0, 0, 127}, {0, 127, 0}, {0, 127, 0}, {0, 0, 127}, {127, 0, 0}, {0, 0, -127}, {-127, 0, 0},},
                   {{127, 0, 0}, {0, 0, 127}, {0, 127, 0}, {-127, 0, 0}, {0, -127, 0}, {0, -127, 0}, {-127, 0, 0}, {0, 0, -127}, {127, 0, 0}, {0, 0, 127},},
                   {{0, 0, -127}, {127, 0, 0}, {0, 127, 0}, {0, 0, 127}, {0, -127, 0}, {0, -127, 0}, {0, 0, 127}, {-127, 0, 0}, {0, 0, -127}, {127, 0, 0},},
                   {{-127, 0, 0}, {0, 0, -127}, {0, 127, 0}, {127, 0, 0}, {0, -127, 0}, {0, -127, 0}, {127, 0, 0}, {0, 0, 127}, {-127, 0, 0}, {0, 0, -127},},
                   {{0, 0, 127}, {-127, 0, 0}, {0, 127, 0}, {0, 0, -127}, {0, -127, 0}, {0, -127, 0}, {0, 0, -127}, {127, 0, 0}, {0, 0, 127}, {-127, 0, 0},},},

        .doSideCheck = {1, 0, 1, 1, 0, 0, 1, 1, 1, 0},

        .otherBlocksRenderFace = {{0, 0, 1, 0, 1, 0},
                                  {1, 0, 1, 0, 0, 0},
                                  {0, 0, 1, 0, 0, 1},
                                  {0, 1, 1, 0, 0, 0},
                                  {0, 0, 0, 1, 1, 0},
                                  {1, 0, 0, 1, 0, 0},
                                  {0, 0, 0, 1, 0, 1},
                                  {0, 1, 0, 1, 0, 0},},
    },
    { //slab
        .verticesLength = 8,
        .vertices = {{{10, 5, 0}, {10, 0, 0}, {10, 5, 10}, {10, 0, 10}, {0, 5, 0}, {0, 0, 0}, {0, 5, 10}, {0, 0, 10},},
                     {{0, 5, 0}, {0, 10, 0}, {0, 5, 10}, {0, 10, 10}, {10, 5, 0}, {10, 10, 0}, {10, 5, 10}, {10, 10, 10},},},

        .diffrentRotationAmount = 2,

        .facesLength = 6,
        .faces = {{0, 4, 6, 2}, {3, 2, 6, 7}, {7, 6, 4, 5}, {5, 1, 3, 7}, {1, 0, 2, 3}, {5, 4, 0, 1},},

        .isFullBlock = false,
        .isTransprent = false,
        .isfluid = false,
        .lightGetsThroughP1 = false,
        .lightGetsThroughP1Half = true,
        .lightGetsThroughP2 = false,
        .canWalkThrough = false,
        .hasToBeOnGrass = false,
        .hasToBeOnBlock = false,
		.canTransferRedstoneSignal = false,
		.canHoldRedstoneSignal = false,
		.canHaveGrassBelow = false,

        .texureSize = {255, 127, 127, 255, 127, 127,},

        .dir = {{{0, 1, 0}, {0, 0, 1}, {-1, 0, 0}, {0, -1, 0}, {1, 0, 0}, {0, 0, -1},},
                {{0, -1, 0}, {0, 0, 1}, {1, 0, 0}, {0, 1, 0}, {-1, 0, 0}, {0, 0, -1},},},

        .normal = {{{0, 127, 0}, {0, 0, 127}, {-127, 0, 0}, {0, -127, 0}, {127, 0, 0}, {0, 0, -127},},
                   {{0, -127, 0}, {0, 0, 127}, {127, 0, 0}, {0, 127, 0}, {-127, 0, 0}, {0, 0, -127},},},

        .doSideCheck = {0, 1, 1, 1, 1, 1,},

        .otherBlocksRenderFace = {{0, 0, 1, 0, 0, 0,},
                                  {0, 0, 0, 1, 0, 0,},},
    },
    { //door
        .verticesLength = 8,
        .vertices = {{{10, 10, 0}, {10, 0, 0}, {10, 10, 1}, {10, 0, 1}, {0, 10, 0}, {0, 0, 0}, {0, 10, 1}, {0, 0, 1},},
                     {{0, 10, 0}, {0, 0, 0}, {1, 10, 0}, {1, 0, 0}, {0, 10, 10}, {0, 0, 10}, {1, 10, 10}, {1, 0, 10},},
                     {{0, 10, 10}, {0, 0, 10}, {0, 10, 9}, {0, 0, 9}, {10, 10, 10}, {10, 0, 10}, {10, 10, 9}, {10, 0, 9},},
                     {{10, 10, 10}, {10, 0, 10}, {9, 10, 10}, {9, 0, 10}, {10, 10, 0}, {10, 0, 0}, {9, 10, 0}, {9, 0, 0},},},

        .diffrentRotationAmount = 4,

        .facesLength = 6,
        .faces = {{0, 4, 6, 2}, {3, 2, 6, 7}, {7, 6, 4, 5}, {5, 1, 3, 7}, {1, 0, 2, 3}, {5, 4, 0, 1},},

        .isFullBlock = false,
        .isTransprent = false,
        .isfluid = false,
        .lightGetsThroughP1 = true,
        .lightGetsThroughP1Half = false,
        .lightGetsThroughP2 = true,
        .canWalkThrough = false,
        .hasToBeOnGrass = false,
        .hasToBeOnBlock = false,
		.canTransferRedstoneSignal = false,
		.canHoldRedstoneSignal = false,
		.canHaveGrassBelow = true,

        .texureSize = {242, 255, 242, 242, 242, 255,},

        .dir = {{{0, 1, 0}, {0, 0, 0}, {-1, 0, 0}, {0, -1, 0}, {1, 0, 0}, {0, 0, -1},},
                {{0, 1, 0}, {0, 0, 0}, {0, 0, 1}, {0, -1, 0}, {0, 0, -1}, {-1, 0, 0},},
                {{0, 1, 0}, {0, 0, 0}, {1, 0, 0}, {0, -1, 0}, {-1, 0, 0}, {0, 0, 1},},
                {{0, 1, 0}, {0, 0, 0}, {0, 0, -1}, {0, -1, 0}, {0, 0, 1}, {1, 0, 0},},},

        .normal = {{{0, 127, 0}, {0, 0, 127}, {-127, 0, 0}, {0, -127, 0}, {127, 0, 0}, {0, 0, -127},},
                   {{0, 127, 0}, {127, 0, 0}, {0, 0, 127}, {0, -127, 0}, {0, 0, -127}, {-127, 0, 0},},
                   {{0, 127, 0}, {0, 0, -127}, {127, 0, 0}, {0, -127, 0}, {-127, 0, 0}, {0, 0, 127},},
                   {{0, 127, 0}, {-127, 0, 0}, {0, 0, -127}, {0, -127, 0}, {0, 0, 127}, {127, 0, 0},},},

        .doSideCheck = {1, 0, 1, 1, 1, 0},
    },
    { //bed
        .verticesLength = 8,
        .vertices = {{{0, 0, 0}, {0, 5, 0}, {0, 0, 10}, {0, 5, 10}, {10, 0, 0}, {10, 5, 0}, {10, 0, 10}, {10, 5, 10},},
                     {{0, 0, 10}, {0, 5, 10}, {10, 0, 10}, {10, 5, 10}, {0, 0, 0}, {0, 5, 0}, {10, 0, 0}, {10, 5, 0},},
                     {{10, 0, 10}, {10, 5, 10}, {10, 0, 0}, {10, 5, 0}, {0, 0, 10}, {0, 5, 10}, {0, 0, 0}, {0, 5, 0},},
                     {{10, 0, 0}, {10, 5, 0}, {0, 0, 0}, {0, 5, 0}, {10, 0, 10}, {10, 5, 10}, {0, 0, 10}, {0, 5, 10},},},

        .diffrentRotationAmount = 4,

        .facesLength = 4,
        .faces = {{6, 7, 3, 2}, {4, 5, 7, 6}, {5, 1, 3, 7}, {2, 3, 1, 0},},
               //{{3, 2, 6, 7}, {7, 6, 4, 5}, {5, 1, 3, 7}, {1, 0, 2, 3},},

        .isFullBlock = false,
        .isTransprent = false,
        .isfluid = false,
        .lightGetsThroughP1 = false,
        .lightGetsThroughP1Half = true,
        .lightGetsThroughP2 = false,
        .canWalkThrough = false,
        .hasToBeOnGrass = false,
        .hasToBeOnBlock = false,
		.canTransferRedstoneSignal = false,
		.canHoldRedstoneSignal = false,
		.canHaveGrassBelow = true,

        .texureSize = {127, 127, 255, 127},

        .dir = {{{0, 0, 1}, {1, 0, 0}, {0, 1, 0}, {-1, 0, 0},},
                {{1, 0, 0}, {0, 0, -1}, {0, 1, 0}, {0, 0, 1},},
                {{0, 0, -1}, {-1, 0, 0}, {0, 1, 0}, {1, 0, 0},},
                {{-1, 0, 0}, {0, 0, 1}, {0, 1, 0}, {0, 0, -1},},},

        .normal = {{{0, 0, 127}, {127, 0, 0}, {0, 127, 0}, {-127, 0, 0},},
                   {{127, 0, 0}, {0, 0, -127}, {0, 127, 0}, {0, 0, 127},},
                   {{0, 0, -127}, {-127, 0, 0}, {0, 127, 0}, {127, 0, 0},},
                   {{-127, 0, 0}, {0, 0, 127}, {0, 127, 0}, {0, 0, -127},},},

        .doSideCheck = {1, 1, 0, 1,},

        .otherBlocksRenderFace = {{0, 0, 0, 0, 0, 0,},
                                  {0, 0, 0, 0, 0, 0,},
                                  {0, 0, 0, 0, 0, 0,},
                                  {0, 0, 0, 0, 0, 0,},},
    },
    { //redstone
        .verticesLength = 4,
        .vertices = {{{0, 1, 0}, {10, 1, 0}, {0, 1, 10}, {10, 1, 10},}},

        .diffrentRotationAmount = 1,

        .facesLength = 1,
        .faces = {{0, 1, 3, 2},},

        .isFullBlock = false,
        .isTransprent = false,
        .isfluid = false,
        .lightGetsThroughP1 = true,
        .lightGetsThroughP1Half = false,
        .lightGetsThroughP2 = true,
        .canWalkThrough = true,
        .hasToBeOnGrass = false,
        .hasToBeOnBlock = true,
		.canTransferRedstoneSignal = false,
		.canHoldRedstoneSignal = true,
		.canHaveGrassBelow = true,

        .texureSize = {255,},
        .dir = {{{0, 0, 0},},},
        .normal = {{{0, 127, 0}},},
        .doSideCheck = {0},

        .otherBlocksRenderFace = {{0},},
    },
    { //repeater
        .verticesLength = 4,
        .vertices = {{{10, 1, 10}, {0, 1, 10}, {0, 1, 0}, {10, 1, 0},},
                     {{10, 1, 0}, {10, 1, 10}, {0, 1, 10}, {0, 1, 0},},
                     {{0, 1, 0}, {10, 1, 0}, {10, 1, 10}, {0, 1, 10},},
                     {{0, 1, 10}, {0, 1, 0}, {10, 1, 0}, {10, 1, 10},},},

        .diffrentRotationAmount = 4,

        .facesLength = 1,
        .faces = {{0, 1, 2, 3}},

        .isFullBlock = false,
        .isTransprent = false,
        .isfluid = false,
        .lightGetsThroughP1 = true,
        .lightGetsThroughP1Half = false,
        .lightGetsThroughP2 = true,
        .canWalkThrough = true,
        .hasToBeOnGrass = false,
        .hasToBeOnBlock = true,
		.canTransferRedstoneSignal = false,
		.canHoldRedstoneSignal = false, //yes can hold but is directional
		.canHaveGrassBelow = true,

        .texureSize = {255,},
        .dir = {{{0, 0, 0},},{{0, 0, 0},},{{0, 0, 0},},{{0, 0, 0},},},
        .normal = {{{0, 127, 0}},{{0, 127, 0}},{{0, 127, 0}},{{0, 127, 0}},},
        .doSideCheck = {0,},

        .otherBlocksRenderFace = {{0},},
    },
	{ //full block light
        .verticesLength = 8,
        .vertices = {{{10, 10, 10}, {10, 0 , 10}, {10, 10, 0 }, {10, 0 , 0 }, {0 , 10, 10}, {0 , 0 , 10},{0 , 10, 0 }, {0 , 0 , 0 }}},

        .diffrentRotationAmount = 1,

        .facesLength = 6,
        .faces = {{0, 4, 6, 2}, {3, 2, 6, 7}, {7, 6, 4, 5}, {5, 1, 3, 7}, {1, 0, 2, 3}, {5, 4, 0, 1}, },

        .isFullBlock = true,
        .isTransprent = false,
        .isfluid = false,
        .lightGetsThroughP1 = false,
        .lightGetsThroughP1Half = false,
        .lightGetsThroughP2 = true,
        .canWalkThrough = false,
        .hasToBeOnGrass = false,
        .hasToBeOnBlock = false,
		.canTransferRedstoneSignal = true,
		.canHoldRedstoneSignal = true,
		.canHaveGrassBelow = false,

        .texureSize = {255, 255, 255, 255, 255, 255, },
        .dir = {{{0, 1, 0},{0, 0, -1},{-1, 0, 0},{0, -1, 0},{1, 0, 0},{0, 0, 1},},},
        .normal = {{{0, 127, 0},{0, 0, -127},{-127, 0, 0},{0, -127, 0},{127, 0, 0},{0, 0, 127},},},
        .doSideCheck = {1, 1, 1, 1, 1, 1},

        .otherBlocksRenderFace = {{1, 1, 1, 1, 1, 1},},
    },
	{ //lever
        .verticesLength = 16,
        .vertices = {{{0, 2, 6}, {0, 7, 6}, {0, 2, 3}, {0, 7, 3}, {2, 2, 6}, {2, 7, 6}, {2, 2, 3}, {2, 7, 3}, {1, 5, 5}, {3, 8, 5}, {1, 5, 4}, {3, 8, 4}, {2, 4, 5}, {4, 7, 5}, {2, 4, 4}, {4, 7, 4},},//1-off
					 {{0, 2, 6}, {0, 7, 6}, {0, 2, 3}, {0, 7, 3}, {2, 2, 6}, {2, 7, 6}, {2, 2, 3}, {2, 7, 3}, {2, 5, 5}, {4, 2, 5}, {2, 5, 4}, {4, 2, 4}, {1, 4, 5}, {3, 1, 5}, {1, 4, 4}, {3, 1, 4},},//1-on
					 {{4, 2, 0}, {4, 7, 0}, {7, 2, 0}, {7, 7, 0}, {4, 2, 2}, {4, 7, 2}, {7, 2, 2}, {7, 7, 2}, {5, 5, 1}, {5, 8, 3}, {6, 5, 1}, {6, 8, 3}, {5, 4, 2}, {5, 7, 4}, {6, 4, 2}, {6, 7, 4},},//2-off
					 {{4, 2, 0}, {4, 7, 0}, {7, 2, 0}, {7, 7, 0}, {4, 2, 2}, {4, 7, 2}, {7, 2, 2}, {7, 7, 2}, {5, 5, 2}, {5, 2, 4}, {6, 5, 2}, {6, 2, 4}, {5, 4, 1}, {5, 1, 3}, {6, 4, 1}, {6, 1, 3},},//2-on
					 {{10, 2, 4}, {10, 7, 4}, {10, 2, 7}, {10, 7, 7}, {8, 2, 4}, {8, 7, 4}, {8, 2, 7}, {8, 7, 7}, {9, 5, 5}, {7, 8, 5}, {9, 5, 6}, {7, 8, 6}, {8, 4, 5}, {6, 7, 5}, {8, 4, 6}, {6, 7, 6},},//3-off
					 {{10, 2, 4}, {10, 7, 4}, {10, 2, 7}, {10, 7, 7}, {8, 2, 4}, {8, 7, 4}, {8, 2, 7}, {8, 7, 7}, {8, 5, 5}, {6, 2, 5}, {8, 5, 6}, {6, 2, 6}, {9, 4, 5}, {7, 1, 5}, {9, 4, 6}, {7, 1, 6},},//3-on
					 {{6, 2, 10}, {6, 7, 10}, {3, 2, 10}, {3, 7, 10}, {6, 2, 8}, {6, 7, 8}, {3, 2, 8}, {3, 7, 8}, {5, 5, 9}, {5, 8, 7}, {4, 5, 9}, {4, 8, 7}, {5, 4, 8}, {5, 7, 6}, {4, 4, 8}, {4, 7, 6},},//4-off
					 {{6, 2, 10}, {6, 7, 10}, {3, 2, 10}, {3, 7, 10}, {6, 2, 8}, {6, 7, 8}, {3, 2, 8}, {3, 7, 8}, {5, 5, 8}, {5, 2, 6}, {4, 5, 8}, {4, 2, 6}, {5, 4, 9}, {5, 1, 7}, {4, 4, 9}, {4, 1, 7},},//4-on
					 {{6, 0, 2}, {6, 0, 7}, {3, 0, 2}, {3, 0, 7}, {6, 2, 2}, {6, 2, 7}, {3, 2, 2}, {3, 2, 7}, {5, 1, 5}, {5, 3, 8}, {4, 1, 5}, {4, 3, 8}, {5, 2, 4}, {5, 4, 7}, {4, 2, 4}, {4, 4, 7},},//5-off
					 {{6, 0, 2}, {6, 0, 7}, {3, 0, 2}, {3, 0, 7}, {6, 2, 2}, {6, 2, 7}, {3, 2, 2}, {3, 2, 7}, {5, 2, 5}, {5, 4, 2}, {4, 2, 5}, {4, 4, 2}, {5, 1, 4}, {5, 3, 1}, {4, 1, 4}, {4, 3, 1},},//5-on
					 {{6, 10, 8}, {6, 10, 3}, {3, 10, 8}, {3, 10, 3}, {6, 8, 8}, {6, 8, 3}, {3, 8, 8}, {3, 8, 3}, {5, 9, 5}, {5, 7, 2}, {4, 9, 5}, {4, 7, 2}, {5, 8, 6}, {5, 6, 3}, {4, 8, 6}, {4, 6, 3},},  //6-off
					 {{6, 10, 8}, {6, 10, 3}, {3, 10, 8}, {3, 10, 3}, {6, 8, 8}, {6, 8, 3}, {3, 8, 8}, {3, 8, 3}, {5, 8, 5}, {5, 6, 8}, {4, 8, 5}, {4, 6, 8}, {5, 9, 6}, {5, 7, 9}, {4, 9, 6}, {4, 7, 9},},},//6-on

        .diffrentRotationAmount = 16,

        .facesLength = 10,
        .faces = {{2, 3, 7, 6}, {6, 7, 5, 4}, {4, 5, 1, 0}, {2, 6, 4, 0}, {7, 3, 1, 5}, {8, 9, 11, 10}, {10, 11, 15, 14}, {14, 15, 13, 12}, {12, 13, 9, 8}, {15, 11, 9, 13},},

        .isFullBlock = false,
        .isTransprent = false,
        .isfluid = false,
        .lightGetsThroughP1 = true,
        .lightGetsThroughP1Half = true,
        .lightGetsThroughP2 = true,
        .canWalkThrough = false,
        .hasToBeOnGrass = false,
        .hasToBeOnBlock = false,
		.canTransferRedstoneSignal = false,
		.canHoldRedstoneSignal = true,
		.canHaveGrassBelow = true,

        .texureSize = {114, 117, 114, 82, 82, 113, 113, 113, 113, 17},
        .dir = {{{0, 0, 0}},},
        .normal = {{{0, 0, -127}, {127, 0, 0}, {0, 0, 127}, {0, -127, 0}, {0, 127, 0}, {-105, 70, 0}, {0, 0, -127}, {105, -70, 0}, {0, 0, 127}, {87, 92, 0},},
				   {{0, 0, -127}, {127, 0, 0}, {0, 0, 127}, {0, -127, 0}, {0, 127, 0}, {105, 70, 0}, {0, 0, -127}, {-105, -70, 0}, {0, 0, 127}, {88, -90, 0},},
				   {{127, 0, 0}, {0, 0, 127}, {-127, 0, 0}, {0, -127, 0}, {0, 127, 0}, {0, 70, -105}, {127, 0, 0}, {0, -70, 105}, {-127, 0, 0}, {0, 92, 87},},
				   {{127, 0, 0}, {0, 0, 127}, {-127, 0, 0}, {0, -127, 0}, {0, 127, 0}, {0, 70, 105}, {127, 0, 0}, {0, -70, -105}, {-127, 0, 0}, {0, -89, 89},},
				   {{0, 0, 127}, {-127, 0, 0}, {0, 0, -127}, {0, -127, 0}, {0, 127, 0}, {105, 70, 0}, {0, 0, 127}, {-105, -70, 0}, {0, 0, -127}, {-87, 92, 0},},
				   {{0, 0, 127}, {-127, 0, 0}, {0, 0, -127}, {0, -127, 0}, {0, 127, 0}, {-105, 70, 0}, {0, 0, 127}, {105, -70, 0}, {0, 0, -127}, {-89, -89, 0},},
				   {{-127, 0, 0}, {0, 0, -127}, {127, 0, 0}, {0, -127, 0}, {0, 127, 0}, {0, 70, 105}, {-127, 0, 0}, {0, -70, -105}, {127, 0, 0}, {0, 92, -87},},
				   {{-127, 0, 0}, {0, 0, -127}, {127, 0, 0}, {0, -127, 0}, {0, 127, 0}, {0, 70, -105}, {-127, 0, 0}, {0, -70, 105}, {127, 0, 0}, {0, -89, -89},},
				   {{-127, 0, 0}, {0, 127, 0}, {127, 0, 0}, {0, 0, -127}, {0, 0, 127}, {0, -105, 70}, {-127, 0, 0}, {0, 105, -70}, {127, 0, 0}, {0, 87, 92},},
				   {{-127, 0, 0}, {0, 127, 0}, {127, 0, 0}, {0, 0, -127}, {0, 0, 127}, {0, 105, 70}, {-127, 0, 0}, {0, -105, -70}, {127, 0, 0}, {0, 89, -89},},
				   {{-127, 0, 0}, {0, -127, 0}, {127, 0, 0}, {0, 0, 127}, {0, 0, -127}, {0, 105, -70}, {-127, 0, 0}, {0, -105, 70}, {127, 0, 0}, {0, -87, -92},},
				   {{-127, 0, 0}, {0, -127, 0}, {127, 0, 0}, {0, 0, 127}, {0, 0, -127}, {0, -105, -70}, {-127, 0, 0}, {0, 105, 70}, {127, 0, 0}, {0, -89, 89},},},
        .doSideCheck = {0, 0, 0, 0, 0, 0, 0, 0, 0, 0},

        .otherBlocksRenderFace = {{0, 0, 0, 0, 0, 0, 0, 0, 0, 0},},
    },
	{ //button
        .verticesLength = 8,
        .vertices = {{{2, 6, 3}, {2, 4, 3}, {2, 6, 7}, {2, 4, 7}, {0, 6, 3}, {0, 4, 3}, {0, 6, 7}, {0, 4, 7},},//1-off
					 {{1, 6, 3}, {1, 4, 3}, {1, 6, 7}, {1, 4, 7}, {0, 6, 3}, {0, 4, 3}, {0, 6, 7}, {0, 4, 7},},//1-on
					 {{7, 6, 2}, {7, 4, 2}, {3, 6, 2}, {3, 4, 2}, {7, 6, 0}, {7, 4, 0}, {3, 6, 0}, {3, 4, 0},},//2-off
					 {{7, 6, 1}, {7, 4, 1}, {3, 6, 1}, {3, 4, 1}, {7, 6, 0}, {7, 4, 0}, {3, 6, 0}, {3, 4, 0},},//2-on
					 {{8, 6, 7}, {8, 4, 7}, {8, 6, 3}, {8, 4, 3}, {10, 6, 7}, {10, 4, 7}, {10, 6, 3}, {10, 4, 3},},//3-off
					 {{9, 6, 7}, {9, 4, 7}, {9, 6, 3}, {9, 4, 3}, {10, 6, 7}, {10, 4, 7}, {10, 6, 3}, {10, 4, 3},},//3-on
					 {{3, 6, 8}, {3, 4, 8}, {7, 6, 8}, {7, 4, 8}, {3, 6, 10}, {3, 4, 10}, {7, 6, 10}, {7, 4, 10},},//4-off
					 {{3, 6, 9}, {3, 4, 9}, {7, 6, 9}, {7, 4, 9}, {3, 6, 10}, {3, 4, 10}, {7, 6, 10}, {7, 4, 10},},//4-on
					 {{3, 2, 6}, {3, 2, 4}, {7, 2, 6}, {7, 2, 4}, {3, 0, 6}, {3, 0, 4}, {7, 0, 6}, {7, 0, 4},},//5-off
					 {{3, 1, 6}, {3, 1, 4}, {7, 1, 6}, {7, 1, 4}, {3, 0, 6}, {3, 0, 4}, {7, 0, 6}, {7, 0, 4},},//5-on
					 {{3, 8, 4}, {3, 8, 6}, {7, 8, 4}, {7, 8, 6}, {3, 10, 4}, {3, 10, 6}, {7, 10, 4}, {7, 10, 6},},  //6-off
					 {{3, 9, 4}, {3, 9, 6}, {7, 9, 4}, {7, 9, 6}, {3, 10, 4}, {3, 10, 6}, {7, 10, 4}, {7, 10, 6},},},//6-on

        .diffrentRotationAmount = 16,

        .facesLength = 5,
        .faces = {{0, 4, 6, 2}, {3, 2, 6, 7}, {5, 1, 3, 7}, {1, 0, 2, 3}, {5, 4, 0, 1},},

        .isFullBlock = false,
        .isTransprent = false,
        .isfluid = false,
        .lightGetsThroughP1 = true,
        .lightGetsThroughP1Half = true,
        .lightGetsThroughP2 = true,
        .canWalkThrough = false,
        .hasToBeOnGrass = false,
        .hasToBeOnBlock = false,
		.canTransferRedstoneSignal = false,
		.canHoldRedstoneSignal = true,
		.canHaveGrassBelow = true,

        .texureSize = {21, 49, 21, 53, 49},
        .dir = {{{0, 0, 0}},},
        .normal = {{{0, 127, 0}, {0, 0, 127}, {0, -127, 0}, {127, 0, 0}, {0, 0, -127},},
				   {{0, 127, 0}, {0, 0, 127}, {0, -127, 0}, {127, 0, 0}, {0, 0, -127},},
				   {{0, 127, 0}, {-127, 0, 0}, {0, -127, 0}, {0, 0, 127}, {127, 0, 0},},
				   {{0, 127, 0}, {-127, 0, 0}, {0, -127, 0}, {0, 0, 127}, {127, 0, 0},},
				   {{0, 127, 0}, {0, 0, -127}, {0, -127, 0}, {-127, 0, 0}, {0, 0, 127},},
				   {{0, 127, 0}, {0, 0, -127}, {0, -127, 0}, {-127, 0, 0}, {0, 0, 127},},
				   {{0, 127, 0}, {127, 0, 0}, {0, -127, 0}, {0, 0, -127}, {-127, 0, 0},},
				   {{0, 127, 0}, {127, 0, 0}, {0, -127, 0}, {0, 0, -127}, {-127, 0, 0},},
				   {{0, 0, 127}, {127, 0, 0}, {0, 0, -127}, {0, 127, 0}, {-127, 0, 0},},
				   {{0, 0, 127}, {127, 0, 0}, {0, 0, -127}, {0, 127, 0}, {-127, 0, 0},},
				   {{0, 0, -127}, {127, 0, 0}, {0, 0, 127}, {0, -127, 0}, {-127, 0, 0},},
				   {{0, 0, -127}, {127, 0, 0}, {0, 0, 127}, {0, -127, 0}, {-127, 0, 0},},},
        .doSideCheck = {0, 0, 0, 0, 0,},

        .otherBlocksRenderFace = {{0, 0, 0, 0, 0,},},
    },
};